regn_no,semester,subject_code,credits,grade_point,grade
2311001,2,CE 102,3,7.0,BC
2311001,2,CH 101,4,7.0,BC
2311001,2,CH 111,2,10.0,AA
2311001,2,CS 101,4,7.0,BC
2311001,2,CS 111,2,10.0,AA
2311001,2,EC 101,4,9.0,AB
2311001,2,EC 111,2,9.0,AB
2311001,2,MA 102,4,9.0,AB
2311001,2,ME 111,2,10.0,AA
2311002,2,CE 102,3,5.0,CD
2311002,2,CH 101,4,4.0,DD
2311002,2,CH 111,2,9.0,AB
2311002,2,CS 101,4,4.0,DD
2311002,2,CS 111,2,5.0,CD
2311002,2,EC 101,4,4.0,DD
2311002,2,EC 111,2,7.0,BC
2311002,2,MA 102,4,5.0,CD
2311002,2,ME 111,2,0.0,F
2311003,2,CE 102,3,5.0,CD
2311003,2,CH 101,4,4.0,DD
2311003,2,CH 111,2,8.0,BB
2311003,2,CS 101,4,5.0,CD
2311003,2,CS 111,2,6.0,CC
2311003,2,EC 101,4,5.0,CD
2311003,2,EC 111,2,9.0,AB
2311003,2,MA 102,4,5.0,CD
2311003,2,ME 111,2,6.0,CC
2311004,2,CE 102,3,6.0,CC
2311004,2,CH 101,4,5.0,CD
2311004,2,CH 111,2,9.0,AB
2311004,2,CS 101,4,5.0,CD
2311004,2,CS 111,2,6.0,CC
2311004,2,EC 101,4,5.0,CD
2311004,2,EC 111,2,8.0,BB
2311004,2,MA 102,4,5.0,CD
2311004,2,ME 111,2,9.0,AB
2311005,2,CE 102,3,9.0,AB
2311005,2,CH 101,4,7.0,BC
2311005,2,CH 111,2,10.0,AA
2311005,2,CS 101,4,8.0,BB
2311005,2,CS 111,2,10.0,AA
2311005,2,EC 101,4,7.0,BC
2311005,2,EC 111,2,9.0,AB
2311005,2,MA 102,4,8.0,BB
2311005,2,ME 111,2,8.0,BB
2311006,2,CE 102,3,6.0,CC
2311006,2,CH 101,4,5.0,CD
2311006,2,CH 111,2,9.0,AB
2311006,2,CS 101,4,6.0,CC
2311006,2,CS 111,2,6.0,CC
2311006,2,EC 101,4,4.0,DD
2311006,2,EC 111,2,8.0,BB
2311006,2,MA 102,4,5.0,CD
2311006,2,ME 111,2,7.0,BC
2311007,2,CE 102,3,4.0,DD
2311007,2,CH 101,4,5.0,CD
2311007,2,CH 111,2,8.0,BB
2311007,2,CS 101,4,5.0,CD
2311007,2,CS 111,2,8.0,BB
2311007,2,EC 101,4,4.0,DD
2311007,2,EC 111,2,8.0,BB
2311007,2,MA 102,4,7.0,BC
2311007,2,ME 111,2,10.0,AA
2311008,2,CE 102,3,7.0,BC
2311008,2,CH 101,4,5.0,CD
2311008,2,CH 111,2,10.0,AA
2311008,2,CS 101,4,5.0,CD
2311008,2,CS 111,2,8.0,BB
2311008,2,EC 101,4,5.0,CD
2311008,2,EC 111,2,8.0,BB
2311008,2,MA 102,4,7.0,BC
2311008,2,ME 111,2,6.0,CC
2311009,2,CE 102,3,7.0,BC
2311009,2,CH 101,4,6.0,CC
2311009,2,CH 111,2,8.0,BB
2311009,2,CS 101,4,7.0,BC
2311009,2,CS 111,2,9.0,AB
2311009,2,EC 101,4,6.0,CC
2311009,2,EC 111,2,8.0,BB
2311009,2,MA 102,4,5.0,CD
2311009,2,ME 111,2,7.0,BC
2311010,2,CE 102,3,8.0,BB
2311010,2,CH 101,4,8.0,BB
2311010,2,CH 111,2,10.0,AA
2311010,2,CS 101,4,10.0,AA
2311010,2,CS 111,2,10.0,AA
2311010,2,EC 101,4,9.0,AB
2311010,2,EC 111,2,8.0,BB
2311010,2,MA 102,4,8.0,BB
2311010,2,ME 111,2,8.0,BB
2311011,2,CE 102,3,7.0,BC
2311011,2,CH 101,4,8.0,BB
2311011,2,CH 111,2,10.0,AA
2311011,2,CS 101,4,7.0,BC
2311011,2,CS 111,2,7.0,BC
2311011,2,EC 101,4,9.0,AB
2311011,2,EC 111,2,9.0,AB
2311011,2,MA 102,4,8.0,BB
2311011,2,ME 111,2,9.0,AB
2311012,2,CE 102,3,9.0,AB
2311012,2,CH 101,4,9.0,AB
2311012,2,CH 111,2,9.0,AB
2311012,2,CS 101,4,7.0,BC
2311012,2,CS 111,2,8.0,BB
2311012,2,EC 101,4,7.0,BC
2311012,2,EC 111,2,8.0,BB
2311012,2,MA 102,4,9.0,AB
2311012,2,ME 111,2,9.0,AB
2311013,2,CE 102,3,8.0,BB
2311013,2,CH 101,4,8.0,BB
2311013,2,CH 111,2,9.0,AB
2311013,2,CS 101,4,6.0,CC
2311013,2,CS 111,2,6.0,CC
2311013,2,EC 101,4,7.0,BC
2311013,2,EC 111,2,8.0,BB
2311013,2,MA 102,4,7.0,BC
2311013,2,ME 111,2,9.0,AB
2311014,2,CE 102,3,8.0,BB
2311014,2,CH 101,4,8.0,BB
2311014,2,CH 111,2,9.0,AB
2311014,2,CS 101,4,7.0,BC
2311014,2,CS 111,2,9.0,AB
2311014,2,EC 101,4,6.0,CC
2311014,2,EC 111,2,9.0,AB
2311014,2,MA 102,4,8.0,BB
2311014,2,ME 111,2,9.0,AB
2311015,2,CE 102,3,6.0,CC
2311015,2,CH 101,4,4.0,DD
2311015,2,CH 111,2,8.0,BB
2311015,2,CS 101,4,5.0,CD
2311015,2,CS 111,2,7.0,BC
2311015,2,EC 101,4,6.0,CC
2311015,2,EC 111,2,9.0,AB
2311015,2,MA 102,4,6.0,CC
2311015,2,ME 111,2,7.0,BC
2311016,2,CE 102,3,0.0,F
2311016,2,CH 101,4,0.0,F
2311016,2,CH 111,2,0.0,F
2311016,2,CS 101,4,0.0,F
2311016,2,CS 111,2,0.0,F
2311016,2,EC 101,4,0.0,F
2311016,2,EC 111,2,0.0,F
2311016,2,MA 102,4,0.0,F
2311016,2,ME 111,2,0.0,F
2311017,2,CE 102,3,7.0,BC
2311017,2,CH 101,4,6.0,CC
2311017,2,CH 111,2,8.0,BB
2311017,2,CS 101,4,6.0,CC
2311017,2,CS 111,2,10.0,AA
2311017,2,EC 101,4,8.0,BB
2311017,2,EC 111,2,8.0,BB
2311017,2,MA 102,4,8.0,BB
2311017,2,ME 111,2,8.0,BB
2311018,2,CE 102,3,8.0,BB
2311018,2,CH 101,4,9.0,AB
2311018,2,CH 111,2,9.0,AB
2311018,2,CS 101,4,8.0,BB
2311018,2,CS 111,2,8.0,BB
2311018,2,EC 101,4,8.0,BB
2311018,2,EC 111,2,9.0,AB
2311018,2,MA 102,4,8.0,BB
2311018,2,ME 111,2,10.0,AA
2311019,2,CE 102,3,7.0,BC
2311019,2,CH 101,4,7.0,BC
2311019,2,CH 111,2,9.0,AB
2311019,2,CS 101,4,5.0,CD
2311019,2,CS 111,2,8.0,BB
2311019,2,EC 101,4,8.0,BB
2311019,2,EC 111,2,9.0,AB
2311019,2,MA 102,4,5.0,CD
2311019,2,ME 111,2,9.0,AB
2311020,2,CE 102,3,9.0,AB
2311020,2,CH 101,4,9.0,AB
2311020,2,CH 111,2,9.0,AB
2311020,2,CS 101,4,7.0,BC
2311020,2,CS 111,2,7.0,BC
2311020,2,EC 101,4,9.0,AB
2311020,2,EC 111,2,9.0,AB
2311020,2,MA 102,4,9.0,AB
2311020,2,ME 111,2,7.0,BC
2311021,2,CE 102,3,6.0,CC
2311021,2,CH 101,4,5.0,CD
2311021,2,CH 111,2,8.0,BB
2311021,2,CS 101,4,5.0,CD
2311021,2,CS 111,2,8.0,BB
2311021,2,EC 101,4,7.0,BC
2311021,2,EC 111,2,8.0,BB
2311021,2,MA 102,4,5.0,CD
2311021,2,ME 111,2,7.0,BC
2311022,2,CE 102,3,8.0,BB
2311022,2,CH 101,4,8.0,BB
2311022,2,CH 111,2,10.0,AA
2311022,2,CS 101,4,7.0,BC
2311022,2,CS 111,2,9.0,AB
2311022,2,EC 101,4,7.0,BC
2311022,2,EC 111,2,9.0,AB
2311022,2,MA 102,4,8.0,BB
2311022,2,ME 111,2,7.0,BC
2311023,2,CE 102,3,7.0,BC
2311023,2,CH 101,4,6.0,CC
2311023,2,CH 111,2,8.0,BB
2311023,2,CS 101,4,5.0,CD
2311023,2,CS 111,2,8.0,BB
2311023,2,EC 101,4,6.0,CC
2311023,2,EC 111,2,9.0,AB
2311023,2,MA 102,4,5.0,CD
2311023,2,ME 111,2,7.0,BC
2311024,2,CE 102,3,8.0,BB
2311024,2,CH 101,4,7.0,BC
2311024,2,CH 111,2,9.0,AB
2311024,2,CS 101,4,8.0,BB
2311024,2,CS 111,2,9.0,AB
2311024,2,EC 101,4,6.0,CC
2311024,2,EC 111,2,8.0,BB
2311024,2,MA 102,4,6.0,CC
2311024,2,ME 111,2,10.0,AA
2311025,2,CE 102,3,8.0,BB
2311025,2,CH 101,4,5.0,CD
2311025,2,CH 111,2,9.0,AB
2311025,2,CS 101,4,5.0,CD
2311025,2,CS 111,2,8.0,BB
2311025,2,EC 101,4,4.0,DD
2311025,2,EC 111,2,8.0,BB
2311025,2,MA 102,4,0.0,F
2311025,2,ME 111,2,7.0,BC
2311026,2,CE 102,3,9.0,AB
2311026,2,CH 101,4,9.0,AB
2311026,2,CH 111,2,9.0,AB
2311026,2,CS 101,4,7.0,BC
2311026,2,CS 111,2,8.0,BB
2311026,2,EC 101,4,8.0,BB
2311026,2,EC 111,2,8.0,BB
2311026,2,MA 102,4,9.0,AB
2311026,2,ME 111,2,8.0,BB
2311027,2,CE 102,3,10.0,AA
2311027,2,CH 101,4,9.0,AB
2311027,2,CH 111,2,10.0,AA
2311027,2,CS 101,4,8.0,BB
2311027,2,CS 111,2,7.0,BC
2311027,2,EC 101,4,9.0,AB
2311027,2,EC 111,2,9.0,AB
2311027,2,MA 102,4,8.0,BB
2311027,2,ME 111,2,9.0,AB
2311028,2,CE 102,3,9.0,AB
2311028,2,CH 101,4,8.0,BB
2311028,2,CH 111,2,9.0,AB
2311028,2,CS 101,4,9.0,AB
2311028,2,CS 111,2,9.0,AB
2311028,2,EC 101,4,9.0,AB
2311028,2,EC 111,2,9.0,AB
2311028,2,MA 102,4,8.0,BB
2311028,2,ME 111,2,9.0,AB
2311029,2,CE 102,3,7.0,BC
2311029,2,CH 101,4,7.0,BC
2311029,2,CH 111,2,10.0,AA
2311029,2,CS 101,4,7.0,BC
2311029,2,CS 111,2,9.0,AB
2311029,2,EC 101,4,8.0,BB
2311029,2,EC 111,2,8.0,BB
2311029,2,MA 102,4,7.0,BC
2311029,2,ME 111,2,8.0,BB
2311030,2,CE 102,3,7.0,BC
2311030,2,CH 101,4,5.0,CD
2311030,2,CH 111,2,9.0,AB
2311030,2,CS 101,4,5.0,CD
2311030,2,CS 111,2,8.0,BB
2311030,2,EC 101,4,5.0,CD
2311030,2,EC 111,2,8.0,BB
2311030,2,MA 102,4,5.0,CD
2311030,2,ME 111,2,9.0,AB
2311031,2,CE 102,3,10.0,AA
2311031,2,CH 101,4,10.0,AA
2311031,2,CH 111,2,9.0,AB
2311031,2,CS 101,4,9.0,AB
2311031,2,CS 111,2,10.0,AA
2311031,2,EC 101,4,10.0,AA
2311031,2,EC 111,2,9.0,AB
2311031,2,MA 102,4,10.0,AA
2311031,2,ME 111,2,7.0,BC
2311032,2,CE 102,3,7.0,BC
2311032,2,CH 101,4,8.0,BB
2311032,2,CH 111,2,9.0,AB
2311032,2,CS 101,4,10.0,AA
2311032,2,CS 111,2,10.0,AA
2311032,2,EC 101,4,7.0,BC
2311032,2,EC 111,2,9.0,AB
2311032,2,MA 102,4,7.0,BC
2311032,2,ME 111,2,7.0,BC
2311033,2,CE 102,3,9.0,AB
2311033,2,CH 101,4,9.0,AB
2311033,2,CH 111,2,9.0,AB
2311033,2,CS 101,4,9.0,AB
2311033,2,CS 111,2,9.0,AB
2311033,2,EC 101,4,9.0,AB
2311033,2,EC 111,2,10.0,AA
2311033,2,MA 102,4,10.0,AA
2311033,2,ME 111,2,10.0,AA
2311034,2,CE 102,3,7.0,BC
2311034,2,CH 101,4,9.0,AB
2311034,2,CH 111,2,9.0,AB
2311034,2,CS 101,4,7.0,BC
2311034,2,CS 111,2,8.0,BB
2311034,2,EC 101,4,9.0,AB
2311034,2,EC 111,2,9.0,AB
2311034,2,MA 102,4,8.0,BB
2311034,2,ME 111,2,7.0,BC
2311035,2,CE 102,3,8.0,BB
2311035,2,CH 101,4,8.0,BB
2311035,2,CH 111,2,9.0,AB
2311035,2,CS 101,4,6.0,CC
2311035,2,CS 111,2,7.0,BC
2311035,2,EC 101,4,8.0,BB
2311035,2,EC 111,2,9.0,AB
2311035,2,MA 102,4,6.0,CC
2311035,2,ME 111,2,7.0,BC
2311036,2,CE 102,3,8.0,BB
2311036,2,CH 101,4,9.0,AB
2311036,2,CH 111,2,9.0,AB
2311036,2,CS 101,4,7.0,BC
2311036,2,CS 111,2,7.0,BC
2311036,2,EC 101,4,7.0,BC
2311036,2,EC 111,2,8.0,BB
2311036,2,MA 102,4,7.0,BC
2311036,2,ME 111,2,7.0,BC
2311037,2,CE 102,3,9.0,AB
2311037,2,CH 101,4,9.0,AB
2311037,2,CH 111,2,9.0,AB
2311037,2,CS 101,4,8.0,BB
2311037,2,CS 111,2,7.0,BC
2311037,2,EC 101,4,7.0,BC
2311037,2,EC 111,2,9.0,AB
2311037,2,MA 102,4,7.0,BC
2311037,2,ME 111,2,7.0,BC
2311038,2,CE 102,3,8.0,BB
2311038,2,CH 101,4,9.0,AB
2311038,2,CH 111,2,9.0,AB
2311038,2,CS 101,4,9.0,AB
2311038,2,CS 111,2,7.0,BC
2311038,2,EC 101,4,9.0,AB
2311038,2,EC 111,2,9.0,AB
2311038,2,MA 102,4,9.0,AB
2311038,2,ME 111,2,9.0,AB
2311039,2,CE 102,3,7.0,BC
2311039,2,CH 101,4,6.0,CC
2311039,2,CH 111,2,10.0,AA
2311039,2,CS 101,4,6.0,CC
2311039,2,CS 111,2,9.0,AB
2311039,2,EC 101,4,7.0,BC
2311039,2,EC 111,2,8.0,BB
2311039,2,MA 102,4,6.0,CC
2311039,2,ME 111,2,7.0,BC
2311040,2,CE 102,3,4.0,DD
2311040,2,CH 101,4,4.0,DD
2311040,2,CH 111,2,8.0,BB
2311040,2,CS 101,4,5.0,CD
2311040,2,CS 111,2,6.0,CC
2311040,2,EC 101,4,4.0,DD
2311040,2,EC 111,2,8.0,BB
2311040,2,MA 102,4,4.0,DD
2311040,2,ME 111,2,8.0,BB
2311041,2,CE 102,3,7.0,BC
2311041,2,CH 101,4,9.0,AB
2311041,2,CH 111,2,10.0,AA
2311041,2,CS 101,4,8.0,BB
2311041,2,CS 111,2,9.0,AB
2311041,2,EC 101,4,7.0,BC
2311041,2,EC 111,2,9.0,AB
2311041,2,MA 102,4,9.0,AB
2311041,2,ME 111,2,9.0,AB
2311042,2,CE 102,3,6.0,CC
2311042,2,CH 101,4,6.0,CC
2311042,2,CH 111,2,9.0,AB
2311042,2,CS 101,4,5.0,CD
2311042,2,CS 111,2,8.0,BB
2311042,2,EC 101,4,5.0,CD
2311042,2,EC 111,2,10.0,AA
2311042,2,MA 102,4,8.0,BB
2311042,2,ME 111,2,7.0,BC
2311043,2,CE 102,3,8.0,BB
2311043,2,CH 101,4,6.0,CC
2311043,2,CH 111,2,10.0,AA
2311043,2,CS 101,4,7.0,BC
2311043,2,CS 111,2,10.0,AA
2311043,2,EC 101,4,5.0,CD
2311043,2,EC 111,2,8.0,BB
2311043,2,MA 102,4,6.0,CC
2311043,2,ME 111,2,6.0,CC
2311044,2,CE 102,3,8.0,BB
2311044,2,CH 101,4,5.0,CD
2311044,2,CH 111,2,9.0,AB
2311044,2,CS 101,4,6.0,CC
2311044,2,CS 111,2,9.0,AB
2311044,2,EC 101,4,6.0,CC
2311044,2,EC 111,2,9.0,AB
2311044,2,MA 102,4,5.0,CD
2311044,2,ME 111,2,9.0,AB
2311045,2,CE 102,3,8.0,BB
2311045,2,CH 101,4,4.0,DD
2311045,2,CH 111,2,9.0,AB
2311045,2,CS 101,4,7.0,BC
2311045,2,CS 111,2,9.0,AB
2311045,2,EC 101,4,4.0,DD
2311045,2,EC 111,2,6.0,CC
2311045,2,MA 102,4,0.0,F
2311045,2,ME 111,2,7.0,BC
2311046,2,CE 102,3,10.0,AA
2311046,2,CH 101,4,9.0,AB
2311046,2,CH 111,2,8.0,BB
2311046,2,CS 101,4,9.0,AB
2311046,2,CS 111,2,10.0,AA
2311046,2,EC 101,4,9.0,AB
2311046,2,EC 111,2,8.0,BB
2311046,2,MA 102,4,8.0,BB
2311046,2,ME 111,2,8.0,BB
2311047,2,CE 102,3,6.0,CC
2311047,2,CH 101,4,5.0,CD
2311047,2,CH 111,2,9.0,AB
2311047,2,CS 101,4,6.0,CC
2311047,2,CS 111,2,6.0,CC
2311047,2,EC 101,4,5.0,CD
2311047,2,EC 111,2,7.0,BC
2311047,2,MA 102,4,6.0,CC
2311047,2,ME 111,2,6.0,CC
2311048,2,CE 102,3,10.0,AA
2311048,2,CH 101,4,9.0,AB
2311048,2,CH 111,2,9.0,AB
2311048,2,CS 101,4,8.0,BB
2311048,2,CS 111,2,9.0,AB
2311048,2,EC 101,4,7.0,BC
2311048,2,EC 111,2,9.0,AB
2311048,2,MA 102,4,8.0,BB
2311048,2,ME 111,2,9.0,AB
2311049,2,CE 102,3,7.0,BC
2311049,2,CH 101,4,6.0,CC
2311049,2,CH 111,2,9.0,AB
2311049,2,CS 101,4,5.0,CD
2311049,2,CS 111,2,8.0,BB
2311049,2,EC 101,4,4.0,DD
2311049,2,EC 111,2,6.0,CC
2311049,2,MA 102,4,5.0,CD
2311049,2,ME 111,2,7.0,BC
2311050,2,CE 102,3,6.0,CC
2311050,2,CH 101,4,5.0,CD
2311050,2,CH 111,2,10.0,AA
2311050,2,CS 101,4,6.0,CC
2311050,2,CS 111,2,9.0,AB
2311050,2,EC 101,4,7.0,BC
2311050,2,EC 111,2,8.0,BB
2311050,2,MA 102,4,7.0,BC
2311050,2,ME 111,2,8.0,BB
2311051,2,CE 102,3,6.0,CC
2311051,2,CH 101,4,6.0,CC
2311051,2,CH 111,2,8.0,BB
2311051,2,CS 101,4,6.0,CC
2311051,2,CS 111,2,6.0,CC
2311051,2,EC 101,4,5.0,CD
2311051,2,EC 111,2,7.0,BC
2311051,2,MA 102,4,6.0,CC
2311051,2,ME 111,2,7.0,BC
2311052,2,CE 102,3,8.0,BB
2311052,2,CH 101,4,6.0,CC
2311052,2,CH 111,2,9.0,AB
2311052,2,CS 101,4,7.0,BC
2311052,2,CS 111,2,8.0,BB
2311052,2,EC 101,4,6.0,CC
2311052,2,EC 111,2,9.0,AB
2311052,2,MA 102,4,8.0,BB
2311052,2,ME 111,2,9.0,AB
2311053,2,CE 102,3,7.0,BC
2311053,2,CH 101,4,5.0,CD
2311053,2,CH 111,2,9.0,AB
2311053,2,CS 101,4,6.0,CC
2311053,2,CS 111,2,7.0,BC
2311053,2,EC 101,4,5.0,CD
2311053,2,EC 111,2,8.0,BB
2311053,2,MA 102,4,5.0,CD
2311053,2,ME 111,2,8.0,BB
2311054,2,CE 102,3,9.0,AB
2311054,2,CH 101,4,7.0,BC
2311054,2,CH 111,2,9.0,AB
2311054,2,CS 101,4,7.0,BC
2311054,2,CS 111,2,7.0,BC
2311054,2,EC 101,4,6.0,CC
2311054,2,EC 111,2,8.0,BB
2311054,2,MA 102,4,7.0,BC
2311054,2,ME 111,2,6.0,CC
2311055,2,CE 102,3,7.0,BC
2311055,2,CH 101,4,6.0,CC
2311055,2,CH 111,2,9.0,AB
2311055,2,CS 101,4,7.0,BC
2311055,2,CS 111,2,9.0,AB
2311055,2,EC 101,4,7.0,BC
2311055,2,EC 111,2,8.0,BB
2311055,2,MA 102,4,7.0,BC
2311055,2,ME 111,2,10.0,AA
2311056,2,CE 102,3,7.0,BC
2311056,2,CH 101,4,6.0,CC
2311056,2,CH 111,2,10.0,AA
2311056,2,CS 101,4,7.0,BC
2311056,2,CS 111,2,7.0,BC
2311056,2,EC 101,4,7.0,BC
2311056,2,EC 111,2,9.0,AB
2311056,2,MA 102,4,9.0,AB
2311056,2,ME 111,2,9.0,AB
2311057,2,CE 102,3,7.0,BC
2311057,2,CH 101,4,7.0,BC
2311057,2,CH 111,2,9.0,AB
2311057,2,CS 101,4,8.0,BB
2311057,2,CS 111,2,10.0,AA
2311057,2,EC 101,4,6.0,CC
2311057,2,EC 111,2,8.0,BB
2311057,2,MA 102,4,7.0,BC
2311057,2,ME 111,2,9.0,AB
2311059,2,CE 102,3,9.0,AB
2311059,2,CH 101,4,8.0,BB
2311059,2,CH 111,2,10.0,AA
2311059,2,CS 101,4,5.0,CD
2311059,2,CS 111,2,6.0,CC
2311059,2,EC 101,4,7.0,BC
2311059,2,EC 111,2,9.0,AB
2311059,2,MA 102,4,7.0,BC
2311059,2,ME 111,2,8.0,BB
2311060,2,CE 102,3,8.0,BB
2311060,2,CH 101,4,9.0,AB
2311060,2,CH 111,2,10.0,AA
2311060,2,CS 101,4,7.0,BC
2311060,2,CS 111,2,8.0,BB
2311060,2,EC 101,4,8.0,BB
2311060,2,EC 111,2,10.0,AA
2311060,2,MA 102,4,8.0,BB
2311060,2,ME 111,2,10.0,AA
2311061,2,CE 102,3,7.0,BC
2311061,2,CH 101,4,7.0,BC
2311061,2,CH 111,2,10.0,AA
2311061,2,CS 101,4,9.0,AB
2311061,2,CS 111,2,8.0,BB
2311061,2,EC 101,4,8.0,BB
2311061,2,EC 111,2,9.0,AB
2311061,2,MA 102,4,9.0,AB
2311061,2,ME 111,2,8.0,BB
2311062,2,CE 102,3,9.0,AB
2311062,2,CH 101,4,8.0,BB
2311062,2,CH 111,2,9.0,AB
2311062,2,CS 101,4,7.0,BC
2311062,2,CS 111,2,9.0,AB
2311062,2,EC 101,4,8.0,BB
2311062,2,EC 111,2,9.0,AB
2311062,2,MA 102,4,7.0,BC
2311062,2,ME 111,2,7.0,BC
2311063,2,CE 102,3,8.0,BB
2311063,2,CH 101,4,7.0,BC
2311063,2,CH 111,2,10.0,AA
2311063,2,CS 101,4,9.0,AB
2311063,2,CS 111,2,9.0,AB
2311063,2,EC 101,4,7.0,BC
2311063,2,EC 111,2,10.0,AA
2311063,2,MA 102,4,8.0,BB
2311063,2,ME 111,2,9.0,AB
2311064,2,CE 102,3,8.0,BB
2311064,2,CH 101,4,7.0,BC
2311064,2,CH 111,2,10.0,AA
2311064,2,CS 101,4,6.0,CC
2311064,2,CS 111,2,8.0,BB
2311064,2,EC 101,4,7.0,BC
2311064,2,EC 111,2,10.0,AA
2311064,2,MA 102,4,7.0,BC
2311064,2,ME 111,2,9.0,AB
2311065,2,CE 102,3,6.0,CC
2311065,2,CH 101,4,5.0,CD
2311065,2,CH 111,2,10.0,AA
2311065,2,CS 101,4,5.0,CD
2311065,2,CS 111,2,8.0,BB
2311065,2,EC 101,4,5.0,CD
2311065,2,EC 111,2,8.0,BB
2311065,2,MA 102,4,4.0,DD
2311065,2,ME 111,2,9.0,AB
2311066,2,CE 102,3,8.0,BB
2311066,2,CH 101,4,8.0,BB
2311066,2,CH 111,2,9.0,AB
2311066,2,CS 101,4,5.0,CD
2311066,2,CS 111,2,7.0,BC
2311066,2,EC 101,4,7.0,BC
2311066,2,EC 111,2,9.0,AB
2311066,2,MA 102,4,8.0,BB
2311066,2,ME 111,2,9.0,AB
2311067,2,CE 102,3,7.0,BC
2311067,2,CH 101,4,7.0,BC
2311067,2,CH 111,2,10.0,AA
2311067,2,CS 101,4,5.0,CD
2311067,2,CS 111,2,6.0,CC
2311067,2,EC 101,4,6.0,CC
2311067,2,EC 111,2,6.0,CC
2311067,2,MA 102,4,7.0,BC
2311067,2,ME 111,2,6.0,CC
2311068,2,CE 102,3,9.0,AB
2311068,2,CH 101,4,9.0,AB
2311068,2,CH 111,2,10.0,AA
2311068,2,CS 101,4,7.0,BC
2311068,2,CS 111,2,7.0,BC
2311068,2,EC 101,4,8.0,BB
2311068,2,EC 111,2,9.0,AB
2311068,2,MA 102,4,9.0,AB
2311068,2,ME 111,2,10.0,AA
2311069,2,CE 102,3,6.0,CC
2311069,2,CH 101,4,6.0,CC
2311069,2,CH 111,2,9.0,AB
2311069,2,CS 101,4,5.0,CD
2311069,2,CS 111,2,6.0,CC
2311069,2,EC 101,4,5.0,CD
2311069,2,EC 111,2,8.0,BB
2311069,2,MA 102,4,5.0,CD
2311069,2,ME 111,2,7.0,BC
2311070,2,CE 102,3,8.0,BB
2311070,2,CH 101,4,9.0,AB
2311070,2,CH 111,2,9.0,AB
2311070,2,CS 101,4,8.0,BB
2311070,2,CS 111,2,10.0,AA
2311070,2,EC 101,4,9.0,AB
2311070,2,EC 111,2,9.0,AB
2311070,2,MA 102,4,9.0,AB
2311070,2,ME 111,2,7.0,BC
2311071,2,CE 102,3,8.0,BB
2311071,2,CH 101,4,7.0,BC
2311071,2,CH 111,2,9.0,AB
2311071,2,CS 101,4,9.0,AB
2311071,2,CS 111,2,9.0,AB
2311071,2,EC 101,4,8.0,BB
2311071,2,EC 111,2,10.0,AA
2311071,2,MA 102,4,8.0,BB
2311071,2,ME 111,2,8.0,BB
2311072,2,CE 102,3,9.0,AB
2311072,2,CH 101,4,9.0,AB
2311072,2,CH 111,2,9.0,AB
2311072,2,CS 101,4,7.0,BC
2311072,2,CS 111,2,7.0,BC
2311072,2,EC 101,4,8.0,BB
2311072,2,EC 111,2,10.0,AA
2311072,2,MA 102,4,7.0,BC
2311072,2,ME 111,2,8.0,BB
2311073,2,CE 102,3,9.0,AB
2311073,2,CH 101,4,8.0,BB
2311073,2,CH 111,2,10.0,AA
2311073,2,CS 101,4,6.0,CC
2311073,2,CS 111,2,8.0,BB
2311073,2,EC 101,4,7.0,BC
2311073,2,EC 111,2,9.0,AB
2311073,2,MA 102,4,7.0,BC
2311073,2,ME 111,2,9.0,AB
2311074,2,CE 102,3,8.0,BB
2311074,2,CH 101,4,8.0,BB
2311074,2,CH 111,2,9.0,AB
2311074,2,CS 101,4,6.0,CC
2311074,2,CS 111,2,9.0,AB
2311074,2,EC 101,4,5.0,CD
2311074,2,EC 111,2,8.0,BB
2311074,2,MA 102,4,6.0,CC
2311074,2,ME 111,2,9.0,AB
2311075,2,CE 102,3,8.0,BB
2311075,2,CH 101,4,6.0,CC
2311075,2,CH 111,2,10.0,AA
2311075,2,CS 101,4,6.0,CC
2311075,2,CS 111,2,9.0,AB
2311075,2,EC 101,4,6.0,CC
2311075,2,EC 111,2,9.0,AB
2311075,2,MA 102,4,5.0,CD
2311075,2,ME 111,2,9.0,AB
2311076,2,CE 102,3,8.0,BB
2311076,2,CH 101,4,6.0,CC
2311076,2,CH 111,2,10.0,AA
2311076,2,CS 101,4,7.0,BC
2311076,2,CS 111,2,8.0,BB
2311076,2,EC 101,4,5.0,CD
2311076,2,EC 111,2,8.0,BB
2311076,2,MA 102,4,6.0,CC
2311076,2,ME 111,2,9.0,AB
2311077,2,CE 102,3,9.0,AB
2311077,2,CH 101,4,8.0,BB
2311077,2,CH 111,2,10.0,AA
2311077,2,CS 101,4,6.0,CC
2311077,2,CS 111,2,8.0,BB
2311077,2,EC 101,4,7.0,BC
2311077,2,EC 111,2,8.0,BB
2311077,2,MA 102,4,7.0,BC
2311077,2,ME 111,2,8.0,BB
2311078,2,CE 102,3,7.0,BC
2311078,2,CH 101,4,7.0,BC
2311078,2,CH 111,2,9.0,AB
2311078,2,CS 101,4,8.0,BB
2311078,2,CS 111,2,7.0,BC
2311078,2,EC 101,4,7.0,BC
2311078,2,EC 111,2,7.0,BC
2311078,2,MA 102,4,9.0,AB
2311078,2,ME 111,2,8.0,BB
2311079,2,CE 102,3,10.0,AA
2311079,2,CH 101,4,9.0,AB
2311079,2,CH 111,2,9.0,AB
2311079,2,CS 101,4,7.0,BC
2311079,2,CS 111,2,8.0,BB
2311079,2,EC 101,4,8.0,BB
2311079,2,EC 111,2,7.0,BC
2311079,2,MA 102,4,9.0,AB
2311079,2,ME 111,2,10.0,AA
2311080,2,CE 102,3,8.0,BB
2311080,2,CH 101,4,8.0,BB
2311080,2,CH 111,2,9.0,AB
2311080,2,CS 101,4,7.0,BC
2311080,2,CS 111,2,10.0,AA
2311080,2,EC 101,4,7.0,BC
2311080,2,EC 111,2,9.0,AB
2311080,2,MA 102,4,7.0,BC
2311080,2,ME 111,2,10.0,AA
2311081,2,CE 102,3,7.0,BC
2311081,2,CH 101,4,6.0,CC
2311081,2,CH 111,2,9.0,AB
2311081,2,CS 101,4,5.0,CD
2311081,2,CS 111,2,8.0,BB
2311081,2,EC 101,4,5.0,CD
2311081,2,EC 111,2,8.0,BB
2311081,2,MA 102,4,5.0,CD
2311081,2,ME 111,2,7.0,BC
2311082,2,CE 102,3,8.0,BB
2311082,2,CH 101,4,7.0,BC
2311082,2,CH 111,2,9.0,AB
2311082,2,CS 101,4,7.0,BC
2311082,2,CS 111,2,9.0,AB
2311082,2,EC 101,4,6.0,CC
2311082,2,EC 111,2,8.0,BB
2311082,2,MA 102,4,7.0,BC
2311082,2,ME 111,2,7.0,BC
2311083,2,CE 102,3,7.0,BC
2311083,2,CH 101,4,6.0,CC
2311083,2,CH 111,2,10.0,AA
2311083,2,CS 101,4,8.0,BB
2311083,2,CS 111,2,9.0,AB
2311083,2,EC 101,4,5.0,CD
2311083,2,EC 111,2,10.0,AA
2311083,2,MA 102,4,5.0,CD
2311083,2,ME 111,2,7.0,BC
2311084,2,CE 102,3,8.0,BB
2311084,2,CH 101,4,7.0,BC
2311084,2,CH 111,2,9.0,AB
2311084,2,CS 101,4,8.0,BB
2311084,2,CS 111,2,9.0,AB
2311084,2,EC 101,4,7.0,BC
2311084,2,EC 111,2,9.0,AB
2311084,2,MA 102,4,7.0,BC
2311084,2,ME 111,2,7.0,BC
2311085,2,CE 102,3,7.0,BC
2311085,2,CH 101,4,6.0,CC
2311085,2,CH 111,2,9.0,AB
2311085,2,CS 101,4,5.0,CD
2311085,2,CS 111,2,8.0,BB
2311085,2,EC 101,4,5.0,CD
2311085,2,EC 111,2,9.0,AB
2311085,2,MA 102,4,4.0,DD
2311085,2,ME 111,2,6.0,CC
2311086,2,CE 102,3,7.0,BC
2311086,2,CH 101,4,5.0,CD
2311086,2,CH 111,2,9.0,AB
2311086,2,CS 101,4,7.0,BC
2311086,2,CS 111,2,9.0,AB
2311086,2,EC 101,4,5.0,CD
2311086,2,EC 111,2,9.0,AB
2311086,2,MA 102,4,8.0,BB
2311086,2,ME 111,2,6.0,CC
2311087,2,CE 102,3,5.0,CD
2311087,2,CH 101,4,4.0,DD
2311087,2,CH 111,2,9.0,AB
2311087,2,CS 101,4,5.0,CD
2311087,2,CS 111,2,8.0,BB
2311087,2,EC 101,4,7.0,BC
2311087,2,EC 111,2,8.0,BB
2311087,2,MA 102,4,5.0,CD
2311087,2,ME 111,2,6.0,CC
2311088,2,CE 102,3,7.0,BC
2311088,2,CH 101,4,5.0,CD
2311088,2,CH 111,2,9.0,AB
2311088,2,CS 101,4,6.0,CC
2311088,2,CS 111,2,8.0,BB
2311088,2,EC 101,4,0.0,F
2311088,2,EC 111,2,9.0,AB
2311088,2,MA 102,4,4.0,DD
2311088,2,ME 111,2,7.0,BC
2311089,2,CE 102,3,6.0,CC
2311089,2,CH 101,4,5.0,CD
2311089,2,CH 111,2,9.0,AB
2311089,2,CS 101,4,7.0,BC
2311089,2,CS 111,2,7.0,BC
2311089,2,EC 101,4,4.0,DD
2311089,2,EC 111,2,8.0,BB
2311089,2,MA 102,4,0.0,F
2311089,2,ME 111,2,7.0,BC
2311090,2,CE 102,3,4.0,DD
2311090,2,CH 101,4,4.0,DD
2311090,2,CH 111,2,9.0,AB
2311090,2,CS 101,4,5.0,CD
2311090,2,CS 111,2,7.0,BC
2311090,2,EC 101,4,4.0,DD
2311090,2,EC 111,2,7.0,BC
2311090,2,MA 102,4,4.0,DD
2311090,2,ME 111,2,5.0,CD
2311091,2,CE 102,3,6.0,CC
2311091,2,CH 101,4,5.0,CD
2311091,2,CH 111,2,9.0,AB
2311091,2,CS 101,4,5.0,CD
2311091,2,CS 111,2,8.0,BB
2311091,2,EC 101,4,4.0,DD
2311091,2,EC 111,2,9.0,AB
2311091,2,MA 102,4,4.0,DD
2311091,2,ME 111,2,7.0,BC
2311092,2,CE 102,3,7.0,BC
2311092,2,CH 101,4,8.0,BB
2311092,2,CH 111,2,9.0,AB
2311092,2,CS 101,4,9.0,AB
2311092,2,CS 111,2,9.0,AB
2311092,2,EC 101,4,7.0,BC
2311092,2,EC 111,2,8.0,BB
2311092,2,MA 102,4,8.0,BB
2311092,2,ME 111,2,6.0,CC
2311093,2,CE 102,3,7.0,BC
2311093,2,CH 101,4,7.0,BC
2311093,2,CH 111,2,9.0,AB
2311093,2,CS 101,4,7.0,BC
2311093,2,CS 111,2,7.0,BC
2311093,2,EC 101,4,6.0,CC
2311093,2,EC 111,2,9.0,AB
2311093,2,MA 102,4,6.0,CC
2311093,2,ME 111,2,5.0,CD
2311094,2,CE 102,3,8.0,BB
2311094,2,CH 101,4,9.0,AB
2311094,2,CH 111,2,9.0,AB
2311094,2,CS 101,4,8.0,BB
2311094,2,CS 111,2,9.0,AB
2311094,2,EC 101,4,7.0,BC
2311094,2,EC 111,2,10.0,AA
2311094,2,MA 102,4,10.0,AA
2311094,2,ME 111,2,7.0,BC
2311095,2,CE 102,3,8.0,BB
2311095,2,CH 101,4,6.0,CC
2311095,2,CH 111,2,9.0,AB
2311095,2,CS 101,4,6.0,CC
2311095,2,CS 111,2,6.0,CC
2311095,2,EC 101,4,5.0,CD
2311095,2,EC 111,2,9.0,AB
2311095,2,MA 102,4,5.0,CD
2311095,2,ME 111,2,5.0,CD
2311096,2,CE 102,3,7.0,BC
2311096,2,CH 101,4,6.0,CC
2311096,2,CH 111,2,9.0,AB
2311096,2,CS 101,4,9.0,AB
2311096,2,CS 111,2,10.0,AA
2311096,2,EC 101,4,8.0,BB
2311096,2,EC 111,2,10.0,AA
2311096,2,MA 102,4,6.0,CC
2311096,2,ME 111,2,8.0,BB
2311097,2,CE 102,3,5.0,CD
2311097,2,CH 101,4,0.0,F
2311097,2,CH 111,2,9.0,AB
2311097,2,CS 101,4,0.0,F
2311097,2,CS 111,2,6.0,CC
2311097,2,EC 101,4,4.0,DD
2311097,2,EC 111,2,8.0,BB
2311097,2,MA 102,4,0.0,F
2311097,2,ME 111,2,6.0,CC
2311098,2,CE 102,3,7.0,BC
2311098,2,CH 101,4,7.0,BC
2311098,2,CH 111,2,10.0,AA
2311098,2,CS 101,4,8.0,BB
2311098,2,CS 111,2,9.0,AB
2311098,2,EC 101,4,6.0,CC
2311098,2,EC 111,2,10.0,AA
2311098,2,MA 102,4,8.0,BB
2311098,2,ME 111,2,7.0,BC
2311099,2,CE 102,3,9.0,AB
2311099,2,CH 101,4,8.0,BB
2311099,2,CH 111,2,10.0,AA
2311099,2,CS 101,4,10.0,AA
2311099,2,CS 111,2,10.0,AA
2311099,2,EC 101,4,7.0,BC
2311099,2,EC 111,2,10.0,AA
2311099,2,MA 102,4,8.0,BB
2311099,2,ME 111,2,10.0,AA
2311100,2,CE 102,3,8.0,BB
2311100,2,CH 101,4,7.0,BC
2311100,2,CH 111,2,9.0,AB
2311100,2,CS 101,4,9.0,AB
2311100,2,CS 111,2,7.0,BC
2311100,2,EC 101,4,7.0,BC
2311100,2,EC 111,2,10.0,AA
2311100,2,MA 102,4,8.0,BB
2311100,2,ME 111,2,7.0,BC
2311101,2,CE 102,3,7.0,BC
2311101,2,CH 101,4,9.0,AB
2311101,2,CH 111,2,9.0,AB
2311101,2,CS 101,4,8.0,BB
2311101,2,CS 111,2,7.0,BC
2311101,2,EC 101,4,7.0,BC
2311101,2,EC 111,2,9.0,AB
2311101,2,MA 102,4,9.0,AB
2311101,2,ME 111,2,7.0,BC
2311102,2,CE 102,3,8.0,BB
2311102,2,CH 101,4,6.0,CC
2311102,2,CH 111,2,9.0,AB
2311102,2,CS 101,4,7.0,BC
2311102,2,CS 111,2,8.0,BB
2311102,2,EC 101,4,6.0,CC
2311102,2,EC 111,2,8.0,BB
2311102,2,MA 102,4,6.0,CC
2311102,2,ME 111,2,7.0,BC
2311103,2,CE 102,3,6.0,CC
2311103,2,CH 101,4,6.0,CC
2311103,2,CH 111,2,9.0,AB
2311103,2,CS 101,4,8.0,BB
2311103,2,CS 111,2,9.0,AB
2311103,2,EC 101,4,6.0,CC
2311103,2,EC 111,2,9.0,AB
2311103,2,MA 102,4,8.0,BB
2311103,2,ME 111,2,7.0,BC
2311104,2,CE 102,3,8.0,BB
2311104,2,CH 101,4,8.0,BB
2311104,2,CH 111,2,10.0,AA
2311104,2,CS 101,4,8.0,BB
2311104,2,CS 111,2,8.0,BB
2311104,2,EC 101,4,7.0,BC
2311104,2,EC 111,2,9.0,AB
2311104,2,MA 102,4,6.0,CC
2311104,2,ME 111,2,7.0,BC
2311105,2,CE 102,3,8.0,BB
2311105,2,CH 101,4,7.0,BC
2311105,2,CH 111,2,9.0,AB
2311105,2,CS 101,4,9.0,AB
2311105,2,CS 111,2,10.0,AA
2311105,2,EC 101,4,8.0,BB
2311105,2,EC 111,2,10.0,AA
2311105,2,MA 102,4,8.0,BB
2311105,2,ME 111,2,8.0,BB
2311106,2,CE 102,3,6.0,CC
2311106,2,CH 101,4,6.0,CC
2311106,2,CH 111,2,9.0,AB
2311106,2,CS 101,4,8.0,BB
2311106,2,CS 111,2,10.0,AA
2311106,2,EC 101,4,7.0,BC
2311106,2,EC 111,2,9.0,AB
2311106,2,MA 102,4,8.0,BB
2311106,2,ME 111,2,9.0,AB
2311107,2,CE 102,3,6.0,CC
2311107,2,CH 101,4,5.0,CD
2311107,2,CH 111,2,10.0,AA
2311107,2,CS 101,4,7.0,BC
2311107,2,CS 111,2,8.0,BB
2311107,2,EC 101,4,7.0,BC
2311107,2,EC 111,2,10.0,AA
2311107,2,MA 102,4,7.0,BC
2311107,2,ME 111,2,9.0,AB
2311108,2,CE 102,3,10.0,AA
2311108,2,CH 101,4,8.0,BB
2311108,2,CH 111,2,9.0,AB
2311108,2,CS 101,4,9.0,AB
2311108,2,CS 111,2,7.0,BC
2311108,2,EC 101,4,8.0,BB
2311108,2,EC 111,2,10.0,AA
2311108,2,MA 102,4,6.0,CC
2311108,2,ME 111,2,10.0,AA
2311109,2,CE 102,3,6.0,CC
2311109,2,CH 101,4,5.0,CD
2311109,2,CH 111,2,9.0,AB
2311109,2,CS 101,4,7.0,BC
2311109,2,CS 111,2,7.0,BC
2311109,2,EC 101,4,6.0,CC
2311109,2,EC 111,2,10.0,AA
2311109,2,MA 102,4,6.0,CC
2311109,2,ME 111,2,8.0,BB
2311110,2,CE 102,3,7.0,BC
2311110,2,CH 101,4,6.0,CC
2311110,2,CH 111,2,9.0,AB
2311110,2,CS 101,4,7.0,BC
2311110,2,CS 111,2,7.0,BC
2311110,2,EC 101,4,7.0,BC
2311110,2,EC 111,2,9.0,AB
2311110,2,MA 102,4,6.0,CC
2311110,2,ME 111,2,7.0,BC
2311111,2,CE 102,3,7.0,BC
2311111,2,CH 101,4,5.0,CD
2311111,2,CH 111,2,9.0,AB
2311111,2,CS 101,4,6.0,CC
2311111,2,CS 111,2,7.0,BC
2311111,2,EC 101,4,6.0,CC
2311111,2,EC 111,2,9.0,AB
2311111,2,MA 102,4,4.0,DD
2311111,2,ME 111,2,7.0,BC
2311112,2,CE 102,3,6.0,CC
2311112,2,CH 101,4,6.0,CC
2311112,2,CH 111,2,9.0,AB
2311112,2,CS 101,4,5.0,CD
2311112,2,CS 111,2,7.0,BC
2311112,2,EC 101,4,5.0,CD
2311112,2,EC 111,2,8.0,BB
2311112,2,MA 102,4,5.0,CD
2311112,2,ME 111,2,6.0,CC
2311113,2,CE 102,3,7.0,BC
2311113,2,CH 101,4,6.0,CC
2311113,2,CH 111,2,9.0,AB
2311113,2,CS 101,4,7.0,BC
2311113,2,CS 111,2,10.0,AA
2311113,2,EC 101,4,8.0,BB
2311113,2,EC 111,2,9.0,AB
2311113,2,MA 102,4,7.0,BC
2311113,2,ME 111,2,8.0,BB
2311114,2,CE 102,3,4.0,DD
2311114,2,CH 101,4,4.0,DD
2311114,2,CH 111,2,9.0,AB
2311114,2,CS 101,4,5.0,CD
2311114,2,CS 111,2,7.0,BC
2311114,2,EC 101,4,5.0,CD
2311114,2,EC 111,2,9.0,AB
2311114,2,MA 102,4,5.0,CD
2311114,2,ME 111,2,7.0,BC
2311115,2,CE 102,3,5.0,CD
2311115,2,CH 101,4,0.0,F
2311115,2,CH 111,2,9.0,AB
2311115,2,CS 101,4,4.0,DD
2311115,2,CS 111,2,7.0,BC
2311115,2,EC 101,4,4.0,DD
2311115,2,EC 111,2,8.0,BB
2311115,2,MA 102,4,0.0,F
2311115,2,ME 111,2,7.0,BC
2311116,2,CE 102,3,6.0,CC
2311116,2,CH 101,4,6.0,CC
2311116,2,CH 111,2,9.0,AB
2311116,2,CS 101,4,7.0,BC
2311116,2,CS 111,2,8.0,BB
2311116,2,EC 101,4,6.0,CC
2311116,2,EC 111,2,8.0,BB
2311116,2,MA 102,4,5.0,CD
2311116,2,ME 111,2,6.0,CC
2311117,2,CE 102,3,6.0,CC
2311117,2,CH 101,4,6.0,CC
2311117,2,CH 111,2,9.0,AB
2311117,2,CS 101,4,7.0,BC
2311117,2,CS 111,2,8.0,BB
2311117,2,EC 101,4,6.0,CC
2311117,2,EC 111,2,9.0,AB
2311117,2,MA 102,4,8.0,BB
2311117,2,ME 111,2,8.0,BB
2311118,2,CE 102,3,6.0,CC
2311118,2,CH 101,4,4.0,DD
2311118,2,CH 111,2,9.0,AB
2311118,2,CS 101,4,7.0,BC
2311118,2,CS 111,2,7.0,BC
2311118,2,EC 101,4,4.0,DD
2311118,2,EC 111,2,8.0,BB
2311118,2,MA 102,4,6.0,CC
2311118,2,ME 111,2,8.0,BB
2311119,2,CE 102,3,8.0,BB
2311119,2,CH 101,4,7.0,BC
2311119,2,CH 111,2,10.0,AA
2311119,2,CS 101,4,9.0,AB
2311119,2,CS 111,2,8.0,BB
2311119,2,EC 101,4,8.0,BB
2311119,2,EC 111,2,10.0,AA
2311119,2,MA 102,4,8.0,BB
2311119,2,ME 111,2,9.0,AB
2311120,2,CE 102,3,7.0,BC
2311120,2,CH 101,4,7.0,BC
2311120,2,CH 111,2,10.0,AA
2311120,2,CS 101,4,8.0,BB
2311120,2,CS 111,2,8.0,BB
2311120,2,EC 101,4,5.0,CD
2311120,2,EC 111,2,10.0,AA
2311120,2,MA 102,4,7.0,BC
2311120,2,ME 111,2,7.0,BC
2311121,2,CE 102,3,9.0,AB
2311121,2,CH 101,4,7.0,BC
2311121,2,CH 111,2,9.0,AB
2311121,2,CS 101,4,6.0,CC
2311121,2,CS 111,2,10.0,AA
2311121,2,EC 101,4,7.0,BC
2311121,2,EC 111,2,10.0,AA
2311121,2,MA 102,4,6.0,CC
2311121,2,ME 111,2,9.0,AB
2311122,2,CE 102,3,6.0,CC
2311122,2,CH 101,4,5.0,CD
2311122,2,CH 111,2,9.0,AB
2311122,2,CS 101,4,6.0,CC
2311122,2,CS 111,2,7.0,BC
2311122,2,EC 101,4,5.0,CD
2311122,2,EC 111,2,9.0,AB
2311122,2,MA 102,4,6.0,CC
2311122,2,ME 111,2,7.0,BC
2311123,2,CE 102,3,7.0,BC
2311123,2,CH 101,4,5.0,CD
2311123,2,CH 111,2,9.0,AB
2311123,2,CS 101,4,6.0,CC
2311123,2,CS 111,2,9.0,AB
2311123,2,EC 101,4,4.0,DD
2311123,2,EC 111,2,9.0,AB
2311123,2,MA 102,4,4.0,DD
2311123,2,ME 111,2,6.0,CC
2311124,2,CE 102,3,6.0,CC
2311124,2,CH 101,4,4.0,DD
2311124,2,CH 111,2,9.0,AB
2311124,2,CS 101,4,7.0,BC
2311124,2,CS 111,2,9.0,AB
2311124,2,EC 101,4,4.0,DD
2311124,2,EC 111,2,8.0,BB
2311124,2,MA 102,4,4.0,DD
2311124,2,ME 111,2,6.0,CC
2311125,2,CE 102,3,8.0,BB
2311125,2,CH 101,4,7.0,BC
2311125,2,CH 111,2,10.0,AA
2311125,2,CS 101,4,8.0,BB
2311125,2,CS 111,2,10.0,AA
2311125,2,EC 101,4,7.0,BC
2311125,2,EC 111,2,9.0,AB
2311125,2,MA 102,4,6.0,CC
2311125,2,ME 111,2,8.0,BB
2311126,2,CE 102,3,6.0,CC
2311126,2,CH 101,4,6.0,CC
2311126,2,CH 111,2,9.0,AB
2311126,2,CS 101,4,8.0,BB
2311126,2,CS 111,2,7.0,BC
2311126,2,EC 101,4,6.0,CC
2311126,2,EC 111,2,9.0,AB
2311126,2,MA 102,4,5.0,CD
2311126,2,ME 111,2,6.0,CC
2311127,2,CE 102,3,9.0,AB
2311127,2,CH 101,4,7.0,BC
2311127,2,CH 111,2,9.0,AB
2311127,2,CS 101,4,7.0,BC
2311127,2,CS 111,2,8.0,BB
2311127,2,EC 101,4,7.0,BC
2311127,2,EC 111,2,8.0,BB
2311127,2,MA 102,4,5.0,CD
2311127,2,ME 111,2,6.0,CC
2311128,2,CE 102,3,9.0,AB
2311128,2,CH 101,4,8.0,BB
2311128,2,CH 111,2,10.0,AA
2311128,2,CS 101,4,8.0,BB
2311128,2,CS 111,2,9.0,AB
2311128,2,EC 101,4,7.0,BC
2311128,2,EC 111,2,9.0,AB
2311128,2,MA 102,4,8.0,BB
2311128,2,ME 111,2,9.0,AB
2311130,2,CE 102,3,6.0,CC
2311130,2,CH 101,4,5.0,CD
2311130,2,CH 111,2,9.0,AB
2311130,2,CS 101,4,8.0,BB
2311130,2,CS 111,2,10.0,AA
2311130,2,EC 101,4,5.0,CD
2311130,2,EC 111,2,9.0,AB
2311130,2,MA 102,4,7.0,BC
2311130,2,ME 111,2,6.0,CC
2311131,2,CE 102,3,7.0,BC
2311131,2,CH 101,4,6.0,CC
2311131,2,CH 111,2,9.0,AB
2311131,2,CS 101,4,6.0,CC
2311131,2,CS 111,2,7.0,BC
2311131,2,EC 101,4,5.0,CD
2311131,2,EC 111,2,9.0,AB
2311131,2,MA 102,4,6.0,CC
2311131,2,ME 111,2,8.0,BB
2311132,2,CE 102,3,7.0,BC
2311132,2,CH 101,4,6.0,CC
2311132,2,CH 111,2,9.0,AB
2311132,2,CS 101,4,7.0,BC
2311132,2,CS 111,2,7.0,BC
2311132,2,EC 101,4,7.0,BC
2311132,2,EC 111,2,9.0,AB
2311132,2,MA 102,4,7.0,BC
2311132,2,ME 111,2,7.0,BC
2311133,2,CE 102,3,9.0,AB
2311133,2,CH 101,4,9.0,AB
2311133,2,CH 111,2,10.0,AA
2311133,2,CS 101,4,9.0,AB
2311133,2,CS 111,2,10.0,AA
2311133,2,EC 101,4,8.0,BB
2311133,2,EC 111,2,10.0,AA
2311133,2,MA 102,4,10.0,AA
2311133,2,ME 111,2,10.0,AA
2311134,2,CE 102,3,8.0,BB
2311134,2,CH 101,4,7.0,BC
2311134,2,CH 111,2,10.0,AA
2311134,2,CS 101,4,8.0,BB
2311134,2,CS 111,2,10.0,AA
2311134,2,EC 101,4,8.0,BB
2311134,2,EC 111,2,10.0,AA
2311134,2,MA 102,4,7.0,BC
2311134,2,ME 111,2,8.0,BB
2311135,2,CE 102,3,6.0,CC
2311135,2,CH 101,4,6.0,CC
2311135,2,CH 111,2,10.0,AA
2311135,2,CS 101,4,8.0,BB
2311135,2,CS 111,2,7.0,BC
2311135,2,EC 101,4,6.0,CC
2311135,2,EC 111,2,9.0,AB
2311135,2,MA 102,4,6.0,CC
2311135,2,ME 111,2,6.0,CC
2311136,2,CE 102,3,8.0,BB
2311136,2,CH 101,4,6.0,CC
2311136,2,CH 111,2,10.0,AA
2311136,2,CS 101,4,8.0,BB
2311136,2,CS 111,2,7.0,BC
2311136,2,EC 101,4,7.0,BC
2311136,2,EC 111,2,9.0,AB
2311136,2,MA 102,4,7.0,BC
2311136,2,ME 111,2,8.0,BB
2311137,2,CE 102,3,7.0,BC
2311137,2,CH 101,4,8.0,BB
2311137,2,CH 111,2,10.0,AA
2311137,2,CS 101,4,9.0,AB
2311137,2,CS 111,2,10.0,AA
2311137,2,EC 101,4,7.0,BC
2311137,2,EC 111,2,10.0,AA
2311137,2,MA 102,4,9.0,AB
2311137,2,ME 111,2,8.0,BB
2311138,2,CE 102,3,8.0,BB
2311138,2,CH 101,4,8.0,BB
2311138,2,CH 111,2,10.0,AA
2311138,2,CS 101,4,9.0,AB
2311138,2,CS 111,2,10.0,AA
2311138,2,EC 101,4,7.0,BC
2311138,2,EC 111,2,9.0,AB
2311138,2,MA 102,4,7.0,BC
2311138,2,ME 111,2,8.0,BB
2311139,2,CE 102,3,4.0,DD
2311139,2,CH 101,4,0.0,F
2311139,2,CH 111,2,9.0,AB
2311139,2,CS 101,4,0.0,F
2311139,2,CS 111,2,6.0,CC
2311139,2,EC 101,4,4.0,DD
2311139,2,EC 111,2,8.0,BB
2311139,2,MA 102,4,0.0,F
2311139,2,ME 111,2,6.0,CC
2311140,2,CE 102,3,10.0,AA
2311140,2,CH 101,4,8.0,BB
2311140,2,CH 111,2,10.0,AA
2311140,2,CS 101,4,10.0,AA
2311140,2,CS 111,2,10.0,AA
2311140,2,EC 101,4,9.0,AB
2311140,2,EC 111,2,10.0,AA
2311140,2,MA 102,4,9.0,AB
2311140,2,ME 111,2,9.0,AB
2311141,2,CE 102,3,10.0,AA
2311141,2,CH 101,4,7.0,BC
2311141,2,CH 111,2,9.0,AB
2311141,2,CS 101,4,8.0,BB
2311141,2,CS 111,2,10.0,AA
2311141,2,EC 101,4,7.0,BC
2311141,2,EC 111,2,10.0,AA
2311141,2,MA 102,4,8.0,BB
2311141,2,ME 111,2,9.0,AB
2311142,2,CE 102,3,8.0,BB
2311142,2,CH 101,4,9.0,AB
2311142,2,CH 111,2,10.0,AA
2311142,2,CS 101,4,9.0,AB
2311142,2,CS 111,2,10.0,AA
2311142,2,EC 101,4,7.0,BC
2311142,2,EC 111,2,9.0,AB
2311142,2,MA 102,4,8.0,BB
2311142,2,ME 111,2,9.0,AB
2311143,2,CE 102,3,8.0,BB
2311143,2,CH 101,4,8.0,BB
2311143,2,CH 111,2,10.0,AA
2311143,2,CS 101,4,7.0,BC
2311143,2,CS 111,2,10.0,AA
2311143,2,EC 101,4,7.0,BC
2311143,2,EC 111,2,10.0,AA
2311143,2,MA 102,4,8.0,BB
2311143,2,ME 111,2,9.0,AB
2311144,2,CE 102,3,7.0,BC
2311144,2,CH 101,4,7.0,BC
2311144,2,CH 111,2,10.0,AA
2311144,2,CS 101,4,6.0,CC
2311144,2,CS 111,2,9.0,AB
2311144,2,EC 101,4,6.0,CC
2311144,2,EC 111,2,9.0,AB
2311144,2,MA 102,4,7.0,BC
2311144,2,ME 111,2,7.0,BC
2311145,2,CE 102,3,7.0,BC
2311145,2,CH 101,4,7.0,BC
2311145,2,CH 111,2,10.0,AA
2311145,2,CS 101,4,6.0,CC
2311145,2,CS 111,2,8.0,BB
2311145,2,EC 101,4,5.0,CD
2311145,2,EC 111,2,8.0,BB
2311145,2,MA 102,4,5.0,CD
2311145,2,ME 111,2,6.0,CC
2311146,2,CE 102,3,10.0,AA
2311146,2,CH 101,4,7.0,BC
2311146,2,CH 111,2,10.0,AA
2311146,2,CS 101,4,7.0,BC
2311146,2,CS 111,2,10.0,AA
2311146,2,EC 101,4,7.0,BC
2311146,2,EC 111,2,9.0,AB
2311146,2,MA 102,4,8.0,BB
2311146,2,ME 111,2,10.0,AA
2311147,2,CE 102,3,6.0,CC
2311147,2,CH 101,4,7.0,BC
2311147,2,CH 111,2,10.0,AA
2311147,2,CS 101,4,7.0,BC
2311147,2,CS 111,2,10.0,AA
2311147,2,EC 101,4,7.0,BC
2311147,2,EC 111,2,9.0,AB
2311147,2,MA 102,4,6.0,CC
2311147,2,ME 111,2,10.0,AA
2311148,2,CE 102,3,10.0,AA
2311148,2,CH 101,4,8.0,BB
2311148,2,CH 111,2,10.0,AA
2311148,2,CS 101,4,10.0,AA
2311148,2,CS 111,2,10.0,AA
2311148,2,EC 101,4,8.0,BB
2311148,2,EC 111,2,9.0,AB
2311148,2,MA 102,4,9.0,AB
2311148,2,ME 111,2,10.0,AA
2311149,2,CE 102,3,8.0,BB
2311149,2,CH 101,4,8.0,BB
2311149,2,CH 111,2,10.0,AA
2311149,2,CS 101,4,6.0,CC
2311149,2,CS 111,2,6.0,CC
2311149,2,EC 101,4,7.0,BC
2311149,2,EC 111,2,9.0,AB
2311149,2,MA 102,4,6.0,CC
2311149,2,ME 111,2,8.0,BB
2311150,2,CE 102,3,9.0,AB
2311150,2,CH 101,4,7.0,BC
2311150,2,CH 111,2,10.0,AA
2311150,2,CS 101,4,7.0,BC
2311150,2,CS 111,2,9.0,AB
2311150,2,EC 101,4,7.0,BC
2311150,2,EC 111,2,8.0,BB
2311150,2,MA 102,4,7.0,BC
2311150,2,ME 111,2,9.0,AB
2311151,2,CE 102,3,5.0,CD
2311151,2,CH 101,4,4.0,DD
2311151,2,CH 111,2,9.0,AB
2311151,2,CS 101,4,5.0,CD
2311151,2,CS 111,2,7.0,BC
2311151,2,EC 101,4,5.0,CD
2311151,2,EC 111,2,8.0,BB
2311151,2,MA 102,4,4.0,DD
2311151,2,ME 111,2,6.0,CC
2311152,2,CE 102,3,5.0,CD
2311152,2,CH 101,4,4.0,DD
2311152,2,CH 111,2,9.0,AB
2311152,2,CS 101,4,0.0,F
2311152,2,CS 111,2,6.0,CC
2311152,2,EC 101,4,4.0,DD
2311152,2,EC 111,2,9.0,AB
2311152,2,MA 102,4,4.0,DD
2311152,2,ME 111,2,7.0,BC
2311153,2,CE 102,3,4.0,DD
2311153,2,CH 101,4,4.0,DD
2311153,2,CH 111,2,9.0,AB
2311153,2,CS 101,4,4.0,DD
2311153,2,CS 111,2,7.0,BC
2311153,2,EC 101,4,5.0,CD
2311153,2,EC 111,2,9.0,AB
2311153,2,MA 102,4,4.0,DD
2311153,2,ME 111,2,8.0,BB
2311154,2,CE 102,3,8.0,BB
2311154,2,CH 101,4,6.0,CC
2311154,2,CH 111,2,9.0,AB
2311154,2,CS 101,4,8.0,BB
2311154,2,CS 111,2,10.0,AA
2311154,2,EC 101,4,5.0,CD
2311154,2,EC 111,2,10.0,AA
2311154,2,MA 102,4,4.0,DD
2311154,2,ME 111,2,9.0,AB
2311155,2,CE 102,3,0.0,F
2311155,2,CH 101,4,0.0,F
2311155,2,CH 111,2,9.0,AB
2311155,2,CS 101,4,0.0,F
2311155,2,CS 111,2,6.0,CC
2311155,2,EC 101,4,0.0,F
2311155,2,EC 111,2,9.0,AB
2311155,2,MA 102,4,4.0,DD
2311155,2,ME 111,2,6.0,CC
2311156,2,CE 102,3,5.0,CD
2311156,2,CH 101,4,4.0,DD
2311156,2,CH 111,2,9.0,AB
2311156,2,CS 101,4,6.0,CC
2311156,2,CS 111,2,6.0,CC
2311156,2,EC 101,4,5.0,CD
2311156,2,EC 111,2,10.0,AA
2311156,2,MA 102,4,5.0,CD
2311156,2,ME 111,2,8.0,BB
2312001,2,CE 101,3,7.0,BC
2312001,2,EE 101,4,8.0,BB
2312001,2,EE 111,2,9.0,AB
2312001,2,HS 101,3,7.0,BC
2312001,2,HS 111,2,8.0,BB
2312001,2,MA 102,4,8.0,BB
2312001,2,ME 101,4,6.0,CC
2312001,2,PH 101,4,6.0,CC
2312001,2,PH 111,2,8.0,BB
2312002,2,CE 101,3,6.0,CC
2312002,2,EE 101,4,7.0,BC
2312002,2,EE 111,2,10.0,AA
2312002,2,HS 101,3,8.0,BB
2312002,2,HS 111,2,9.0,AB
2312002,2,MA 102,4,5.0,CD
2312002,2,ME 101,4,0.0,F
2312002,2,PH 101,4,5.0,CD
2312002,2,PH 111,2,8.0,BB
2312003,2,CE 101,3,7.0,BC
2312003,2,EE 101,4,10.0,AA
2312003,2,EE 111,2,10.0,AA
2312003,2,HS 101,3,9.0,AB
2312003,2,HS 111,2,9.0,AB
2312003,2,MA 102,4,10.0,AA
2312003,2,ME 101,4,9.0,AB
2312003,2,PH 101,4,10.0,AA
2312003,2,PH 111,2,8.0,BB
2312004,2,CE 101,3,7.0,BC
2312004,2,EE 101,4,10.0,AA
2312004,2,EE 111,2,10.0,AA
2312004,2,HS 101,3,9.0,AB
2312004,2,HS 111,2,9.0,AB
2312004,2,MA 102,4,10.0,AA
2312004,2,ME 101,4,9.0,AB
2312004,2,PH 101,4,10.0,AA
2312004,2,PH 111,2,8.0,BB
2312005,2,CE 101,3,6.0,CC
2312005,2,EE 101,4,6.0,CC
2312005,2,EE 111,2,9.0,AB
2312005,2,HS 101,3,8.0,BB
2312005,2,HS 111,2,9.0,AB
2312005,2,MA 102,4,7.0,BC
2312005,2,ME 101,4,7.0,BC
2312005,2,PH 101,4,5.0,CD
2312005,2,PH 111,2,7.0,BC
2312006,2,CE 101,3,5.0,CD
2312006,2,EE 101,4,4.0,DD
2312006,2,EE 111,2,7.0,BC
2312006,2,HS 101,3,5.0,CD
2312006,2,HS 111,2,9.0,AB
2312006,2,MA 102,4,4.0,DD
2312006,2,ME 101,4,0.0,F
2312006,2,PH 101,4,4.0,DD
2312006,2,PH 111,2,6.0,CC
2312007,2,CE 101,3,4.0,DD
2312007,2,EE 101,4,7.0,BC
2312007,2,EE 111,2,9.0,AB
2312007,2,HS 101,3,6.0,CC
2312007,2,HS 111,2,8.0,BB
2312007,2,MA 102,4,6.0,CC
2312007,2,ME 101,4,4.0,DD
2312007,2,PH 101,4,6.0,CC
2312007,2,PH 111,2,7.0,BC
2312008,2,CE 101,3,5.0,CD
2312008,2,EE 101,4,8.0,BB
2312008,2,EE 111,2,9.0,AB
2312008,2,HS 101,3,5.0,CD
2312008,2,HS 111,2,9.0,AB
2312008,2,MA 102,4,7.0,BC
2312008,2,ME 101,4,5.0,CD
2312008,2,PH 101,4,5.0,CD
2312008,2,PH 111,2,7.0,BC
2312009,2,CE 101,3,4.0,DD
2312009,2,EE 101,4,8.0,BB
2312009,2,EE 111,2,9.0,AB
2312009,2,HS 101,3,8.0,BB
2312009,2,HS 111,2,9.0,AB
2312009,2,MA 102,4,6.0,CC
2312009,2,ME 101,4,4.0,DD
2312009,2,PH 101,4,6.0,CC
2312009,2,PH 111,2,6.0,CC
2312010,2,CE 101,3,5.0,CD
2312010,2,EE 101,4,7.0,BC
2312010,2,EE 111,2,9.0,AB
2312010,2,HS 101,3,9.0,AB
2312010,2,HS 111,2,9.0,AB
2312010,2,MA 102,4,5.0,CD
2312010,2,ME 101,4,4.0,DD
2312010,2,PH 101,4,6.0,CC
2312010,2,PH 111,2,7.0,BC
2312011,2,CE 101,3,5.0,CD
2312011,2,EE 101,4,10.0,AA
2312011,2,EE 111,2,10.0,AA
2312011,2,HS 101,3,8.0,BB
2312011,2,HS 111,2,9.0,AB
2312011,2,MA 102,4,9.0,AB
2312011,2,ME 101,4,7.0,BC
2312011,2,PH 101,4,8.0,BB
2312011,2,PH 111,2,8.0,BB
2312012,2,CE 101,3,7.0,BC
2312012,2,EE 101,4,9.0,AB
2312012,2,EE 111,2,10.0,AA
2312012,2,HS 101,3,7.0,BC
2312012,2,HS 111,2,9.0,AB
2312012,2,MA 102,4,8.0,BB
2312012,2,ME 101,4,8.0,BB
2312012,2,PH 101,4,8.0,BB
2312012,2,PH 111,2,8.0,BB
2312013,2,CE 101,3,4.0,DD
2312013,2,EE 101,4,5.0,CD
2312013,2,EE 111,2,8.0,BB
2312013,2,HS 101,3,7.0,BC
2312013,2,HS 111,2,9.0,AB
2312013,2,MA 102,4,5.0,CD
2312013,2,ME 101,4,0.0,F
2312013,2,PH 101,4,5.0,CD
2312013,2,PH 111,2,6.0,CC
2312014,2,CE 101,3,8.0,BB
2312014,2,EE 101,4,8.0,BB
2312014,2,EE 111,2,10.0,AA
2312014,2,HS 101,3,9.0,AB
2312014,2,HS 111,2,6.0,CC
2312014,2,MA 102,4,8.0,BB
2312014,2,ME 101,4,4.0,DD
2312014,2,PH 101,4,8.0,BB
2312014,2,PH 111,2,8.0,BB
2312015,2,CE 101,3,7.0,BC
2312015,2,EE 101,4,7.0,BC
2312015,2,EE 111,2,10.0,AA
2312015,2,HS 101,3,9.0,AB
2312015,2,HS 111,2,9.0,AB
2312015,2,MA 102,4,6.0,CC
2312015,2,ME 101,4,0.0,F
2312015,2,PH 101,4,5.0,CD
2312015,2,PH 111,2,7.0,BC
2312016,2,CE 101,3,4.0,DD
2312016,2,EE 101,4,5.0,CD
2312016,2,EE 111,2,9.0,AB
2312016,2,HS 101,3,7.0,BC
2312016,2,HS 111,2,9.0,AB
2312016,2,MA 102,4,4.0,DD
2312016,2,ME 101,4,0.0,F
2312016,2,PH 101,4,4.0,DD
2312016,2,PH 111,2,6.0,CC
2312017,2,CE 101,3,4.0,DD
2312017,2,EE 101,4,4.0,DD
2312017,2,EE 111,2,8.0,BB
2312017,2,HS 101,3,7.0,BC
2312017,2,HS 111,2,7.0,BC
2312017,2,MA 102,4,5.0,CD
2312017,2,ME 101,4,0.0,F
2312017,2,PH 101,4,0.0,F
2312017,2,PH 111,2,4.0,DD
2312018,2,CE 101,3,4.0,DD
2312018,2,EE 101,4,4.0,DD
2312018,2,EE 111,2,8.0,BB
2312018,2,HS 101,3,6.0,CC
2312018,2,HS 111,2,9.0,AB
2312018,2,MA 102,4,4.0,DD
2312018,2,ME 101,4,0.0,F
2312018,2,PH 101,4,4.0,DD
2312018,2,PH 111,2,5.0,CD
2312019,2,CE 101,3,7.0,BC
2312019,2,EE 101,4,9.0,AB
2312019,2,EE 111,2,10.0,AA
2312019,2,HS 101,3,8.0,BB
2312019,2,HS 111,2,9.0,AB
2312019,2,MA 102,4,9.0,AB
2312019,2,ME 101,4,6.0,CC
2312019,2,PH 101,4,9.0,AB
2312019,2,PH 111,2,8.0,BB
2312020,2,CE 101,3,9.0,AB
2312020,2,EE 101,4,8.0,BB
2312020,2,EE 111,2,10.0,AA
2312020,2,HS 101,3,7.0,BC
2312020,2,HS 111,2,9.0,AB
2312020,2,MA 102,4,10.0,AA
2312020,2,ME 101,4,8.0,BB
2312020,2,PH 101,4,8.0,BB
2312020,2,PH 111,2,9.0,AB
2312021,2,CE 101,3,9.0,AB
2312021,2,EE 101,4,10.0,AA
2312021,2,EE 111,2,10.0,AA
2312021,2,HS 101,3,10.0,AA
2312021,2,HS 111,2,9.0,AB
2312021,2,MA 102,4,10.0,AA
2312021,2,ME 101,4,7.0,BC
2312021,2,PH 101,4,10.0,AA
2312021,2,PH 111,2,9.0,AB
2312022,2,CE 101,3,7.0,BC
2312022,2,EE 101,4,5.0,CD
2312022,2,EE 111,2,10.0,AA
2312022,2,HS 101,3,6.0,CC
2312022,2,HS 111,2,9.0,AB
2312022,2,MA 102,4,5.0,CD
2312022,2,ME 101,4,0.0,F
2312022,2,PH 101,4,6.0,CC
2312022,2,PH 111,2,0.0,F
2312023,2,CE 101,3,6.0,CC
2312023,2,EE 101,4,6.0,CC
2312023,2,EE 111,2,10.0,AA
2312023,2,HS 101,3,8.0,BB
2312023,2,HS 111,2,9.0,AB
2312023,2,MA 102,4,7.0,BC
2312023,2,ME 101,4,6.0,CC
2312023,2,PH 101,4,5.0,CD
2312023,2,PH 111,2,10.0,AA
2312024,2,CE 101,3,7.0,BC
2312024,2,EE 101,4,7.0,BC
2312024,2,EE 111,2,10.0,AA
2312024,2,HS 101,3,7.0,BC
2312024,2,HS 111,2,9.0,AB
2312024,2,MA 102,4,8.0,BB
2312024,2,ME 101,4,8.0,BB
2312024,2,PH 101,4,9.0,AB
2312024,2,PH 111,2,10.0,AA
2312025,2,CE 101,3,9.0,AB
2312025,2,EE 101,4,10.0,AA
2312025,2,EE 111,2,10.0,AA
2312025,2,HS 101,3,10.0,AA
2312025,2,HS 111,2,9.0,AB
2312025,2,MA 102,4,9.0,AB
2312025,2,ME 101,4,9.0,AB
2312025,2,PH 101,4,7.0,BC
2312025,2,PH 111,2,9.0,AB
2312026,2,CE 101,3,8.0,BB
2312026,2,EE 101,4,8.0,BB
2312026,2,EE 111,2,10.0,AA
2312026,2,HS 101,3,9.0,AB
2312026,2,HS 111,2,9.0,AB
2312026,2,MA 102,4,7.0,BC
2312026,2,ME 101,4,5.0,CD
2312026,2,PH 101,4,9.0,AB
2312026,2,PH 111,2,8.0,BB
2312027,2,CE 101,3,0.0,F
2312027,2,EE 101,4,0.0,F
2312027,2,EE 111,2,0.0,F
2312027,2,HS 101,3,0.0,F
2312027,2,HS 111,2,0.0,F
2312027,2,MA 102,4,0.0,F
2312027,2,ME 101,4,0.0,F
2312027,2,PH 101,4,0.0,F
2312027,2,PH 111,2,0.0,F
2312028,2,CE 101,3,6.0,CC
2312028,2,EE 101,4,9.0,AB
2312028,2,EE 111,2,9.0,AB
2312028,2,HS 101,3,8.0,BB
2312028,2,HS 111,2,9.0,AB
2312028,2,MA 102,4,8.0,BB
2312028,2,ME 101,4,7.0,BC
2312028,2,PH 101,4,8.0,BB
2312028,2,PH 111,2,10.0,AA
2312029,2,CE 101,3,9.0,AB
2312029,2,EE 101,4,10.0,AA
2312029,2,EE 111,2,10.0,AA
2312029,2,HS 101,3,8.0,BB
2312029,2,HS 111,2,9.0,AB
2312029,2,MA 102,4,9.0,AB
2312029,2,ME 101,4,6.0,CC
2312029,2,PH 101,4,9.0,AB
2312029,2,PH 111,2,9.0,AB
2312030,2,CE 101,3,6.0,CC
2312030,2,EE 101,4,9.0,AB
2312030,2,EE 111,2,10.0,AA
2312030,2,HS 101,3,10.0,AA
2312030,2,HS 111,2,9.0,AB
2312030,2,MA 102,4,7.0,BC
2312030,2,ME 101,4,5.0,CD
2312030,2,PH 101,4,9.0,AB
2312030,2,PH 111,2,10.0,AA
2312031,2,CE 101,3,5.0,CD
2312031,2,EE 101,4,8.0,BB
2312031,2,EE 111,2,10.0,AA
2312031,2,HS 101,3,7.0,BC
2312031,2,HS 111,2,9.0,AB
2312031,2,MA 102,4,7.0,BC
2312031,2,ME 101,4,6.0,CC
2312031,2,PH 101,4,8.0,BB
2312031,2,PH 111,2,9.0,AB
2312032,2,CE 101,3,6.0,CC
2312032,2,EE 101,4,7.0,BC
2312032,2,EE 111,2,10.0,AA
2312032,2,HS 101,3,9.0,AB
2312032,2,HS 111,2,8.0,BB
2312032,2,MA 102,4,7.0,BC
2312032,2,ME 101,4,4.0,DD
2312032,2,PH 101,4,6.0,CC
2312032,2,PH 111,2,8.0,BB
2312033,2,CE 101,3,8.0,BB
2312033,2,EE 101,4,9.0,AB
2312033,2,EE 111,2,9.0,AB
2312033,2,HS 101,3,9.0,AB
2312033,2,HS 111,2,8.0,BB
2312033,2,MA 102,4,8.0,BB
2312033,2,ME 101,4,7.0,BC
2312033,2,PH 101,4,8.0,BB
2312033,2,PH 111,2,9.0,AB
2312034,2,CE 101,3,8.0,BB
2312034,2,EE 101,4,8.0,BB
2312034,2,EE 111,2,10.0,AA
2312034,2,HS 101,3,8.0,BB
2312034,2,HS 111,2,8.0,BB
2312034,2,MA 102,4,6.0,CC
2312034,2,ME 101,4,6.0,CC
2312034,2,PH 101,4,6.0,CC
2312034,2,PH 111,2,9.0,AB
2312035,2,CE 101,3,7.0,BC
2312035,2,EE 101,4,9.0,AB
2312035,2,EE 111,2,10.0,AA
2312035,2,HS 101,3,8.0,BB
2312035,2,HS 111,2,6.0,CC
2312035,2,MA 102,4,8.0,BB
2312035,2,ME 101,4,5.0,CD
2312035,2,PH 101,4,8.0,BB
2312035,2,PH 111,2,10.0,AA
2312036,2,CE 101,3,5.0,CD
2312036,2,EE 101,4,7.0,BC
2312036,2,EE 111,2,9.0,AB
2312036,2,HS 101,3,7.0,BC
2312036,2,HS 111,2,9.0,AB
2312036,2,MA 102,4,6.0,CC
2312036,2,ME 101,4,4.0,DD
2312036,2,PH 101,4,7.0,BC
2312036,2,PH 111,2,8.0,BB
2312037,2,CE 101,3,9.0,AB
2312037,2,EE 101,4,10.0,AA
2312037,2,EE 111,2,10.0,AA
2312037,2,HS 101,3,10.0,AA
2312037,2,HS 111,2,9.0,AB
2312037,2,MA 102,4,8.0,BB
2312037,2,ME 101,4,5.0,CD
2312037,2,PH 101,4,10.0,AA
2312037,2,PH 111,2,10.0,AA
2312038,2,CE 101,3,6.0,CC
2312038,2,EE 101,4,10.0,AA
2312038,2,EE 111,2,10.0,AA
2312038,2,HS 101,3,9.0,AB
2312038,2,HS 111,2,9.0,AB
2312038,2,MA 102,4,8.0,BB
2312038,2,ME 101,4,10.0,AA
2312038,2,PH 101,4,9.0,AB
2312038,2,PH 111,2,8.0,BB
2312039,2,CE 101,3,5.0,CD
2312039,2,EE 101,4,7.0,BC
2312039,2,EE 111,2,9.0,AB
2312039,2,HS 101,3,8.0,BB
2312039,2,HS 111,2,9.0,AB
2312039,2,MA 102,4,8.0,BB
2312039,2,ME 101,4,6.0,CC
2312039,2,PH 101,4,10.0,AA
2312039,2,PH 111,2,9.0,AB
2312040,2,CE 101,3,5.0,CD
2312040,2,EE 101,4,6.0,CC
2312040,2,EE 111,2,9.0,AB
2312040,2,HS 101,3,8.0,BB
2312040,2,HS 111,2,9.0,AB
2312040,2,MA 102,4,6.0,CC
2312040,2,ME 101,4,4.0,DD
2312040,2,PH 101,4,7.0,BC
2312040,2,PH 111,2,7.0,BC
2312041,2,CE 101,3,5.0,CD
2312041,2,EE 101,4,9.0,AB
2312041,2,EE 111,2,10.0,AA
2312041,2,HS 101,3,8.0,BB
2312041,2,HS 111,2,9.0,AB
2312041,2,MA 102,4,7.0,BC
2312041,2,ME 101,4,7.0,BC
2312041,2,PH 101,4,10.0,AA
2312041,2,PH 111,2,9.0,AB
2312042,2,CE 101,3,5.0,CD
2312042,2,EE 101,4,7.0,BC
2312042,2,EE 111,2,9.0,AB
2312042,2,HS 101,3,7.0,BC
2312042,2,HS 111,2,9.0,AB
2312042,2,MA 102,4,8.0,BB
2312042,2,ME 101,4,6.0,CC
2312042,2,PH 101,4,9.0,AB
2312042,2,PH 111,2,8.0,BB
2312043,2,CE 101,3,8.0,BB
2312043,2,EE 101,4,8.0,BB
2312043,2,EE 111,2,10.0,AA
2312043,2,HS 101,3,8.0,BB
2312043,2,HS 111,2,9.0,AB
2312043,2,MA 102,4,8.0,BB
2312043,2,ME 101,4,5.0,CD
2312043,2,PH 101,4,8.0,BB
2312043,2,PH 111,2,9.0,AB
2312044,2,CE 101,3,7.0,BC
2312044,2,EE 101,4,8.0,BB
2312044,2,EE 111,2,10.0,AA
2312044,2,HS 101,3,9.0,AB
2312044,2,HS 111,2,9.0,AB
2312044,2,MA 102,4,8.0,BB
2312044,2,ME 101,4,5.0,CD
2312044,2,PH 101,4,7.0,BC
2312044,2,PH 111,2,10.0,AA
2312045,2,CE 101,3,7.0,BC
2312045,2,EE 101,4,10.0,AA
2312045,2,EE 111,2,10.0,AA
2312045,2,HS 101,3,7.0,BC
2312045,2,HS 111,2,9.0,AB
2312045,2,MA 102,4,7.0,BC
2312045,2,ME 101,4,5.0,CD
2312045,2,PH 101,4,9.0,AB
2312045,2,PH 111,2,9.0,AB
2312046,2,CE 101,3,7.0,BC
2312046,2,EE 101,4,7.0,BC
2312046,2,EE 111,2,10.0,AA
2312046,2,HS 101,3,7.0,BC
2312046,2,HS 111,2,9.0,AB
2312046,2,MA 102,4,5.0,CD
2312046,2,ME 101,4,7.0,BC
2312046,2,PH 101,4,6.0,CC
2312046,2,PH 111,2,9.0,AB
2312047,2,CE 101,3,8.0,BB
2312047,2,EE 101,4,10.0,AA
2312047,2,EE 111,2,10.0,AA
2312047,2,HS 101,3,10.0,AA
2312047,2,HS 111,2,9.0,AB
2312047,2,MA 102,4,8.0,BB
2312047,2,ME 101,4,5.0,CD
2312047,2,PH 101,4,9.0,AB
2312047,2,PH 111,2,10.0,AA
2312048,2,CE 101,3,7.0,BC
2312048,2,EE 101,4,7.0,BC
2312048,2,EE 111,2,10.0,AA
2312048,2,HS 101,3,9.0,AB
2312048,2,HS 111,2,8.0,BB
2312048,2,MA 102,4,7.0,BC
2312048,2,ME 101,4,5.0,CD
2312048,2,PH 101,4,7.0,BC
2312048,2,PH 111,2,9.0,AB
2312049,2,CE 101,3,6.0,CC
2312049,2,EE 101,4,7.0,BC
2312049,2,EE 111,2,10.0,AA
2312049,2,HS 101,3,6.0,CC
2312049,2,HS 111,2,9.0,AB
2312049,2,MA 102,4,5.0,CD
2312049,2,ME 101,4,4.0,DD
2312049,2,PH 101,4,5.0,CD
2312049,2,PH 111,2,9.0,AB
2312050,2,CE 101,3,4.0,DD
2312050,2,EE 101,4,0.0,F
2312050,2,EE 111,2,9.0,AB
2312050,2,HS 101,3,4.0,DD
2312050,2,HS 111,2,9.0,AB
2312050,2,MA 102,4,4.0,DD
2312050,2,ME 101,4,0.0,F
2312050,2,PH 101,4,0.0,F
2312050,2,PH 111,2,6.0,CC
2312051,2,CE 101,3,6.0,CC
2312051,2,EE 101,4,7.0,BC
2312051,2,EE 111,2,10.0,AA
2312051,2,HS 101,3,9.0,AB
2312051,2,HS 111,2,7.0,BC
2312051,2,MA 102,4,6.0,CC
2312051,2,ME 101,4,5.0,CD
2312051,2,PH 101,4,6.0,CC
2312051,2,PH 111,2,9.0,AB
2312052,2,CE 101,3,8.0,BB
2312052,2,EE 101,4,9.0,AB
2312052,2,EE 111,2,10.0,AA
2312052,2,HS 101,3,8.0,BB
2312052,2,HS 111,2,9.0,AB
2312052,2,MA 102,4,8.0,BB
2312052,2,ME 101,4,6.0,CC
2312052,2,PH 101,4,10.0,AA
2312052,2,PH 111,2,9.0,AB
2312053,2,CE 101,3,7.0,BC
2312053,2,EE 101,4,10.0,AA
2312053,2,EE 111,2,10.0,AA
2312053,2,HS 101,3,9.0,AB
2312053,2,HS 111,2,9.0,AB
2312053,2,MA 102,4,8.0,BB
2312053,2,ME 101,4,10.0,AA
2312053,2,PH 101,4,10.0,AA
2312053,2,PH 111,2,10.0,AA
2312054,2,CE 101,3,9.0,AB
2312054,2,EE 101,4,9.0,AB
2312054,2,EE 111,2,9.0,AB
2312054,2,HS 101,3,9.0,AB
2312054,2,HS 111,2,8.0,BB
2312054,2,MA 102,4,8.0,BB
2312054,2,ME 101,4,8.0,BB
2312054,2,PH 101,4,9.0,AB
2312054,2,PH 111,2,9.0,AB
2312055,2,CE 101,3,7.0,BC
2312055,2,EE 101,4,9.0,AB
2312055,2,EE 111,2,9.0,AB
2312055,2,HS 101,3,7.0,BC
2312055,2,HS 111,2,9.0,AB
2312055,2,MA 102,4,6.0,CC
2312055,2,ME 101,4,6.0,CC
2312055,2,PH 101,4,9.0,AB
2312055,2,PH 111,2,8.0,BB
2312056,2,CE 101,3,8.0,BB
2312056,2,EE 101,4,8.0,BB
2312056,2,EE 111,2,10.0,AA
2312056,2,HS 101,3,9.0,AB
2312056,2,HS 111,2,9.0,AB
2312056,2,MA 102,4,8.0,BB
2312056,2,ME 101,4,8.0,BB
2312056,2,PH 101,4,9.0,AB
2312056,2,PH 111,2,10.0,AA
2312057,2,CE 101,3,7.0,BC
2312057,2,EE 101,4,9.0,AB
2312057,2,EE 111,2,10.0,AA
2312057,2,HS 101,3,9.0,AB
2312057,2,HS 111,2,9.0,AB
2312057,2,MA 102,4,8.0,BB
2312057,2,ME 101,4,6.0,CC
2312057,2,PH 101,4,7.0,BC
2312057,2,PH 111,2,9.0,AB
2312058,2,CE 101,3,6.0,CC
2312058,2,EE 101,4,6.0,CC
2312058,2,EE 111,2,10.0,AA
2312058,2,HS 101,3,7.0,BC
2312058,2,HS 111,2,6.0,CC
2312058,2,MA 102,4,7.0,BC
2312058,2,ME 101,4,4.0,DD
2312058,2,PH 101,4,6.0,CC
2312058,2,PH 111,2,9.0,AB
2312059,2,CE 101,3,7.0,BC
2312059,2,EE 101,4,8.0,BB
2312059,2,EE 111,2,10.0,AA
2312059,2,HS 101,3,9.0,AB
2312059,2,HS 111,2,9.0,AB
2312059,2,MA 102,4,7.0,BC
2312059,2,ME 101,4,7.0,BC
2312059,2,PH 101,4,8.0,BB
2312059,2,PH 111,2,10.0,AA
2312060,2,CE 101,3,9.0,AB
2312060,2,EE 101,4,8.0,BB
2312060,2,EE 111,2,9.0,AB
2312060,2,HS 101,3,9.0,AB
2312060,2,HS 111,2,9.0,AB
2312060,2,MA 102,4,8.0,BB
2312060,2,ME 101,4,6.0,CC
2312060,2,PH 101,4,10.0,AA
2312060,2,PH 111,2,9.0,AB
2312061,2,CE 101,3,7.0,BC
2312061,2,EE 101,4,9.0,AB
2312061,2,EE 111,2,9.0,AB
2312061,2,HS 101,3,8.0,BB
2312061,2,HS 111,2,9.0,AB
2312061,2,MA 102,4,9.0,AB
2312061,2,ME 101,4,6.0,CC
2312061,2,PH 101,4,9.0,AB
2312061,2,PH 111,2,10.0,AA
2312062,2,CE 101,3,6.0,CC
2312062,2,EE 101,4,8.0,BB
2312062,2,EE 111,2,9.0,AB
2312062,2,HS 101,3,7.0,BC
2312062,2,HS 111,2,9.0,AB
2312062,2,MA 102,4,6.0,CC
2312062,2,ME 101,4,5.0,CD
2312062,2,PH 101,4,6.0,CC
2312062,2,PH 111,2,9.0,AB
2312063,2,CE 101,3,4.0,DD
2312063,2,EE 101,4,9.0,AB
2312063,2,EE 111,2,9.0,AB
2312063,2,HS 101,3,9.0,AB
2312063,2,HS 111,2,9.0,AB
2312063,2,MA 102,4,7.0,BC
2312063,2,ME 101,4,5.0,CD
2312063,2,PH 101,4,8.0,BB
2312063,2,PH 111,2,8.0,BB
2312064,2,CE 101,3,5.0,CD
2312064,2,EE 101,4,8.0,BB
2312064,2,EE 111,2,10.0,AA
2312064,2,HS 101,3,9.0,AB
2312064,2,HS 111,2,9.0,AB
2312064,2,MA 102,4,9.0,AB
2312064,2,ME 101,4,6.0,CC
2312064,2,PH 101,4,6.0,CC
2312064,2,PH 111,2,9.0,AB
2312065,2,CE 101,3,5.0,CD
2312065,2,EE 101,4,7.0,BC
2312065,2,EE 111,2,9.0,AB
2312065,2,HS 101,3,8.0,BB
2312065,2,HS 111,2,9.0,AB
2312065,2,MA 102,4,6.0,CC
2312065,2,ME 101,4,5.0,CD
2312065,2,PH 101,4,7.0,BC
2312065,2,PH 111,2,9.0,AB
2312066,2,CE 101,3,6.0,CC
2312066,2,EE 101,4,7.0,BC
2312066,2,EE 111,2,9.0,AB
2312066,2,HS 101,3,9.0,AB
2312066,2,HS 111,2,9.0,AB
2312066,2,MA 102,4,8.0,BB
2312066,2,ME 101,4,5.0,CD
2312066,2,PH 101,4,7.0,BC
2312066,2,PH 111,2,8.0,BB
2312067,2,CE 101,3,6.0,CC
2312067,2,EE 101,4,7.0,BC
2312067,2,EE 111,2,9.0,AB
2312067,2,HS 101,3,9.0,AB
2312067,2,HS 111,2,9.0,AB
2312067,2,MA 102,4,8.0,BB
2312067,2,ME 101,4,5.0,CD
2312067,2,PH 101,4,7.0,BC
2312067,2,PH 111,2,9.0,AB
2312068,2,CE 101,3,5.0,CD
2312068,2,EE 101,4,8.0,BB
2312068,2,EE 111,2,10.0,AA
2312068,2,HS 101,3,10.0,AA
2312068,2,HS 111,2,9.0,AB
2312068,2,MA 102,4,7.0,BC
2312068,2,ME 101,4,5.0,CD
2312068,2,PH 101,4,7.0,BC
2312068,2,PH 111,2,9.0,AB
2312069,2,CE 101,3,7.0,BC
2312069,2,EE 101,4,10.0,AA
2312069,2,EE 111,2,10.0,AA
2312069,2,HS 101,3,10.0,AA
2312069,2,HS 111,2,9.0,AB
2312069,2,MA 102,4,7.0,BC
2312069,2,ME 101,4,5.0,CD
2312069,2,PH 101,4,9.0,AB
2312069,2,PH 111,2,8.0,BB
2312070,2,CE 101,3,6.0,CC
2312070,2,EE 101,4,8.0,BB
2312070,2,EE 111,2,10.0,AA
2312070,2,HS 101,3,8.0,BB
2312070,2,HS 111,2,9.0,AB
2312070,2,MA 102,4,8.0,BB
2312070,2,ME 101,4,4.0,DD
2312070,2,PH 101,4,9.0,AB
2312070,2,PH 111,2,8.0,BB
2312071,2,CE 101,3,6.0,CC
2312071,2,EE 101,4,9.0,AB
2312071,2,EE 111,2,10.0,AA
2312071,2,HS 101,3,9.0,AB
2312071,2,HS 111,2,8.0,BB
2312071,2,MA 102,4,8.0,BB
2312071,2,ME 101,4,8.0,BB
2312071,2,PH 101,4,9.0,AB
2312071,2,PH 111,2,9.0,AB
2312072,2,CE 101,3,9.0,AB
2312072,2,EE 101,4,10.0,AA
2312072,2,EE 111,2,10.0,AA
2312072,2,HS 101,3,10.0,AA
2312072,2,HS 111,2,9.0,AB
2312072,2,MA 102,4,10.0,AA
2312072,2,ME 101,4,7.0,BC
2312072,2,PH 101,4,10.0,AA
2312072,2,PH 111,2,9.0,AB
2312073,2,CE 101,3,8.0,BB
2312073,2,EE 101,4,10.0,AA
2312073,2,EE 111,2,10.0,AA
2312073,2,HS 101,3,10.0,AA
2312073,2,HS 111,2,9.0,AB
2312073,2,MA 102,4,9.0,AB
2312073,2,ME 101,4,7.0,BC
2312073,2,PH 101,4,10.0,AA
2312073,2,PH 111,2,9.0,AB
2312074,2,CE 101,3,7.0,BC
2312074,2,EE 101,4,9.0,AB
2312074,2,EE 111,2,9.0,AB
2312074,2,HS 101,3,9.0,AB
2312074,2,HS 111,2,9.0,AB
2312074,2,MA 102,4,8.0,BB
2312074,2,ME 101,4,5.0,CD
2312074,2,PH 101,4,8.0,BB
2312074,2,PH 111,2,9.0,AB
2312075,2,CE 101,3,8.0,BB
2312075,2,EE 101,4,10.0,AA
2312075,2,EE 111,2,10.0,AA
2312075,2,HS 101,3,9.0,AB
2312075,2,HS 111,2,9.0,AB
2312075,2,MA 102,4,9.0,AB
2312075,2,ME 101,4,7.0,BC
2312075,2,PH 101,4,9.0,AB
2312075,2,PH 111,2,9.0,AB
2312076,2,CE 101,3,9.0,AB
2312076,2,EE 101,4,10.0,AA
2312076,2,EE 111,2,10.0,AA
2312076,2,HS 101,3,9.0,AB
2312076,2,HS 111,2,9.0,AB
2312076,2,MA 102,4,9.0,AB
2312076,2,ME 101,4,7.0,BC
2312076,2,PH 101,4,9.0,AB
2312076,2,PH 111,2,10.0,AA
2312077,2,CE 101,3,5.0,CD
2312077,2,EE 101,4,8.0,BB
2312077,2,EE 111,2,10.0,AA
2312077,2,HS 101,3,8.0,BB
2312077,2,HS 111,2,9.0,AB
2312077,2,MA 102,4,8.0,BB
2312077,2,ME 101,4,5.0,CD
2312077,2,PH 101,4,7.0,BC
2312077,2,PH 111,2,8.0,BB
2312078,2,CE 101,3,8.0,BB
2312078,2,EE 101,4,10.0,AA
2312078,2,EE 111,2,10.0,AA
2312078,2,HS 101,3,9.0,AB
2312078,2,HS 111,2,9.0,AB
2312078,2,MA 102,4,8.0,BB
2312078,2,ME 101,4,9.0,AB
2312078,2,PH 101,4,10.0,AA
2312078,2,PH 111,2,9.0,AB
2312079,2,CE 101,3,5.0,CD
2312079,2,EE 101,4,7.0,BC
2312079,2,EE 111,2,10.0,AA
2312079,2,HS 101,3,10.0,AA
2312079,2,HS 111,2,9.0,AB
2312079,2,MA 102,4,7.0,BC
2312079,2,ME 101,4,6.0,CC
2312079,2,PH 101,4,8.0,BB
2312079,2,PH 111,2,9.0,AB
2312080,2,CE 101,3,7.0,BC
2312080,2,EE 101,4,9.0,AB
2312080,2,EE 111,2,10.0,AA
2312080,2,HS 101,3,9.0,AB
2312080,2,HS 111,2,9.0,AB
2312080,2,MA 102,4,7.0,BC
2312080,2,ME 101,4,7.0,BC
2312080,2,PH 101,4,8.0,BB
2312080,2,PH 111,2,9.0,AB
2312081,2,CE 101,3,5.0,CD
2312081,2,EE 101,4,7.0,BC
2312081,2,EE 111,2,10.0,AA
2312081,2,HS 101,3,8.0,BB
2312081,2,HS 111,2,9.0,AB
2312081,2,MA 102,4,6.0,CC
2312081,2,ME 101,4,6.0,CC
2312081,2,PH 101,4,6.0,CC
2312081,2,PH 111,2,9.0,AB
2312082,2,CE 101,3,4.0,DD
2312082,2,EE 101,4,7.0,BC
2312082,2,EE 111,2,9.0,AB
2312082,2,HS 101,3,9.0,AB
2312082,2,HS 111,2,9.0,AB
2312082,2,MA 102,4,8.0,BB
2312082,2,ME 101,4,6.0,CC
2312082,2,PH 101,4,6.0,CC
2312082,2,PH 111,2,7.0,BC
2312083,2,CE 101,3,6.0,CC
2312083,2,EE 101,4,7.0,BC
2312083,2,EE 111,2,10.0,AA
2312083,2,HS 101,3,8.0,BB
2312083,2,HS 111,2,9.0,AB
2312083,2,MA 102,4,7.0,BC
2312083,2,ME 101,4,8.0,BB
2312083,2,PH 101,4,7.0,BC
2312083,2,PH 111,2,8.0,BB
2312084,2,CE 101,3,6.0,CC
2312084,2,EE 101,4,9.0,AB
2312084,2,EE 111,2,9.0,AB
2312084,2,HS 101,3,9.0,AB
2312084,2,HS 111,2,9.0,AB
2312084,2,MA 102,4,8.0,BB
2312084,2,ME 101,4,7.0,BC
2312084,2,PH 101,4,6.0,CC
2312084,2,PH 111,2,9.0,AB
2312085,2,CE 101,3,5.0,CD
2312085,2,EE 101,4,7.0,BC
2312085,2,EE 111,2,9.0,AB
2312085,2,HS 101,3,7.0,BC
2312085,2,HS 111,2,9.0,AB
2312085,2,MA 102,4,6.0,CC
2312085,2,ME 101,4,7.0,BC
2312085,2,PH 101,4,5.0,CD
2312085,2,PH 111,2,8.0,BB
2312086,2,CE 101,3,6.0,CC
2312086,2,EE 101,4,8.0,BB
2312086,2,EE 111,2,10.0,AA
2312086,2,HS 101,3,8.0,BB
2312086,2,HS 111,2,6.0,CC
2312086,2,MA 102,4,8.0,BB
2312086,2,ME 101,4,5.0,CD
2312086,2,PH 101,4,8.0,BB
2312086,2,PH 111,2,9.0,AB
2312087,2,CE 101,3,6.0,CC
2312087,2,EE 101,4,7.0,BC
2312087,2,EE 111,2,10.0,AA
2312087,2,HS 101,3,9.0,AB
2312087,2,HS 111,2,8.0,BB
2312087,2,MA 102,4,7.0,BC
2312087,2,ME 101,4,5.0,CD
2312087,2,PH 101,4,8.0,BB
2312087,2,PH 111,2,9.0,AB
2312088,2,CE 101,3,8.0,BB
2312088,2,EE 101,4,9.0,AB
2312088,2,EE 111,2,10.0,AA
2312088,2,HS 101,3,8.0,BB
2312088,2,HS 111,2,9.0,AB
2312088,2,MA 102,4,7.0,BC
2312088,2,ME 101,4,9.0,AB
2312088,2,PH 101,4,8.0,BB
2312088,2,PH 111,2,10.0,AA
2312089,2,CE 101,3,7.0,BC
2312089,2,EE 101,4,9.0,AB
2312089,2,EE 111,2,10.0,AA
2312089,2,HS 101,3,8.0,BB
2312089,2,HS 111,2,8.0,BB
2312089,2,MA 102,4,6.0,CC
2312089,2,ME 101,4,7.0,BC
2312089,2,PH 101,4,6.0,CC
2312089,2,PH 111,2,8.0,BB
2312090,2,CE 101,3,9.0,AB
2312090,2,EE 101,4,10.0,AA
2312090,2,EE 111,2,10.0,AA
2312090,2,HS 101,3,10.0,AA
2312090,2,HS 111,2,9.0,AB
2312090,2,MA 102,4,8.0,BB
2312090,2,ME 101,4,6.0,CC
2312090,2,PH 101,4,9.0,AB
2312090,2,PH 111,2,9.0,AB
2312091,2,CE 101,3,6.0,CC
2312091,2,EE 101,4,4.0,DD
2312091,2,EE 111,2,8.0,BB
2312091,2,HS 101,3,8.0,BB
2312091,2,HS 111,2,7.0,BC
2312091,2,MA 102,4,4.0,DD
2312091,2,ME 101,4,4.0,DD
2312091,2,PH 101,4,5.0,CD
2312091,2,PH 111,2,7.0,BC
2312092,2,CE 101,3,8.0,BB
2312092,2,EE 101,4,7.0,BC
2312092,2,EE 111,2,9.0,AB
2312092,2,HS 101,3,9.0,AB
2312092,2,HS 111,2,7.0,BC
2312092,2,MA 102,4,9.0,AB
2312092,2,ME 101,4,7.0,BC
2312092,2,PH 101,4,7.0,BC
2312092,2,PH 111,2,9.0,AB
2312093,2,CE 101,3,7.0,BC
2312093,2,EE 101,4,5.0,CD
2312093,2,EE 111,2,8.0,BB
2312093,2,HS 101,3,7.0,BC
2312093,2,HS 111,2,7.0,BC
2312093,2,MA 102,4,4.0,DD
2312093,2,ME 101,4,5.0,CD
2312093,2,PH 101,4,6.0,CC
2312093,2,PH 111,2,7.0,BC
2312094,2,CE 101,3,8.0,BB
2312094,2,EE 101,4,0.0,F
2312094,2,EE 111,2,8.0,BB
2312094,2,HS 101,3,8.0,BB
2312094,2,HS 111,2,7.0,BC
2312094,2,MA 102,4,0.0,F
2312094,2,ME 101,4,0.0,F
2312094,2,PH 101,4,0.0,F
2312094,2,PH 111,2,8.0,BB
2312095,2,CE 101,3,8.0,BB
2312095,2,EE 101,4,7.0,BC
2312095,2,EE 111,2,9.0,AB
2312095,2,HS 101,3,9.0,AB
2312095,2,HS 111,2,7.0,BC
2312095,2,MA 102,4,8.0,BB
2312095,2,ME 101,4,5.0,CD
2312095,2,PH 101,4,7.0,BC
2312095,2,PH 111,2,9.0,AB
2312096,2,CE 101,3,8.0,BB
2312096,2,EE 101,4,9.0,AB
2312096,2,EE 111,2,8.0,BB
2312096,2,HS 101,3,9.0,AB
2312096,2,HS 111,2,8.0,BB
2312096,2,MA 102,4,9.0,AB
2312096,2,ME 101,4,10.0,AA
2312096,2,PH 101,4,8.0,BB
2312096,2,PH 111,2,9.0,AB
2312097,2,CE 101,3,8.0,BB
2312097,2,EE 101,4,6.0,CC
2312097,2,EE 111,2,7.0,BC
2312097,2,HS 101,3,7.0,BC
2312097,2,HS 111,2,8.0,BB
2312097,2,MA 102,4,7.0,BC
2312097,2,ME 101,4,6.0,CC
2312097,2,PH 101,4,7.0,BC
2312097,2,PH 111,2,8.0,BB
2312098,2,CE 101,3,9.0,AB
2312098,2,EE 101,4,7.0,BC
2312098,2,EE 111,2,9.0,AB
2312098,2,HS 101,3,9.0,AB
2312098,2,HS 111,2,8.0,BB
2312098,2,MA 102,4,10.0,AA
2312098,2,ME 101,4,8.0,BB
2312098,2,PH 101,4,9.0,AB
2312098,2,PH 111,2,9.0,AB
2312099,2,CE 101,3,9.0,AB
2312099,2,EE 101,4,8.0,BB
2312099,2,EE 111,2,8.0,BB
2312099,2,HS 101,3,9.0,AB
2312099,2,HS 111,2,8.0,BB
2312099,2,MA 102,4,9.0,AB
2312099,2,ME 101,4,8.0,BB
2312099,2,PH 101,4,9.0,AB
2312099,2,PH 111,2,9.0,AB
2312100,2,CE 101,3,8.0,BB
2312100,2,EE 101,4,8.0,BB
2312100,2,EE 111,2,9.0,AB
2312100,2,HS 101,3,9.0,AB
2312100,2,HS 111,2,8.0,BB
2312100,2,MA 102,4,8.0,BB
2312100,2,ME 101,4,4.0,DD
2312100,2,PH 101,4,8.0,BB
2312100,2,PH 111,2,10.0,AA
2312101,2,CE 101,3,6.0,CC
2312101,2,EE 101,4,4.0,DD
2312101,2,EE 111,2,8.0,BB
2312101,2,HS 101,3,7.0,BC
2312101,2,HS 111,2,8.0,BB
2312101,2,MA 102,4,4.0,DD
2312101,2,ME 101,4,0.0,F
2312101,2,PH 101,4,4.0,DD
2312101,2,PH 111,2,7.0,BC
2312102,2,CE 101,3,6.0,CC
2312102,2,EE 101,4,5.0,CD
2312102,2,EE 111,2,9.0,AB
2312102,2,HS 101,3,9.0,AB
2312102,2,HS 111,2,8.0,BB
2312102,2,MA 102,4,6.0,CC
2312102,2,ME 101,4,5.0,CD
2312102,2,PH 101,4,6.0,CC
2312102,2,PH 111,2,6.0,CC
2312103,2,CE 101,3,8.0,BB
2312103,2,EE 101,4,7.0,BC
2312103,2,EE 111,2,9.0,AB
2312103,2,HS 101,3,9.0,AB
2312103,2,HS 111,2,8.0,BB
2312103,2,MA 102,4,9.0,AB
2312103,2,ME 101,4,8.0,BB
2312103,2,PH 101,4,8.0,BB
2312103,2,PH 111,2,9.0,AB
2312104,2,CE 101,3,5.0,CD
2312104,2,EE 101,4,5.0,CD
2312104,2,EE 111,2,8.0,BB
2312104,2,HS 101,3,7.0,BC
2312104,2,HS 111,2,8.0,BB
2312104,2,MA 102,4,4.0,DD
2312104,2,ME 101,4,0.0,F
2312104,2,PH 101,4,6.0,CC
2312104,2,PH 111,2,9.0,AB
2312105,2,CE 101,3,6.0,CC
2312105,2,EE 101,4,6.0,CC
2312105,2,EE 111,2,9.0,AB
2312105,2,HS 101,3,9.0,AB
2312105,2,HS 111,2,8.0,BB
2312105,2,MA 102,4,9.0,AB
2312105,2,ME 101,4,9.0,AB
2312105,2,PH 101,4,7.0,BC
2312105,2,PH 111,2,9.0,AB
2312106,2,CE 101,3,8.0,BB
2312106,2,EE 101,4,6.0,CC
2312106,2,EE 111,2,9.0,AB
2312106,2,HS 101,3,8.0,BB
2312106,2,HS 111,2,8.0,BB
2312106,2,MA 102,4,8.0,BB
2312106,2,ME 101,4,5.0,CD
2312106,2,PH 101,4,7.0,BC
2312106,2,PH 111,2,8.0,BB
2312107,2,CE 101,3,7.0,BC
2312107,2,EE 101,4,8.0,BB
2312107,2,EE 111,2,9.0,AB
2312107,2,HS 101,3,9.0,AB
2312107,2,HS 111,2,8.0,BB
2312107,2,MA 102,4,10.0,AA
2312107,2,ME 101,4,8.0,BB
2312107,2,PH 101,4,10.0,AA
2312107,2,PH 111,2,8.0,BB
2312108,2,CE 101,3,8.0,BB
2312108,2,EE 101,4,8.0,BB
2312108,2,EE 111,2,9.0,AB
2312108,2,HS 101,3,8.0,BB
2312108,2,HS 111,2,8.0,BB
2312108,2,MA 102,4,8.0,BB
2312108,2,ME 101,4,5.0,CD
2312108,2,PH 101,4,6.0,CC
2312108,2,PH 111,2,8.0,BB
2312109,2,CE 101,3,8.0,BB
2312109,2,EE 101,4,7.0,BC
2312109,2,EE 111,2,10.0,AA
2312109,2,HS 101,3,8.0,BB
2312109,2,HS 111,2,8.0,BB
2312109,2,MA 102,4,9.0,AB
2312109,2,ME 101,4,8.0,BB
2312109,2,PH 101,4,9.0,AB
2312109,2,PH 111,2,8.0,BB
2312110,2,CE 101,3,7.0,BC
2312110,2,EE 101,4,6.0,CC
2312110,2,EE 111,2,10.0,AA
2312110,2,HS 101,3,9.0,AB
2312110,2,HS 111,2,8.0,BB
2312110,2,MA 102,4,5.0,CD
2312110,2,ME 101,4,6.0,CC
2312110,2,PH 101,4,5.0,CD
2312110,2,PH 111,2,9.0,AB
2312111,2,CE 101,3,8.0,BB
2312111,2,EE 101,4,7.0,BC
2312111,2,EE 111,2,10.0,AA
2312111,2,HS 101,3,10.0,AA
2312111,2,HS 111,2,7.0,BC
2312111,2,MA 102,4,9.0,AB
2312111,2,ME 101,4,6.0,CC
2312111,2,PH 101,4,9.0,AB
2312111,2,PH 111,2,10.0,AA
2312112,2,CE 101,3,9.0,AB
2312112,2,EE 101,4,7.0,BC
2312112,2,EE 111,2,9.0,AB
2312112,2,HS 101,3,9.0,AB
2312112,2,HS 111,2,7.0,BC
2312112,2,MA 102,4,9.0,AB
2312112,2,ME 101,4,8.0,BB
2312112,2,PH 101,4,9.0,AB
2312112,2,PH 111,2,10.0,AA
2312113,2,CE 101,3,7.0,BC
2312113,2,EE 101,4,5.0,CD
2312113,2,EE 111,2,9.0,AB
2312113,2,HS 101,3,8.0,BB
2312113,2,HS 111,2,7.0,BC
2312113,2,MA 102,4,7.0,BC
2312113,2,ME 101,4,6.0,CC
2312113,2,PH 101,4,6.0,CC
2312113,2,PH 111,2,8.0,BB
2312114,2,CE 101,3,8.0,BB
2312114,2,EE 101,4,9.0,AB
2312114,2,EE 111,2,10.0,AA
2312114,2,HS 101,3,9.0,AB
2312114,2,HS 111,2,7.0,BC
2312114,2,MA 102,4,10.0,AA
2312114,2,ME 101,4,8.0,BB
2312114,2,PH 101,4,10.0,AA
2312114,2,PH 111,2,10.0,AA
2312115,2,CE 101,3,8.0,BB
2312115,2,EE 101,4,9.0,AB
2312115,2,EE 111,2,10.0,AA
2312115,2,HS 101,3,8.0,BB
2312115,2,HS 111,2,7.0,BC
2312115,2,MA 102,4,10.0,AA
2312115,2,ME 101,4,5.0,CD
2312115,2,PH 101,4,9.0,AB
2312115,2,PH 111,2,8.0,BB
2312116,2,CE 101,3,8.0,BB
2312116,2,EE 101,4,7.0,BC
2312116,2,EE 111,2,10.0,AA
2312116,2,HS 101,3,7.0,BC
2312116,2,HS 111,2,8.0,BB
2312116,2,MA 102,4,8.0,BB
2312116,2,ME 101,4,6.0,CC
2312116,2,PH 101,4,7.0,BC
2312116,2,PH 111,2,8.0,BB
2312117,2,CE 101,3,8.0,BB
2312117,2,EE 101,4,8.0,BB
2312117,2,EE 111,2,10.0,AA
2312117,2,HS 101,3,8.0,BB
2312117,2,HS 111,2,8.0,BB
2312117,2,MA 102,4,10.0,AA
2312117,2,ME 101,4,9.0,AB
2312117,2,PH 101,4,9.0,AB
2312117,2,PH 111,2,9.0,AB
2312118,2,CE 101,3,8.0,BB
2312118,2,EE 101,4,7.0,BC
2312118,2,EE 111,2,9.0,AB
2312118,2,HS 101,3,9.0,AB
2312118,2,HS 111,2,8.0,BB
2312118,2,MA 102,4,9.0,AB
2312118,2,ME 101,4,8.0,BB
2312118,2,PH 101,4,10.0,AA
2312118,2,PH 111,2,9.0,AB
2312119,2,CE 101,3,9.0,AB
2312119,2,EE 101,4,9.0,AB
2312119,2,EE 111,2,9.0,AB
2312119,2,HS 101,3,10.0,AA
2312119,2,HS 111,2,8.0,BB
2312119,2,MA 102,4,10.0,AA
2312119,2,ME 101,4,7.0,BC
2312119,2,PH 101,4,8.0,BB
2312119,2,PH 111,2,9.0,AB
2312120,2,CE 101,3,9.0,AB
2312120,2,EE 101,4,7.0,BC
2312120,2,EE 111,2,9.0,AB
2312120,2,HS 101,3,10.0,AA
2312120,2,HS 111,2,8.0,BB
2312120,2,MA 102,4,10.0,AA
2312120,2,ME 101,4,6.0,CC
2312120,2,PH 101,4,9.0,AB
2312120,2,PH 111,2,10.0,AA
2312121,2,CE 101,3,8.0,BB
2312121,2,EE 101,4,7.0,BC
2312121,2,EE 111,2,10.0,AA
2312121,2,HS 101,3,8.0,BB
2312121,2,HS 111,2,9.0,AB
2312121,2,MA 102,4,9.0,AB
2312121,2,ME 101,4,5.0,CD
2312121,2,PH 101,4,8.0,BB
2312121,2,PH 111,2,9.0,AB
2312122,2,CE 101,3,10.0,AA
2312122,2,EE 101,4,9.0,AB
2312122,2,EE 111,2,10.0,AA
2312122,2,HS 101,3,10.0,AA
2312122,2,HS 111,2,9.0,AB
2312122,2,MA 102,4,9.0,AB
2312122,2,ME 101,4,9.0,AB
2312122,2,PH 101,4,10.0,AA
2312122,2,PH 111,2,10.0,AA
2312123,2,CE 101,3,9.0,AB
2312123,2,EE 101,4,8.0,BB
2312123,2,EE 111,2,9.0,AB
2312123,2,HS 101,3,9.0,AB
2312123,2,HS 111,2,9.0,AB
2312123,2,MA 102,4,9.0,AB
2312123,2,ME 101,4,8.0,BB
2312123,2,PH 101,4,8.0,BB
2312123,2,PH 111,2,9.0,AB
2312124,2,CE 101,3,7.0,BC
2312124,2,EE 101,4,7.0,BC
2312124,2,EE 111,2,10.0,AA
2312124,2,HS 101,3,8.0,BB
2312124,2,HS 111,2,9.0,AB
2312124,2,MA 102,4,9.0,AB
2312124,2,ME 101,4,6.0,CC
2312124,2,PH 101,4,8.0,BB
2312124,2,PH 111,2,10.0,AA
2312125,2,CE 101,3,7.0,BC
2312125,2,EE 101,4,9.0,AB
2312125,2,EE 111,2,10.0,AA
2312125,2,HS 101,3,8.0,BB
2312125,2,HS 111,2,9.0,AB
2312125,2,MA 102,4,9.0,AB
2312125,2,ME 101,4,8.0,BB
2312125,2,PH 101,4,8.0,BB
2312125,2,PH 111,2,9.0,AB
2312126,2,CE 101,3,9.0,AB
2312126,2,EE 101,4,8.0,BB
2312126,2,EE 111,2,10.0,AA
2312126,2,HS 101,3,10.0,AA
2312126,2,HS 111,2,9.0,AB
2312126,2,MA 102,4,10.0,AA
2312126,2,ME 101,4,9.0,AB
2312126,2,PH 101,4,9.0,AB
2312126,2,PH 111,2,9.0,AB
2312127,2,CE 101,3,7.0,BC
2312127,2,EE 101,4,4.0,DD
2312127,2,EE 111,2,8.0,BB
2312127,2,HS 101,3,8.0,BB
2312127,2,HS 111,2,9.0,AB
2312127,2,MA 102,4,7.0,BC
2312127,2,ME 101,4,4.0,DD
2312127,2,PH 101,4,6.0,CC
2312127,2,PH 111,2,5.0,CD
2312128,2,CE 101,3,8.0,BB
2312128,2,EE 101,4,5.0,CD
2312128,2,EE 111,2,8.0,BB
2312128,2,HS 101,3,7.0,BC
2312128,2,HS 111,2,9.0,AB
2312128,2,MA 102,4,7.0,BC
2312128,2,ME 101,4,5.0,CD
2312128,2,PH 101,4,7.0,BC
2312128,2,PH 111,2,8.0,BB
2312129,2,CE 101,3,9.0,AB
2312129,2,EE 101,4,8.0,BB
2312129,2,EE 111,2,9.0,AB
2312129,2,HS 101,3,10.0,AA
2312129,2,HS 111,2,9.0,AB
2312129,2,MA 102,4,9.0,AB
2312129,2,ME 101,4,10.0,AA
2312129,2,PH 101,4,9.0,AB
2312129,2,PH 111,2,10.0,AA
2312130,2,CE 101,3,8.0,BB
2312130,2,EE 101,4,8.0,BB
2312130,2,EE 111,2,10.0,AA
2312130,2,HS 101,3,10.0,AA
2312130,2,HS 111,2,9.0,AB
2312130,2,MA 102,4,9.0,AB
2312130,2,ME 101,4,8.0,BB
2312130,2,PH 101,4,10.0,AA
2312130,2,PH 111,2,9.0,AB
2312131,2,CE 101,3,9.0,AB
2312131,2,EE 101,4,9.0,AB
2312131,2,EE 111,2,10.0,AA
2312131,2,HS 101,3,9.0,AB
2312131,2,HS 111,2,8.0,BB
2312131,2,MA 102,4,10.0,AA
2312131,2,ME 101,4,10.0,AA
2312131,2,PH 101,4,10.0,AA
2312131,2,PH 111,2,10.0,AA
2312132,2,CE 101,3,9.0,AB
2312132,2,EE 101,4,7.0,BC
2312132,2,EE 111,2,9.0,AB
2312132,2,HS 101,3,9.0,AB
2312132,2,HS 111,2,8.0,BB
2312132,2,MA 102,4,8.0,BB
2312132,2,ME 101,4,7.0,BC
2312132,2,PH 101,4,9.0,AB
2312132,2,PH 111,2,9.0,AB
2312133,2,CE 101,3,9.0,AB
2312133,2,EE 101,4,7.0,BC
2312133,2,EE 111,2,9.0,AB
2312133,2,HS 101,3,10.0,AA
2312133,2,HS 111,2,8.0,BB
2312133,2,MA 102,4,8.0,BB
2312133,2,ME 101,4,8.0,BB
2312133,2,PH 101,4,8.0,BB
2312133,2,PH 111,2,8.0,BB
2312134,2,CE 101,3,7.0,BC
2312134,2,EE 101,4,6.0,CC
2312134,2,EE 111,2,9.0,AB
2312134,2,HS 101,3,8.0,BB
2312134,2,HS 111,2,8.0,BB
2312134,2,MA 102,4,8.0,BB
2312134,2,ME 101,4,8.0,BB
2312134,2,PH 101,4,8.0,BB
2312134,2,PH 111,2,8.0,BB
2312135,2,CE 101,3,8.0,BB
2312135,2,EE 101,4,6.0,CC
2312135,2,EE 111,2,9.0,AB
2312135,2,HS 101,3,8.0,BB
2312135,2,HS 111,2,8.0,BB
2312135,2,MA 102,4,9.0,AB
2312135,2,ME 101,4,6.0,CC
2312135,2,PH 101,4,7.0,BC
2312135,2,PH 111,2,9.0,AB
2312136,2,CE 101,3,8.0,BB
2312136,2,EE 101,4,7.0,BC
2312136,2,EE 111,2,9.0,AB
2312136,2,HS 101,3,9.0,AB
2312136,2,HS 111,2,8.0,BB
2312136,2,MA 102,4,8.0,BB
2312136,2,ME 101,4,7.0,BC
2312136,2,PH 101,4,7.0,BC
2312136,2,PH 111,2,9.0,AB
2312137,2,CE 101,3,6.0,CC
2312137,2,EE 101,4,7.0,BC
2312137,2,EE 111,2,9.0,AB
2312137,2,HS 101,3,7.0,BC
2312137,2,HS 111,2,8.0,BB
2312137,2,MA 102,4,8.0,BB
2312137,2,ME 101,4,5.0,CD
2312137,2,PH 101,4,6.0,CC
2312137,2,PH 111,2,8.0,BB
2312138,2,CE 101,3,7.0,BC
2312138,2,EE 101,4,5.0,CD
2312138,2,EE 111,2,8.0,BB
2312138,2,HS 101,3,9.0,AB
2312138,2,HS 111,2,8.0,BB
2312138,2,MA 102,4,8.0,BB
2312138,2,ME 101,4,5.0,CD
2312138,2,PH 101,4,6.0,CC
2312138,2,PH 111,2,8.0,BB
2312139,2,CE 101,3,8.0,BB
2312139,2,EE 101,4,4.0,DD
2312139,2,EE 111,2,9.0,AB
2312139,2,HS 101,3,8.0,BB
2312139,2,HS 111,2,8.0,BB
2312139,2,MA 102,4,5.0,CD
2312139,2,ME 101,4,0.0,F
2312139,2,PH 101,4,4.0,DD
2312139,2,PH 111,2,5.0,CD
2312140,2,CE 101,3,5.0,CD
2312140,2,EE 101,4,0.0,F
2312140,2,EE 111,2,9.0,AB
2312140,2,HS 101,3,4.0,DD
2312140,2,HS 111,2,8.0,BB
2312140,2,MA 102,4,0.0,F
2312140,2,ME 101,4,0.0,F
2312140,2,PH 101,4,0.0,F
2312140,2,PH 111,2,8.0,BB
2312141,2,CE 101,3,7.0,BC
2312141,2,EE 101,4,8.0,BB
2312141,2,EE 111,2,9.0,AB
2312141,2,HS 101,3,8.0,BB
2312141,2,HS 111,2,8.0,BB
2312141,2,MA 102,4,9.0,AB
2312141,2,ME 101,4,7.0,BC
2312141,2,PH 101,4,8.0,BB
2312141,2,PH 111,2,9.0,AB
2312142,2,CE 101,3,7.0,BC
2312142,2,EE 101,4,7.0,BC
2312142,2,EE 111,2,10.0,AA
2312142,2,HS 101,3,9.0,AB
2312142,2,HS 111,2,8.0,BB
2312142,2,MA 102,4,10.0,AA
2312142,2,ME 101,4,8.0,BB
2312142,2,PH 101,4,8.0,BB
2312142,2,PH 111,2,10.0,AA
2312143,2,CE 101,3,8.0,BB
2312143,2,EE 101,4,6.0,CC
2312143,2,EE 111,2,9.0,AB
2312143,2,HS 101,3,9.0,AB
2312143,2,HS 111,2,8.0,BB
2312143,2,MA 102,4,10.0,AA
2312143,2,ME 101,4,7.0,BC
2312143,2,PH 101,4,7.0,BC
2312143,2,PH 111,2,8.0,BB
2312144,2,CE 101,3,8.0,BB
2312144,2,EE 101,4,5.0,CD
2312144,2,EE 111,2,9.0,AB
2312144,2,HS 101,3,8.0,BB
2312144,2,HS 111,2,8.0,BB
2312144,2,MA 102,4,6.0,CC
2312144,2,ME 101,4,4.0,DD
2312144,2,PH 101,4,5.0,CD
2312144,2,PH 111,2,8.0,BB
2312145,2,CE 101,3,7.0,BC
2312145,2,EE 101,4,6.0,CC
2312145,2,EE 111,2,8.0,BB
2312145,2,HS 101,3,8.0,BB
2312145,2,HS 111,2,8.0,BB
2312145,2,MA 102,4,8.0,BB
2312145,2,ME 101,4,7.0,BC
2312145,2,PH 101,4,6.0,CC
2312145,2,PH 111,2,8.0,BB
2312146,2,CE 101,3,7.0,BC
2312146,2,EE 101,4,6.0,CC
2312146,2,EE 111,2,9.0,AB
2312146,2,HS 101,3,8.0,BB
2312146,2,HS 111,2,7.0,BC
2312146,2,MA 102,4,7.0,BC
2312146,2,ME 101,4,6.0,CC
2312146,2,PH 101,4,7.0,BC
2312146,2,PH 111,2,9.0,AB
2312147,2,CE 101,3,8.0,BB
2312147,2,EE 101,4,7.0,BC
2312147,2,EE 111,2,9.0,AB
2312147,2,HS 101,3,10.0,AA
2312147,2,HS 111,2,7.0,BC
2312147,2,MA 102,4,9.0,AB
2312147,2,ME 101,4,8.0,BB
2312147,2,PH 101,4,9.0,AB
2312147,2,PH 111,2,9.0,AB
2312149,2,CE 101,3,8.0,BB
2312149,2,EE 101,4,6.0,CC
2312149,2,EE 111,2,10.0,AA
2312149,2,HS 101,3,9.0,AB
2312149,2,HS 111,2,7.0,BC
2312149,2,MA 102,4,8.0,BB
2312149,2,ME 101,4,8.0,BB
2312149,2,PH 101,4,7.0,BC
2312149,2,PH 111,2,9.0,AB
2312150,2,CE 101,3,8.0,BB
2312150,2,EE 101,4,8.0,BB
2312150,2,EE 111,2,9.0,AB
2312150,2,HS 101,3,9.0,AB
2312150,2,HS 111,2,7.0,BC
2312150,2,MA 102,4,9.0,AB
2312150,2,ME 101,4,7.0,BC
2312150,2,PH 101,4,8.0,BB
2312150,2,PH 111,2,10.0,AA
2312151,2,CE 101,3,7.0,BC
2312151,2,EE 101,4,6.0,CC
2312151,2,EE 111,2,8.0,BB
2312151,2,HS 101,3,7.0,BC
2312151,2,HS 111,2,7.0,BC
2312151,2,MA 102,4,6.0,CC
2312151,2,ME 101,4,5.0,CD
2312151,2,PH 101,4,6.0,CC
2312151,2,PH 111,2,8.0,BB
2312152,2,CE 101,3,8.0,BB
2312152,2,EE 101,4,7.0,BC
2312152,2,EE 111,2,9.0,AB
2312152,2,HS 101,3,8.0,BB
2312152,2,HS 111,2,7.0,BC
2312152,2,MA 102,4,8.0,BB
2312152,2,ME 101,4,8.0,BB
2312152,2,PH 101,4,9.0,AB
2312152,2,PH 111,2,9.0,AB
2312153,2,CE 101,3,6.0,CC
2312153,2,EE 101,4,4.0,DD
2312153,2,EE 111,2,8.0,BB
2312153,2,HS 101,3,6.0,CC
2312153,2,HS 111,2,7.0,BC
2312153,2,MA 102,4,4.0,DD
2312153,2,ME 101,4,0.0,F
2312153,2,PH 101,4,5.0,CD
2312153,2,PH 111,2,7.0,BC
2312154,2,CE 101,3,8.0,BB
2312154,2,EE 101,4,6.0,CC
2312154,2,EE 111,2,10.0,AA
2312154,2,HS 101,3,8.0,BB
2312154,2,HS 111,2,7.0,BC
2312154,2,MA 102,4,8.0,BB
2312154,2,ME 101,4,6.0,CC
2312154,2,PH 101,4,7.0,BC
2312154,2,PH 111,2,9.0,AB
2312155,2,CE 101,3,7.0,BC
2312155,2,EE 101,4,5.0,CD
2312155,2,EE 111,2,8.0,BB
2312155,2,HS 101,3,9.0,AB
2312155,2,HS 111,2,7.0,BC
2312155,2,MA 102,4,7.0,BC
2312155,2,ME 101,4,0.0,F
2312155,2,PH 101,4,5.0,CD
2312155,2,PH 111,2,7.0,BC
2312156,2,CE 101,3,7.0,BC
2312156,2,EE 101,4,7.0,BC
2312156,2,EE 111,2,9.0,AB
2312156,2,HS 101,3,9.0,AB
2312156,2,HS 111,2,6.0,CC
2312156,2,MA 102,4,8.0,BB
2312156,2,ME 101,4,5.0,CD
2312156,2,PH 101,4,6.0,CC
2312156,2,PH 111,2,8.0,BB
2312157,2,CE 101,3,7.0,BC
2312157,2,EE 101,4,4.0,DD
2312157,2,EE 111,2,9.0,AB
2312157,2,HS 101,3,7.0,BC
2312157,2,HS 111,2,6.0,CC
2312157,2,MA 102,4,4.0,DD
2312157,2,ME 101,4,5.0,CD
2312157,2,PH 101,4,6.0,CC
2312157,2,PH 111,2,8.0,BB
2312158,2,CE 101,3,6.0,CC
2312158,2,EE 101,4,0.0,F
2312158,2,EE 111,2,8.0,BB
2312158,2,HS 101,3,5.0,CD
2312158,2,HS 111,2,6.0,CC
2312158,2,MA 102,4,0.0,F
2312158,2,ME 101,4,0.0,F
2312158,2,PH 101,4,4.0,DD
2312158,2,PH 111,2,7.0,BC
2312159,2,CE 101,3,7.0,BC
2312159,2,EE 101,4,4.0,DD
2312159,2,EE 111,2,8.0,BB
2312159,2,HS 101,3,8.0,BB
2312159,2,HS 111,2,6.0,CC
2312159,2,MA 102,4,0.0,F
2312159,2,ME 101,4,0.0,F
2312159,2,PH 101,4,4.0,DD
2312159,2,PH 111,2,5.0,CD
2312160,2,CE 101,3,7.0,BC
2312160,2,EE 101,4,6.0,CC
2312160,2,EE 111,2,8.0,BB
2312160,2,HS 101,3,9.0,AB
2312160,2,HS 111,2,6.0,CC
2312160,2,MA 102,4,8.0,BB
2312160,2,ME 101,4,6.0,CC
2312160,2,PH 101,4,6.0,CC
2312160,2,PH 111,2,8.0,BB
2312161,2,CE 101,3,8.0,BB
2312161,2,EE 101,4,5.0,CD
2312161,2,EE 111,2,9.0,AB
2312161,2,HS 101,3,9.0,AB
2312161,2,HS 111,2,8.0,BB
2312161,2,MA 102,4,7.0,BC
2312161,2,ME 101,4,8.0,BB
2312161,2,PH 101,4,7.0,BC
2312161,2,PH 111,2,10.0,AA
2312162,2,CE 101,3,5.0,CD
2312162,2,EE 101,4,4.0,DD
2312162,2,EE 111,2,8.0,BB
2312162,2,HS 101,3,7.0,BC
2312162,2,HS 111,2,8.0,BB
2312162,2,MA 102,4,4.0,DD
2312162,2,ME 101,4,0.0,F
2312162,2,PH 101,4,4.0,DD
2312162,2,PH 111,2,8.0,BB
2312163,2,CE 101,3,9.0,AB
2312163,2,EE 101,4,7.0,BC
2312163,2,EE 111,2,10.0,AA
2312163,2,HS 101,3,9.0,AB
2312163,2,HS 111,2,8.0,BB
2312163,2,MA 102,4,9.0,AB
2312163,2,ME 101,4,6.0,CC
2312163,2,PH 101,4,5.0,CD
2312163,2,PH 111,2,9.0,AB
2312164,2,CE 101,3,9.0,AB
2312164,2,EE 101,4,7.0,BC
2312164,2,EE 111,2,9.0,AB
2312164,2,HS 101,3,9.0,AB
2312164,2,HS 111,2,8.0,BB
2312164,2,MA 102,4,8.0,BB
2312164,2,ME 101,4,8.0,BB
2312164,2,PH 101,4,6.0,CC
2312164,2,PH 111,2,9.0,AB
2312165,2,CE 101,3,6.0,CC
2312165,2,EE 101,4,4.0,DD
2312165,2,EE 111,2,10.0,AA
2312165,2,HS 101,3,9.0,AB
2312165,2,HS 111,2,8.0,BB
2312165,2,MA 102,4,5.0,CD
2312165,2,ME 101,4,6.0,CC
2312165,2,PH 101,4,6.0,CC
2312165,2,PH 111,2,8.0,BB
2312166,2,CE 101,3,8.0,BB
2312166,2,EE 101,4,8.0,BB
2312166,2,EE 111,2,9.0,AB
2312166,2,HS 101,3,10.0,AA
2312166,2,HS 111,2,7.0,BC
2312166,2,MA 102,4,9.0,AB
2312166,2,ME 101,4,9.0,AB
2312166,2,PH 101,4,8.0,BB
2312166,2,PH 111,2,10.0,AA
2312167,2,CE 101,3,9.0,AB
2312167,2,EE 101,4,9.0,AB
2312167,2,EE 111,2,10.0,AA
2312167,2,HS 101,3,10.0,AA
2312167,2,HS 111,2,7.0,BC
2312167,2,MA 102,4,10.0,AA
2312167,2,ME 101,4,6.0,CC
2312167,2,PH 101,4,10.0,AA
2312167,2,PH 111,2,10.0,AA
2312168,2,CE 101,3,7.0,BC
2312168,2,EE 101,4,6.0,CC
2312168,2,EE 111,2,9.0,AB
2312168,2,HS 101,3,8.0,BB
2312168,2,HS 111,2,7.0,BC
2312168,2,MA 102,4,8.0,BB
2312168,2,ME 101,4,8.0,BB
2312168,2,PH 101,4,7.0,BC
2312168,2,PH 111,2,7.0,BC
2312169,2,CE 101,3,7.0,BC
2312169,2,EE 101,4,7.0,BC
2312169,2,EE 111,2,10.0,AA
2312169,2,HS 101,3,9.0,AB
2312169,2,HS 111,2,7.0,BC
2312169,2,MA 102,4,7.0,BC
2312169,2,ME 101,4,6.0,CC
2312169,2,PH 101,4,7.0,BC
2312169,2,PH 111,2,9.0,AB
2312170,2,CE 101,3,6.0,CC
2312170,2,EE 101,4,0.0,F
2312170,2,EE 111,2,9.0,AB
2312170,2,HS 101,3,5.0,CD
2312170,2,HS 111,2,7.0,BC
2312170,2,MA 102,4,0.0,F
2312170,2,ME 101,4,4.0,DD
2312170,2,PH 101,4,4.0,DD
2312170,2,PH 111,2,8.0,BB
2312171,2,CE 101,3,8.0,BB
2312171,2,EE 101,4,5.0,CD
2312171,2,EE 111,2,9.0,AB
2312171,2,HS 101,3,9.0,AB
2312171,2,HS 111,2,7.0,BC
2312171,2,MA 102,4,5.0,CD
2312171,2,ME 101,4,4.0,DD
2312171,2,PH 101,4,4.0,DD
2312171,2,PH 111,2,6.0,CC
2312172,2,CE 101,3,7.0,BC
2312172,2,EE 101,4,7.0,BC
2312172,2,EE 111,2,9.0,AB
2312172,2,HS 101,3,8.0,BB
2312172,2,HS 111,2,7.0,BC
2312172,2,MA 102,4,7.0,BC
2312172,2,ME 101,4,5.0,CD
2312172,2,PH 101,4,5.0,CD
2312172,2,PH 111,2,8.0,BB
2312173,2,CE 101,3,7.0,BC
2312173,2,EE 101,4,0.0,F
2312173,2,EE 111,2,7.0,BC
2312173,2,HS 101,3,6.0,CC
2312173,2,HS 111,2,7.0,BC
2312173,2,MA 102,4,0.0,F
2312173,2,ME 101,4,0.0,F
2312173,2,PH 101,4,0.0,F
2312173,2,PH 111,2,6.0,CC
2312174,2,CE 101,3,6.0,CC
2312174,2,EE 101,4,0.0,F
2312174,2,EE 111,2,9.0,AB
2312174,2,HS 101,3,6.0,CC
2312174,2,HS 111,2,7.0,BC
2312174,2,MA 102,4,0.0,F
2312174,2,ME 101,4,4.0,DD
2312174,2,PH 101,4,4.0,DD
2312174,2,PH 111,2,8.0,BB
2312175,2,CE 101,3,6.0,CC
2312175,2,EE 101,4,0.0,F
2312175,2,EE 111,2,8.0,BB
2312175,2,HS 101,3,7.0,BC
2312175,2,HS 111,2,7.0,BC
2312175,2,MA 102,4,0.0,F
2312175,2,ME 101,4,0.0,F
2312175,2,PH 101,4,0.0,F
2312175,2,PH 111,2,4.0,DD
2313001,2,CE 101,3,5.0,CD
2313001,2,EE 101,4,0.0,F
2313001,2,EE 111,2,7.0,BC
2313001,2,HS 101,3,4.0,DD
2313001,2,HS 111,2,6.0,CC
2313001,2,MA 102,4,0.0,F
2313001,2,ME 101,4,0.0,F
2313001,2,PH 101,4,0.0,F
2313001,2,PH 111,2,5.0,CD
2313002,2,CE 101,3,6.0,CC
2313002,2,EE 101,4,6.0,CC
2313002,2,EE 111,2,9.0,AB
2313002,2,HS 101,3,8.0,BB
2313002,2,HS 111,2,8.0,BB
2313002,2,MA 102,4,9.0,AB
2313002,2,ME 101,4,9.0,AB
2313002,2,PH 101,4,8.0,BB
2313002,2,PH 111,2,7.0,BC
2313003,2,CE 101,3,6.0,CC
2313003,2,EE 101,4,6.0,CC
2313003,2,EE 111,2,10.0,AA
2313003,2,HS 101,3,9.0,AB
2313003,2,HS 111,2,8.0,BB
2313003,2,MA 102,4,8.0,BB
2313003,2,ME 101,4,7.0,BC
2313003,2,PH 101,4,8.0,BB
2313003,2,PH 111,2,8.0,BB
2313004,2,CE 101,3,4.0,DD
2313004,2,EE 101,4,0.0,F
2313004,2,EE 111,2,7.0,BC
2313004,2,HS 101,3,5.0,CD
2313004,2,HS 111,2,5.0,CD
2313004,2,MA 102,4,0.0,F
2313004,2,ME 101,4,0.0,F
2313004,2,PH 101,4,0.0,F
2313004,2,PH 111,2,0.0,F
2313005,2,CE 101,3,8.0,BB
2313005,2,EE 101,4,6.0,CC
2313005,2,EE 111,2,9.0,AB
2313005,2,HS 101,3,9.0,AB
2313005,2,HS 111,2,8.0,BB
2313005,2,MA 102,4,10.0,AA
2313005,2,ME 101,4,10.0,AA
2313005,2,PH 101,4,9.0,AB
2313005,2,PH 111,2,10.0,AA
2313006,2,CE 101,3,9.0,AB
2313006,2,EE 101,4,7.0,BC
2313006,2,EE 111,2,10.0,AA
2313006,2,HS 101,3,10.0,AA
2313006,2,HS 111,2,9.0,AB
2313006,2,MA 102,4,10.0,AA
2313006,2,ME 101,4,9.0,AB
2313006,2,PH 101,4,9.0,AB
2313006,2,PH 111,2,10.0,AA
2313007,2,CE 101,3,8.0,BB
2313007,2,EE 101,4,5.0,CD
2313007,2,EE 111,2,10.0,AA
2313007,2,HS 101,3,9.0,AB
2313007,2,HS 111,2,9.0,AB
2313007,2,MA 102,4,7.0,BC
2313007,2,ME 101,4,8.0,BB
2313007,2,PH 101,4,4.0,DD
2313007,2,PH 111,2,8.0,BB
2313008,2,CE 101,3,6.0,CC
2313008,2,EE 101,4,4.0,DD
2313008,2,EE 111,2,9.0,AB
2313008,2,HS 101,3,9.0,AB
2313008,2,HS 111,2,8.0,BB
2313008,2,MA 102,4,7.0,BC
2313008,2,ME 101,4,5.0,CD
2313008,2,PH 101,4,6.0,CC
2313008,2,PH 111,2,6.0,CC
2313009,2,CE 101,3,7.0,BC
2313009,2,EE 101,4,0.0,F
2313009,2,EE 111,2,9.0,AB
2313009,2,HS 101,3,8.0,BB
2313009,2,HS 111,2,5.0,CD
2313009,2,MA 102,4,8.0,BB
2313009,2,ME 101,4,5.0,CD
2313009,2,PH 101,4,6.0,CC
2313009,2,PH 111,2,7.0,BC
2313010,2,CE 101,3,8.0,BB
2313010,2,EE 101,4,7.0,BC
2313010,2,EE 111,2,10.0,AA
2313010,2,HS 101,3,9.0,AB
2313010,2,HS 111,2,8.0,BB
2313010,2,MA 102,4,10.0,AA
2313010,2,ME 101,4,6.0,CC
2313010,2,PH 101,4,9.0,AB
2313010,2,PH 111,2,7.0,BC
2313011,2,CE 101,3,7.0,BC
2313011,2,EE 101,4,7.0,BC
2313011,2,EE 111,2,10.0,AA
2313011,2,HS 101,3,9.0,AB
2313011,2,HS 111,2,8.0,BB
2313011,2,MA 102,4,8.0,BB
2313011,2,ME 101,4,7.0,BC
2313011,2,PH 101,4,9.0,AB
2313011,2,PH 111,2,9.0,AB
2313012,2,CE 101,3,7.0,BC
2313012,2,EE 101,4,8.0,BB
2313012,2,EE 111,2,9.0,AB
2313012,2,HS 101,3,9.0,AB
2313012,2,HS 111,2,9.0,AB
2313012,2,MA 102,4,10.0,AA
2313012,2,ME 101,4,6.0,CC
2313012,2,PH 101,4,10.0,AA
2313012,2,PH 111,2,10.0,AA
2313013,2,CE 101,3,7.0,BC
2313013,2,EE 101,4,6.0,CC
2313013,2,EE 111,2,9.0,AB
2313013,2,HS 101,3,9.0,AB
2313013,2,HS 111,2,9.0,AB
2313013,2,MA 102,4,7.0,BC
2313013,2,ME 101,4,7.0,BC
2313013,2,PH 101,4,8.0,BB
2313013,2,PH 111,2,9.0,AB
2313014,2,CE 101,3,5.0,CD
2313014,2,EE 101,4,5.0,CD
2313014,2,EE 111,2,9.0,AB
2313014,2,HS 101,3,8.0,BB
2313014,2,HS 111,2,9.0,AB
2313014,2,MA 102,4,8.0,BB
2313014,2,ME 101,4,7.0,BC
2313014,2,PH 101,4,7.0,BC
2313014,2,PH 111,2,6.0,CC
2313015,2,CE 101,3,6.0,CC
2313015,2,EE 101,4,4.0,DD
2313015,2,EE 111,2,9.0,AB
2313015,2,HS 101,3,9.0,AB
2313015,2,HS 111,2,9.0,AB
2313015,2,MA 102,4,9.0,AB
2313015,2,ME 101,4,7.0,BC
2313015,2,PH 101,4,7.0,BC
2313015,2,PH 111,2,8.0,BB
2313016,2,CE 101,3,6.0,CC
2313016,2,EE 101,4,0.0,F
2313016,2,EE 111,2,9.0,AB
2313016,2,HS 101,3,8.0,BB
2313016,2,HS 111,2,9.0,AB
2313016,2,MA 102,4,6.0,CC
2313016,2,ME 101,4,0.0,F
2313016,2,PH 101,4,4.0,DD
2313016,2,PH 111,2,7.0,BC
2313017,2,CE 101,3,10.0,AA
2313017,2,EE 101,4,6.0,CC
2313017,2,EE 111,2,10.0,AA
2313017,2,HS 101,3,10.0,AA
2313017,2,HS 111,2,9.0,AB
2313017,2,MA 102,4,10.0,AA
2313017,2,ME 101,4,7.0,BC
2313017,2,PH 101,4,10.0,AA
2313017,2,PH 111,2,10.0,AA
2313018,2,CE 101,3,6.0,CC
2313018,2,EE 101,4,4.0,DD
2313018,2,EE 111,2,10.0,AA
2313018,2,HS 101,3,9.0,AB
2313018,2,HS 111,2,9.0,AB
2313018,2,MA 102,4,5.0,CD
2313018,2,ME 101,4,4.0,DD
2313018,2,PH 101,4,6.0,CC
2313018,2,PH 111,2,8.0,BB
2313019,2,CE 101,3,7.0,BC
2313019,2,EE 101,4,7.0,BC
2313019,2,EE 111,2,10.0,AA
2313019,2,HS 101,3,9.0,AB
2313019,2,HS 111,2,9.0,AB
2313019,2,MA 102,4,9.0,AB
2313019,2,ME 101,4,8.0,BB
2313019,2,PH 101,4,8.0,BB
2313019,2,PH 111,2,9.0,AB
2313020,2,CE 101,3,8.0,BB
2313020,2,EE 101,4,5.0,CD
2313020,2,EE 111,2,9.0,AB
2313020,2,HS 101,3,9.0,AB
2313020,2,HS 111,2,9.0,AB
2313020,2,MA 102,4,9.0,AB
2313020,2,ME 101,4,8.0,BB
2313020,2,PH 101,4,8.0,BB
2313020,2,PH 111,2,10.0,AA
2313021,2,CE 101,3,6.0,CC
2313021,2,EE 101,4,8.0,BB
2313021,2,EE 111,2,9.0,AB
2313021,2,HS 101,3,10.0,AA
2313021,2,HS 111,2,9.0,AB
2313021,2,MA 102,4,9.0,AB
2313021,2,ME 101,4,6.0,CC
2313021,2,PH 101,4,9.0,AB
2313021,2,PH 111,2,10.0,AA
2313022,2,CE 101,3,9.0,AB
2313022,2,EE 101,4,7.0,BC
2313022,2,EE 111,2,9.0,AB
2313022,2,HS 101,3,10.0,AA
2313022,2,HS 111,2,9.0,AB
2313022,2,MA 102,4,9.0,AB
2313022,2,ME 101,4,8.0,BB
2313022,2,PH 101,4,8.0,BB
2313022,2,PH 111,2,9.0,AB
2313023,2,CE 101,3,8.0,BB
2313023,2,EE 101,4,6.0,CC
2313023,2,EE 111,2,9.0,AB
2313023,2,HS 101,3,10.0,AA
2313023,2,HS 111,2,9.0,AB
2313023,2,MA 102,4,9.0,AB
2313023,2,ME 101,4,8.0,BB
2313023,2,PH 101,4,7.0,BC
2313023,2,PH 111,2,8.0,BB
2313024,2,CE 101,3,6.0,CC
2313024,2,EE 101,4,4.0,DD
2313024,2,EE 111,2,9.0,AB
2313024,2,HS 101,3,9.0,AB
2313024,2,HS 111,2,9.0,AB
2313024,2,MA 102,4,5.0,CD
2313024,2,ME 101,4,4.0,DD
2313024,2,PH 101,4,5.0,CD
2313024,2,PH 111,2,6.0,CC
2313025,2,CE 101,3,6.0,CC
2313025,2,EE 101,4,6.0,CC
2313025,2,EE 111,2,10.0,AA
2313025,2,HS 101,3,9.0,AB
2313025,2,HS 111,2,9.0,AB
2313025,2,MA 102,4,7.0,BC
2313025,2,ME 101,4,7.0,BC
2313025,2,PH 101,4,8.0,BB
2313025,2,PH 111,2,9.0,AB
2313026,2,CE 101,3,6.0,CC
2313026,2,EE 101,4,4.0,DD
2313026,2,EE 111,2,9.0,AB
2313026,2,HS 101,3,9.0,AB
2313026,2,HS 111,2,9.0,AB
2313026,2,MA 102,4,6.0,CC
2313026,2,ME 101,4,5.0,CD
2313026,2,PH 101,4,7.0,BC
2313026,2,PH 111,2,7.0,BC
2313027,2,CE 101,3,6.0,CC
2313027,2,EE 101,4,5.0,CD
2313027,2,EE 111,2,9.0,AB
2313027,2,HS 101,3,10.0,AA
2313027,2,HS 111,2,9.0,AB
2313027,2,MA 102,4,8.0,BB
2313027,2,ME 101,4,6.0,CC
2313027,2,PH 101,4,8.0,BB
2313027,2,PH 111,2,9.0,AB
2313028,2,CE 101,3,9.0,AB
2313028,2,EE 101,4,6.0,CC
2313028,2,EE 111,2,9.0,AB
2313028,2,HS 101,3,9.0,AB
2313028,2,HS 111,2,9.0,AB
2313028,2,MA 102,4,9.0,AB
2313028,2,ME 101,4,9.0,AB
2313028,2,PH 101,4,9.0,AB
2313028,2,PH 111,2,9.0,AB
2313029,2,CE 101,3,7.0,BC
2313029,2,EE 101,4,4.0,DD
2313029,2,EE 111,2,9.0,AB
2313029,2,HS 101,3,9.0,AB
2313029,2,HS 111,2,9.0,AB
2313029,2,MA 102,4,6.0,CC
2313029,2,ME 101,4,4.0,DD
2313029,2,PH 101,4,4.0,DD
2313029,2,PH 111,2,9.0,AB
2313030,2,CE 101,3,6.0,CC
2313030,2,EE 101,4,0.0,F
2313030,2,EE 111,2,9.0,AB
2313030,2,HS 101,3,8.0,BB
2313030,2,HS 111,2,8.0,BB
2313030,2,MA 102,4,6.0,CC
2313030,2,ME 101,4,4.0,DD
2313030,2,PH 101,4,6.0,CC
2313030,2,PH 111,2,9.0,AB
2313031,2,CE 101,3,7.0,BC
2313031,2,EE 101,4,5.0,CD
2313031,2,EE 111,2,9.0,AB
2313031,2,HS 101,3,9.0,AB
2313031,2,HS 111,2,9.0,AB
2313031,2,MA 102,4,8.0,BB
2313031,2,ME 101,4,5.0,CD
2313031,2,PH 101,4,9.0,AB
2313031,2,PH 111,2,10.0,AA
2313032,2,CE 101,3,7.0,BC
2313032,2,EE 101,4,5.0,CD
2313032,2,EE 111,2,10.0,AA
2313032,2,HS 101,3,9.0,AB
2313032,2,HS 111,2,9.0,AB
2313032,2,MA 102,4,8.0,BB
2313032,2,ME 101,4,7.0,BC
2313032,2,PH 101,4,7.0,BC
2313032,2,PH 111,2,9.0,AB
2313033,2,CE 101,3,7.0,BC
2313033,2,EE 101,4,0.0,F
2313033,2,EE 111,2,9.0,AB
2313033,2,HS 101,3,8.0,BB
2313033,2,HS 111,2,7.0,BC
2313033,2,MA 102,4,7.0,BC
2313033,2,ME 101,4,5.0,CD
2313033,2,PH 101,4,5.0,CD
2313033,2,PH 111,2,9.0,AB
2313034,2,CE 101,3,6.0,CC
2313034,2,EE 101,4,5.0,CD
2313034,2,EE 111,2,9.0,AB
2313034,2,HS 101,3,10.0,AA
2313034,2,HS 111,2,9.0,AB
2313034,2,MA 102,4,8.0,BB
2313034,2,ME 101,4,5.0,CD
2313034,2,PH 101,4,7.0,BC
2313034,2,PH 111,2,8.0,BB
2313035,2,CE 101,3,8.0,BB
2313035,2,EE 101,4,5.0,CD
2313035,2,EE 111,2,9.0,AB
2313035,2,HS 101,3,9.0,AB
2313035,2,HS 111,2,9.0,AB
2313035,2,MA 102,4,8.0,BB
2313035,2,ME 101,4,6.0,CC
2313035,2,PH 101,4,7.0,BC
2313035,2,PH 111,2,9.0,AB
2313036,2,CE 101,3,7.0,BC
2313036,2,EE 101,4,7.0,BC
2313036,2,EE 111,2,10.0,AA
2313036,2,HS 101,3,10.0,AA
2313036,2,HS 111,2,9.0,AB
2313036,2,MA 102,4,9.0,AB
2313036,2,ME 101,4,6.0,CC
2313036,2,PH 101,4,8.0,BB
2313036,2,PH 111,2,10.0,AA
2313037,2,CE 101,3,8.0,BB
2313037,2,EE 101,4,7.0,BC
2313037,2,EE 111,2,10.0,AA
2313037,2,HS 101,3,10.0,AA
2313037,2,HS 111,2,8.0,BB
2313037,2,MA 102,4,8.0,BB
2313037,2,ME 101,4,5.0,CD
2313037,2,PH 101,4,8.0,BB
2313037,2,PH 111,2,8.0,BB
2313038,2,CE 101,3,7.0,BC
2313038,2,EE 101,4,5.0,CD
2313038,2,EE 111,2,9.0,AB
2313038,2,HS 101,3,9.0,AB
2313038,2,HS 111,2,8.0,BB
2313038,2,MA 102,4,8.0,BB
2313038,2,ME 101,4,6.0,CC
2313038,2,PH 101,4,8.0,BB
2313038,2,PH 111,2,9.0,AB
2313039,2,CE 101,3,7.0,BC
2313039,2,EE 101,4,4.0,DD
2313039,2,EE 111,2,10.0,AA
2313039,2,HS 101,3,10.0,AA
2313039,2,HS 111,2,9.0,AB
2313039,2,MA 102,4,7.0,BC
2313039,2,ME 101,4,6.0,CC
2313039,2,PH 101,4,7.0,BC
2313039,2,PH 111,2,8.0,BB
2313040,2,CE 101,3,7.0,BC
2313040,2,EE 101,4,6.0,CC
2313040,2,EE 111,2,10.0,AA
2313040,2,HS 101,3,9.0,AB
2313040,2,HS 111,2,8.0,BB
2313040,2,MA 102,4,8.0,BB
2313040,2,ME 101,4,6.0,CC
2313040,2,PH 101,4,7.0,BC
2313040,2,PH 111,2,9.0,AB
2313041,2,CE 101,3,7.0,BC
2313041,2,EE 101,4,7.0,BC
2313041,2,EE 111,2,9.0,AB
2313041,2,HS 101,3,10.0,AA
2313041,2,HS 111,2,9.0,AB
2313041,2,MA 102,4,8.0,BB
2313041,2,ME 101,4,7.0,BC
2313041,2,PH 101,4,10.0,AA
2313041,2,PH 111,2,10.0,AA
2313042,2,CE 101,3,7.0,BC
2313042,2,EE 101,4,8.0,BB
2313042,2,EE 111,2,9.0,AB
2313042,2,HS 101,3,10.0,AA
2313042,2,HS 111,2,9.0,AB
2313042,2,MA 102,4,10.0,AA
2313042,2,ME 101,4,6.0,CC
2313042,2,PH 101,4,10.0,AA
2313042,2,PH 111,2,10.0,AA
2313043,2,CE 101,3,6.0,CC
2313043,2,EE 101,4,4.0,DD
2313043,2,EE 111,2,8.0,BB
2313043,2,HS 101,3,9.0,AB
2313043,2,HS 111,2,9.0,AB
2313043,2,MA 102,4,7.0,BC
2313043,2,ME 101,4,0.0,F
2313043,2,PH 101,4,4.0,DD
2313043,2,PH 111,2,6.0,CC
2313044,2,CE 101,3,7.0,BC
2313044,2,EE 101,4,8.0,BB
2313044,2,EE 111,2,9.0,AB
2313044,2,HS 101,3,10.0,AA
2313044,2,HS 111,2,9.0,AB
2313044,2,MA 102,4,10.0,AA
2313044,2,ME 101,4,6.0,CC
2313044,2,PH 101,4,10.0,AA
2313044,2,PH 111,2,9.0,AB
2313045,2,CE 101,3,6.0,CC
2313045,2,EE 101,4,5.0,CD
2313045,2,EE 111,2,9.0,AB
2313045,2,HS 101,3,9.0,AB
2313045,2,HS 111,2,9.0,AB
2313045,2,MA 102,4,8.0,BB
2313045,2,ME 101,4,5.0,CD
2313045,2,PH 101,4,7.0,BC
2313045,2,PH 111,2,8.0,BB
2313046,2,CE 101,3,7.0,BC
2313046,2,EE 101,4,4.0,DD
2313046,2,EE 111,2,9.0,AB
2313046,2,HS 101,3,10.0,AA
2313046,2,HS 111,2,9.0,AB
2313046,2,MA 102,4,6.0,CC
2313046,2,ME 101,4,6.0,CC
2313046,2,PH 101,4,6.0,CC
2313046,2,PH 111,2,8.0,BB
2313047,2,CE 101,3,7.0,BC
2313047,2,EE 101,4,5.0,CD
2313047,2,EE 111,2,9.0,AB
2313047,2,HS 101,3,10.0,AA
2313047,2,HS 111,2,9.0,AB
2313047,2,MA 102,4,7.0,BC
2313047,2,ME 101,4,5.0,CD
2313047,2,PH 101,4,7.0,BC
2313047,2,PH 111,2,7.0,BC
2313048,2,CE 101,3,6.0,CC
2313048,2,EE 101,4,5.0,CD
2313048,2,EE 111,2,9.0,AB
2313048,2,HS 101,3,10.0,AA
2313048,2,HS 111,2,8.0,BB
2313048,2,MA 102,4,8.0,BB
2313048,2,ME 101,4,5.0,CD
2313048,2,PH 101,4,8.0,BB
2313048,2,PH 111,2,8.0,BB
2313049,2,CE 101,3,6.0,CC
2313049,2,EE 101,4,4.0,DD
2313049,2,EE 111,2,8.0,BB
2313049,2,HS 101,3,8.0,BB
2313049,2,HS 111,2,8.0,BB
2313049,2,MA 102,4,7.0,BC
2313049,2,ME 101,4,5.0,CD
2313049,2,PH 101,4,6.0,CC
2313049,2,PH 111,2,8.0,BB
2313050,2,CE 101,3,5.0,CD
2313050,2,EE 101,4,4.0,DD
2313050,2,EE 111,2,8.0,BB
2313050,2,HS 101,3,8.0,BB
2313050,2,HS 111,2,9.0,AB
2313050,2,MA 102,4,6.0,CC
2313050,2,ME 101,4,7.0,BC
2313050,2,PH 101,4,8.0,BB
2313050,2,PH 111,2,7.0,BC
2313051,2,CE 101,3,5.0,CD
2313051,2,EE 101,4,5.0,CD
2313051,2,EE 111,2,9.0,AB
2313051,2,HS 101,3,8.0,BB
2313051,2,HS 111,2,9.0,AB
2313051,2,MA 102,4,6.0,CC
2313051,2,ME 101,4,4.0,DD
2313051,2,PH 101,4,7.0,BC
2313051,2,PH 111,2,8.0,BB
2313052,2,CE 101,3,7.0,BC
2313052,2,EE 101,4,6.0,CC
2313052,2,EE 111,2,9.0,AB
2313052,2,HS 101,3,9.0,AB
2313052,2,HS 111,2,9.0,AB
2313052,2,MA 102,4,7.0,BC
2313052,2,ME 101,4,4.0,DD
2313052,2,PH 101,4,6.0,CC
2313052,2,PH 111,2,7.0,BC
2313053,2,CE 101,3,7.0,BC
2313053,2,EE 101,4,5.0,CD
2313053,2,EE 111,2,9.0,AB
2313053,2,HS 101,3,9.0,AB
2313053,2,HS 111,2,9.0,AB
2313053,2,MA 102,4,8.0,BB
2313053,2,ME 101,4,5.0,CD
2313053,2,PH 101,4,8.0,BB
2313053,2,PH 111,2,9.0,AB
2313054,2,CE 101,3,7.0,BC
2313054,2,EE 101,4,5.0,CD
2313054,2,EE 111,2,9.0,AB
2313054,2,HS 101,3,9.0,AB
2313054,2,HS 111,2,7.0,BC
2313054,2,MA 102,4,7.0,BC
2313054,2,ME 101,4,4.0,DD
2313054,2,PH 101,4,7.0,BC
2313054,2,PH 111,2,8.0,BB
2313055,2,CE 101,3,6.0,CC
2313055,2,EE 101,4,5.0,CD
2313055,2,EE 111,2,9.0,AB
2313055,2,HS 101,3,9.0,AB
2313055,2,HS 111,2,9.0,AB
2313055,2,MA 102,4,8.0,BB
2313055,2,ME 101,4,5.0,CD
2313055,2,PH 101,4,7.0,BC
2313055,2,PH 111,2,8.0,BB
2313056,2,CE 101,3,7.0,BC
2313056,2,EE 101,4,8.0,BB
2313056,2,EE 111,2,9.0,AB
2313056,2,HS 101,3,8.0,BB
2313056,2,HS 111,2,9.0,AB
2313056,2,MA 102,4,10.0,AA
2313056,2,ME 101,4,9.0,AB
2313056,2,PH 101,4,10.0,AA
2313056,2,PH 111,2,9.0,AB
2313057,2,CE 101,3,6.0,CC
2313057,2,EE 101,4,6.0,CC
2313057,2,EE 111,2,9.0,AB
2313057,2,HS 101,3,9.0,AB
2313057,2,HS 111,2,9.0,AB
2313057,2,MA 102,4,7.0,BC
2313057,2,ME 101,4,5.0,CD
2313057,2,PH 101,4,8.0,BB
2313057,2,PH 111,2,9.0,AB
2313058,2,CE 101,3,8.0,BB
2313058,2,EE 101,4,8.0,BB
2313058,2,EE 111,2,9.0,AB
2313058,2,HS 101,3,9.0,AB
2313058,2,HS 111,2,9.0,AB
2313058,2,MA 102,4,9.0,AB
2313058,2,ME 101,4,9.0,AB
2313058,2,PH 101,4,9.0,AB
2313058,2,PH 111,2,10.0,AA
2313059,2,CE 101,3,6.0,CC
2313059,2,EE 101,4,5.0,CD
2313059,2,EE 111,2,9.0,AB
2313059,2,HS 101,3,9.0,AB
2313059,2,HS 111,2,9.0,AB
2313059,2,MA 102,4,9.0,AB
2313059,2,ME 101,4,6.0,CC
2313059,2,PH 101,4,7.0,BC
2313059,2,PH 111,2,8.0,BB
2313060,2,CE 101,3,6.0,CC
2313060,2,EE 101,4,6.0,CC
2313060,2,EE 111,2,9.0,AB
2313060,2,HS 101,3,9.0,AB
2313060,2,HS 111,2,9.0,AB
2313060,2,MA 102,4,7.0,BC
2313060,2,ME 101,4,5.0,CD
2313060,2,PH 101,4,6.0,CC
2313060,2,PH 111,2,8.0,BB
2313061,2,CE 101,3,6.0,CC
2313061,2,EE 101,4,4.0,DD
2313061,2,EE 111,2,9.0,AB
2313061,2,HS 101,3,10.0,AA
2313061,2,HS 111,2,9.0,AB
2313061,2,MA 102,4,7.0,BC
2313061,2,ME 101,4,0.0,F
2313061,2,PH 101,4,5.0,CD
2313061,2,PH 111,2,9.0,AB
2313062,2,CE 101,3,6.0,CC
2313062,2,EE 101,4,5.0,CD
2313062,2,EE 111,2,9.0,AB
2313062,2,HS 101,3,9.0,AB
2313062,2,HS 111,2,9.0,AB
2313062,2,MA 102,4,8.0,BB
2313062,2,ME 101,4,6.0,CC
2313062,2,PH 101,4,8.0,BB
2313062,2,PH 111,2,9.0,AB
2313063,2,CE 101,3,7.0,BC
2313063,2,EE 101,4,6.0,CC
2313063,2,EE 111,2,9.0,AB
2313063,2,HS 101,3,8.0,BB
2313063,2,HS 111,2,9.0,AB
2313063,2,MA 102,4,9.0,AB
2313063,2,ME 101,4,5.0,CD
2313063,2,PH 101,4,8.0,BB
2313063,2,PH 111,2,8.0,BB
2313064,2,CE 101,3,8.0,BB
2313064,2,EE 101,4,7.0,BC
2313064,2,EE 111,2,8.0,BB
2313064,2,HS 101,3,9.0,AB
2313064,2,HS 111,2,9.0,AB
2313064,2,MA 102,4,9.0,AB
2313064,2,ME 101,4,7.0,BC
2313064,2,PH 101,4,9.0,AB
2313064,2,PH 111,2,8.0,BB
2313065,2,CE 101,3,8.0,BB
2313065,2,EE 101,4,7.0,BC
2313065,2,EE 111,2,9.0,AB
2313065,2,HS 101,3,10.0,AA
2313065,2,HS 111,2,9.0,AB
2313065,2,MA 102,4,9.0,AB
2313065,2,ME 101,4,7.0,BC
2313065,2,PH 101,4,8.0,BB
2313065,2,PH 111,2,9.0,AB
2313066,2,CE 101,3,6.0,CC
2313066,2,EE 101,4,6.0,CC
2313066,2,EE 111,2,9.0,AB
2313066,2,HS 101,3,9.0,AB
2313066,2,HS 111,2,7.0,BC
2313066,2,MA 102,4,9.0,AB
2313066,2,ME 101,4,8.0,BB
2313066,2,PH 101,4,8.0,BB
2313066,2,PH 111,2,8.0,BB
2313067,2,CE 101,3,7.0,BC
2313067,2,EE 101,4,7.0,BC
2313067,2,EE 111,2,10.0,AA
2313067,2,HS 101,3,9.0,AB
2313067,2,HS 111,2,8.0,BB
2313067,2,MA 102,4,8.0,BB
2313067,2,ME 101,4,7.0,BC
2313067,2,PH 101,4,10.0,AA
2313067,2,PH 111,2,9.0,AB
2313068,2,CE 101,3,6.0,CC
2313068,2,EE 101,4,4.0,DD
2313068,2,EE 111,2,9.0,AB
2313068,2,HS 101,3,8.0,BB
2313068,2,HS 111,2,8.0,BB
2313068,2,MA 102,4,6.0,CC
2313068,2,ME 101,4,6.0,CC
2313068,2,PH 101,4,7.0,BC
2313068,2,PH 111,2,7.0,BC
2313069,2,CE 101,3,7.0,BC
2313069,2,EE 101,4,6.0,CC
2313069,2,EE 111,2,9.0,AB
2313069,2,HS 101,3,10.0,AA
2313069,2,HS 111,2,9.0,AB
2313069,2,MA 102,4,7.0,BC
2313069,2,ME 101,4,6.0,CC
2313069,2,PH 101,4,7.0,BC
2313069,2,PH 111,2,9.0,AB
2313070,2,CE 101,3,8.0,BB
2313070,2,EE 101,4,7.0,BC
2313070,2,EE 111,2,9.0,AB
2313070,2,HS 101,3,9.0,AB
2313070,2,HS 111,2,9.0,AB
2313070,2,MA 102,4,10.0,AA
2313070,2,ME 101,4,7.0,BC
2313070,2,PH 101,4,10.0,AA
2313070,2,PH 111,2,10.0,AA
2313071,2,CE 101,3,6.0,CC
2313071,2,EE 101,4,4.0,DD
2313071,2,EE 111,2,9.0,AB
2313071,2,HS 101,3,9.0,AB
2313071,2,HS 111,2,8.0,BB
2313071,2,MA 102,4,7.0,BC
2313071,2,ME 101,4,6.0,CC
2313071,2,PH 101,4,7.0,BC
2313071,2,PH 111,2,8.0,BB
2313072,2,CE 101,3,6.0,CC
2313072,2,EE 101,4,6.0,CC
2313072,2,EE 111,2,9.0,AB
2313072,2,HS 101,3,9.0,AB
2313072,2,HS 111,2,7.0,BC
2313072,2,MA 102,4,7.0,BC
2313072,2,ME 101,4,5.0,CD
2313072,2,PH 101,4,8.0,BB
2313072,2,PH 111,2,9.0,AB
2313073,2,CE 101,3,8.0,BB
2313073,2,EE 101,4,7.0,BC
2313073,2,EE 111,2,9.0,AB
2313073,2,HS 101,3,9.0,AB
2313073,2,HS 111,2,5.0,CD
2313073,2,MA 102,4,9.0,AB
2313073,2,ME 101,4,7.0,BC
2313073,2,PH 101,4,10.0,AA
2313073,2,PH 111,2,9.0,AB
2313074,2,CE 101,3,7.0,BC
2313074,2,EE 101,4,6.0,CC
2313074,2,EE 111,2,9.0,AB
2313074,2,HS 101,3,9.0,AB
2313074,2,HS 111,2,8.0,BB
2313074,2,MA 102,4,9.0,AB
2313074,2,ME 101,4,8.0,BB
2313074,2,PH 101,4,7.0,BC
2313074,2,PH 111,2,9.0,AB
2313075,2,CE 101,3,7.0,BC
2313075,2,EE 101,4,6.0,CC
2313075,2,EE 111,2,9.0,AB
2313075,2,HS 101,3,9.0,AB
2313075,2,HS 111,2,8.0,BB
2313075,2,MA 102,4,8.0,BB
2313075,2,ME 101,4,7.0,BC
2313075,2,PH 101,4,9.0,AB
2313075,2,PH 111,2,9.0,AB
2313076,2,CE 101,3,8.0,BB
2313076,2,EE 101,4,5.0,CD
2313076,2,EE 111,2,9.0,AB
2313076,2,HS 101,3,9.0,AB
2313076,2,HS 111,2,9.0,AB
2313076,2,MA 102,4,7.0,BC
2313076,2,ME 101,4,6.0,CC
2313076,2,PH 101,4,8.0,BB
2313076,2,PH 111,2,9.0,AB
2313077,2,CE 101,3,5.0,CD
2313077,2,EE 101,4,0.0,F
2313077,2,EE 111,2,8.0,BB
2313077,2,HS 101,3,8.0,BB
2313077,2,HS 111,2,5.0,CD
2313077,2,MA 102,4,6.0,CC
2313077,2,ME 101,4,4.0,DD
2313077,2,PH 101,4,4.0,DD
2313077,2,PH 111,2,5.0,CD
2313078,2,CE 101,3,7.0,BC
2313078,2,EE 101,4,7.0,BC
2313078,2,EE 111,2,9.0,AB
2313078,2,HS 101,3,10.0,AA
2313078,2,HS 111,2,9.0,AB
2313078,2,MA 102,4,8.0,BB
2313078,2,ME 101,4,6.0,CC
2313078,2,PH 101,4,9.0,AB
2313078,2,PH 111,2,9.0,AB
2313079,2,CE 101,3,7.0,BC
2313079,2,EE 101,4,8.0,BB
2313079,2,EE 111,2,9.0,AB
2313079,2,HS 101,3,9.0,AB
2313079,2,HS 111,2,9.0,AB
2313079,2,MA 102,4,8.0,BB
2313079,2,ME 101,4,7.0,BC
2313079,2,PH 101,4,9.0,AB
2313079,2,PH 111,2,8.0,BB
2313080,2,CE 101,3,8.0,BB
2313080,2,EE 101,4,6.0,CC
2313080,2,EE 111,2,9.0,AB
2313080,2,HS 101,3,10.0,AA
2313080,2,HS 111,2,9.0,AB
2313080,2,MA 102,4,8.0,BB
2313080,2,ME 101,4,5.0,CD
2313080,2,PH 101,4,8.0,BB
2313080,2,PH 111,2,9.0,AB
2313081,2,CE 101,3,5.0,CD
2313081,2,EE 101,4,4.0,DD
2313081,2,EE 111,2,9.0,AB
2313081,2,HS 101,3,8.0,BB
2313081,2,HS 111,2,7.0,BC
2313081,2,MA 102,4,4.0,DD
2313081,2,ME 101,4,0.0,F
2313081,2,PH 101,4,5.0,CD
2313081,2,PH 111,2,4.0,DD
2313082,2,CE 101,3,7.0,BC
2313082,2,EE 101,4,4.0,DD
2313082,2,EE 111,2,9.0,AB
2313082,2,HS 101,3,9.0,AB
2313082,2,HS 111,2,9.0,AB
2313082,2,MA 102,4,7.0,BC
2313082,2,ME 101,4,4.0,DD
2313082,2,PH 101,4,5.0,CD
2313082,2,PH 111,2,8.0,BB
2313083,2,CE 101,3,8.0,BB
2313083,2,EE 101,4,6.0,CC
2313083,2,EE 111,2,9.0,AB
2313083,2,HS 101,3,10.0,AA
2313083,2,HS 111,2,8.0,BB
2313083,2,MA 102,4,9.0,AB
2313083,2,ME 101,4,6.0,CC
2313083,2,PH 101,4,9.0,AB
2313083,2,PH 111,2,9.0,AB
2313084,2,CE 101,3,5.0,CD
2313084,2,EE 101,4,0.0,F
2313084,2,EE 111,2,9.0,AB
2313084,2,HS 101,3,8.0,BB
2313084,2,HS 111,2,7.0,BC
2313084,2,MA 102,4,6.0,CC
2313084,2,ME 101,4,0.0,F
2313084,2,PH 101,4,4.0,DD
2313084,2,PH 111,2,6.0,CC
2313085,2,CE 101,3,5.0,CD
2313085,2,EE 101,4,4.0,DD
2313085,2,EE 111,2,9.0,AB
2313085,2,HS 101,3,8.0,BB
2313085,2,HS 111,2,9.0,AB
2313085,2,MA 102,4,8.0,BB
2313085,2,ME 101,4,4.0,DD
2313085,2,PH 101,4,6.0,CC
2313085,2,PH 111,2,8.0,BB
2313086,2,CE 101,3,8.0,BB
2313086,2,EE 101,4,8.0,BB
2313086,2,EE 111,2,9.0,AB
2313086,2,HS 101,3,7.0,BC
2313086,2,HS 111,2,9.0,AB
2313086,2,MA 102,4,9.0,AB
2313086,2,ME 101,4,5.0,CD
2313086,2,PH 101,4,8.0,BB
2313086,2,PH 111,2,8.0,BB
2313087,2,CE 101,3,9.0,AB
2313087,2,EE 101,4,7.0,BC
2313087,2,EE 111,2,10.0,AA
2313087,2,HS 101,3,8.0,BB
2313087,2,HS 111,2,9.0,AB
2313087,2,MA 102,4,9.0,AB
2313087,2,ME 101,4,9.0,AB
2313087,2,PH 101,4,9.0,AB
2313087,2,PH 111,2,9.0,AB
2313089,2,CE 101,3,9.0,AB
2313089,2,EE 101,4,6.0,CC
2313089,2,EE 111,2,9.0,AB
2313089,2,HS 101,3,7.0,BC
2313089,2,HS 111,2,9.0,AB
2313089,2,MA 102,4,8.0,BB
2313089,2,ME 101,4,5.0,CD
2313089,2,PH 101,4,6.0,CC
2313089,2,PH 111,2,10.0,AA
2313090,2,CE 101,3,9.0,AB
2313090,2,EE 101,4,8.0,BB
2313090,2,EE 111,2,9.0,AB
2313090,2,HS 101,3,9.0,AB
2313090,2,HS 111,2,9.0,AB
2313090,2,MA 102,4,9.0,AB
2313090,2,ME 101,4,7.0,BC
2313090,2,PH 101,4,10.0,AA
2313090,2,PH 111,2,9.0,AB
2313091,2,CE 101,3,8.0,BB
2313091,2,EE 101,4,5.0,CD
2313091,2,EE 111,2,10.0,AA
2313091,2,HS 101,3,9.0,AB
2313091,2,HS 111,2,9.0,AB
2313091,2,MA 102,4,6.0,CC
2313091,2,ME 101,4,4.0,DD
2313091,2,PH 101,4,8.0,BB
2313091,2,PH 111,2,8.0,BB
2313092,2,CE 101,3,8.0,BB
2313092,2,EE 101,4,6.0,CC
2313092,2,EE 111,2,9.0,AB
2313092,2,HS 101,3,8.0,BB
2313092,2,HS 111,2,8.0,BB
2313092,2,MA 102,4,7.0,BC
2313092,2,ME 101,4,4.0,DD
2313092,2,PH 101,4,5.0,CD
2313092,2,PH 111,2,7.0,BC
2313093,2,CE 101,3,8.0,BB
2313093,2,EE 101,4,6.0,CC
2313093,2,EE 111,2,8.0,BB
2313093,2,HS 101,3,8.0,BB
2313093,2,HS 111,2,9.0,AB
2313093,2,MA 102,4,8.0,BB
2313093,2,ME 101,4,5.0,CD
2313093,2,PH 101,4,4.0,DD
2313093,2,PH 111,2,5.0,CD
2313094,2,CE 101,3,8.0,BB
2313094,2,EE 101,4,6.0,CC
2313094,2,EE 111,2,9.0,AB
2313094,2,HS 101,3,7.0,BC
2313094,2,HS 111,2,8.0,BB
2313094,2,MA 102,4,6.0,CC
2313094,2,ME 101,4,4.0,DD
2313094,2,PH 101,4,4.0,DD
2313094,2,PH 111,2,4.0,DD
2313095,2,CE 101,3,8.0,BB
2313095,2,EE 101,4,7.0,BC
2313095,2,EE 111,2,9.0,AB
2313095,2,HS 101,3,8.0,BB
2313095,2,HS 111,2,8.0,BB
2313095,2,MA 102,4,9.0,AB
2313095,2,ME 101,4,6.0,CC
2313095,2,PH 101,4,6.0,CC
2313095,2,PH 111,2,9.0,AB
2313096,2,CE 101,3,8.0,BB
2313096,2,EE 101,4,6.0,CC
2313096,2,EE 111,2,9.0,AB
2313096,2,HS 101,3,8.0,BB
2313096,2,HS 111,2,8.0,BB
2313096,2,MA 102,4,7.0,BC
2313096,2,ME 101,4,4.0,DD
2313096,2,PH 101,4,7.0,BC
2313096,2,PH 111,2,9.0,AB
2313097,2,CE 101,3,8.0,BB
2313097,2,EE 101,4,6.0,CC
2313097,2,EE 111,2,10.0,AA
2313097,2,HS 101,3,9.0,AB
2313097,2,HS 111,2,8.0,BB
2313097,2,MA 102,4,6.0,CC
2313097,2,ME 101,4,5.0,CD
2313097,2,PH 101,4,6.0,CC
2313097,2,PH 111,2,8.0,BB
2313098,2,CE 101,3,9.0,AB
2313098,2,EE 101,4,9.0,AB
2313098,2,EE 111,2,9.0,AB
2313098,2,HS 101,3,9.0,AB
2313098,2,HS 111,2,8.0,BB
2313098,2,MA 102,4,9.0,AB
2313098,2,ME 101,4,6.0,CC
2313098,2,PH 101,4,8.0,BB
2313098,2,PH 111,2,9.0,AB
2313099,2,CE 101,3,10.0,AA
2313099,2,EE 101,4,8.0,BB
2313099,2,EE 111,2,10.0,AA
2313099,2,HS 101,3,8.0,BB
2313099,2,HS 111,2,8.0,BB
2313099,2,MA 102,4,9.0,AB
2313099,2,ME 101,4,6.0,CC
2313099,2,PH 101,4,8.0,BB
2313099,2,PH 111,2,7.0,BC
2313100,2,CE 101,3,9.0,AB
2313100,2,EE 101,4,8.0,BB
2313100,2,EE 111,2,9.0,AB
2313100,2,HS 101,3,9.0,AB
2313100,2,HS 111,2,8.0,BB
2313100,2,MA 102,4,8.0,BB
2313100,2,ME 101,4,6.0,CC
2313100,2,PH 101,4,8.0,BB
2313100,2,PH 111,2,7.0,BC
2313101,2,CE 101,3,9.0,AB
2313101,2,EE 101,4,5.0,CD
2313101,2,EE 111,2,9.0,AB
2313101,2,HS 101,3,7.0,BC
2313101,2,HS 111,2,6.0,CC
2313101,2,MA 102,4,5.0,CD
2313101,2,ME 101,4,4.0,DD
2313101,2,PH 101,4,4.0,DD
2313101,2,PH 111,2,7.0,BC
2313102,2,CE 101,3,8.0,BB
2313102,2,EE 101,4,8.0,BB
2313102,2,EE 111,2,9.0,AB
2313102,2,HS 101,3,8.0,BB
2313102,2,HS 111,2,7.0,BC
2313102,2,MA 102,4,8.0,BB
2313102,2,ME 101,4,5.0,CD
2313102,2,PH 101,4,6.0,CC
2313102,2,PH 111,2,7.0,BC
2313103,2,CE 101,3,9.0,AB
2313103,2,EE 101,4,6.0,CC
2313103,2,EE 111,2,10.0,AA
2313103,2,HS 101,3,9.0,AB
2313103,2,HS 111,2,7.0,BC
2313103,2,MA 102,4,8.0,BB
2313103,2,ME 101,4,7.0,BC
2313103,2,PH 101,4,6.0,CC
2313103,2,PH 111,2,9.0,AB
2313104,2,CE 101,3,8.0,BB
2313104,2,EE 101,4,7.0,BC
2313104,2,EE 111,2,9.0,AB
2313104,2,HS 101,3,7.0,BC
2313104,2,HS 111,2,7.0,BC
2313104,2,MA 102,4,5.0,CD
2313104,2,ME 101,4,0.0,F
2313104,2,PH 101,4,5.0,CD
2313104,2,PH 111,2,5.0,CD
2313105,2,CE 101,3,8.0,BB
2313105,2,EE 101,4,5.0,CD
2313105,2,EE 111,2,8.0,BB
2313105,2,HS 101,3,7.0,BC
2313105,2,HS 111,2,7.0,BC
2313105,2,MA 102,4,6.0,CC
2313105,2,ME 101,4,4.0,DD
2313105,2,PH 101,4,5.0,CD
2313105,2,PH 111,2,8.0,BB
2313106,2,CE 101,3,8.0,BB
2313106,2,EE 101,4,8.0,BB
2313106,2,EE 111,2,9.0,AB
2313106,2,HS 101,3,7.0,BC
2313106,2,HS 111,2,7.0,BC
2313106,2,MA 102,4,9.0,AB
2313106,2,ME 101,4,6.0,CC
2313106,2,PH 101,4,6.0,CC
2313106,2,PH 111,2,9.0,AB
2313107,2,CE 101,3,9.0,AB
2313107,2,EE 101,4,6.0,CC
2313107,2,EE 111,2,8.0,BB
2313107,2,HS 101,3,8.0,BB
2313107,2,HS 111,2,7.0,BC
2313107,2,MA 102,4,7.0,BC
2313107,2,ME 101,4,5.0,CD
2313107,2,PH 101,4,4.0,DD
2313107,2,PH 111,2,8.0,BB
2313108,2,CE 101,3,10.0,AA
2313108,2,EE 101,4,9.0,AB
2313108,2,EE 111,2,9.0,AB
2313108,2,HS 101,3,8.0,BB
2313108,2,HS 111,2,9.0,AB
2313108,2,MA 102,4,9.0,AB
2313108,2,ME 101,4,6.0,CC
2313108,2,PH 101,4,9.0,AB
2313108,2,PH 111,2,10.0,AA
2313109,2,CE 101,3,10.0,AA
2313109,2,EE 101,4,8.0,BB
2313109,2,EE 111,2,9.0,AB
2313109,2,HS 101,3,7.0,BC
2313109,2,HS 111,2,9.0,AB
2313109,2,MA 102,4,8.0,BB
2313109,2,ME 101,4,6.0,CC
2313109,2,PH 101,4,8.0,BB
2313109,2,PH 111,2,9.0,AB
2313110,2,CE 101,3,7.0,BC
2313110,2,EE 101,4,8.0,BB
2313110,2,EE 111,2,9.0,AB
2313110,2,HS 101,3,7.0,BC
2313110,2,HS 111,2,8.0,BB
2313110,2,MA 102,4,8.0,BB
2313110,2,ME 101,4,6.0,CC
2313110,2,PH 101,4,7.0,BC
2313110,2,PH 111,2,6.0,CC
2313111,2,CE 101,3,7.0,BC
2313111,2,EE 101,4,7.0,BC
2313111,2,EE 111,2,8.0,BB
2313111,2,HS 101,3,7.0,BC
2313111,2,HS 111,2,8.0,BB
2313111,2,MA 102,4,7.0,BC
2313111,2,ME 101,4,4.0,DD
2313111,2,PH 101,4,6.0,CC
2313111,2,PH 111,2,7.0,BC
2313112,2,CE 101,3,0.0,I
2313112,2,EE 101,4,0.0,I
2313112,2,EE 111,2,9.0,AB
2313112,2,HS 101,3,0.0,F
2313112,2,HS 111,2,8.0,BB
2313112,2,MA 102,4,0.0,F
2313112,2,ME 101,4,0.0,I
2313112,2,PH 101,4,0.0,I
2313112,2,PH 111,2,7.0,BC
2313113,2,CE 101,3,8.0,BB
2313113,2,EE 101,4,8.0,BB
2313113,2,EE 111,2,9.0,AB
2313113,2,HS 101,3,10.0,AA
2313113,2,HS 111,2,8.0,BB
2313113,2,MA 102,4,10.0,AA
2313113,2,ME 101,4,8.0,BB
2313113,2,PH 101,4,10.0,AA
2313113,2,PH 111,2,8.0,BB
2313114,2,CE 101,3,6.0,CC
2313114,2,EE 101,4,5.0,CD
2313114,2,EE 111,2,9.0,AB
2313114,2,HS 101,3,7.0,BC
2313114,2,HS 111,2,8.0,BB
2313114,2,MA 102,4,5.0,CD
2313114,2,ME 101,4,4.0,DD
2313114,2,PH 101,4,4.0,DD
2313114,2,PH 111,2,8.0,BB
2313115,2,CE 101,3,9.0,AB
2313115,2,EE 101,4,8.0,BB
2313115,2,EE 111,2,9.0,AB
2313115,2,HS 101,3,7.0,BC
2313115,2,HS 111,2,7.0,BC
2313115,2,MA 102,4,8.0,BB
2313115,2,ME 101,4,8.0,BB
2313115,2,PH 101,4,8.0,BB
2313115,2,PH 111,2,9.0,AB
2313116,2,CE 101,3,9.0,AB
2313116,2,EE 101,4,7.0,BC
2313116,2,EE 111,2,9.0,AB
2313116,2,HS 101,3,8.0,BB
2313116,2,HS 111,2,6.0,CC
2313116,2,MA 102,4,9.0,AB
2313116,2,ME 101,4,5.0,CD
2313116,2,PH 101,4,8.0,BB
2313116,2,PH 111,2,10.0,AA
2313117,2,CE 101,3,9.0,AB
2313117,2,EE 101,4,9.0,AB
2313117,2,EE 111,2,9.0,AB
2313117,2,HS 101,3,10.0,AA
2313117,2,HS 111,2,7.0,BC
2313117,2,MA 102,4,9.0,AB
2313117,2,ME 101,4,9.0,AB
2313117,2,PH 101,4,8.0,BB
2313117,2,PH 111,2,8.0,BB
2313118,2,CE 101,3,8.0,BB
2313118,2,EE 101,4,8.0,BB
2313118,2,EE 111,2,9.0,AB
2313118,2,HS 101,3,9.0,AB
2313118,2,HS 111,2,6.0,CC
2313118,2,MA 102,4,9.0,AB
2313118,2,ME 101,4,7.0,BC
2313118,2,PH 101,4,9.0,AB
2313118,2,PH 111,2,9.0,AB
2313119,2,CE 101,3,9.0,AB
2313119,2,EE 101,4,8.0,BB
2313119,2,EE 111,2,10.0,AA
2313119,2,HS 101,3,10.0,AA
2313119,2,HS 111,2,7.0,BC
2313119,2,MA 102,4,9.0,AB
2313119,2,ME 101,4,7.0,BC
2313119,2,PH 101,4,10.0,AA
2313119,2,PH 111,2,8.0,BB
2313120,2,CE 101,3,9.0,AB
2313120,2,EE 101,4,8.0,BB
2313120,2,EE 111,2,10.0,AA
2313120,2,HS 101,3,8.0,BB
2313120,2,HS 111,2,7.0,BC
2313120,2,MA 102,4,8.0,BB
2313120,2,ME 101,4,7.0,BC
2313120,2,PH 101,4,5.0,CD
2313120,2,PH 111,2,9.0,AB
2313121,2,CE 101,3,8.0,BB
2313121,2,EE 101,4,8.0,BB
2313121,2,EE 111,2,10.0,AA
2313121,2,HS 101,3,9.0,AB
2313121,2,HS 111,2,7.0,BC
2313121,2,MA 102,4,9.0,AB
2313121,2,ME 101,4,6.0,CC
2313121,2,PH 101,4,9.0,AB
2313121,2,PH 111,2,7.0,BC
2313122,2,CE 101,3,7.0,BC
2313122,2,EE 101,4,6.0,CC
2313122,2,EE 111,2,9.0,AB
2313122,2,HS 101,3,6.0,CC
2313122,2,HS 111,2,6.0,CC
2313122,2,MA 102,4,5.0,CD
2313122,2,ME 101,4,0.0,F
2313122,2,PH 101,4,4.0,DD
2313122,2,PH 111,2,4.0,DD
2313123,2,CE 101,3,8.0,BB
2313123,2,EE 101,4,6.0,CC
2313123,2,EE 111,2,9.0,AB
2313123,2,HS 101,3,5.0,CD
2313123,2,HS 111,2,6.0,CC
2313123,2,MA 102,4,8.0,BB
2313123,2,ME 101,4,4.0,DD
2313123,2,PH 101,4,5.0,CD
2313123,2,PH 111,2,7.0,BC
2313124,2,CE 101,3,9.0,AB
2313124,2,EE 101,4,8.0,BB
2313124,2,EE 111,2,9.0,AB
2313124,2,HS 101,3,8.0,BB
2313124,2,HS 111,2,7.0,BC
2313124,2,MA 102,4,8.0,BB
2313124,2,ME 101,4,5.0,CD
2313124,2,PH 101,4,8.0,BB
2313124,2,PH 111,2,8.0,BB
2313125,2,CE 101,3,6.0,CC
2313125,2,EE 101,4,6.0,CC
2313125,2,EE 111,2,9.0,AB
2313125,2,HS 101,3,6.0,CC
2313125,2,HS 111,2,7.0,BC
2313125,2,MA 102,4,7.0,BC
2313125,2,ME 101,4,6.0,CC
2313125,2,PH 101,4,4.0,DD
2313125,2,PH 111,2,4.0,DD
2313126,2,CE 101,3,9.0,AB
2313126,2,EE 101,4,8.0,BB
2313126,2,EE 111,2,9.0,AB
2313126,2,HS 101,3,9.0,AB
2313126,2,HS 111,2,7.0,BC
2313126,2,MA 102,4,7.0,BC
2313126,2,ME 101,4,5.0,CD
2313126,2,PH 101,4,7.0,BC
2313126,2,PH 111,2,8.0,BB
2313127,2,CE 101,3,8.0,BB
2313127,2,EE 101,4,4.0,DD
2313127,2,EE 111,2,8.0,BB
2313127,2,HS 101,3,6.0,CC
2313127,2,HS 111,2,6.0,CC
2313127,2,MA 102,4,7.0,BC
2313127,2,ME 101,4,0.0,F
2313127,2,PH 101,4,0.0,F
2313127,2,PH 111,2,5.0,CD
2313128,2,CE 101,3,7.0,BC
2313128,2,EE 101,4,7.0,BC
2313128,2,EE 111,2,9.0,AB
2313128,2,HS 101,3,7.0,BC
2313128,2,HS 111,2,7.0,BC
2313128,2,MA 102,4,6.0,CC
2313128,2,ME 101,4,5.0,CD
2313128,2,PH 101,4,6.0,CC
2313128,2,PH 111,2,8.0,BB
2313129,2,CE 101,3,6.0,CC
2313129,2,EE 101,4,6.0,CC
2313129,2,EE 111,2,9.0,AB
2313129,2,HS 101,3,7.0,BC
2313129,2,HS 111,2,8.0,BB
2313129,2,MA 102,4,7.0,BC
2313129,2,ME 101,4,5.0,CD
2313129,2,PH 101,4,7.0,BC
2313129,2,PH 111,2,6.0,CC
2313130,2,CE 101,3,8.0,BB
2313130,2,EE 101,4,5.0,CD
2313130,2,EE 111,2,9.0,AB
2313130,2,HS 101,3,8.0,BB
2313130,2,HS 111,2,8.0,BB
2313130,2,MA 102,4,7.0,BC
2313130,2,ME 101,4,4.0,DD
2313130,2,PH 101,4,7.0,BC
2313130,2,PH 111,2,8.0,BB
2313132,2,CE 101,3,7.0,BC
2313132,2,EE 101,4,6.0,CC
2313132,2,EE 111,2,9.0,AB
2313132,2,HS 101,3,7.0,BC
2313132,2,HS 111,2,7.0,BC
2313132,2,MA 102,4,5.0,CD
2313132,2,ME 101,4,0.0,F
2313132,2,PH 101,4,4.0,DD
2313132,2,PH 111,2,7.0,BC
2313133,2,CE 101,3,7.0,BC
2313133,2,EE 101,4,7.0,BC
2313133,2,EE 111,2,8.0,BB
2313133,2,HS 101,3,7.0,BC
2313133,2,HS 111,2,8.0,BB
2313133,2,MA 102,4,7.0,BC
2313133,2,ME 101,4,4.0,DD
2313133,2,PH 101,4,5.0,CD
2313133,2,PH 111,2,7.0,BC
2313134,2,CE 101,3,7.0,BC
2313134,2,EE 101,4,5.0,CD
2313134,2,EE 111,2,7.0,BC
2313134,2,HS 101,3,6.0,CC
2313134,2,HS 111,2,8.0,BB
2313134,2,MA 102,4,6.0,CC
2313134,2,ME 101,4,4.0,DD
2313134,2,PH 101,4,0.0,F
2313134,2,PH 111,2,0.0,F
2313135,2,CE 101,3,6.0,CC
2313135,2,EE 101,4,6.0,CC
2313135,2,EE 111,2,9.0,AB
2313135,2,HS 101,3,7.0,BC
2313135,2,HS 111,2,7.0,BC
2313135,2,MA 102,4,5.0,CD
2313135,2,ME 101,4,0.0,F
2313135,2,PH 101,4,4.0,DD
2313135,2,PH 111,2,4.0,DD
2313136,2,CE 101,3,7.0,BC
2313136,2,EE 101,4,7.0,BC
2313136,2,EE 111,2,9.0,AB
2313136,2,HS 101,3,9.0,AB
2313136,2,HS 111,2,8.0,BB
2313136,2,MA 102,4,6.0,CC
2313136,2,ME 101,4,4.0,DD
2313136,2,PH 101,4,4.0,DD
2313136,2,PH 111,2,7.0,BC
2313137,2,CE 101,3,6.0,CC
2313137,2,EE 101,4,5.0,CD
2313137,2,EE 111,2,8.0,BB
2313137,2,HS 101,3,5.0,CD
2313137,2,HS 111,2,7.0,BC
2313137,2,MA 102,4,7.0,BC
2313137,2,ME 101,4,6.0,CC
2313137,2,PH 101,4,4.0,DD
2313137,2,PH 111,2,7.0,BC
2313138,2,CE 101,3,9.0,AB
2313138,2,EE 101,4,8.0,BB
2313138,2,EE 111,2,10.0,AA
2313138,2,HS 101,3,10.0,AA
2313138,2,HS 111,2,8.0,BB
2313138,2,MA 102,4,9.0,AB
2313138,2,ME 101,4,7.0,BC
2313138,2,PH 101,4,9.0,AB
2313138,2,PH 111,2,9.0,AB
2313139,2,CE 101,3,9.0,AB
2313139,2,EE 101,4,7.0,BC
2313139,2,EE 111,2,9.0,AB
2313139,2,HS 101,3,7.0,BC
2313139,2,HS 111,2,8.0,BB
2313139,2,MA 102,4,9.0,AB
2313139,2,ME 101,4,7.0,BC
2313139,2,PH 101,4,5.0,CD
2313139,2,PH 111,2,8.0,BB
2313140,2,CE 101,3,8.0,BB
2313140,2,EE 101,4,7.0,BC
2313140,2,EE 111,2,9.0,AB
2313140,2,HS 101,3,9.0,AB
2313140,2,HS 111,2,8.0,BB
2313140,2,MA 102,4,6.0,CC
2313140,2,ME 101,4,5.0,CD
2313140,2,PH 101,4,5.0,CD
2313140,2,PH 111,2,7.0,BC
2313141,2,CE 101,3,9.0,AB
2313141,2,EE 101,4,7.0,BC
2313141,2,EE 111,2,9.0,AB
2313141,2,HS 101,3,8.0,BB
2313141,2,HS 111,2,6.0,CC
2313141,2,MA 102,4,9.0,AB
2313141,2,ME 101,4,7.0,BC
2313141,2,PH 101,4,8.0,BB
2313141,2,PH 111,2,9.0,AB
2313142,2,CE 101,3,8.0,BB
2313142,2,EE 101,4,8.0,BB
2313142,2,EE 111,2,10.0,AA
2313142,2,HS 101,3,9.0,AB
2313142,2,HS 111,2,7.0,BC
2313142,2,MA 102,4,9.0,AB
2313142,2,ME 101,4,6.0,CC
2313142,2,PH 101,4,8.0,BB
2313142,2,PH 111,2,8.0,BB
2313143,2,CE 101,3,8.0,BB
2313143,2,EE 101,4,8.0,BB
2313143,2,EE 111,2,10.0,AA
2313143,2,HS 101,3,9.0,AB
2313143,2,HS 111,2,7.0,BC
2313143,2,MA 102,4,9.0,AB
2313143,2,ME 101,4,7.0,BC
2313143,2,PH 101,4,8.0,BB
2313143,2,PH 111,2,8.0,BB
2313144,2,CE 101,3,7.0,BC
2313144,2,EE 101,4,6.0,CC
2313144,2,EE 111,2,9.0,AB
2313144,2,HS 101,3,10.0,AA
2313144,2,HS 111,2,8.0,BB
2313144,2,MA 102,4,9.0,AB
2313144,2,ME 101,4,5.0,CD
2313144,2,PH 101,4,6.0,CC
2313144,2,PH 111,2,10.0,AA
2313145,2,CE 101,3,9.0,AB
2313145,2,EE 101,4,7.0,BC
2313145,2,EE 111,2,9.0,AB
2313145,2,HS 101,3,9.0,AB
2313145,2,HS 111,2,7.0,BC
2313145,2,MA 102,4,9.0,AB
2313145,2,ME 101,4,8.0,BB
2313145,2,PH 101,4,8.0,BB
2313145,2,PH 111,2,8.0,BB
2313146,2,CE 101,3,8.0,BB
2313146,2,EE 101,4,7.0,BC
2313146,2,EE 111,2,7.0,BC
2313146,2,HS 101,3,9.0,AB
2313146,2,HS 111,2,8.0,BB
2313146,2,MA 102,4,8.0,BB
2313146,2,ME 101,4,5.0,CD
2313146,2,PH 101,4,5.0,CD
2313146,2,PH 111,2,8.0,BB
2313147,2,CE 101,3,9.0,AB
2313147,2,EE 101,4,9.0,AB
2313147,2,EE 111,2,10.0,AA
2313147,2,HS 101,3,10.0,AA
2313147,2,HS 111,2,8.0,BB
2313147,2,MA 102,4,8.0,BB
2313147,2,ME 101,4,6.0,CC
2313147,2,PH 101,4,10.0,AA
2313147,2,PH 111,2,9.0,AB
2313148,2,CE 101,3,9.0,AB
2313148,2,EE 101,4,8.0,BB
2313148,2,EE 111,2,9.0,AB
2313148,2,HS 101,3,10.0,AA
2313148,2,HS 111,2,9.0,AB
2313148,2,MA 102,4,9.0,AB
2313148,2,ME 101,4,7.0,BC
2313148,2,PH 101,4,9.0,AB
2313148,2,PH 111,2,9.0,AB
2313149,2,CE 101,3,9.0,AB
2313149,2,EE 101,4,8.0,BB
2313149,2,EE 111,2,9.0,AB
2313149,2,HS 101,3,9.0,AB
2313149,2,HS 111,2,9.0,AB
2313149,2,MA 102,4,8.0,BB
2313149,2,ME 101,4,5.0,CD
2313149,2,PH 101,4,8.0,BB
2313149,2,PH 111,2,9.0,AB
2313150,2,CE 101,3,8.0,BB
2313150,2,EE 101,4,7.0,BC
2313150,2,EE 111,2,9.0,AB
2313150,2,HS 101,3,8.0,BB
2313150,2,HS 111,2,8.0,BB
2313150,2,MA 102,4,8.0,BB
2313150,2,ME 101,4,4.0,DD
2313150,2,PH 101,4,5.0,CD
2313150,2,PH 111,2,8.0,BB
2313151,2,CE 101,3,8.0,BB
2313151,2,EE 101,4,8.0,BB
2313151,2,EE 111,2,8.0,BB
2313151,2,HS 101,3,8.0,BB
2313151,2,HS 111,2,8.0,BB
2313151,2,MA 102,4,7.0,BC
2313151,2,ME 101,4,7.0,BC
2313151,2,PH 101,4,7.0,BC
2313151,2,PH 111,2,6.0,CC
2313152,2,CE 101,3,8.0,BB
2313152,2,EE 101,4,5.0,CD
2313152,2,EE 111,2,8.0,BB
2313152,2,HS 101,3,6.0,CC
2313152,2,HS 111,2,7.0,BC
2313152,2,MA 102,4,7.0,BC
2313152,2,ME 101,4,4.0,DD
2313152,2,PH 101,4,6.0,CC
2313152,2,PH 111,2,7.0,BC
2313153,2,CE 101,3,8.0,BB
2313153,2,EE 101,4,8.0,BB
2313153,2,EE 111,2,10.0,AA
2313153,2,HS 101,3,8.0,BB
2313153,2,HS 111,2,8.0,BB
2313153,2,MA 102,4,9.0,AB
2313153,2,ME 101,4,7.0,BC
2313153,2,PH 101,4,9.0,AB
2313153,2,PH 111,2,8.0,BB
2313154,2,CE 101,3,9.0,AB
2313154,2,EE 101,4,8.0,BB
2313154,2,EE 111,2,10.0,AA
2313154,2,HS 101,3,7.0,BC
2313154,2,HS 111,2,7.0,BC
2313154,2,MA 102,4,9.0,AB
2313154,2,ME 101,4,6.0,CC
2313154,2,PH 101,4,9.0,AB
2313154,2,PH 111,2,9.0,AB
2313155,2,CE 101,3,9.0,AB
2313155,2,EE 101,4,7.0,BC
2313155,2,EE 111,2,9.0,AB
2313155,2,HS 101,3,7.0,BC
2313155,2,HS 111,2,8.0,BB
2313155,2,MA 102,4,8.0,BB
2313155,2,ME 101,4,6.0,CC
2313155,2,PH 101,4,7.0,BC
2313155,2,PH 111,2,9.0,AB
2313156,2,CE 101,3,8.0,BB
2313156,2,EE 101,4,7.0,BC
2313156,2,EE 111,2,10.0,AA
2313156,2,HS 101,3,8.0,BB
2313156,2,HS 111,2,7.0,BC
2313156,2,MA 102,4,8.0,BB
2313156,2,ME 101,4,6.0,CC
2313156,2,PH 101,4,7.0,BC
2313156,2,PH 111,2,9.0,AB
2313157,2,CE 101,3,0.0,F
2313157,2,EE 101,4,5.0,CD
2313157,2,EE 111,2,8.0,BB
2313157,2,HS 101,3,7.0,BC
2313157,2,HS 111,2,6.0,CC
2313157,2,MA 102,4,6.0,CC
2313157,2,ME 101,4,4.0,DD
2313157,2,PH 101,4,6.0,CC
2313157,2,PH 111,2,0.0,F
2313159,2,CE 101,3,9.0,AB
2313159,2,EE 101,4,7.0,BC
2313159,2,EE 111,2,9.0,AB
2313159,2,HS 101,3,8.0,BB
2313159,2,HS 111,2,6.0,CC
2313159,2,MA 102,4,8.0,BB
2313159,2,ME 101,4,6.0,CC
2313159,2,PH 101,4,7.0,BC
2313159,2,PH 111,2,9.0,AB
2313160,2,CE 101,3,9.0,AB
2313160,2,EE 101,4,8.0,BB
2313160,2,EE 111,2,9.0,AB
2313160,2,HS 101,3,6.0,CC
2313160,2,HS 111,2,6.0,CC
2313160,2,MA 102,4,8.0,BB
2313160,2,ME 101,4,7.0,BC
2313160,2,PH 101,4,6.0,CC
2313160,2,PH 111,2,8.0,BB
2313161,2,CE 101,3,8.0,BB
2313161,2,EE 101,4,5.0,CD
2313161,2,EE 111,2,9.0,AB
2313161,2,HS 101,3,7.0,BC
2313161,2,HS 111,2,8.0,BB
2313161,2,MA 102,4,6.0,CC
2313161,2,ME 101,4,0.0,F
2313161,2,PH 101,4,6.0,CC
2313161,2,PH 111,2,7.0,BC
2313162,2,CE 101,3,4.0,DD
2313162,2,EE 101,4,0.0,F
2313162,2,EE 111,2,8.0,BB
2313162,2,HS 101,3,4.0,DD
2313162,2,HS 111,2,7.0,BC
2313162,2,MA 102,4,0.0,F
2313162,2,ME 101,4,0.0,F
2313162,2,PH 101,4,0.0,F
2313162,2,PH 111,2,5.0,CD
2313163,2,CE 101,3,5.0,CD
2313163,2,EE 101,4,0.0,F
2313163,2,EE 111,2,8.0,BB
2313163,2,HS 101,3,7.0,BC
2313163,2,HS 111,2,6.0,CC
2313163,2,MA 102,4,0.0,F
2313163,2,ME 101,4,0.0,F
2313163,2,PH 101,4,0.0,F
2313163,2,PH 111,2,5.0,CD
2313164,2,CE 101,3,7.0,BC
2313164,2,EE 101,4,4.0,DD
2313164,2,EE 111,2,9.0,AB
2313164,2,HS 101,3,6.0,CC
2313164,2,HS 111,2,6.0,CC
2313164,2,MA 102,4,4.0,DD
2313164,2,ME 101,4,0.0,F
2313164,2,PH 101,4,0.0,F
2313164,2,PH 111,2,5.0,CD
2214086,2,CE 101,NA,,NA
2214086,2,EE 101,4,0.0,F
2214086,2,EE 111,2,0.0,F
2214086,2,HS 101,NA,,NA
2214086,2,HS 111,NA,,NA
2214086,2,MA 102,4,0.0,F
2214086,2,ME 101,4,0.0,F
2214086,2,PH 101,4,0.0,F
2214086,2,PH 111,NA,,NA
2314001,2,CE 101,3,7.0,BC
2314001,2,EE 101,4,7.0,BC
2314001,2,EE 111,2,9.0,AB
2314001,2,HS 101,3,9.0,AB
2314001,2,HS 111,2,7.0,BC
2314001,2,MA 102,4,8.0,BB
2314001,2,ME 101,4,6.0,CC
2314001,2,PH 101,4,6.0,CC
2314001,2,PH 111,2,9.0,AB
2314002,2,CE 101,3,7.0,BC
2314002,2,EE 101,4,5.0,CD
2314002,2,EE 111,2,9.0,AB
2314002,2,HS 101,3,8.0,BB
2314002,2,HS 111,2,8.0,BB
2314002,2,MA 102,4,6.0,CC
2314002,2,ME 101,4,4.0,DD
2314002,2,PH 101,4,5.0,CD
2314002,2,PH 111,2,9.0,AB
2314003,2,CE 101,3,8.0,BB
2314003,2,EE 101,4,8.0,BB
2314003,2,EE 111,2,10.0,AA
2314003,2,HS 101,3,8.0,BB
2314003,2,HS 111,2,7.0,BC
2314003,2,MA 102,4,7.0,BC
2314003,2,ME 101,4,4.0,DD
2314003,2,PH 101,4,8.0,BB
2314003,2,PH 111,2,8.0,BB
2314004,2,CE 101,3,10.0,AA
2314004,2,EE 101,4,8.0,BB
2314004,2,EE 111,2,9.0,AB
2314004,2,HS 101,3,9.0,AB
2314004,2,HS 111,2,8.0,BB
2314004,2,MA 102,4,7.0,BC
2314004,2,ME 101,4,7.0,BC
2314004,2,PH 101,4,7.0,BC
2314004,2,PH 111,2,10.0,AA
2314005,2,CE 101,3,7.0,BC
2314005,2,EE 101,4,7.0,BC
2314005,2,EE 111,2,9.0,AB
2314005,2,HS 101,3,9.0,AB
2314005,2,HS 111,2,7.0,BC
2314005,2,MA 102,4,8.0,BB
2314005,2,ME 101,4,6.0,CC
2314005,2,PH 101,4,6.0,CC
2314005,2,PH 111,2,9.0,AB
2314006,2,CE 101,3,8.0,BB
2314006,2,EE 101,4,8.0,BB
2314006,2,EE 111,2,9.0,AB
2314006,2,HS 101,3,8.0,BB
2314006,2,HS 111,2,7.0,BC
2314006,2,MA 102,4,7.0,BC
2314006,2,ME 101,4,6.0,CC
2314006,2,PH 101,4,6.0,CC
2314006,2,PH 111,2,10.0,AA
2314007,2,CE 101,3,8.0,BB
2314007,2,EE 101,4,6.0,CC
2314007,2,EE 111,2,9.0,AB
2314007,2,HS 101,3,9.0,AB
2314007,2,HS 111,2,6.0,CC
2314007,2,MA 102,4,7.0,BC
2314007,2,ME 101,4,5.0,CD
2314007,2,PH 101,4,5.0,CD
2314007,2,PH 111,2,7.0,BC
2314008,2,CE 101,3,8.0,BB
2314008,2,EE 101,4,5.0,CD
2314008,2,EE 111,2,9.0,AB
2314008,2,HS 101,3,6.0,CC
2314008,2,HS 111,2,9.0,AB
2314008,2,MA 102,4,4.0,DD
2314008,2,ME 101,4,4.0,DD
2314008,2,PH 101,4,6.0,CC
2314008,2,PH 111,2,9.0,AB
2314009,2,CE 101,3,8.0,BB
2314009,2,EE 101,4,5.0,CD
2314009,2,EE 111,2,9.0,AB
2314009,2,HS 101,3,6.0,CC
2314009,2,HS 111,2,7.0,BC
2314009,2,MA 102,4,5.0,CD
2314009,2,ME 101,4,5.0,CD
2314009,2,PH 101,4,6.0,CC
2314009,2,PH 111,2,8.0,BB
2314010,2,CE 101,3,9.0,AB
2314010,2,EE 101,4,8.0,BB
2314010,2,EE 111,2,9.0,AB
2314010,2,HS 101,3,9.0,AB
2314010,2,HS 111,2,7.0,BC
2314010,2,MA 102,4,7.0,BC
2314010,2,ME 101,4,5.0,CD
2314010,2,PH 101,4,8.0,BB
2314010,2,PH 111,2,10.0,AA
2314011,2,CE 101,3,6.0,CC
2314011,2,EE 101,4,0.0,F
2314011,2,EE 111,2,7.0,BC
2314011,2,HS 101,3,7.0,BC
2314011,2,HS 111,2,8.0,BB
2314011,2,MA 102,4,4.0,DD
2314011,2,ME 101,4,0.0,F
2314011,2,PH 101,4,0.0,F
2314011,2,PH 111,2,5.0,CD
2314012,2,CE 101,3,9.0,AB
2314012,2,EE 101,4,9.0,AB
2314012,2,EE 111,2,9.0,AB
2314012,2,HS 101,3,10.0,AA
2314012,2,HS 111,2,9.0,AB
2314012,2,MA 102,4,8.0,BB
2314012,2,ME 101,4,6.0,CC
2314012,2,PH 101,4,9.0,AB
2314012,2,PH 111,2,9.0,AB
2314013,2,CE 101,3,8.0,BB
2314013,2,EE 101,4,8.0,BB
2314013,2,EE 111,2,9.0,AB
2314013,2,HS 101,3,8.0,BB
2314013,2,HS 111,2,9.0,AB
2314013,2,MA 102,4,8.0,BB
2314013,2,ME 101,4,7.0,BC
2314013,2,PH 101,4,8.0,BB
2314013,2,PH 111,2,9.0,AB
2314014,2,CE 101,3,9.0,AB
2314014,2,EE 101,4,9.0,AB
2314014,2,EE 111,2,9.0,AB
2314014,2,HS 101,3,9.0,AB
2314014,2,HS 111,2,10.0,AA
2314014,2,MA 102,4,10.0,AA
2314014,2,ME 101,4,7.0,BC
2314014,2,PH 101,4,8.0,BB
2314014,2,PH 111,2,10.0,AA
2314015,2,CE 101,3,7.0,BC
2314015,2,EE 101,4,8.0,BB
2314015,2,EE 111,2,9.0,AB
2314015,2,HS 101,3,9.0,AB
2314015,2,HS 111,2,9.0,AB
2314015,2,MA 102,4,9.0,AB
2314015,2,ME 101,4,5.0,CD
2314015,2,PH 101,4,8.0,BB
2314015,2,PH 111,2,9.0,AB
2314016,2,CE 101,3,7.0,BC
2314016,2,EE 101,4,8.0,BB
2314016,2,EE 111,2,9.0,AB
2314016,2,HS 101,3,10.0,AA
2314016,2,HS 111,2,9.0,AB
2314016,2,MA 102,4,10.0,AA
2314016,2,ME 101,4,7.0,BC
2314016,2,PH 101,4,9.0,AB
2314016,2,PH 111,2,9.0,AB
2314017,2,CE 101,3,10.0,AA
2314017,2,EE 101,4,8.0,BB
2314017,2,EE 111,2,9.0,AB
2314017,2,HS 101,3,9.0,AB
2314017,2,HS 111,2,9.0,AB
2314017,2,MA 102,4,9.0,AB
2314017,2,ME 101,4,6.0,CC
2314017,2,PH 101,4,9.0,AB
2314017,2,PH 111,2,10.0,AA
2314018,2,CE 101,3,10.0,AA
2314018,2,EE 101,4,7.0,BC
2314018,2,EE 111,2,9.0,AB
2314018,2,HS 101,3,9.0,AB
2314018,2,HS 111,2,8.0,BB
2314018,2,MA 102,4,8.0,BB
2314018,2,ME 101,4,4.0,DD
2314018,2,PH 101,4,5.0,CD
2314018,2,PH 111,2,9.0,AB
2314019,2,CE 101,3,8.0,BB
2314019,2,EE 101,4,7.0,BC
2314019,2,EE 111,2,9.0,AB
2314019,2,HS 101,3,9.0,AB
2314019,2,HS 111,2,9.0,AB
2314019,2,MA 102,4,7.0,BC
2314019,2,ME 101,4,5.0,CD
2314019,2,PH 101,4,5.0,CD
2314019,2,PH 111,2,8.0,BB
2314020,2,CE 101,3,8.0,BB
2314020,2,EE 101,4,8.0,BB
2314020,2,EE 111,2,9.0,AB
2314020,2,HS 101,3,9.0,AB
2314020,2,HS 111,2,10.0,AA
2314020,2,MA 102,4,9.0,AB
2314020,2,ME 101,4,7.0,BC
2314020,2,PH 101,4,8.0,BB
2314020,2,PH 111,2,10.0,AA
2314021,2,CE 101,3,5.0,CD
2314021,2,EE 101,4,0.0,F
2314021,2,EE 111,2,9.0,AB
2314021,2,HS 101,3,6.0,CC
2314021,2,HS 111,2,8.0,BB
2314021,2,MA 102,4,0.0,F
2314021,2,ME 101,4,0.0,F
2314021,2,PH 101,4,0.0,F
2314021,2,PH 111,2,6.0,CC
2314022,2,CE 101,3,5.0,CD
2314022,2,EE 101,4,6.0,CC
2314022,2,EE 111,2,9.0,AB
2314022,2,HS 101,3,6.0,CC
2314022,2,HS 111,2,8.0,BB
2314022,2,MA 102,4,7.0,BC
2314022,2,ME 101,4,4.0,DD
2314022,2,PH 101,4,6.0,CC
2314022,2,PH 111,2,8.0,BB
2314023,2,CE 101,3,8.0,BB
2314023,2,EE 101,4,8.0,BB
2314023,2,EE 111,2,9.0,AB
2314023,2,HS 101,3,10.0,AA
2314023,2,HS 111,2,8.0,BB
2314023,2,MA 102,4,7.0,BC
2314023,2,ME 101,4,5.0,CD
2314023,2,PH 101,4,5.0,CD
2314023,2,PH 111,2,9.0,AB
2314024,2,CE 101,3,9.0,AB
2314024,2,EE 101,4,8.0,BB
2314024,2,EE 111,2,9.0,AB
2314024,2,HS 101,3,8.0,BB
2314024,2,HS 111,2,8.0,BB
2314024,2,MA 102,4,9.0,AB
2314024,2,ME 101,4,7.0,BC
2314024,2,PH 101,4,9.0,AB
2314024,2,PH 111,2,9.0,AB
2314025,2,CE 101,3,8.0,BB
2314025,2,EE 101,4,8.0,BB
2314025,2,EE 111,2,9.0,AB
2314025,2,HS 101,3,9.0,AB
2314025,2,HS 111,2,8.0,BB
2314025,2,MA 102,4,6.0,CC
2314025,2,ME 101,4,5.0,CD
2314025,2,PH 101,4,7.0,BC
2314025,2,PH 111,2,9.0,AB
2314026,2,CE 101,3,9.0,AB
2314026,2,EE 101,4,9.0,AB
2314026,2,EE 111,2,10.0,AA
2314026,2,HS 101,3,9.0,AB
2314026,2,HS 111,2,8.0,BB
2314026,2,MA 102,4,10.0,AA
2314026,2,ME 101,4,7.0,BC
2314026,2,PH 101,4,9.0,AB
2314026,2,PH 111,2,10.0,AA
2314027,2,CE 101,3,7.0,BC
2314027,2,EE 101,4,7.0,BC
2314027,2,EE 111,2,9.0,AB
2314027,2,HS 101,3,8.0,BB
2314027,2,HS 111,2,8.0,BB
2314027,2,MA 102,4,7.0,BC
2314027,2,ME 101,4,6.0,CC
2314027,2,PH 101,4,7.0,BC
2314027,2,PH 111,2,10.0,AA
2314028,2,CE 101,3,7.0,BC
2314028,2,EE 101,4,7.0,BC
2314028,2,EE 111,2,8.0,BB
2314028,2,HS 101,3,8.0,BB
2314028,2,HS 111,2,9.0,AB
2314028,2,MA 102,4,7.0,BC
2314028,2,ME 101,4,4.0,DD
2314028,2,PH 101,4,5.0,CD
2314028,2,PH 111,2,8.0,BB
2314029,2,CE 101,3,7.0,BC
2314029,2,EE 101,4,5.0,CD
2314029,2,EE 111,2,9.0,AB
2314029,2,HS 101,3,8.0,BB
2314029,2,HS 111,2,9.0,AB
2314029,2,MA 102,4,6.0,CC
2314029,2,ME 101,4,4.0,DD
2314029,2,PH 101,4,5.0,CD
2314029,2,PH 111,2,9.0,AB
2314030,2,CE 101,3,7.0,BC
2314030,2,EE 101,4,9.0,AB
2314030,2,EE 111,2,9.0,AB
2314030,2,HS 101,3,8.0,BB
2314030,2,HS 111,2,10.0,AA
2314030,2,MA 102,4,10.0,AA
2314030,2,ME 101,4,5.0,CD
2314030,2,PH 101,4,8.0,BB
2314030,2,PH 111,2,9.0,AB
2314031,2,CE 101,3,6.0,CC
2314031,2,EE 101,4,7.0,BC
2314031,2,EE 111,2,9.0,AB
2314031,2,HS 101,3,7.0,BC
2314031,2,HS 111,2,8.0,BB
2314031,2,MA 102,4,9.0,AB
2314031,2,ME 101,4,0.0,F
2314031,2,PH 101,4,7.0,BC
2314031,2,PH 111,2,9.0,AB
2314032,2,CE 101,3,7.0,BC
2314032,2,EE 101,4,8.0,BB
2314032,2,EE 111,2,9.0,AB
2314032,2,HS 101,3,9.0,AB
2314032,2,HS 111,2,8.0,BB
2314032,2,MA 102,4,8.0,BB
2314032,2,ME 101,4,6.0,CC
2314032,2,PH 101,4,8.0,BB
2314032,2,PH 111,2,10.0,AA
2314033,2,CE 101,3,6.0,CC
2314033,2,EE 101,4,5.0,CD
2314033,2,EE 111,2,9.0,AB
2314033,2,HS 101,3,5.0,CD
2314033,2,HS 111,2,8.0,BB
2314033,2,MA 102,4,6.0,CC
2314033,2,ME 101,4,5.0,CD
2314033,2,PH 101,4,5.0,CD
2314033,2,PH 111,2,9.0,AB
2314034,2,CE 101,3,8.0,BB
2314034,2,EE 101,4,7.0,BC
2314034,2,EE 111,2,9.0,AB
2314034,2,HS 101,3,9.0,AB
2314034,2,HS 111,2,8.0,BB
2314034,2,MA 102,4,7.0,BC
2314034,2,ME 101,4,5.0,CD
2314034,2,PH 101,4,6.0,CC
2314034,2,PH 111,2,10.0,AA
2314035,2,CE 101,3,8.0,BB
2314035,2,EE 101,4,9.0,AB
2314035,2,EE 111,2,9.0,AB
2314035,2,HS 101,3,9.0,AB
2314035,2,HS 111,2,8.0,BB
2314035,2,MA 102,4,8.0,BB
2314035,2,ME 101,4,5.0,CD
2314035,2,PH 101,4,8.0,BB
2314035,2,PH 111,2,9.0,AB
2314036,2,CE 101,3,7.0,BC
2314036,2,EE 101,4,9.0,AB
2314036,2,EE 111,2,9.0,AB
2314036,2,HS 101,3,8.0,BB
2314036,2,HS 111,2,8.0,BB
2314036,2,MA 102,4,9.0,AB
2314036,2,ME 101,4,5.0,CD
2314036,2,PH 101,4,9.0,AB
2314036,2,PH 111,2,10.0,AA
2314037,2,CE 101,3,7.0,BC
2314037,2,EE 101,4,10.0,AA
2314037,2,EE 111,2,9.0,AB
2314037,2,HS 101,3,8.0,BB
2314037,2,HS 111,2,8.0,BB
2314037,2,MA 102,4,8.0,BB
2314037,2,ME 101,4,5.0,CD
2314037,2,PH 101,4,9.0,AB
2314037,2,PH 111,2,10.0,AA
2314038,2,CE 101,3,7.0,BC
2314038,2,EE 101,4,7.0,BC
2314038,2,EE 111,2,9.0,AB
2314038,2,HS 101,3,8.0,BB
2314038,2,HS 111,2,8.0,BB
2314038,2,MA 102,4,7.0,BC
2314038,2,ME 101,4,5.0,CD
2314038,2,PH 101,4,7.0,BC
2314038,2,PH 111,2,10.0,AA
2314040,2,CE 101,3,7.0,BC
2314040,2,EE 101,4,7.0,BC
2314040,2,EE 111,2,9.0,AB
2314040,2,HS 101,3,7.0,BC
2314040,2,HS 111,2,9.0,AB
2314040,2,MA 102,4,8.0,BB
2314040,2,ME 101,4,6.0,CC
2314040,2,PH 101,4,7.0,BC
2314040,2,PH 111,2,9.0,AB
2314041,2,CE 101,3,7.0,BC
2314041,2,EE 101,4,7.0,BC
2314041,2,EE 111,2,9.0,AB
2314041,2,HS 101,3,8.0,BB
2314041,2,HS 111,2,9.0,AB
2314041,2,MA 102,4,7.0,BC
2314041,2,ME 101,4,6.0,CC
2314041,2,PH 101,4,6.0,CC
2314041,2,PH 111,2,10.0,AA
2314042,2,CE 101,3,6.0,CC
2314042,2,EE 101,4,4.0,DD
2314042,2,EE 111,2,9.0,AB
2314042,2,HS 101,3,8.0,BB
2314042,2,HS 111,2,9.0,AB
2314042,2,MA 102,4,5.0,CD
2314042,2,ME 101,4,4.0,DD
2314042,2,PH 101,4,4.0,DD
2314042,2,PH 111,2,8.0,BB
2314043,2,CE 101,3,6.0,CC
2314043,2,EE 101,4,7.0,BC
2314043,2,EE 111,2,9.0,AB
2314043,2,HS 101,3,7.0,BC
2314043,2,HS 111,2,9.0,AB
2314043,2,MA 102,4,7.0,BC
2314043,2,ME 101,4,5.0,CD
2314043,2,PH 101,4,4.0,DD
2314043,2,PH 111,2,7.0,BC
2314044,2,CE 101,3,9.0,AB
2314044,2,EE 101,4,9.0,AB
2314044,2,EE 111,2,9.0,AB
2314044,2,HS 101,3,9.0,AB
2314044,2,HS 111,2,9.0,AB
2314044,2,MA 102,4,8.0,BB
2314044,2,ME 101,4,7.0,BC
2314044,2,PH 101,4,8.0,BB
2314044,2,PH 111,2,9.0,AB
2314045,2,CE 101,3,9.0,AB
2314045,2,EE 101,4,7.0,BC
2314045,2,EE 111,2,9.0,AB
2314045,2,HS 101,3,9.0,AB
2314045,2,HS 111,2,9.0,AB
2314045,2,MA 102,4,8.0,BB
2314045,2,ME 101,4,5.0,CD
2314045,2,PH 101,4,6.0,CC
2314045,2,PH 111,2,10.0,AA
2314046,2,CE 101,3,6.0,CC
2314046,2,EE 101,4,8.0,BB
2314046,2,EE 111,2,9.0,AB
2314046,2,HS 101,3,6.0,CC
2314046,2,HS 111,2,9.0,AB
2314046,2,MA 102,4,8.0,BB
2314046,2,ME 101,4,5.0,CD
2314046,2,PH 101,4,6.0,CC
2314046,2,PH 111,2,9.0,AB
2314047,2,CE 101,3,7.0,BC
2314047,2,EE 101,4,7.0,BC
2314047,2,EE 111,2,9.0,AB
2314047,2,HS 101,3,9.0,AB
2314047,2,HS 111,2,8.0,BB
2314047,2,MA 102,4,8.0,BB
2314047,2,ME 101,4,7.0,BC
2314047,2,PH 101,4,6.0,CC
2314047,2,PH 111,2,10.0,AA
2314048,2,CE 101,3,6.0,CC
2314048,2,EE 101,4,7.0,BC
2314048,2,EE 111,2,10.0,AA
2314048,2,HS 101,3,9.0,AB
2314048,2,HS 111,2,8.0,BB
2314048,2,MA 102,4,10.0,AA
2314048,2,ME 101,4,7.0,BC
2314048,2,PH 101,4,7.0,BC
2314048,2,PH 111,2,9.0,AB
2314049,2,CE 101,3,6.0,CC
2314049,2,EE 101,4,8.0,BB
2314049,2,EE 111,2,9.0,AB
2314049,2,HS 101,3,8.0,BB
2314049,2,HS 111,2,8.0,BB
2314049,2,MA 102,4,7.0,BC
2314049,2,ME 101,4,7.0,BC
2314049,2,PH 101,4,7.0,BC
2314049,2,PH 111,2,9.0,AB
2314050,2,CE 101,3,6.0,CC
2314050,2,EE 101,4,8.0,BB
2314050,2,EE 111,2,9.0,AB
2314050,2,HS 101,3,9.0,AB
2314050,2,HS 111,2,9.0,AB
2314050,2,MA 102,4,10.0,AA
2314050,2,ME 101,4,0.0,F
2314050,2,PH 101,4,7.0,BC
2314050,2,PH 111,2,9.0,AB
2314051,2,CE 101,3,7.0,BC
2314051,2,EE 101,4,9.0,AB
2314051,2,EE 111,2,9.0,AB
2314051,2,HS 101,3,9.0,AB
2314051,2,HS 111,2,9.0,AB
2314051,2,MA 102,4,8.0,BB
2314051,2,ME 101,4,6.0,CC
2314051,2,PH 101,4,7.0,BC
2314051,2,PH 111,2,9.0,AB
2314052,2,CE 101,3,8.0,BB
2314052,2,EE 101,4,7.0,BC
2314052,2,EE 111,2,9.0,AB
2314052,2,HS 101,3,8.0,BB
2314052,2,HS 111,2,8.0,BB
2314052,2,MA 102,4,8.0,BB
2314052,2,ME 101,4,4.0,DD
2314052,2,PH 101,4,7.0,BC
2314052,2,PH 111,2,9.0,AB
2314054,2,CE 101,3,8.0,BB
2314054,2,EE 101,4,8.0,BB
2314054,2,EE 111,2,9.0,AB
2314054,2,HS 101,3,9.0,AB
2314054,2,HS 111,2,9.0,AB
2314054,2,MA 102,4,8.0,BB
2314054,2,ME 101,4,7.0,BC
2314054,2,PH 101,4,9.0,AB
2314054,2,PH 111,2,9.0,AB
2314055,2,CE 101,3,7.0,BC
2314055,2,EE 101,4,7.0,BC
2314055,2,EE 111,2,9.0,AB
2314055,2,HS 101,3,9.0,AB
2314055,2,HS 111,2,9.0,AB
2314055,2,MA 102,4,8.0,BB
2314055,2,ME 101,4,5.0,CD
2314055,2,PH 101,4,9.0,AB
2314055,2,PH 111,2,10.0,AA
2314056,2,CE 101,3,9.0,AB
2314056,2,EE 101,4,7.0,BC
2314056,2,EE 111,2,9.0,AB
2314056,2,HS 101,3,8.0,BB
2314056,2,HS 111,2,8.0,BB
2314056,2,MA 102,4,7.0,BC
2314056,2,ME 101,4,6.0,CC
2314056,2,PH 101,4,7.0,BC
2314056,2,PH 111,2,9.0,AB
2314057,2,CE 101,3,8.0,BB
2314057,2,EE 101,4,6.0,CC
2314057,2,EE 111,2,10.0,AA
2314057,2,HS 101,3,8.0,BB
2314057,2,HS 111,2,7.0,BC
2314057,2,MA 102,4,6.0,CC
2314057,2,ME 101,4,5.0,CD
2314057,2,PH 101,4,7.0,BC
2314057,2,PH 111,2,9.0,AB
2314058,2,CE 101,3,6.0,CC
2314058,2,EE 101,4,9.0,AB
2314058,2,EE 111,2,10.0,AA
2314058,2,HS 101,3,8.0,BB
2314058,2,HS 111,2,7.0,BC
2314058,2,MA 102,4,10.0,AA
2314058,2,ME 101,4,7.0,BC
2314058,2,PH 101,4,8.0,BB
2314058,2,PH 111,2,8.0,BB
2314059,2,CE 101,3,8.0,BB
2314059,2,EE 101,4,8.0,BB
2314059,2,EE 111,2,10.0,AA
2314059,2,HS 101,3,10.0,AA
2314059,2,HS 111,2,7.0,BC
2314059,2,MA 102,4,10.0,AA
2314059,2,ME 101,4,6.0,CC
2314059,2,PH 101,4,7.0,BC
2314059,2,PH 111,2,9.0,AB
2314060,2,CE 101,3,8.0,BB
2314060,2,EE 101,4,8.0,BB
2314060,2,EE 111,2,9.0,AB
2314060,2,HS 101,3,9.0,AB
2314060,2,HS 111,2,7.0,BC
2314060,2,MA 102,4,8.0,BB
2314060,2,ME 101,4,6.0,CC
2314060,2,PH 101,4,9.0,AB
2314060,2,PH 111,2,9.0,AB
2314061,2,CE 101,3,7.0,BC
2314061,2,EE 101,4,6.0,CC
2314061,2,EE 111,2,9.0,AB
2314061,2,HS 101,3,8.0,BB
2314061,2,HS 111,2,9.0,AB
2314061,2,MA 102,4,7.0,BC
2314061,2,ME 101,4,4.0,DD
2314061,2,PH 101,4,6.0,CC
2314061,2,PH 111,2,9.0,AB
2314062,2,CE 101,3,9.0,AB
2314062,2,EE 101,4,9.0,AB
2314062,2,EE 111,2,10.0,AA
2314062,2,HS 101,3,10.0,AA
2314062,2,HS 111,2,9.0,AB
2314062,2,MA 102,4,10.0,AA
2314062,2,ME 101,4,9.0,AB
2314062,2,PH 101,4,9.0,AB
2314062,2,PH 111,2,10.0,AA
2314063,2,CE 101,3,9.0,AB
2314063,2,EE 101,4,9.0,AB
2314063,2,EE 111,2,9.0,AB
2314063,2,HS 101,3,9.0,AB
2314063,2,HS 111,2,10.0,AA
2314063,2,MA 102,4,7.0,BC
2314063,2,ME 101,4,6.0,CC
2314063,2,PH 101,4,7.0,BC
2314063,2,PH 111,2,10.0,AA
2314064,2,CE 101,3,9.0,AB
2314064,2,EE 101,4,10.0,AA
2314064,2,EE 111,2,9.0,AB
2314064,2,HS 101,3,10.0,AA
2314064,2,HS 111,2,9.0,AB
2314064,2,MA 102,4,9.0,AB
2314064,2,ME 101,4,8.0,BB
2314064,2,PH 101,4,9.0,AB
2314064,2,PH 111,2,10.0,AA
2314065,2,CE 101,3,7.0,BC
2314065,2,EE 101,4,5.0,CD
2314065,2,EE 111,2,9.0,AB
2314065,2,HS 101,3,9.0,AB
2314065,2,HS 111,2,9.0,AB
2314065,2,MA 102,4,8.0,BB
2314065,2,ME 101,4,0.0,F
2314065,2,PH 101,4,5.0,CD
2314065,2,PH 111,2,8.0,BB
2314066,2,CE 101,3,8.0,BB
2314066,2,EE 101,4,8.0,BB
2314066,2,EE 111,2,10.0,AA
2314066,2,HS 101,3,9.0,AB
2314066,2,HS 111,2,9.0,AB
2314066,2,MA 102,4,8.0,BB
2314066,2,ME 101,4,5.0,CD
2314066,2,PH 101,4,8.0,BB
2314066,2,PH 111,2,10.0,AA
2314067,2,CE 101,3,8.0,BB
2314067,2,EE 101,4,8.0,BB
2314067,2,EE 111,2,9.0,AB
2314067,2,HS 101,3,10.0,AA
2314067,2,HS 111,2,9.0,AB
2314067,2,MA 102,4,9.0,AB
2314067,2,ME 101,4,6.0,CC
2314067,2,PH 101,4,9.0,AB
2314067,2,PH 111,2,10.0,AA
2314068,2,CE 101,3,6.0,CC
2314068,2,EE 101,4,8.0,BB
2314068,2,EE 111,2,9.0,AB
2314068,2,HS 101,3,9.0,AB
2314068,2,HS 111,2,9.0,AB
2314068,2,MA 102,4,9.0,AB
2314068,2,ME 101,4,7.0,BC
2314068,2,PH 101,4,7.0,BC
2314068,2,PH 111,2,8.0,BB
2314069,2,CE 101,3,7.0,BC
2314069,2,EE 101,4,9.0,AB
2314069,2,EE 111,2,9.0,AB
2314069,2,HS 101,3,9.0,AB
2314069,2,HS 111,2,9.0,AB
2314069,2,MA 102,4,10.0,AA
2314069,2,ME 101,4,7.0,BC
2314069,2,PH 101,4,7.0,BC
2314069,2,PH 111,2,10.0,AA
2314070,2,CE 101,3,7.0,BC
2314070,2,EE 101,4,6.0,CC
2314070,2,EE 111,2,9.0,AB
2314070,2,HS 101,3,7.0,BC
2314070,2,HS 111,2,9.0,AB
2314070,2,MA 102,4,10.0,AA
2314070,2,ME 101,4,5.0,CD
2314070,2,PH 101,4,7.0,BC
2314070,2,PH 111,2,8.0,BB
2314071,2,CE 101,3,7.0,BC
2314071,2,EE 101,4,8.0,BB
2314071,2,EE 111,2,9.0,AB
2314071,2,HS 101,3,10.0,AA
2314071,2,HS 111,2,9.0,AB
2314071,2,MA 102,4,9.0,AB
2314071,2,ME 101,4,6.0,CC
2314071,2,PH 101,4,7.0,BC
2314071,2,PH 111,2,10.0,AA
2314072,2,CE 101,3,5.0,CD
2314072,2,EE 101,4,4.0,DD
2314072,2,EE 111,2,9.0,AB
2314072,2,HS 101,3,8.0,BB
2314072,2,HS 111,2,9.0,AB
2314072,2,MA 102,4,5.0,CD
2314072,2,ME 101,4,0.0,F
2314072,2,PH 101,4,0.0,F
2314072,2,PH 111,2,6.0,CC
2314073,2,CE 101,3,7.0,BC
2314073,2,EE 101,4,6.0,CC
2314073,2,EE 111,2,9.0,AB
2314073,2,HS 101,3,9.0,AB
2314073,2,HS 111,2,9.0,AB
2314073,2,MA 102,4,9.0,AB
2314073,2,ME 101,4,4.0,DD
2314073,2,PH 101,4,5.0,CD
2314073,2,PH 111,2,7.0,BC
2314074,2,CE 101,3,5.0,CD
2314074,2,EE 101,4,6.0,CC
2314074,2,EE 111,2,9.0,AB
2314074,2,HS 101,3,8.0,BB
2314074,2,HS 111,2,9.0,AB
2314074,2,MA 102,4,6.0,CC
2314074,2,ME 101,4,4.0,DD
2314074,2,PH 101,4,6.0,CC
2314074,2,PH 111,2,9.0,AB
2314075,2,CE 101,3,7.0,BC
2314075,2,EE 101,4,6.0,CC
2314075,2,EE 111,2,9.0,AB
2314075,2,HS 101,3,9.0,AB
2314075,2,HS 111,2,9.0,AB
2314075,2,MA 102,4,6.0,CC
2314075,2,ME 101,4,4.0,DD
2314075,2,PH 101,4,5.0,CD
2314075,2,PH 111,2,9.0,AB
2314076,2,CE 101,3,6.0,CC
2314076,2,EE 101,4,8.0,BB
2314076,2,EE 111,2,9.0,AB
2314076,2,HS 101,3,9.0,AB
2314076,2,HS 111,2,10.0,AA
2314076,2,MA 102,4,9.0,AB
2314076,2,ME 101,4,8.0,BB
2314076,2,PH 101,4,7.0,BC
2314076,2,PH 111,2,9.0,AB
2314077,2,CE 101,3,8.0,BB
2314077,2,EE 101,4,8.0,BB
2314077,2,EE 111,2,10.0,AA
2314077,2,HS 101,3,10.0,AA
2314077,2,HS 111,2,9.0,AB
2314077,2,MA 102,4,8.0,BB
2314077,2,ME 101,4,6.0,CC
2314077,2,PH 101,4,8.0,BB
2314077,2,PH 111,2,10.0,AA
2314078,2,CE 101,3,6.0,CC
2314078,2,EE 101,4,7.0,BC
2314078,2,EE 111,2,9.0,AB
2314078,2,HS 101,3,9.0,AB
2314078,2,HS 111,2,10.0,AA
2314078,2,MA 102,4,8.0,BB
2314078,2,ME 101,4,5.0,CD
2314078,2,PH 101,4,8.0,BB
2314078,2,PH 111,2,10.0,AA
2314079,2,CE 101,3,8.0,BB
2314079,2,EE 101,4,8.0,BB
2314079,2,EE 111,2,9.0,AB
2314079,2,HS 101,3,9.0,AB
2314079,2,HS 111,2,9.0,AB
2314079,2,MA 102,4,10.0,AA
2314079,2,ME 101,4,5.0,CD
2314079,2,PH 101,4,8.0,BB
2314079,2,PH 111,2,10.0,AA
2314080,2,CE 101,3,7.0,BC
2314080,2,EE 101,4,7.0,BC
2314080,2,EE 111,2,9.0,AB
2314080,2,HS 101,3,9.0,AB
2314080,2,HS 111,2,10.0,AA
2314080,2,MA 102,4,9.0,AB
2314080,2,ME 101,4,6.0,CC
2314080,2,PH 101,4,7.0,BC
2314080,2,PH 111,2,8.0,BB
2314081,2,CE 101,3,5.0,CD
2314081,2,EE 101,4,4.0,DD
2314081,2,EE 111,2,9.0,AB
2314081,2,HS 101,3,7.0,BC
2314081,2,HS 111,2,9.0,AB
2314081,2,MA 102,4,4.0,DD
2314081,2,ME 101,4,0.0,F
2314081,2,PH 101,4,4.0,DD
2314081,2,PH 111,2,6.0,CC
2314082,2,CE 101,3,7.0,BC
2314082,2,EE 101,4,6.0,CC
2314082,2,EE 111,2,9.0,AB
2314082,2,HS 101,3,10.0,AA
2314082,2,HS 111,2,9.0,AB
2314082,2,MA 102,4,8.0,BB
2314082,2,ME 101,4,4.0,DD
2314082,2,PH 101,4,6.0,CC
2314082,2,PH 111,2,9.0,AB
2314083,2,CE 101,3,10.0,AA
2314083,2,EE 101,4,9.0,AB
2314083,2,EE 111,2,9.0,AB
2314083,2,HS 101,3,9.0,AB
2314083,2,HS 111,2,9.0,AB
2314083,2,MA 102,4,10.0,AA
2314083,2,ME 101,4,4.0,DD
2314083,2,PH 101,4,8.0,BB
2314083,2,PH 111,2,9.0,AB
2314084,2,CE 101,3,7.0,BC
2314084,2,EE 101,4,7.0,BC
2314084,2,EE 111,2,9.0,AB
2314084,2,HS 101,3,9.0,AB
2314084,2,HS 111,2,9.0,AB
2314084,2,MA 102,4,8.0,BB
2314084,2,ME 101,4,4.0,DD
2314084,2,PH 101,4,7.0,BC
2314084,2,PH 111,2,10.0,AA
2314085,2,CE 101,3,7.0,BC
2314085,2,EE 101,4,9.0,AB
2314085,2,EE 111,2,10.0,AA
2314085,2,HS 101,3,10.0,AA
2314085,2,HS 111,2,9.0,AB
2314085,2,MA 102,4,9.0,AB
2314085,2,ME 101,4,5.0,CD
2314085,2,PH 101,4,7.0,BC
2314085,2,PH 111,2,10.0,AA
2314086,2,CE 101,3,8.0,BB
2314086,2,EE 101,4,7.0,BC
2314086,2,EE 111,2,9.0,AB
2314086,2,HS 101,3,8.0,BB
2314086,2,HS 111,2,9.0,AB
2314086,2,MA 102,4,9.0,AB
2314086,2,ME 101,4,5.0,CD
2314086,2,PH 101,4,6.0,CC
2314086,2,PH 111,2,8.0,BB
2314087,2,CE 101,3,8.0,BB
2314087,2,EE 101,4,9.0,AB
2314087,2,EE 111,2,9.0,AB
2314087,2,HS 101,3,9.0,AB
2314087,2,HS 111,2,9.0,AB
2314087,2,MA 102,4,9.0,AB
2314087,2,ME 101,4,6.0,CC
2314087,2,PH 101,4,7.0,BC
2314087,2,PH 111,2,9.0,AB
2314088,2,CE 101,3,10.0,AA
2314088,2,EE 101,4,7.0,BC
2314088,2,EE 111,2,8.0,BB
2314088,2,HS 101,3,8.0,BB
2314088,2,HS 111,2,9.0,AB
2314088,2,MA 102,4,9.0,AB
2314088,2,ME 101,4,5.0,CD
2314088,2,PH 101,4,7.0,BC
2314088,2,PH 111,2,10.0,AA
2314089,2,CE 101,3,8.0,BB
2314089,2,EE 101,4,8.0,BB
2314089,2,EE 111,2,8.0,BB
2314089,2,HS 101,3,8.0,BB
2314089,2,HS 111,2,8.0,BB
2314089,2,MA 102,4,8.0,BB
2314089,2,ME 101,4,5.0,CD
2314089,2,PH 101,4,8.0,BB
2314089,2,PH 111,2,10.0,AA
2314090,2,CE 101,3,7.0,BC
2314090,2,EE 101,4,7.0,BC
2314090,2,EE 111,2,8.0,BB
2314090,2,HS 101,3,8.0,BB
2314090,2,HS 111,2,8.0,BB
2314090,2,MA 102,4,9.0,AB
2314090,2,ME 101,4,6.0,CC
2314090,2,PH 101,4,7.0,BC
2314090,2,PH 111,2,9.0,AB
2314091,2,CE 101,3,9.0,AB
2314091,2,EE 101,4,6.0,CC
2314091,2,EE 111,2,9.0,AB
2314091,2,HS 101,3,9.0,AB
2314091,2,HS 111,2,8.0,BB
2314091,2,MA 102,4,8.0,BB
2314091,2,ME 101,4,8.0,BB
2314091,2,PH 101,4,8.0,BB
2314091,2,PH 111,2,10.0,AA
2314092,2,CE 101,3,9.0,AB
2314092,2,EE 101,4,9.0,AB
2314092,2,EE 111,2,9.0,AB
2314092,2,HS 101,3,10.0,AA
2314092,2,HS 111,2,8.0,BB
2314092,2,MA 102,4,8.0,BB
2314092,2,ME 101,4,7.0,BC
2314092,2,PH 101,4,9.0,AB
2314092,2,PH 111,2,10.0,AA
2314093,2,CE 101,3,10.0,AA
2314093,2,EE 101,4,7.0,BC
2314093,2,EE 111,2,9.0,AB
2314093,2,HS 101,3,9.0,AB
2314093,2,HS 111,2,8.0,BB
2314093,2,MA 102,4,9.0,AB
2314093,2,ME 101,4,7.0,BC
2314093,2,PH 101,4,9.0,AB
2314093,2,PH 111,2,10.0,AA
2314094,2,CE 101,3,8.0,BB
2314094,2,EE 101,4,9.0,AB
2314094,2,EE 111,2,9.0,AB
2314094,2,HS 101,3,9.0,AB
2314094,2,HS 111,2,8.0,BB
2314094,2,MA 102,4,9.0,AB
2314094,2,ME 101,4,7.0,BC
2314094,2,PH 101,4,8.0,BB
2314094,2,PH 111,2,9.0,AB
2314095,2,CE 101,3,10.0,AA
2314095,2,EE 101,4,7.0,BC
2314095,2,EE 111,2,9.0,AB
2314095,2,HS 101,3,9.0,AB
2314095,2,HS 111,2,9.0,AB
2314095,2,MA 102,4,9.0,AB
2314095,2,ME 101,4,5.0,CD
2314095,2,PH 101,4,9.0,AB
2314095,2,PH 111,2,10.0,AA
2314096,2,CE 101,3,8.0,BB
2314096,2,EE 101,4,9.0,AB
2314096,2,EE 111,2,9.0,AB
2314096,2,HS 101,3,9.0,AB
2314096,2,HS 111,2,8.0,BB
2314096,2,MA 102,4,10.0,AA
2314096,2,ME 101,4,9.0,AB
2314096,2,PH 101,4,10.0,AA
2314096,2,PH 111,2,10.0,AA
2314097,2,CE 101,3,9.0,AB
2314097,2,EE 101,4,8.0,BB
2314097,2,EE 111,2,9.0,AB
2314097,2,HS 101,3,9.0,AB
2314097,2,HS 111,2,8.0,BB
2314097,2,MA 102,4,9.0,AB
2314097,2,ME 101,4,7.0,BC
2314097,2,PH 101,4,9.0,AB
2314097,2,PH 111,2,10.0,AA
2314098,2,CE 101,3,10.0,AA
2314098,2,EE 101,4,9.0,AB
2314098,2,EE 111,2,10.0,AA
2314098,2,HS 101,3,10.0,AA
2314098,2,HS 111,2,8.0,BB
2314098,2,MA 102,4,10.0,AA
2314098,2,ME 101,4,8.0,BB
2314098,2,PH 101,4,10.0,AA
2314098,2,PH 111,2,10.0,AA
2314099,2,CE 101,3,9.0,AB
2314099,2,EE 101,4,6.0,CC
2314099,2,EE 111,2,9.0,AB
2314099,2,HS 101,3,9.0,AB
2314099,2,HS 111,2,8.0,BB
2314099,2,MA 102,4,7.0,BC
2314099,2,ME 101,4,4.0,DD
2314099,2,PH 101,4,6.0,CC
2314099,2,PH 111,2,10.0,AA
2314100,2,CE 101,3,9.0,AB
2314100,2,EE 101,4,9.0,AB
2314100,2,EE 111,2,9.0,AB
2314100,2,HS 101,3,9.0,AB
2314100,2,HS 111,2,8.0,BB
2314100,2,MA 102,4,10.0,AA
2314100,2,ME 101,4,6.0,CC
2314100,2,PH 101,4,7.0,BC
2314100,2,PH 111,2,10.0,AA
2314101,2,CE 101,3,9.0,AB
2314101,2,EE 101,4,9.0,AB
2314101,2,EE 111,2,10.0,AA
2314101,2,HS 101,3,9.0,AB
2314101,2,HS 111,2,7.0,BC
2314101,2,MA 102,4,10.0,AA
2314101,2,ME 101,4,8.0,BB
2314101,2,PH 101,4,10.0,AA
2314101,2,PH 111,2,10.0,AA
2314102,2,CE 101,3,7.0,BC
2314102,2,EE 101,4,5.0,CD
2314102,2,EE 111,2,9.0,AB
2314102,2,HS 101,3,8.0,BB
2314102,2,HS 111,2,7.0,BC
2314102,2,MA 102,4,4.0,DD
2314102,2,ME 101,4,0.0,F
2314102,2,PH 101,4,5.0,CD
2314102,2,PH 111,2,8.0,BB
2314103,2,CE 101,3,8.0,BB
2314103,2,EE 101,4,5.0,CD
2314103,2,EE 111,2,9.0,AB
2314103,2,HS 101,3,8.0,BB
2314103,2,HS 111,2,7.0,BC
2314103,2,MA 102,4,6.0,CC
2314103,2,ME 101,4,4.0,DD
2314103,2,PH 101,4,6.0,CC
2314103,2,PH 111,2,9.0,AB
2314104,2,CE 101,3,10.0,AA
2314104,2,EE 101,4,9.0,AB
2314104,2,EE 111,2,9.0,AB
2314104,2,HS 101,3,8.0,BB
2314104,2,HS 111,2,7.0,BC
2314104,2,MA 102,4,10.0,AA
2314104,2,ME 101,4,6.0,CC
2314104,2,PH 101,4,9.0,AB
2314104,2,PH 111,2,9.0,AB
2314105,2,CE 101,3,8.0,BB
2314105,2,EE 101,4,7.0,BC
2314105,2,EE 111,2,10.0,AA
2314105,2,HS 101,3,9.0,AB
2314105,2,HS 111,2,7.0,BC
2314105,2,MA 102,4,8.0,BB
2314105,2,ME 101,4,4.0,DD
2314105,2,PH 101,4,7.0,BC
2314105,2,PH 111,2,9.0,AB
2314106,2,CE 101,3,7.0,BC
2314106,2,EE 101,4,8.0,BB
2314106,2,EE 111,2,10.0,AA
2314106,2,HS 101,3,9.0,AB
2314106,2,HS 111,2,8.0,BB
2314106,2,MA 102,4,10.0,AA
2314106,2,ME 101,4,7.0,BC
2314106,2,PH 101,4,10.0,AA
2314106,2,PH 111,2,10.0,AA
2314107,2,CE 101,3,9.0,AB
2314107,2,EE 101,4,8.0,BB
2314107,2,EE 111,2,9.0,AB
2314107,2,HS 101,3,9.0,AB
2314107,2,HS 111,2,8.0,BB
2314107,2,MA 102,4,9.0,AB
2314107,2,ME 101,4,5.0,CD
2314107,2,PH 101,4,8.0,BB
2314107,2,PH 111,2,10.0,AA
2314108,2,CE 101,3,7.0,BC
2314108,2,EE 101,4,8.0,BB
2314108,2,EE 111,2,9.0,AB
2314108,2,HS 101,3,8.0,BB
2314108,2,HS 111,2,8.0,BB
2314108,2,MA 102,4,9.0,AB
2314108,2,ME 101,4,5.0,CD
2314108,2,PH 101,4,9.0,AB
2314108,2,PH 111,2,10.0,AA
2314109,2,CE 101,3,5.0,CD
2314109,2,EE 101,4,6.0,CC
2314109,2,EE 111,2,9.0,AB
2314109,2,HS 101,3,8.0,BB
2314109,2,HS 111,2,8.0,BB
2314109,2,MA 102,4,7.0,BC
2314109,2,ME 101,4,0.0,F
2314109,2,PH 101,4,6.0,CC
2314109,2,PH 111,2,8.0,BB
2314110,2,CE 101,3,7.0,BC
2314110,2,EE 101,4,9.0,AB
2314110,2,EE 111,2,10.0,AA
2314110,2,HS 101,3,8.0,BB
2314110,2,HS 111,2,8.0,BB
2314110,2,MA 102,4,10.0,AA
2314110,2,ME 101,4,7.0,BC
2314110,2,PH 101,4,10.0,AA
2314110,2,PH 111,2,9.0,AB
2314111,2,CE 101,3,7.0,BC
2314111,2,EE 101,4,8.0,BB
2314111,2,EE 111,2,10.0,AA
2314111,2,HS 101,3,9.0,AB
2314111,2,HS 111,2,8.0,BB
2314111,2,MA 102,4,10.0,AA
2314111,2,ME 101,4,5.0,CD
2314111,2,PH 101,4,8.0,BB
2314111,2,PH 111,2,9.0,AB
2314112,2,CE 101,3,7.0,BC
2314112,2,EE 101,4,7.0,BC
2314112,2,EE 111,2,9.0,AB
2314112,2,HS 101,3,8.0,BB
2314112,2,HS 111,2,8.0,BB
2314112,2,MA 102,4,7.0,BC
2314112,2,ME 101,4,6.0,CC
2314112,2,PH 101,4,8.0,BB
2314112,2,PH 111,2,8.0,BB
2314113,2,CE 101,3,8.0,BB
2314113,2,EE 101,4,8.0,BB
2314113,2,EE 111,2,8.0,BB
2314113,2,HS 101,3,8.0,BB
2314113,2,HS 111,2,8.0,BB
2314113,2,MA 102,4,10.0,AA
2314113,2,ME 101,4,7.0,BC
2314113,2,PH 101,4,8.0,BB
2314113,2,PH 111,2,8.0,BB
2314114,2,CE 101,3,10.0,AA
2314114,2,EE 101,4,7.0,BC
2314114,2,EE 111,2,9.0,AB
2314114,2,HS 101,3,8.0,BB
2314114,2,HS 111,2,8.0,BB
2314114,2,MA 102,4,8.0,BB
2314114,2,ME 101,4,7.0,BC
2314114,2,PH 101,4,8.0,BB
2314114,2,PH 111,2,10.0,AA
2314115,2,CE 101,3,7.0,BC
2314115,2,EE 101,4,7.0,BC
2314115,2,EE 111,2,10.0,AA
2314115,2,HS 101,3,9.0,AB
2314115,2,HS 111,2,8.0,BB
2314115,2,MA 102,4,8.0,BB
2314115,2,ME 101,4,5.0,CD
2314115,2,PH 101,4,9.0,AB
2314115,2,PH 111,2,9.0,AB
2314116,2,CE 101,3,7.0,BC
2314116,2,EE 101,4,7.0,BC
2314116,2,EE 111,2,9.0,AB
2314116,2,HS 101,3,9.0,AB
2314116,2,HS 111,2,8.0,BB
2314116,2,MA 102,4,7.0,BC
2314116,2,ME 101,4,0.0,F
2314116,2,PH 101,4,6.0,CC
2314116,2,PH 111,2,8.0,BB
2314117,2,CE 101,3,5.0,CD
2314117,2,EE 101,4,5.0,CD
2314117,2,EE 111,2,8.0,BB
2314117,2,HS 101,3,9.0,AB
2314117,2,HS 111,2,6.0,CC
2314117,2,MA 102,4,5.0,CD
2314117,2,ME 101,4,0.0,F
2314117,2,PH 101,4,5.0,CD
2314117,2,PH 111,2,7.0,BC
2314118,2,CE 101,3,8.0,BB
2314118,2,EE 101,4,8.0,BB
2314118,2,EE 111,2,9.0,AB
2314118,2,HS 101,3,9.0,AB
2314118,2,HS 111,2,8.0,BB
2314118,2,MA 102,4,8.0,BB
2314118,2,ME 101,4,7.0,BC
2314118,2,PH 101,4,10.0,AA
2314118,2,PH 111,2,9.0,AB
2314119,2,CE 101,3,6.0,CC
2314119,2,EE 101,4,4.0,DD
2314119,2,EE 111,2,8.0,BB
2314119,2,HS 101,3,6.0,CC
2314119,2,HS 111,2,6.0,CC
2314119,2,MA 102,4,6.0,CC
2314119,2,ME 101,4,0.0,F
2314119,2,PH 101,4,6.0,CC
2314119,2,PH 111,2,7.0,BC
2314120,2,CE 101,3,9.0,AB
2314120,2,EE 101,4,7.0,BC
2314120,2,EE 111,2,9.0,AB
2314120,2,HS 101,3,9.0,AB
2314120,2,HS 111,2,8.0,BB
2314120,2,MA 102,4,6.0,CC
2314120,2,ME 101,4,4.0,DD
2314120,2,PH 101,4,7.0,BC
2314120,2,PH 111,2,9.0,AB
2314121,2,CE 101,3,7.0,BC
2314121,2,EE 101,4,7.0,BC
2314121,2,EE 111,2,9.0,AB
2314121,2,HS 101,3,9.0,AB
2314121,2,HS 111,2,8.0,BB
2314121,2,MA 102,4,7.0,BC
2314121,2,ME 101,4,5.0,CD
2314121,2,PH 101,4,6.0,CC
2314121,2,PH 111,2,9.0,AB
2314122,2,CE 101,3,7.0,BC
2314122,2,EE 101,4,8.0,BB
2314122,2,EE 111,2,9.0,AB
2314122,2,HS 101,3,8.0,BB
2314122,2,HS 111,2,8.0,BB
2314122,2,MA 102,4,8.0,BB
2314122,2,ME 101,4,8.0,BB
2314122,2,PH 101,4,8.0,BB
2314122,2,PH 111,2,9.0,AB
2314123,2,CE 101,3,8.0,BB
2314123,2,EE 101,4,6.0,CC
2314123,2,EE 111,2,9.0,AB
2314123,2,HS 101,3,8.0,BB
2314123,2,HS 111,2,8.0,BB
2314123,2,MA 102,4,8.0,BB
2314123,2,ME 101,4,6.0,CC
2314123,2,PH 101,4,7.0,BC
2314123,2,PH 111,2,8.0,BB
2314124,2,CE 101,3,10.0,AA
2314124,2,EE 101,4,6.0,CC
2314124,2,EE 111,2,9.0,AB
2314124,2,HS 101,3,9.0,AB
2314124,2,HS 111,2,8.0,BB
2314124,2,MA 102,4,9.0,AB
2314124,2,ME 101,4,5.0,CD
2314124,2,PH 101,4,8.0,BB
2314124,2,PH 111,2,10.0,AA
2314125,2,CE 101,3,9.0,AB
2314125,2,EE 101,4,6.0,CC
2314125,2,EE 111,2,9.0,AB
2314125,2,HS 101,3,9.0,AB
2314125,2,HS 111,2,9.0,AB
2314125,2,MA 102,4,7.0,BC
2314125,2,ME 101,4,5.0,CD
2314125,2,PH 101,4,7.0,BC
2314125,2,PH 111,2,8.0,BB
2314126,2,CE 101,3,8.0,BB
2314126,2,EE 101,4,7.0,BC
2314126,2,EE 111,2,9.0,AB
2314126,2,HS 101,3,7.0,BC
2314126,2,HS 111,2,9.0,AB
2314126,2,MA 102,4,8.0,BB
2314126,2,ME 101,4,7.0,BC
2314126,2,PH 101,4,7.0,BC
2314126,2,PH 111,2,10.0,AA
2314127,2,CE 101,3,8.0,BB
2314127,2,EE 101,4,9.0,AB
2314127,2,EE 111,2,9.0,AB
2314127,2,HS 101,3,8.0,BB
2314127,2,HS 111,2,9.0,AB
2314127,2,MA 102,4,9.0,AB
2314127,2,ME 101,4,8.0,BB
2314127,2,PH 101,4,7.0,BC
2314127,2,PH 111,2,9.0,AB
2314128,2,CE 101,3,7.0,BC
2314128,2,EE 101,4,6.0,CC
2314128,2,EE 111,2,8.0,BB
2314128,2,HS 101,3,8.0,BB
2314128,2,HS 111,2,9.0,AB
2314128,2,MA 102,4,7.0,BC
2314128,2,ME 101,4,6.0,CC
2314128,2,PH 101,4,7.0,BC
2314128,2,PH 111,2,7.0,BC
2314129,2,CE 101,3,6.0,CC
2314129,2,EE 101,4,8.0,BB
2314129,2,EE 111,2,9.0,AB
2314129,2,HS 101,3,9.0,AB
2314129,2,HS 111,2,9.0,AB
2314129,2,MA 102,4,7.0,BC
2314129,2,ME 101,4,6.0,CC
2314129,2,PH 101,4,7.0,BC
2314129,2,PH 111,2,9.0,AB
2314130,2,CE 101,3,8.0,BB
2314130,2,EE 101,4,8.0,BB
2314130,2,EE 111,2,9.0,AB
2314130,2,HS 101,3,9.0,AB
2314130,2,HS 111,2,9.0,AB
2314130,2,MA 102,4,7.0,BC
2314130,2,ME 101,4,5.0,CD
2314130,2,PH 101,4,7.0,BC
2314130,2,PH 111,2,10.0,AA
2314131,2,CE 101,3,7.0,BC
2314131,2,EE 101,4,8.0,BB
2314131,2,EE 111,2,9.0,AB
2314131,2,HS 101,3,8.0,BB
2314131,2,HS 111,2,9.0,AB
2314131,2,MA 102,4,8.0,BB
2314131,2,ME 101,4,4.0,DD
2314131,2,PH 101,4,5.0,CD
2314131,2,PH 111,2,10.0,AA
2314132,2,CE 101,3,7.0,BC
2314132,2,EE 101,4,4.0,DD
2314132,2,EE 111,2,9.0,AB
2314132,2,HS 101,3,6.0,CC
2314132,2,HS 111,2,8.0,BB
2314132,2,MA 102,4,0.0,F
2314132,2,ME 101,4,0.0,F
2314132,2,PH 101,4,4.0,DD
2314132,2,PH 111,2,8.0,BB
2314133,2,CE 101,3,9.0,AB
2314133,2,EE 101,4,9.0,AB
2314133,2,EE 111,2,9.0,AB
2314133,2,HS 101,3,8.0,BB
2314133,2,HS 111,2,8.0,BB
2314133,2,MA 102,4,10.0,AA
2314133,2,ME 101,4,7.0,BC
2314133,2,PH 101,4,9.0,AB
2314133,2,PH 111,2,9.0,AB
2314134,2,CE 101,3,6.0,CC
2314134,2,EE 101,4,6.0,CC
2314134,2,EE 111,2,9.0,AB
2314134,2,HS 101,3,7.0,BC
2314134,2,HS 111,2,9.0,AB
2314134,2,MA 102,4,6.0,CC
2314134,2,ME 101,4,4.0,DD
2314134,2,PH 101,4,6.0,CC
2314134,2,PH 111,2,10.0,AA
2314135,2,CE 101,3,10.0,AA
2314135,2,EE 101,4,9.0,AB
2314135,2,EE 111,2,9.0,AB
2314135,2,HS 101,3,9.0,AB
2314135,2,HS 111,2,8.0,BB
2314135,2,MA 102,4,10.0,AA
2314135,2,ME 101,4,9.0,AB
2314135,2,PH 101,4,9.0,AB
2314135,2,PH 111,2,10.0,AA
2314136,2,CE 101,3,7.0,BC
2314136,2,EE 101,4,7.0,BC
2314136,2,EE 111,2,9.0,AB
2314136,2,HS 101,3,9.0,AB
2314136,2,HS 111,2,8.0,BB
2314136,2,MA 102,4,8.0,BB
2314136,2,ME 101,4,5.0,CD
2314136,2,PH 101,4,6.0,CC
2314136,2,PH 111,2,9.0,AB
2314137,2,CE 101,3,5.0,CD
2314137,2,EE 101,4,5.0,CD
2314137,2,EE 111,2,9.0,AB
2314137,2,HS 101,3,8.0,BB
2314137,2,HS 111,2,8.0,BB
2314137,2,MA 102,4,6.0,CC
2314137,2,ME 101,4,0.0,F
2314137,2,PH 101,4,5.0,CD
2314137,2,PH 111,2,8.0,BB
2314138,2,CE 101,3,8.0,BB
2314138,2,EE 101,4,6.0,CC
2314138,2,EE 111,2,8.0,BB
2314138,2,HS 101,3,8.0,BB
2314138,2,HS 111,2,8.0,BB
2314138,2,MA 102,4,6.0,CC
2314138,2,ME 101,4,5.0,CD
2314138,2,PH 101,4,7.0,BC
2314138,2,PH 111,2,8.0,BB
2314139,2,CE 101,3,8.0,BB
2314139,2,EE 101,4,8.0,BB
2314139,2,EE 111,2,9.0,AB
2314139,2,HS 101,3,7.0,BC
2314139,2,HS 111,2,8.0,BB
2314139,2,MA 102,4,9.0,AB
2314139,2,ME 101,4,6.0,CC
2314139,2,PH 101,4,9.0,AB
2314139,2,PH 111,2,9.0,AB
2314140,2,CE 101,3,7.0,BC
2314140,2,EE 101,4,7.0,BC
2314140,2,EE 111,2,9.0,AB
2314140,2,HS 101,3,9.0,AB
2314140,2,HS 111,2,8.0,BB
2314140,2,MA 102,4,6.0,CC
2314140,2,ME 101,4,0.0,F
2314140,2,PH 101,4,6.0,CC
2314140,2,PH 111,2,9.0,AB
2314141,2,CE 101,3,9.0,AB
2314141,2,EE 101,4,8.0,BB
2314141,2,EE 111,2,10.0,AA
2314141,2,HS 101,3,10.0,AA
2314141,2,HS 111,2,8.0,BB
2314141,2,MA 102,4,7.0,BC
2314141,2,ME 101,4,8.0,BB
2314141,2,PH 101,4,9.0,AB
2314141,2,PH 111,2,10.0,AA
2314142,2,CE 101,3,9.0,AB
2314142,2,EE 101,4,8.0,BB
2314142,2,EE 111,2,10.0,AA
2314142,2,HS 101,3,9.0,AB
2314142,2,HS 111,2,9.0,AB
2314142,2,MA 102,4,8.0,BB
2314142,2,ME 101,4,7.0,BC
2314142,2,PH 101,4,9.0,AB
2314142,2,PH 111,2,10.0,AA
2314143,2,CE 101,3,9.0,AB
2314143,2,EE 101,4,6.0,CC
2314143,2,EE 111,2,9.0,AB
2314143,2,HS 101,3,8.0,BB
2314143,2,HS 111,2,9.0,AB
2314143,2,MA 102,4,8.0,BB
2314143,2,ME 101,4,4.0,DD
2314143,2,PH 101,4,6.0,CC
2314143,2,PH 111,2,8.0,BB
2314144,2,CE 101,3,9.0,AB
2314144,2,EE 101,4,9.0,AB
2314144,2,EE 111,2,9.0,AB
2314144,2,HS 101,3,10.0,AA
2314144,2,HS 111,2,9.0,AB
2314144,2,MA 102,4,10.0,AA
2314144,2,ME 101,4,7.0,BC
2314144,2,PH 101,4,9.0,AB
2314144,2,PH 111,2,10.0,AA
2314145,2,CE 101,3,8.0,BB
2314145,2,EE 101,4,5.0,CD
2314145,2,EE 111,2,9.0,AB
2314145,2,HS 101,3,9.0,AB
2314145,2,HS 111,2,9.0,AB
2314145,2,MA 102,4,4.0,DD
2314145,2,ME 101,4,4.0,DD
2314145,2,PH 101,4,6.0,CC
2314145,2,PH 111,2,9.0,AB
2314146,2,CE 101,3,9.0,AB
2314146,2,EE 101,4,8.0,BB
2314146,2,EE 111,2,9.0,AB
2314146,2,HS 101,3,8.0,BB
2314146,2,HS 111,2,9.0,AB
2314146,2,MA 102,4,10.0,AA
2314146,2,ME 101,4,10.0,AA
2314146,2,PH 101,4,9.0,AB
2314146,2,PH 111,2,10.0,AA
2314147,2,CE 101,3,9.0,AB
2314147,2,EE 101,4,8.0,BB
2314147,2,EE 111,2,9.0,AB
2314147,2,HS 101,3,9.0,AB
2314147,2,HS 111,2,9.0,AB
2314147,2,MA 102,4,8.0,BB
2314147,2,ME 101,4,6.0,CC
2314147,2,PH 101,4,8.0,BB
2314147,2,PH 111,2,10.0,AA
2314148,2,CE 101,3,9.0,AB
2314148,2,EE 101,4,8.0,BB
2314148,2,EE 111,2,9.0,AB
2314148,2,HS 101,3,9.0,AB
2314148,2,HS 111,2,9.0,AB
2314148,2,MA 102,4,8.0,BB
2314148,2,ME 101,4,6.0,CC
2314148,2,PH 101,4,7.0,BC
2314148,2,PH 111,2,9.0,AB
2314149,2,CE 101,3,7.0,BC
2314149,2,EE 101,4,8.0,BB
2314149,2,EE 111,2,6.0,CC
2314149,2,HS 101,3,9.0,AB
2314149,2,HS 111,2,9.0,AB
2314149,2,MA 102,4,7.0,BC
2314149,2,ME 101,4,7.0,BC
2314149,2,PH 101,4,8.0,BB
2314149,2,PH 111,2,7.0,BC
2314151,2,CE 101,3,8.0,BB
2314151,2,EE 101,4,8.0,BB
2314151,2,EE 111,2,9.0,AB
2314151,2,HS 101,3,9.0,AB
2314151,2,HS 111,2,8.0,BB
2314151,2,MA 102,4,9.0,AB
2314151,2,ME 101,4,5.0,CD
2314151,2,PH 101,4,8.0,BB
2314151,2,PH 111,2,8.0,BB
2314152,2,CE 101,3,8.0,BB
2314152,2,EE 101,4,8.0,BB
2314152,2,EE 111,2,9.0,AB
2314152,2,HS 101,3,10.0,AA
2314152,2,HS 111,2,9.0,AB
2314152,2,MA 102,4,9.0,AB
2314152,2,ME 101,4,5.0,CD
2314152,2,PH 101,4,8.0,BB
2314152,2,PH 111,2,10.0,AA
2314153,2,CE 101,3,7.0,BC
2314153,2,EE 101,4,6.0,CC
2314153,2,EE 111,2,9.0,AB
2314153,2,HS 101,3,9.0,AB
2314153,2,HS 111,2,8.0,BB
2314153,2,MA 102,4,7.0,BC
2314153,2,ME 101,4,5.0,CD
2314153,2,PH 101,4,5.0,CD
2314153,2,PH 111,2,9.0,AB
2314154,2,CE 101,3,9.0,AB
2314154,2,EE 101,4,8.0,BB
2314154,2,EE 111,2,9.0,AB
2314154,2,HS 101,3,10.0,AA
2314154,2,HS 111,2,8.0,BB
2314154,2,MA 102,4,10.0,AA
2314154,2,ME 101,4,8.0,BB
2314154,2,PH 101,4,9.0,AB
2314154,2,PH 111,2,9.0,AB
2314155,2,CE 101,3,9.0,AB
2314155,2,EE 101,4,6.0,CC
2314155,2,EE 111,2,10.0,AA
2314155,2,HS 101,3,9.0,AB
2314155,2,HS 111,2,8.0,BB
2314155,2,MA 102,4,7.0,BC
2314155,2,ME 101,4,6.0,CC
2314155,2,PH 101,4,6.0,CC
2314155,2,PH 111,2,10.0,AA
2314156,2,CE 101,3,7.0,BC
2314156,2,EE 101,4,7.0,BC
2314156,2,EE 111,2,9.0,AB
2314156,2,HS 101,3,8.0,BB
2314156,2,HS 111,2,8.0,BB
2314156,2,MA 102,4,7.0,BC
2314156,2,ME 101,4,5.0,CD
2314156,2,PH 101,4,7.0,BC
2314156,2,PH 111,2,7.0,BC
2314157,2,CE 101,3,9.0,AB
2314157,2,EE 101,4,9.0,AB
2314157,2,EE 111,2,9.0,AB
2314157,2,HS 101,3,8.0,BB
2314157,2,HS 111,2,8.0,BB
2314157,2,MA 102,4,9.0,AB
2314157,2,ME 101,4,5.0,CD
2314157,2,PH 101,4,9.0,AB
2314157,2,PH 111,2,9.0,AB
2314158,2,CE 101,3,8.0,BB
2314158,2,EE 101,4,7.0,BC
2314158,2,EE 111,2,9.0,AB
2314158,2,HS 101,3,9.0,AB
2314158,2,HS 111,2,8.0,BB
2314158,2,MA 102,4,8.0,BB
2314158,2,ME 101,4,0.0,F
2314158,2,PH 101,4,6.0,CC
2314158,2,PH 111,2,8.0,BB
2314159,2,CE 101,3,6.0,CC
2314159,2,EE 101,4,5.0,CD
2314159,2,EE 111,2,9.0,AB
2314159,2,HS 101,3,9.0,AB
2314159,2,HS 111,2,8.0,BB
2314159,2,MA 102,4,7.0,BC
2314159,2,ME 101,4,4.0,DD
2314159,2,PH 101,4,7.0,BC
2314159,2,PH 111,2,8.0,BB
2314160,2,CE 101,3,9.0,AB
2314160,2,EE 101,4,8.0,BB
2314160,2,EE 111,2,10.0,AA
2314160,2,HS 101,3,10.0,AA
2314160,2,HS 111,2,8.0,BB
2314160,2,MA 102,4,10.0,AA
2314160,2,ME 101,4,8.0,BB
2314160,2,PH 101,4,10.0,AA
2314160,2,PH 111,2,10.0,AA
2314161,2,CE 101,3,4.0,DD
2314161,2,EE 101,4,4.0,DD
2314161,2,EE 111,2,9.0,AB
2314161,2,HS 101,3,7.0,BC
2314161,2,HS 111,2,8.0,BB
2314161,2,MA 102,4,0.0,F
2314161,2,ME 101,4,0.0,F
2314161,2,PH 101,4,4.0,DD
2314161,2,PH 111,2,7.0,BC
2314162,2,CE 101,3,6.0,CC
2314162,2,EE 101,4,4.0,DD
2314162,2,EE 111,2,7.0,BC
2314162,2,HS 101,3,5.0,CD
2314162,2,HS 111,2,8.0,BB
2314162,2,MA 102,4,0.0,F
2314162,2,ME 101,4,0.0,F
2314162,2,PH 101,4,4.0,DD
2314162,2,PH 111,2,4.0,DD
2314163,2,CE 101,3,6.0,CC
2314163,2,EE 101,4,5.0,CD
2314163,2,EE 111,2,9.0,AB
2314163,2,HS 101,3,6.0,CC
2314163,2,HS 111,2,9.0,AB
2314163,2,MA 102,4,4.0,DD
2314163,2,ME 101,4,0.0,F
2314163,2,PH 101,4,0.0,F
2314163,2,PH 111,2,5.0,CD
2314164,2,CE 101,3,6.0,CC
2314164,2,EE 101,4,6.0,CC
2314164,2,EE 111,2,9.0,AB
2314164,2,HS 101,3,6.0,CC
2314164,2,HS 111,2,8.0,BB
2314164,2,MA 102,4,6.0,CC
2314164,2,ME 101,4,0.0,F
2314164,2,PH 101,4,4.0,DD
2314164,2,PH 111,2,5.0,CD
2315001,2,CE 102,3,8.0,BB
2315001,2,CH 101,4,10.0,AA
2315001,2,CH 111,2,10.0,AA
2315001,2,CS 101,4,10.0,AA
2315001,2,CS 111,2,9.0,AB
2315001,2,EC 101,4,9.0,AB
2315001,2,EC 111,2,9.0,AB
2315001,2,MA 102,4,10.0,AA
2315001,2,ME 111,2,8.0,BB
2315002,2,CE 102,3,8.0,BB
2315002,2,CH 101,4,9.0,AB
2315002,2,CH 111,2,10.0,AA
2315002,2,CS 101,4,9.0,AB
2315002,2,CS 111,2,10.0,AA
2315002,2,EC 101,4,10.0,AA
2315002,2,EC 111,2,10.0,AA
2315002,2,MA 102,4,10.0,AA
2315002,2,ME 111,2,10.0,AA
2315003,2,CE 102,3,6.0,CC
2315003,2,CH 101,4,6.0,CC
2315003,2,CH 111,2,10.0,AA
2315003,2,CS 101,4,5.0,CD
2315003,2,CS 111,2,8.0,BB
2315003,2,EC 101,4,8.0,BB
2315003,2,EC 111,2,9.0,AB
2315003,2,MA 102,4,8.0,BB
2315003,2,ME 111,2,6.0,CC
2315004,2,CE 102,3,5.0,CD
2315004,2,CH 101,4,5.0,CD
2315004,2,CH 111,2,9.0,AB
2315004,2,CS 101,4,4.0,DD
2315004,2,CS 111,2,8.0,BB
2315004,2,EC 101,4,4.0,DD
2315004,2,EC 111,2,9.0,AB
2315004,2,MA 102,4,5.0,CD
2315004,2,ME 111,2,4.0,DD
2315005,2,CE 102,3,7.0,BC
2315005,2,CH 101,4,9.0,AB
2315005,2,CH 111,2,10.0,AA
2315005,2,CS 101,4,9.0,AB
2315005,2,CS 111,2,9.0,AB
2315005,2,EC 101,4,9.0,AB
2315005,2,EC 111,2,9.0,AB
2315005,2,MA 102,4,8.0,BB
2315005,2,ME 111,2,7.0,BC
2315006,2,CE 102,3,5.0,CD
2315006,2,CH 101,4,6.0,CC
2315006,2,CH 111,2,10.0,AA
2315006,2,CS 101,4,4.0,DD
2315006,2,CS 111,2,8.0,BB
2315006,2,EC 101,4,6.0,CC
2315006,2,EC 111,2,8.0,BB
2315006,2,MA 102,4,6.0,CC
2315006,2,ME 111,2,7.0,BC
2315007,2,CE 102,3,7.0,BC
2315007,2,CH 101,4,8.0,BB
2315007,2,CH 111,2,10.0,AA
2315007,2,CS 101,4,8.0,BB
2315007,2,CS 111,2,10.0,AA
2315007,2,EC 101,4,7.0,BC
2315007,2,EC 111,2,9.0,AB
2315007,2,MA 102,4,10.0,AA
2315007,2,ME 111,2,9.0,AB
2315008,2,CE 102,3,7.0,BC
2315008,2,CH 101,4,10.0,AA
2315008,2,CH 111,2,10.0,AA
2315008,2,CS 101,4,7.0,BC
2315008,2,CS 111,2,8.0,BB
2315008,2,EC 101,4,10.0,AA
2315008,2,EC 111,2,9.0,AB
2315008,2,MA 102,4,9.0,AB
2315008,2,ME 111,2,10.0,AA
2315009,2,CE 102,3,8.0,BB
2315009,2,CH 101,4,9.0,AB
2315009,2,CH 111,2,10.0,AA
2315009,2,CS 101,4,10.0,AA
2315009,2,CS 111,2,10.0,AA
2315009,2,EC 101,4,9.0,AB
2315009,2,EC 111,2,10.0,AA
2315009,2,MA 102,4,9.0,AB
2315009,2,ME 111,2,10.0,AA
2315010,2,CE 102,3,6.0,CC
2315010,2,CH 101,4,8.0,BB
2315010,2,CH 111,2,10.0,AA
2315010,2,CS 101,4,8.0,BB
2315010,2,CS 111,2,9.0,AB
2315010,2,EC 101,4,9.0,AB
2315010,2,EC 111,2,10.0,AA
2315010,2,MA 102,4,9.0,AB
2315010,2,ME 111,2,9.0,AB
2315011,2,CE 102,3,7.0,BC
2315011,2,CH 101,4,9.0,AB
2315011,2,CH 111,2,10.0,AA
2315011,2,CS 101,4,9.0,AB
2315011,2,CS 111,2,10.0,AA
2315011,2,EC 101,4,8.0,BB
2315011,2,EC 111,2,9.0,AB
2315011,2,MA 102,4,7.0,BC
2315011,2,ME 111,2,10.0,AA
2315012,2,CE 102,3,6.0,CC
2315012,2,CH 101,4,8.0,BB
2315012,2,CH 111,2,9.0,AB
2315012,2,CS 101,4,6.0,CC
2315012,2,CS 111,2,9.0,AB
2315012,2,EC 101,4,9.0,AB
2315012,2,EC 111,2,9.0,AB
2315012,2,MA 102,4,8.0,BB
2315012,2,ME 111,2,9.0,AB
2315013,2,CE 102,3,7.0,BC
2315013,2,CH 101,4,9.0,AB
2315013,2,CH 111,2,10.0,AA
2315013,2,CS 101,4,10.0,AA
2315013,2,CS 111,2,10.0,AA
2315013,2,EC 101,4,10.0,AA
2315013,2,EC 111,2,10.0,AA
2315013,2,MA 102,4,10.0,AA
2315013,2,ME 111,2,8.0,BB
2315014,2,CE 102,3,6.0,CC
2315014,2,CH 101,4,9.0,AB
2315014,2,CH 111,2,10.0,AA
2315014,2,CS 101,4,7.0,BC
2315014,2,CS 111,2,9.0,AB
2315014,2,EC 101,4,7.0,BC
2315014,2,EC 111,2,10.0,AA
2315014,2,MA 102,4,7.0,BC
2315014,2,ME 111,2,8.0,BB
2315015,2,CE 102,3,6.0,CC
2315015,2,CH 101,4,8.0,BB
2315015,2,CH 111,2,10.0,AA
2315015,2,CS 101,4,6.0,CC
2315015,2,CS 111,2,8.0,BB
2315015,2,EC 101,4,9.0,AB
2315015,2,EC 111,2,9.0,AB
2315015,2,MA 102,4,9.0,AB
2315015,2,ME 111,2,6.0,CC
2315016,2,CE 102,3,10.0,AA
2315016,2,CH 101,4,9.0,AB
2315016,2,CH 111,2,10.0,AA
2315016,2,CS 101,4,6.0,CC
2315016,2,CS 111,2,8.0,BB
2315016,2,EC 101,4,9.0,AB
2315016,2,EC 111,2,9.0,AB
2315016,2,MA 102,4,6.0,CC
2315016,2,ME 111,2,10.0,AA
2315017,2,CE 102,3,6.0,CC
2315017,2,CH 101,4,9.0,AB
2315017,2,CH 111,2,9.0,AB
2315017,2,CS 101,4,9.0,AB
2315017,2,CS 111,2,10.0,AA
2315017,2,EC 101,4,9.0,AB
2315017,2,EC 111,2,10.0,AA
2315017,2,MA 102,4,8.0,BB
2315017,2,ME 111,2,9.0,AB
2315018,2,CE 102,3,5.0,CD
2315018,2,CH 101,4,6.0,CC
2315018,2,CH 111,2,10.0,AA
2315018,2,CS 101,4,5.0,CD
2315018,2,CS 111,2,8.0,BB
2315018,2,EC 101,4,8.0,BB
2315018,2,EC 111,2,9.0,AB
2315018,2,MA 102,4,7.0,BC
2315018,2,ME 111,2,9.0,AB
2315019,2,CE 102,3,7.0,BC
2315019,2,CH 101,4,9.0,AB
2315019,2,CH 111,2,10.0,AA
2315019,2,CS 101,4,6.0,CC
2315019,2,CS 111,2,9.0,AB
2315019,2,EC 101,4,9.0,AB
2315019,2,EC 111,2,10.0,AA
2315019,2,MA 102,4,6.0,CC
2315019,2,ME 111,2,10.0,AA
2315020,2,CE 102,3,8.0,BB
2315020,2,CH 101,4,9.0,AB
2315020,2,CH 111,2,9.0,AB
2315020,2,CS 101,4,7.0,BC
2315020,2,CS 111,2,9.0,AB
2315020,2,EC 101,4,7.0,BC
2315020,2,EC 111,2,9.0,AB
2315020,2,MA 102,4,7.0,BC
2315020,2,ME 111,2,10.0,AA
2315021,2,CE 102,3,8.0,BB
2315021,2,CH 101,4,9.0,AB
2315021,2,CH 111,2,9.0,AB
2315021,2,CS 101,4,6.0,CC
2315021,2,CS 111,2,8.0,BB
2315021,2,EC 101,4,8.0,BB
2315021,2,EC 111,2,10.0,AA
2315021,2,MA 102,4,8.0,BB
2315021,2,ME 111,2,9.0,AB
2315022,2,CE 102,3,8.0,BB
2315022,2,CH 101,4,9.0,AB
2315022,2,CH 111,2,9.0,AB
2315022,2,CS 101,4,8.0,BB
2315022,2,CS 111,2,9.0,AB
2315022,2,EC 101,4,8.0,BB
2315022,2,EC 111,2,9.0,AB
2315022,2,MA 102,4,9.0,AB
2315022,2,ME 111,2,8.0,BB
2315023,2,CE 102,3,8.0,BB
2315023,2,CH 101,4,7.0,BC
2315023,2,CH 111,2,10.0,AA
2315023,2,CS 101,4,6.0,CC
2315023,2,CS 111,2,8.0,BB
2315023,2,EC 101,4,10.0,AA
2315023,2,EC 111,2,9.0,AB
2315023,2,MA 102,4,8.0,BB
2315023,2,ME 111,2,8.0,BB
2315024,2,CE 102,3,5.0,CD
2315024,2,CH 101,4,9.0,AB
2315024,2,CH 111,2,10.0,AA
2315024,2,CS 101,4,5.0,CD
2315024,2,CS 111,2,8.0,BB
2315024,2,EC 101,4,7.0,BC
2315024,2,EC 111,2,9.0,AB
2315024,2,MA 102,4,7.0,BC
2315024,2,ME 111,2,8.0,BB
2315025,2,CE 102,3,6.0,CC
2315025,2,CH 101,4,8.0,BB
2315025,2,CH 111,2,10.0,AA
2315025,2,CS 101,4,8.0,BB
2315025,2,CS 111,2,9.0,AB
2315025,2,EC 101,4,9.0,AB
2315025,2,EC 111,2,8.0,BB
2315025,2,MA 102,4,9.0,AB
2315025,2,ME 111,2,9.0,AB
2315026,2,CE 102,3,6.0,CC
2315026,2,CH 101,4,8.0,BB
2315026,2,CH 111,2,9.0,AB
2315026,2,CS 101,4,5.0,CD
2315026,2,CS 111,2,8.0,BB
2315026,2,EC 101,4,7.0,BC
2315026,2,EC 111,2,9.0,AB
2315026,2,MA 102,4,6.0,CC
2315026,2,ME 111,2,9.0,AB
2315027,2,CE 102,3,7.0,BC
2315027,2,CH 101,4,7.0,BC
2315027,2,CH 111,2,10.0,AA
2315027,2,CS 101,4,5.0,CD
2315027,2,CS 111,2,8.0,BB
2315027,2,EC 101,4,7.0,BC
2315027,2,EC 111,2,9.0,AB
2315027,2,MA 102,4,7.0,BC
2315027,2,ME 111,2,7.0,BC
2315028,2,CE 102,3,9.0,AB
2315028,2,CH 101,4,9.0,AB
2315028,2,CH 111,2,10.0,AA
2315028,2,CS 101,4,8.0,BB
2315028,2,CS 111,2,9.0,AB
2315028,2,EC 101,4,10.0,AA
2315028,2,EC 111,2,9.0,AB
2315028,2,MA 102,4,8.0,BB
2315028,2,ME 111,2,8.0,BB
2315029,2,CE 102,3,7.0,BC
2315029,2,CH 101,4,7.0,BC
2315029,2,CH 111,2,10.0,AA
2315029,2,CS 101,4,7.0,BC
2315029,2,CS 111,2,8.0,BB
2315029,2,EC 101,4,6.0,CC
2315029,2,EC 111,2,9.0,AB
2315029,2,MA 102,4,7.0,BC
2315029,2,ME 111,2,7.0,BC
2315030,2,CE 102,3,7.0,BC
2315030,2,CH 101,4,6.0,CC
2315030,2,CH 111,2,10.0,AA
2315030,2,CS 101,4,7.0,BC
2315030,2,CS 111,2,9.0,AB
2315030,2,EC 101,4,5.0,CD
2315030,2,EC 111,2,9.0,AB
2315030,2,MA 102,4,5.0,CD
2315030,2,ME 111,2,7.0,BC
2315031,2,CE 102,3,7.0,BC
2315031,2,CH 101,4,9.0,AB
2315031,2,CH 111,2,10.0,AA
2315031,2,CS 101,4,9.0,AB
2315031,2,CS 111,2,9.0,AB
2315031,2,EC 101,4,9.0,AB
2315031,2,EC 111,2,9.0,AB
2315031,2,MA 102,4,10.0,AA
2315031,2,ME 111,2,9.0,AB
2315032,2,CE 102,3,7.0,BC
2315032,2,CH 101,4,9.0,AB
2315032,2,CH 111,2,10.0,AA
2315032,2,CS 101,4,8.0,BB
2315032,2,CS 111,2,9.0,AB
2315032,2,EC 101,4,9.0,AB
2315032,2,EC 111,2,9.0,AB
2315032,2,MA 102,4,8.0,BB
2315032,2,ME 111,2,9.0,AB
2315033,2,CE 102,3,6.0,CC
2315033,2,CH 101,4,7.0,BC
2315033,2,CH 111,2,9.0,AB
2315033,2,CS 101,4,6.0,CC
2315033,2,CS 111,2,8.0,BB
2315033,2,EC 101,4,6.0,CC
2315033,2,EC 111,2,9.0,AB
2315033,2,MA 102,4,5.0,CD
2315033,2,ME 111,2,8.0,BB
2315034,2,CE 102,3,8.0,BB
2315034,2,CH 101,4,9.0,AB
2315034,2,CH 111,2,10.0,AA
2315034,2,CS 101,4,8.0,BB
2315034,2,CS 111,2,9.0,AB
2315034,2,EC 101,4,9.0,AB
2315034,2,EC 111,2,9.0,AB
2315034,2,MA 102,4,10.0,AA
2315034,2,ME 111,2,7.0,BC
2315035,2,CE 102,3,6.0,CC
2315035,2,CH 101,4,7.0,BC
2315035,2,CH 111,2,9.0,AB
2315035,2,CS 101,4,5.0,CD
2315035,2,CS 111,2,8.0,BB
2315035,2,EC 101,4,8.0,BB
2315035,2,EC 111,2,9.0,AB
2315035,2,MA 102,4,6.0,CC
2315035,2,ME 111,2,5.0,CD
2315036,2,CE 102,3,6.0,CC
2315036,2,CH 101,4,7.0,BC
2315036,2,CH 111,2,9.0,AB
2315036,2,CS 101,4,6.0,CC
2315036,2,CS 111,2,8.0,BB
2315036,2,EC 101,4,9.0,AB
2315036,2,EC 111,2,9.0,AB
2315036,2,MA 102,4,7.0,BC
2315036,2,ME 111,2,7.0,BC
2315037,2,CE 102,3,5.0,CD
2315037,2,CH 101,4,8.0,BB
2315037,2,CH 111,2,9.0,AB
2315037,2,CS 101,4,8.0,BB
2315037,2,CS 111,2,9.0,AB
2315037,2,EC 101,4,9.0,AB
2315037,2,EC 111,2,9.0,AB
2315037,2,MA 102,4,9.0,AB
2315037,2,ME 111,2,8.0,BB
2315038,2,CE 102,3,6.0,CC
2315038,2,CH 101,4,8.0,BB
2315038,2,CH 111,2,8.0,BB
2315038,2,CS 101,4,7.0,BC
2315038,2,CS 111,2,10.0,AA
2315038,2,EC 101,4,8.0,BB
2315038,2,EC 111,2,9.0,AB
2315038,2,MA 102,4,8.0,BB
2315038,2,ME 111,2,9.0,AB
2315039,2,CE 102,3,8.0,BB
2315039,2,CH 101,4,10.0,AA
2315039,2,CH 111,2,9.0,AB
2315039,2,CS 101,4,9.0,AB
2315039,2,CS 111,2,10.0,AA
2315039,2,EC 101,4,10.0,AA
2315039,2,EC 111,2,9.0,AB
2315039,2,MA 102,4,10.0,AA
2315039,2,ME 111,2,9.0,AB
2315040,2,CE 102,3,6.0,CC
2315040,2,CH 101,4,9.0,AB
2315040,2,CH 111,2,10.0,AA
2315040,2,CS 101,4,9.0,AB
2315040,2,CS 111,2,9.0,AB
2315040,2,EC 101,4,9.0,AB
2315040,2,EC 111,2,9.0,AB
2315040,2,MA 102,4,7.0,BC
2315040,2,ME 111,2,9.0,AB
2315041,2,CE 102,3,8.0,BB
2315041,2,CH 101,4,10.0,AA
2315041,2,CH 111,2,9.0,AB
2315041,2,CS 101,4,7.0,BC
2315041,2,CS 111,2,9.0,AB
2315041,2,EC 101,4,9.0,AB
2315041,2,EC 111,2,9.0,AB
2315041,2,MA 102,4,9.0,AB
2315041,2,ME 111,2,7.0,BC
2315042,2,CE 102,3,6.0,CC
2315042,2,CH 101,4,8.0,BB
2315042,2,CH 111,2,9.0,AB
2315042,2,CS 101,4,7.0,BC
2315042,2,CS 111,2,10.0,AA
2315042,2,EC 101,4,9.0,AB
2315042,2,EC 111,2,9.0,AB
2315042,2,MA 102,4,7.0,BC
2315042,2,ME 111,2,7.0,BC
2315043,2,CE 102,3,8.0,BB
2315043,2,CH 101,4,9.0,AB
2315043,2,CH 111,2,8.0,BB
2315043,2,CS 101,4,10.0,AA
2315043,2,CS 111,2,10.0,AA
2315043,2,EC 101,4,10.0,AA
2315043,2,EC 111,2,9.0,AB
2315043,2,MA 102,4,10.0,AA
2315043,2,ME 111,2,8.0,BB
2315044,2,CE 102,3,5.0,CD
2315044,2,CH 101,4,5.0,CD
2315044,2,CH 111,2,9.0,AB
2315044,2,CS 101,4,4.0,DD
2315044,2,CS 111,2,8.0,BB
2315044,2,EC 101,4,5.0,CD
2315044,2,EC 111,2,10.0,AA
2315044,2,MA 102,4,5.0,CD
2315044,2,ME 111,2,5.0,CD
2315045,2,CE 102,3,6.0,CC
2315045,2,CH 101,4,8.0,BB
2315045,2,CH 111,2,9.0,AB
2315045,2,CS 101,4,9.0,AB
2315045,2,CS 111,2,10.0,AA
2315045,2,EC 101,4,8.0,BB
2315045,2,EC 111,2,9.0,AB
2315045,2,MA 102,4,8.0,BB
2315045,2,ME 111,2,7.0,BC
2315046,2,CE 102,3,7.0,BC
2315046,2,CH 101,4,8.0,BB
2315046,2,CH 111,2,9.0,AB
2315046,2,CS 101,4,9.0,AB
2315046,2,CS 111,2,9.0,AB
2315046,2,EC 101,4,9.0,AB
2315046,2,EC 111,2,10.0,AA
2315046,2,MA 102,4,7.0,BC
2315046,2,ME 111,2,7.0,BC
2315047,2,CE 102,3,6.0,CC
2315047,2,CH 101,4,6.0,CC
2315047,2,CH 111,2,9.0,AB
2315047,2,CS 101,4,5.0,CD
2315047,2,CS 111,2,8.0,BB
2315047,2,EC 101,4,7.0,BC
2315047,2,EC 111,2,9.0,AB
2315047,2,MA 102,4,5.0,CD
2315047,2,ME 111,2,8.0,BB
2315048,2,CE 102,3,5.0,CD
2315048,2,CH 101,4,5.0,CD
2315048,2,CH 111,2,9.0,AB
2315048,2,CS 101,4,4.0,DD
2315048,2,CS 111,2,9.0,AB
2315048,2,EC 101,4,7.0,BC
2315048,2,EC 111,2,9.0,AB
2315048,2,MA 102,4,7.0,BC
2315048,2,ME 111,2,8.0,BB
2315049,2,CE 102,3,8.0,BB
2315049,2,CH 101,4,8.0,BB
2315049,2,CH 111,2,8.0,BB
2315049,2,CS 101,4,6.0,CC
2315049,2,CS 111,2,10.0,AA
2315049,2,EC 101,4,8.0,BB
2315049,2,EC 111,2,9.0,AB
2315049,2,MA 102,4,6.0,CC
2315049,2,ME 111,2,8.0,BB
2315050,2,CE 102,3,5.0,CD
2315050,2,CH 101,4,7.0,BC
2315050,2,CH 111,2,9.0,AB
2315050,2,CS 101,4,10.0,AA
2315050,2,CS 111,2,10.0,AA
2315050,2,EC 101,4,9.0,AB
2315050,2,EC 111,2,10.0,AA
2315050,2,MA 102,4,8.0,BB
2315050,2,ME 111,2,8.0,BB
2315051,2,CE 102,3,6.0,CC
2315051,2,CH 101,4,9.0,AB
2315051,2,CH 111,2,10.0,AA
2315051,2,CS 101,4,8.0,BB
2315051,2,CS 111,2,9.0,AB
2315051,2,EC 101,4,9.0,AB
2315051,2,EC 111,2,9.0,AB
2315051,2,MA 102,4,9.0,AB
2315051,2,ME 111,2,9.0,AB
2315052,2,CE 102,3,7.0,BC
2315052,2,CH 101,4,10.0,AA
2315052,2,CH 111,2,10.0,AA
2315052,2,CS 101,4,10.0,AA
2315052,2,CS 111,2,10.0,AA
2315052,2,EC 101,4,10.0,AA
2315052,2,EC 111,2,9.0,AB
2315052,2,MA 102,4,9.0,AB
2315052,2,ME 111,2,10.0,AA
2315053,2,CE 102,3,6.0,CC
2315053,2,CH 101,4,7.0,BC
2315053,2,CH 111,2,8.0,BB
2315053,2,CS 101,4,6.0,CC
2315053,2,CS 111,2,8.0,BB
2315053,2,EC 101,4,8.0,BB
2315053,2,EC 111,2,8.0,BB
2315053,2,MA 102,4,6.0,CC
2315053,2,ME 111,2,7.0,BC
2315054,2,CE 102,3,6.0,CC
2315054,2,CH 101,4,7.0,BC
2315054,2,CH 111,2,9.0,AB
2315054,2,CS 101,4,5.0,CD
2315054,2,CS 111,2,9.0,AB
2315054,2,EC 101,4,6.0,CC
2315054,2,EC 111,2,9.0,AB
2315054,2,MA 102,4,6.0,CC
2315054,2,ME 111,2,6.0,CC
2315055,2,CE 102,3,8.0,BB
2315055,2,CH 101,4,9.0,AB
2315055,2,CH 111,2,10.0,AA
2315055,2,CS 101,4,9.0,AB
2315055,2,CS 111,2,10.0,AA
2315055,2,EC 101,4,7.0,BC
2315055,2,EC 111,2,9.0,AB
2315055,2,MA 102,4,8.0,BB
2315055,2,ME 111,2,10.0,AA
2315056,2,CE 102,3,6.0,CC
2315056,2,CH 101,4,9.0,AB
2315056,2,CH 111,2,10.0,AA
2315056,2,CS 101,4,9.0,AB
2315056,2,CS 111,2,9.0,AB
2315056,2,EC 101,4,9.0,AB
2315056,2,EC 111,2,9.0,AB
2315056,2,MA 102,4,7.0,BC
2315056,2,ME 111,2,10.0,AA
2315057,2,CE 102,3,9.0,AB
2315057,2,CH 101,4,10.0,AA
2315057,2,CH 111,2,10.0,AA
2315057,2,CS 101,4,9.0,AB
2315057,2,CS 111,2,9.0,AB
2315057,2,EC 101,4,9.0,AB
2315057,2,EC 111,2,9.0,AB
2315057,2,MA 102,4,9.0,AB
2315057,2,ME 111,2,9.0,AB
2315058,2,CE 102,3,6.0,CC
2315058,2,CH 101,4,8.0,BB
2315058,2,CH 111,2,9.0,AB
2315058,2,CS 101,4,8.0,BB
2315058,2,CS 111,2,9.0,AB
2315058,2,EC 101,4,8.0,BB
2315058,2,EC 111,2,8.0,BB
2315058,2,MA 102,4,9.0,AB
2315058,2,ME 111,2,9.0,AB
2315059,2,CE 102,3,6.0,CC
2315059,2,CH 101,4,7.0,BC
2315059,2,CH 111,2,10.0,AA
2315059,2,CS 101,4,7.0,BC
2315059,2,CS 111,2,9.0,AB
2315059,2,EC 101,4,7.0,BC
2315059,2,EC 111,2,9.0,AB
2315059,2,MA 102,4,7.0,BC
2315059,2,ME 111,2,7.0,BC
2315060,2,CE 102,3,6.0,CC
2315060,2,CH 101,4,9.0,AB
2315060,2,CH 111,2,10.0,AA
2315060,2,CS 101,4,7.0,BC
2315060,2,CS 111,2,10.0,AA
2315060,2,EC 101,4,8.0,BB
2315060,2,EC 111,2,9.0,AB
2315060,2,MA 102,4,9.0,AB
2315060,2,ME 111,2,8.0,BB
2315061,2,CE 102,3,10.0,AA
2315061,2,CH 101,4,10.0,AA
2315061,2,CH 111,2,10.0,AA
2315061,2,CS 101,4,10.0,AA
2315061,2,CS 111,2,10.0,AA
2315061,2,EC 101,4,9.0,AB
2315061,2,EC 111,2,8.0,BB
2315061,2,MA 102,4,9.0,AB
2315061,2,ME 111,2,9.0,AB
2315062,2,CE 102,3,5.0,CD
2315062,2,CH 101,4,6.0,CC
2315062,2,CH 111,2,10.0,AA
2315062,2,CS 101,4,7.0,BC
2315062,2,CS 111,2,8.0,BB
2315062,2,EC 101,4,7.0,BC
2315062,2,EC 111,2,8.0,BB
2315062,2,MA 102,4,5.0,CD
2315062,2,ME 111,2,9.0,AB
2315063,2,CE 102,3,7.0,BC
2315063,2,CH 101,4,9.0,AB
2315063,2,CH 111,2,9.0,AB
2315063,2,CS 101,4,7.0,BC
2315063,2,CS 111,2,9.0,AB
2315063,2,EC 101,4,7.0,BC
2315063,2,EC 111,2,9.0,AB
2315063,2,MA 102,4,8.0,BB
2315063,2,ME 111,2,9.0,AB
2315064,2,CE 102,3,8.0,BB
2315064,2,CH 101,4,10.0,AA
2315064,2,CH 111,2,10.0,AA
2315064,2,CS 101,4,9.0,AB
2315064,2,CS 111,2,10.0,AA
2315064,2,EC 101,4,10.0,AA
2315064,2,EC 111,2,9.0,AB
2315064,2,MA 102,4,8.0,BB
2315064,2,ME 111,2,10.0,AA
2315065,2,CE 102,3,8.0,BB
2315065,2,CH 101,4,10.0,AA
2315065,2,CH 111,2,10.0,AA
2315065,2,CS 101,4,7.0,BC
2315065,2,CS 111,2,10.0,AA
2315065,2,EC 101,4,9.0,AB
2315065,2,EC 111,2,9.0,AB
2315065,2,MA 102,4,8.0,BB
2315065,2,ME 111,2,9.0,AB
2315066,2,CE 102,3,6.0,CC
2315066,2,CH 101,4,9.0,AB
2315066,2,CH 111,2,10.0,AA
2315066,2,CS 101,4,9.0,AB
2315066,2,CS 111,2,10.0,AA
2315066,2,EC 101,4,10.0,AA
2315066,2,EC 111,2,10.0,AA
2315066,2,MA 102,4,10.0,AA
2315066,2,ME 111,2,9.0,AB
2315067,2,CE 102,3,6.0,CC
2315067,2,CH 101,4,8.0,BB
2315067,2,CH 111,2,8.0,BB
2315067,2,CS 101,4,6.0,CC
2315067,2,CS 111,2,10.0,AA
2315067,2,EC 101,4,7.0,BC
2315067,2,EC 111,2,9.0,AB
2315067,2,MA 102,4,8.0,BB
2315067,2,ME 111,2,7.0,BC
2315068,2,CE 102,3,5.0,CD
2315068,2,CH 101,4,6.0,CC
2315068,2,CH 111,2,8.0,BB
2315068,2,CS 101,4,4.0,DD
2315068,2,CS 111,2,8.0,BB
2315068,2,EC 101,4,6.0,CC
2315068,2,EC 111,2,9.0,AB
2315068,2,MA 102,4,4.0,DD
2315068,2,ME 111,2,7.0,BC
2315069,2,CE 102,3,6.0,CC
2315069,2,CH 101,4,7.0,BC
2315069,2,CH 111,2,10.0,AA
2315069,2,CS 101,4,6.0,CC
2315069,2,CS 111,2,9.0,AB
2315069,2,EC 101,4,5.0,CD
2315069,2,EC 111,2,9.0,AB
2315069,2,MA 102,4,7.0,BC
2315069,2,ME 111,2,8.0,BB
2315070,2,CE 102,3,10.0,AA
2315070,2,CH 101,4,10.0,AA
2315070,2,CH 111,2,10.0,AA
2315070,2,CS 101,4,9.0,AB
2315070,2,CS 111,2,10.0,AA
2315070,2,EC 101,4,10.0,AA
2315070,2,EC 111,2,8.0,BB
2315070,2,MA 102,4,8.0,BB
2315070,2,ME 111,2,10.0,AA
2315072,2,CE 102,3,7.0,BC
2315072,2,CH 101,4,7.0,BC
2315072,2,CH 111,2,8.0,BB
2315072,2,CS 101,4,5.0,CD
2315072,2,CS 111,2,9.0,AB
2315072,2,EC 101,4,6.0,CC
2315072,2,EC 111,2,9.0,AB
2315072,2,MA 102,4,8.0,BB
2315072,2,ME 111,2,8.0,BB
2315073,2,CE 102,3,8.0,BB
2315073,2,CH 101,4,8.0,BB
2315073,2,CH 111,2,9.0,AB
2315073,2,CS 101,4,6.0,CC
2315073,2,CS 111,2,9.0,AB
2315073,2,EC 101,4,7.0,BC
2315073,2,EC 111,2,9.0,AB
2315073,2,MA 102,4,8.0,BB
2315073,2,ME 111,2,9.0,AB
2315074,2,CE 102,3,6.0,CC
2315074,2,CH 101,4,9.0,AB
2315074,2,CH 111,2,10.0,AA
2315074,2,CS 101,4,7.0,BC
2315074,2,CS 111,2,9.0,AB
2315074,2,EC 101,4,8.0,BB
2315074,2,EC 111,2,9.0,AB
2315074,2,MA 102,4,8.0,BB
2315074,2,ME 111,2,9.0,AB
2315075,2,CE 102,3,6.0,CC
2315075,2,CH 101,4,8.0,BB
2315075,2,CH 111,2,10.0,AA
2315075,2,CS 101,4,6.0,CC
2315075,2,CS 111,2,9.0,AB
2315075,2,EC 101,4,8.0,BB
2315075,2,EC 111,2,9.0,AB
2315075,2,MA 102,4,7.0,BC
2315075,2,ME 111,2,8.0,BB
2315076,2,CE 102,3,5.0,CD
2315076,2,CH 101,4,8.0,BB
2315076,2,CH 111,2,9.0,AB
2315076,2,CS 101,4,8.0,BB
2315076,2,CS 111,2,9.0,AB
2315076,2,EC 101,4,8.0,BB
2315076,2,EC 111,2,9.0,AB
2315076,2,MA 102,4,7.0,BC
2315076,2,ME 111,2,7.0,BC
2315077,2,CE 102,3,6.0,CC
2315077,2,CH 101,4,9.0,AB
2315077,2,CH 111,2,9.0,AB
2315077,2,CS 101,4,8.0,BB
2315077,2,CS 111,2,9.0,AB
2315077,2,EC 101,4,7.0,BC
2315077,2,EC 111,2,9.0,AB
2315077,2,MA 102,4,8.0,BB
2315077,2,ME 111,2,9.0,AB
2315078,2,CE 102,3,6.0,CC
2315078,2,CH 101,4,9.0,AB
2315078,2,CH 111,2,9.0,AB
2315078,2,CS 101,4,7.0,BC
2315078,2,CS 111,2,10.0,AA
2315078,2,EC 101,4,9.0,AB
2315078,2,EC 111,2,10.0,AA
2315078,2,MA 102,4,7.0,BC
2315078,2,ME 111,2,9.0,AB
2315079,2,CE 102,3,5.0,CD
2315079,2,CH 101,4,7.0,BC
2315079,2,CH 111,2,9.0,AB
2315079,2,CS 101,4,6.0,CC
2315079,2,CS 111,2,9.0,AB
2315079,2,EC 101,4,7.0,BC
2315079,2,EC 111,2,9.0,AB
2315079,2,MA 102,4,6.0,CC
2315079,2,ME 111,2,9.0,AB
2315080,2,CE 102,3,5.0,CD
2315080,2,CH 101,4,7.0,BC
2315080,2,CH 111,2,8.0,BB
2315080,2,CS 101,4,5.0,CD
2315080,2,CS 111,2,10.0,AA
2315080,2,EC 101,4,9.0,AB
2315080,2,EC 111,2,9.0,AB
2315080,2,MA 102,4,7.0,BC
2315080,2,ME 111,2,7.0,BC
2315081,2,CE 102,3,7.0,BC
2315081,2,CH 101,4,9.0,AB
2315081,2,CH 111,2,10.0,AA
2315081,2,CS 101,4,7.0,BC
2315081,2,CS 111,2,9.0,AB
2315081,2,EC 101,4,10.0,AA
2315081,2,EC 111,2,9.0,AB
2315081,2,MA 102,4,9.0,AB
2315081,2,ME 111,2,8.0,BB
2315082,2,CE 102,3,6.0,CC
2315082,2,CH 101,4,7.0,BC
2315082,2,CH 111,2,9.0,AB
2315082,2,CS 101,4,7.0,BC
2315082,2,CS 111,2,10.0,AA
2315082,2,EC 101,4,8.0,BB
2315082,2,EC 111,2,8.0,BB
2315082,2,MA 102,4,7.0,BC
2315082,2,ME 111,2,8.0,BB
2315083,2,CE 102,3,8.0,BB
2315083,2,CH 101,4,9.0,AB
2315083,2,CH 111,2,10.0,AA
2315083,2,CS 101,4,10.0,AA
2315083,2,CS 111,2,9.0,AB
2315083,2,EC 101,4,9.0,AB
2315083,2,EC 111,2,9.0,AB
2315083,2,MA 102,4,10.0,AA
2315083,2,ME 111,2,8.0,BB
2315084,2,CE 102,3,7.0,BC
2315084,2,CH 101,4,7.0,BC
2315084,2,CH 111,2,9.0,AB
2315084,2,CS 101,4,9.0,AB
2315084,2,CS 111,2,10.0,AA
2315084,2,EC 101,4,8.0,BB
2315084,2,EC 111,2,9.0,AB
2315084,2,MA 102,4,7.0,BC
2315084,2,ME 111,2,10.0,AA
2315085,2,CE 102,3,6.0,CC
2315085,2,CH 101,4,8.0,BB
2315085,2,CH 111,2,9.0,AB
2315085,2,CS 101,4,7.0,BC
2315085,2,CS 111,2,8.0,BB
2315085,2,EC 101,4,9.0,AB
2315085,2,EC 111,2,8.0,BB
2315085,2,MA 102,4,9.0,AB
2315085,2,ME 111,2,7.0,BC
2315086,2,CE 102,3,8.0,BB
2315086,2,CH 101,4,8.0,BB
2315086,2,CH 111,2,9.0,AB
2315086,2,CS 101,4,8.0,BB
2315086,2,CS 111,2,10.0,AA
2315086,2,EC 101,4,8.0,BB
2315086,2,EC 111,2,8.0,BB
2315086,2,MA 102,4,5.0,CD
2315086,2,ME 111,2,9.0,AB
2315087,2,CE 102,3,8.0,BB
2315087,2,CH 101,4,7.0,BC
2315087,2,CH 111,2,8.0,BB
2315087,2,CS 101,4,5.0,CD
2315087,2,CS 111,2,8.0,BB
2315087,2,EC 101,4,8.0,BB
2315087,2,EC 111,2,8.0,BB
2315087,2,MA 102,4,5.0,CD
2315087,2,ME 111,2,7.0,BC
2315088,2,CE 102,3,6.0,CC
2315088,2,CH 101,4,7.0,BC
2315088,2,CH 111,2,9.0,AB
2315088,2,CS 101,4,8.0,BB
2315088,2,CS 111,2,9.0,AB
2315088,2,EC 101,4,7.0,BC
2315088,2,EC 111,2,8.0,BB
2315088,2,MA 102,4,7.0,BC
2315088,2,ME 111,2,7.0,BC
2315089,2,CE 102,3,5.0,CD
2315089,2,CH 101,4,5.0,CD
2315089,2,CH 111,2,9.0,AB
2315089,2,CS 101,4,5.0,CD
2315089,2,CS 111,2,8.0,BB
2315089,2,EC 101,4,6.0,CC
2315089,2,EC 111,2,8.0,BB
2315089,2,MA 102,4,6.0,CC
2315089,2,ME 111,2,8.0,BB
2315090,2,CE 102,3,6.0,CC
2315090,2,CH 101,4,9.0,AB
2315090,2,CH 111,2,9.0,AB
2315090,2,CS 101,4,8.0,BB
2315090,2,CS 111,2,9.0,AB
2315090,2,EC 101,4,9.0,AB
2315090,2,EC 111,2,9.0,AB
2315090,2,MA 102,4,8.0,BB
2315090,2,ME 111,2,9.0,AB
2315091,2,CE 102,3,8.0,BB
2315091,2,CH 101,4,8.0,BB
2315091,2,CH 111,2,9.0,AB
2315091,2,CS 101,4,6.0,CC
2315091,2,CS 111,2,10.0,AA
2315091,2,EC 101,4,9.0,AB
2315091,2,EC 111,2,9.0,AB
2315091,2,MA 102,4,8.0,BB
2315091,2,ME 111,2,7.0,BC
2315092,2,CE 102,3,6.0,CC
2315092,2,CH 101,4,8.0,BB
2315092,2,CH 111,2,9.0,AB
2315092,2,CS 101,4,8.0,BB
2315092,2,CS 111,2,9.0,AB
2315092,2,EC 101,4,8.0,BB
2315092,2,EC 111,2,9.0,AB
2315092,2,MA 102,4,7.0,BC
2315092,2,ME 111,2,8.0,BB
2315093,2,CE 102,3,7.0,BC
2315093,2,CH 101,4,8.0,BB
2315093,2,CH 111,2,10.0,AA
2315093,2,CS 101,4,9.0,AB
2315093,2,CS 111,2,9.0,AB
2315093,2,EC 101,4,7.0,BC
2315093,2,EC 111,2,9.0,AB
2315093,2,MA 102,4,7.0,BC
2315093,2,ME 111,2,9.0,AB
2315094,2,CE 102,3,5.0,CD
2315094,2,CH 101,4,7.0,BC
2315094,2,CH 111,2,9.0,AB
2315094,2,CS 101,4,8.0,BB
2315094,2,CS 111,2,9.0,AB
2315094,2,EC 101,4,5.0,CD
2315094,2,EC 111,2,8.0,BB
2315094,2,MA 102,4,6.0,CC
2315094,2,ME 111,2,0.0,F
2315095,2,CE 102,3,8.0,BB
2315095,2,CH 101,4,9.0,AB
2315095,2,CH 111,2,10.0,AA
2315095,2,CS 101,4,5.0,CD
2315095,2,CS 111,2,9.0,AB
2315095,2,EC 101,4,8.0,BB
2315095,2,EC 111,2,9.0,AB
2315095,2,MA 102,4,7.0,BC
2315095,2,ME 111,2,7.0,BC
2315096,2,CE 102,3,10.0,AA
2315096,2,CH 101,4,10.0,AA
2315096,2,CH 111,2,10.0,AA
2315096,2,CS 101,4,9.0,AB
2315096,2,CS 111,2,10.0,AA
2315096,2,EC 101,4,10.0,AA
2315096,2,EC 111,2,9.0,AB
2315096,2,MA 102,4,10.0,AA
2315096,2,ME 111,2,8.0,BB
2315097,2,CE 102,3,7.0,BC
2315097,2,CH 101,4,10.0,AA
2315097,2,CH 111,2,10.0,AA
2315097,2,CS 101,4,8.0,BB
2315097,2,CS 111,2,9.0,AB
2315097,2,EC 101,4,10.0,AA
2315097,2,EC 111,2,9.0,AB
2315097,2,MA 102,4,8.0,BB
2315097,2,ME 111,2,7.0,BC
2315098,2,CE 102,3,6.0,CC
2315098,2,CH 101,4,9.0,AB
2315098,2,CH 111,2,10.0,AA
2315098,2,CS 101,4,7.0,BC
2315098,2,CS 111,2,9.0,AB
2315098,2,EC 101,4,8.0,BB
2315098,2,EC 111,2,9.0,AB
2315098,2,MA 102,4,8.0,BB
2315098,2,ME 111,2,7.0,BC
2315099,2,CE 102,3,7.0,BC
2315099,2,CH 101,4,7.0,BC
2315099,2,CH 111,2,10.0,AA
2315099,2,CS 101,4,8.0,BB
2315099,2,CS 111,2,9.0,AB
2315099,2,EC 101,4,7.0,BC
2315099,2,EC 111,2,9.0,AB
2315099,2,MA 102,4,7.0,BC
2315099,2,ME 111,2,8.0,BB
2315100,2,CE 102,3,6.0,CC
2315100,2,CH 101,4,6.0,CC
2315100,2,CH 111,2,9.0,AB
2315100,2,CS 101,4,4.0,DD
2315100,2,CS 111,2,8.0,BB
2315100,2,EC 101,4,5.0,CD
2315100,2,EC 111,2,7.0,BC
2315100,2,MA 102,4,5.0,CD
2315100,2,ME 111,2,9.0,AB
2316001,2,CE 102,3,8.0,BB
2316001,2,CH 101,4,6.0,CC
2316001,2,CH 111,2,9.0,AB
2316001,2,CS 101,4,8.0,BB
2316001,2,CS 111,2,9.0,AB
2316001,2,EC 101,4,6.0,CC
2316001,2,EC 111,2,8.0,BB
2316001,2,MA 102,4,7.0,BC
2316001,2,ME 111,2,7.0,BC
2316002,2,CE 102,3,7.0,BC
2316002,2,CH 101,4,5.0,CD
2316002,2,CH 111,2,8.0,BB
2316002,2,CS 101,4,6.0,CC
2316002,2,CS 111,2,5.0,CD
2316002,2,EC 101,4,4.0,DD
2316002,2,EC 111,2,8.0,BB
2316002,2,MA 102,4,5.0,CD
2316002,2,ME 111,2,6.0,CC
2316003,2,CE 102,3,8.0,BB
2316003,2,CH 101,4,8.0,BB
2316003,2,CH 111,2,9.0,AB
2316003,2,CS 101,4,9.0,AB
2316003,2,CS 111,2,10.0,AA
2316003,2,EC 101,4,6.0,CC
2316003,2,EC 111,2,9.0,AB
2316003,2,MA 102,4,7.0,BC
2316003,2,ME 111,2,6.0,CC
2316004,2,CE 102,3,8.0,BB
2316004,2,CH 101,4,8.0,BB
2316004,2,CH 111,2,9.0,AB
2316004,2,CS 101,4,9.0,AB
2316004,2,CS 111,2,6.0,CC
2316004,2,EC 101,4,8.0,BB
2316004,2,EC 111,2,9.0,AB
2316004,2,MA 102,4,6.0,CC
2316004,2,ME 111,2,7.0,BC
2316005,2,CE 102,3,4.0,DD
2316005,2,CH 101,4,5.0,CD
2316005,2,CH 111,2,9.0,AB
2316005,2,CS 101,4,5.0,CD
2316005,2,CS 111,2,5.0,CD
2316005,2,EC 101,4,5.0,CD
2316005,2,EC 111,2,9.0,AB
2316005,2,MA 102,4,5.0,CD
2316005,2,ME 111,2,6.0,CC
2316006,2,CE 102,3,6.0,CC
2316006,2,CH 101,4,4.0,DD
2316006,2,CH 111,2,8.0,BB
2316006,2,CS 101,4,5.0,CD
2316006,2,CS 111,2,5.0,CD
2316006,2,EC 101,4,0.0,F
2316006,2,EC 111,2,8.0,BB
2316006,2,MA 102,4,0.0,F
2316006,2,ME 111,2,0.0,F
2316007,2,CE 102,3,9.0,AB
2316007,2,CH 101,4,9.0,AB
2316007,2,CH 111,2,9.0,AB
2316007,2,CS 101,4,6.0,CC
2316007,2,CS 111,2,5.0,CD
2316007,2,EC 101,4,7.0,BC
2316007,2,EC 111,2,9.0,AB
2316007,2,MA 102,4,7.0,BC
2316007,2,ME 111,2,6.0,CC
2316008,2,CE 102,3,9.0,AB
2316008,2,CH 101,4,8.0,BB
2316008,2,CH 111,2,9.0,AB
2316008,2,CS 101,4,10.0,AA
2316008,2,CS 111,2,10.0,AA
2316008,2,EC 101,4,8.0,BB
2316008,2,EC 111,2,9.0,AB
2316008,2,MA 102,4,9.0,AB
2316008,2,ME 111,2,7.0,BC
2316009,2,CE 102,3,8.0,BB
2316009,2,CH 101,4,9.0,AB
2316009,2,CH 111,2,9.0,AB
2316009,2,CS 101,4,7.0,BC
2316009,2,CS 111,2,10.0,AA
2316009,2,EC 101,4,7.0,BC
2316009,2,EC 111,2,8.0,BB
2316009,2,MA 102,4,8.0,BB
2316009,2,ME 111,2,6.0,CC
2316010,2,CE 102,3,9.0,AB
2316010,2,CH 101,4,10.0,AA
2316010,2,CH 111,2,9.0,AB
2316010,2,CS 101,4,10.0,AA
2316010,2,CS 111,2,10.0,AA
2316010,2,EC 101,4,7.0,BC
2316010,2,EC 111,2,9.0,AB
2316010,2,MA 102,4,10.0,AA
2316010,2,ME 111,2,7.0,BC
2316011,2,CE 102,3,8.0,BB
2316011,2,CH 101,4,9.0,AB
2316011,2,CH 111,2,9.0,AB
2316011,2,CS 101,4,9.0,AB
2316011,2,CS 111,2,9.0,AB
2316011,2,EC 101,4,7.0,BC
2316011,2,EC 111,2,8.0,BB
2316011,2,MA 102,4,6.0,CC
2316011,2,ME 111,2,6.0,CC
2316012,2,CE 102,3,8.0,BB
2316012,2,CH 101,4,6.0,CC
2316012,2,CH 111,2,8.0,BB
2316012,2,CS 101,4,7.0,BC
2316012,2,CS 111,2,7.0,BC
2316012,2,EC 101,4,6.0,CC
2316012,2,EC 111,2,8.0,BB
2316012,2,MA 102,4,5.0,CD
2316012,2,ME 111,2,5.0,CD
2316013,2,CE 102,3,9.0,AB
2316013,2,CH 101,4,10.0,AA
2316013,2,CH 111,2,9.0,AB
2316013,2,CS 101,4,9.0,AB
2316013,2,CS 111,2,9.0,AB
2316013,2,EC 101,4,7.0,BC
2316013,2,EC 111,2,9.0,AB
2316013,2,MA 102,4,10.0,AA
2316013,2,ME 111,2,10.0,AA
2316014,2,CE 102,3,7.0,BC
2316014,2,CH 101,4,6.0,CC
2316014,2,CH 111,2,9.0,AB
2316014,2,CS 101,4,4.0,DD
2316014,2,CS 111,2,7.0,BC
2316014,2,EC 101,4,5.0,CD
2316014,2,EC 111,2,8.0,BB
2316014,2,MA 102,4,5.0,CD
2316014,2,ME 111,2,7.0,BC
2316015,2,CE 102,3,8.0,BB
2316015,2,CH 101,4,7.0,BC
2316015,2,CH 111,2,9.0,AB
2316015,2,CS 101,4,6.0,CC
2316015,2,CS 111,2,7.0,BC
2316015,2,EC 101,4,5.0,CD
2316015,2,EC 111,2,8.0,BB
2316015,2,MA 102,4,5.0,CD
2316015,2,ME 111,2,8.0,BB
2316017,2,CE 102,3,10.0,AA
2316017,2,CH 101,4,10.0,AA
2316017,2,CH 111,2,10.0,AA
2316017,2,CS 101,4,9.0,AB
2316017,2,CS 111,2,9.0,AB
2316017,2,EC 101,4,8.0,BB
2316017,2,EC 111,2,9.0,AB
2316017,2,MA 102,4,8.0,BB
2316017,2,ME 111,2,8.0,BB
2316018,2,CE 102,3,7.0,BC
2316018,2,CH 101,4,7.0,BC
2316018,2,CH 111,2,9.0,AB
2316018,2,CS 101,4,8.0,BB
2316018,2,CS 111,2,10.0,AA
2316018,2,EC 101,4,8.0,BB
2316018,2,EC 111,2,9.0,AB
2316018,2,MA 102,4,9.0,AB
2316018,2,ME 111,2,8.0,BB
2316019,2,CE 102,3,6.0,CC
2316019,2,CH 101,4,6.0,CC
2316019,2,CH 111,2,9.0,AB
2316019,2,CS 101,4,7.0,BC
2316019,2,CS 111,2,8.0,BB
2316019,2,EC 101,4,6.0,CC
2316019,2,EC 111,2,9.0,AB
2316019,2,MA 102,4,6.0,CC
2316019,2,ME 111,2,7.0,BC
2316020,2,CE 102,3,8.0,BB
2316020,2,CH 101,4,10.0,AA
2316020,2,CH 111,2,9.0,AB
2316020,2,CS 101,4,10.0,AA
2316020,2,CS 111,2,10.0,AA
2316020,2,EC 101,4,7.0,BC
2316020,2,EC 111,2,8.0,BB
2316020,2,MA 102,4,9.0,AB
2316020,2,ME 111,2,8.0,BB
2316021,2,CE 102,3,9.0,AB
2316021,2,CH 101,4,7.0,BC
2316021,2,CH 111,2,9.0,AB
2316021,2,CS 101,4,6.0,CC
2316021,2,CS 111,2,10.0,AA
2316021,2,EC 101,4,6.0,CC
2316021,2,EC 111,2,8.0,BB
2316021,2,MA 102,4,7.0,BC
2316021,2,ME 111,2,8.0,BB
2316022,2,CE 102,3,9.0,AB
2316022,2,CH 101,4,9.0,AB
2316022,2,CH 111,2,9.0,AB
2316022,2,CS 101,4,9.0,AB
2316022,2,CS 111,2,9.0,AB
2316022,2,EC 101,4,8.0,BB
2316022,2,EC 111,2,9.0,AB
2316022,2,MA 102,4,9.0,AB
2316022,2,ME 111,2,8.0,BB
2316023,2,CE 102,3,8.0,BB
2316023,2,CH 101,4,7.0,BC
2316023,2,CH 111,2,9.0,AB
2316023,2,CS 101,4,5.0,CD
2316023,2,CS 111,2,5.0,CD
2316023,2,EC 101,4,7.0,BC
2316023,2,EC 111,2,8.0,BB
2316023,2,MA 102,4,6.0,CC
2316023,2,ME 111,2,8.0,BB
2316024,2,CE 102,3,6.0,CC
2316024,2,CH 101,4,8.0,BB
2316024,2,CH 111,2,9.0,AB
2316024,2,CS 101,4,6.0,CC
2316024,2,CS 111,2,5.0,CD
2316024,2,EC 101,4,7.0,BC
2316024,2,EC 111,2,8.0,BB
2316024,2,MA 102,4,8.0,BB
2316024,2,ME 111,2,8.0,BB
2316025,2,CE 102,3,8.0,BB
2316025,2,CH 101,4,5.0,CD
2316025,2,CH 111,2,9.0,AB
2316025,2,CS 101,4,5.0,CD
2316025,2,CS 111,2,5.0,CD
2316025,2,EC 101,4,4.0,DD
2316025,2,EC 111,2,8.0,BB
2316025,2,MA 102,4,0.0,F
2316025,2,ME 111,2,7.0,BC
2316026,2,CE 102,3,8.0,BB
2316026,2,CH 101,4,8.0,BB
2316026,2,CH 111,2,9.0,AB
2316026,2,CS 101,4,6.0,CC
2316026,2,CS 111,2,7.0,BC
2316026,2,EC 101,4,6.0,CC
2316026,2,EC 111,2,8.0,BB
2316026,2,MA 102,4,7.0,BC
2316026,2,ME 111,2,6.0,CC
2316027,2,CE 102,3,8.0,BB
2316027,2,CH 101,4,7.0,BC
2316027,2,CH 111,2,9.0,AB
2316027,2,CS 101,4,7.0,BC
2316027,2,CS 111,2,7.0,BC
2316027,2,EC 101,4,6.0,CC
2316027,2,EC 111,2,9.0,AB
2316027,2,MA 102,4,7.0,BC
2316027,2,ME 111,2,6.0,CC
2316028,2,CE 102,3,8.0,BB
2316028,2,CH 101,4,9.0,AB
2316028,2,CH 111,2,9.0,AB
2316028,2,CS 101,4,9.0,AB
2316028,2,CS 111,2,7.0,BC
2316028,2,EC 101,4,8.0,BB
2316028,2,EC 111,2,9.0,AB
2316028,2,MA 102,4,8.0,BB
2316028,2,ME 111,2,6.0,CC
2316029,2,CE 102,3,7.0,BC
2316029,2,CH 101,4,7.0,BC
2316029,2,CH 111,2,9.0,AB
2316029,2,CS 101,4,6.0,CC
2316029,2,CS 111,2,10.0,AA
2316029,2,EC 101,4,6.0,CC
2316029,2,EC 111,2,9.0,AB
2316029,2,MA 102,4,7.0,BC
2316029,2,ME 111,2,7.0,BC
2316030,2,CE 102,3,8.0,BB
2316030,2,CH 101,4,9.0,AB
2316030,2,CH 111,2,9.0,AB
2316030,2,CS 101,4,8.0,BB
2316030,2,CS 111,2,8.0,BB
2316030,2,EC 101,4,7.0,BC
2316030,2,EC 111,2,8.0,BB
2316030,2,MA 102,4,10.0,AA
2316030,2,ME 111,2,8.0,BB
2316031,2,CE 102,3,10.0,AA
2316031,2,CH 101,4,9.0,AB
2316031,2,CH 111,2,9.0,AB
2316031,2,CS 101,4,7.0,BC
2316031,2,CS 111,2,8.0,BB
2316031,2,EC 101,4,7.0,BC
2316031,2,EC 111,2,9.0,AB
2316031,2,MA 102,4,7.0,BC
2316031,2,ME 111,2,8.0,BB
2316032,2,CE 102,3,8.0,BB
2316032,2,CH 101,4,5.0,CD
2316032,2,CH 111,2,9.0,AB
2316032,2,CS 101,4,7.0,BC
2316032,2,CS 111,2,7.0,BC
2316032,2,EC 101,4,5.0,CD
2316032,2,EC 111,2,9.0,AB
2316032,2,MA 102,4,6.0,CC
2316032,2,ME 111,2,7.0,BC
2316033,2,CE 102,3,7.0,BC
2316033,2,CH 101,4,6.0,CC
2316033,2,CH 111,2,8.0,BB
2316033,2,CS 101,4,5.0,CD
2316033,2,CS 111,2,7.0,BC
2316033,2,EC 101,4,4.0,DD
2316033,2,EC 111,2,9.0,AB
2316033,2,MA 102,4,5.0,CD
2316033,2,ME 111,2,8.0,BB
2316034,2,CE 102,3,7.0,BC
2316034,2,CH 101,4,7.0,BC
2316034,2,CH 111,2,9.0,AB
2316034,2,CS 101,4,6.0,CC
2316034,2,CS 111,2,7.0,BC
2316034,2,EC 101,4,6.0,CC
2316034,2,EC 111,2,9.0,AB
2316034,2,MA 102,4,7.0,BC
2316034,2,ME 111,2,8.0,BB
2316035,2,CE 102,3,8.0,BB
2316035,2,CH 101,4,8.0,BB
2316035,2,CH 111,2,9.0,AB
2316035,2,CS 101,4,8.0,BB
2316035,2,CS 111,2,10.0,AA
2316035,2,EC 101,4,6.0,CC
2316035,2,EC 111,2,9.0,AB
2316035,2,MA 102,4,7.0,BC
2316035,2,ME 111,2,7.0,BC
2316036,2,CE 102,3,8.0,BB
2316036,2,CH 101,4,9.0,AB
2316036,2,CH 111,2,9.0,AB
2316036,2,CS 101,4,9.0,AB
2316036,2,CS 111,2,8.0,BB
2316036,2,EC 101,4,7.0,BC
2316036,2,EC 111,2,9.0,AB
2316036,2,MA 102,4,9.0,AB
2316036,2,ME 111,2,7.0,BC
2316037,2,CE 102,3,8.0,BB
2316037,2,CH 101,4,6.0,CC
2316037,2,CH 111,2,9.0,AB
2316037,2,CS 101,4,6.0,CC
2316037,2,CS 111,2,7.0,BC
2316037,2,EC 101,4,0.0,F
2316037,2,EC 111,2,7.0,BC
2316037,2,MA 102,4,6.0,CC
2316037,2,ME 111,2,7.0,BC
2316038,2,CE 102,3,6.0,CC
2316038,2,CH 101,4,8.0,BB
2316038,2,CH 111,2,9.0,AB
2316038,2,CS 101,4,5.0,CD
2316038,2,CS 111,2,6.0,CC
2316038,2,EC 101,4,6.0,CC
2316038,2,EC 111,2,8.0,BB
2316038,2,MA 102,4,7.0,BC
2316038,2,ME 111,2,8.0,BB
2316039,2,CE 102,3,9.0,AB
2316039,2,CH 101,4,8.0,BB
2316039,2,CH 111,2,9.0,AB
2316039,2,CS 101,4,7.0,BC
2316039,2,CS 111,2,6.0,CC
2316039,2,EC 101,4,6.0,CC
2316039,2,EC 111,2,9.0,AB
2316039,2,MA 102,4,7.0,BC
2316039,2,ME 111,2,8.0,BB
2316040,2,CE 102,3,9.0,AB
2316040,2,CH 101,4,6.0,CC
2316040,2,CH 111,2,9.0,AB
2316040,2,CS 101,4,6.0,CC
2316040,2,CS 111,2,7.0,BC
2316040,2,EC 101,4,5.0,CD
2316040,2,EC 111,2,9.0,AB
2316040,2,MA 102,4,0.0,F
2316040,2,ME 111,2,6.0,CC
2316041,2,CE 102,3,7.0,BC
2316041,2,CH 101,4,6.0,CC
2316041,2,CH 111,2,9.0,AB
2316041,2,CS 101,4,6.0,CC
2316041,2,CS 111,2,7.0,BC
2316041,2,EC 101,4,4.0,DD
2316041,2,EC 111,2,9.0,AB
2316041,2,MA 102,4,4.0,DD
2316041,2,ME 111,2,8.0,BB
2316042,2,CE 102,3,8.0,BB
2316042,2,CH 101,4,10.0,AA
2316042,2,CH 111,2,9.0,AB
2316042,2,CS 101,4,10.0,AA
2316042,2,CS 111,2,6.0,CC
2316042,2,EC 101,4,8.0,BB
2316042,2,EC 111,2,9.0,AB
2316042,2,MA 102,4,8.0,BB
2316042,2,ME 111,2,8.0,BB
2316043,2,CE 102,3,7.0,BC
2316043,2,CH 101,4,6.0,CC
2316043,2,CH 111,2,8.0,BB
2316043,2,CS 101,4,5.0,CD
2316043,2,CS 111,2,5.0,CD
2316043,2,EC 101,4,6.0,CC
2316043,2,EC 111,2,8.0,BB
2316043,2,MA 102,4,6.0,CC
2316043,2,ME 111,2,6.0,CC
2316044,2,CE 102,3,8.0,BB
2316044,2,CH 101,4,8.0,BB
2316044,2,CH 111,2,10.0,AA
2316044,2,CS 101,4,6.0,CC
2316044,2,CS 111,2,6.0,CC
2316044,2,EC 101,4,6.0,CC
2316044,2,EC 111,2,6.0,CC
2316044,2,MA 102,4,5.0,CD
2316044,2,ME 111,2,7.0,BC
2316045,2,CE 102,3,9.0,AB
2316045,2,CH 101,4,10.0,AA
2316045,2,CH 111,2,10.0,AA
2316045,2,CS 101,4,10.0,AA
2316045,2,CS 111,2,10.0,AA
2316045,2,EC 101,4,8.0,BB
2316045,2,EC 111,2,9.0,AB
2316045,2,MA 102,4,9.0,AB
2316045,2,ME 111,2,10.0,AA
2316046,2,CE 102,3,8.0,BB
2316046,2,CH 101,4,9.0,AB
2316046,2,CH 111,2,10.0,AA
2316046,2,CS 101,4,10.0,AA
2316046,2,CS 111,2,10.0,AA
2316046,2,EC 101,4,7.0,BC
2316046,2,EC 111,2,8.0,BB
2316046,2,MA 102,4,8.0,BB
2316046,2,ME 111,2,8.0,BB
2316047,2,CE 102,3,8.0,BB
2316047,2,CH 101,4,9.0,AB
2316047,2,CH 111,2,10.0,AA
2316047,2,CS 101,4,8.0,BB
2316047,2,CS 111,2,10.0,AA
2316047,2,EC 101,4,7.0,BC
2316047,2,EC 111,2,9.0,AB
2316047,2,MA 102,4,7.0,BC
2316047,2,ME 111,2,8.0,BB
2316048,2,CE 102,3,8.0,BB
2316048,2,CH 101,4,9.0,AB
2316048,2,CH 111,2,9.0,AB
2316048,2,CS 101,4,8.0,BB
2316048,2,CS 111,2,10.0,AA
2316048,2,EC 101,4,7.0,BC
2316048,2,EC 111,2,8.0,BB
2316048,2,MA 102,4,8.0,BB
2316048,2,ME 111,2,7.0,BC
2316049,2,CE 102,3,8.0,BB
2316049,2,CH 101,4,7.0,BC
2316049,2,CH 111,2,9.0,AB
2316049,2,CS 101,4,7.0,BC
2316049,2,CS 111,2,10.0,AA
2316049,2,EC 101,4,7.0,BC
2316049,2,EC 111,2,8.0,BB
2316049,2,MA 102,4,6.0,CC
2316049,2,ME 111,2,7.0,BC
2316050,2,CE 102,3,6.0,CC
2316050,2,CH 101,4,5.0,CD
2316050,2,CH 111,2,9.0,AB
2316050,2,CS 101,4,9.0,AB
2316050,2,CS 111,2,10.0,AA
2316050,2,EC 101,4,5.0,CD
2316050,2,EC 111,2,7.0,BC
2316050,2,MA 102,4,6.0,CC
2316050,2,ME 111,2,6.0,CC
2316051,2,CE 102,3,9.0,AB
2316051,2,CH 101,4,9.0,AB
2316051,2,CH 111,2,10.0,AA
2316051,2,CS 101,4,6.0,CC
2316051,2,CS 111,2,7.0,BC
2316051,2,EC 101,4,6.0,CC
2316051,2,EC 111,2,8.0,BB
2316051,2,MA 102,4,8.0,BB
2316051,2,ME 111,2,8.0,BB
2316052,2,CE 102,3,8.0,BB
2316052,2,CH 101,4,8.0,BB
2316052,2,CH 111,2,10.0,AA
2316052,2,CS 101,4,8.0,BB
2316052,2,CS 111,2,8.0,BB
2316052,2,EC 101,4,7.0,BC
2316052,2,EC 111,2,7.0,BC
2316052,2,MA 102,4,7.0,BC
2316052,2,ME 111,2,8.0,BB
2316053,2,CE 102,3,8.0,BB
2316053,2,CH 101,4,9.0,AB
2316053,2,CH 111,2,10.0,AA
2316053,2,CS 101,4,8.0,BB
2316053,2,CS 111,2,10.0,AA
2316053,2,EC 101,4,7.0,BC
2316053,2,EC 111,2,8.0,BB
2316053,2,MA 102,4,8.0,BB
2316053,2,ME 111,2,7.0,BC
2316054,2,CE 102,3,9.0,AB
2316054,2,CH 101,4,8.0,BB
2316054,2,CH 111,2,10.0,AA
2316054,2,CS 101,4,10.0,AA
2316054,2,CS 111,2,10.0,AA
2316054,2,EC 101,4,7.0,BC
2316054,2,EC 111,2,7.0,BC
2316054,2,MA 102,4,7.0,BC
2316054,2,ME 111,2,9.0,AB
2316055,2,CE 102,3,7.0,BC
2316055,2,CH 101,4,6.0,CC
2316055,2,CH 111,2,9.0,AB
2316055,2,CS 101,4,7.0,BC
2316055,2,CS 111,2,10.0,AA
2316055,2,EC 101,4,6.0,CC
2316055,2,EC 111,2,7.0,BC
2316055,2,MA 102,4,7.0,BC
2316055,2,ME 111,2,7.0,BC
2316056,2,CE 102,3,8.0,BB
2316056,2,CH 101,4,8.0,BB
2316056,2,CH 111,2,10.0,AA
2316056,2,CS 101,4,8.0,BB
2316056,2,CS 111,2,10.0,AA
2316056,2,EC 101,4,7.0,BC
2316056,2,EC 111,2,7.0,BC
2316056,2,MA 102,4,8.0,BB
2316056,2,ME 111,2,9.0,AB
2316057,2,CE 102,3,9.0,AB
2316057,2,CH 101,4,8.0,BB
2316057,2,CH 111,2,8.0,BB
2316057,2,CS 101,4,6.0,CC
2316057,2,CS 111,2,7.0,BC
2316057,2,EC 101,4,5.0,CD
2316057,2,EC 111,2,8.0,BB
2316057,2,MA 102,4,7.0,BC
2316057,2,ME 111,2,6.0,CC
2316058,2,CE 102,3,8.0,BB
2316058,2,CH 101,4,8.0,BB
2316058,2,CH 111,2,10.0,AA
2316058,2,CS 101,4,7.0,BC
2316058,2,CS 111,2,7.0,BC
2316058,2,EC 101,4,7.0,BC
2316058,2,EC 111,2,7.0,BC
2316058,2,MA 102,4,8.0,BB
2316058,2,ME 111,2,7.0,BC
2316059,2,CE 102,3,0.0,F
2316059,2,CH 101,4,0.0,F
2316059,2,CH 111,2,0.0,F
2316059,2,CS 101,4,0.0,F
2316059,2,CS 111,2,0.0,F
2316059,2,EC 101,4,0.0,F
2316059,2,EC 111,NA,,NA
2316059,2,MA 102,4,0.0,F
2316059,2,ME 111,2,0.0,F
2316060,2,CE 102,3,9.0,AB
2316060,2,CH 101,4,10.0,AA
2316060,2,CH 111,2,10.0,AA
2316060,2,CS 101,4,10.0,AA
2316060,2,CS 111,2,10.0,AA
2316060,2,EC 101,4,8.0,BB
2316060,2,EC 111,2,10.0,AA
2316060,2,MA 102,4,10.0,AA
2316060,2,ME 111,2,10.0,AA
2316061,2,CE 102,3,6.0,CC
2316061,2,CH 101,4,4.0,DD
2316061,2,CH 111,2,9.0,AB
2316061,2,CS 101,4,5.0,CD
2316061,2,CS 111,2,6.0,CC
2316061,2,EC 101,4,4.0,DD
2316061,2,EC 111,2,6.0,CC
2316061,2,MA 102,4,4.0,DD
2316061,2,ME 111,2,6.0,CC
2316062,2,CE 102,3,7.0,BC
2316062,2,CH 101,4,7.0,BC
2316062,2,CH 111,2,9.0,AB
2316062,2,CS 101,4,7.0,BC
2316062,2,CS 111,2,6.0,CC
2316062,2,EC 101,4,6.0,CC
2316062,2,EC 111,2,9.0,AB
2316062,2,MA 102,4,7.0,BC
2316062,2,ME 111,2,9.0,AB
2316063,2,CE 102,3,8.0,BB
2316063,2,CH 101,4,9.0,AB
2316063,2,CH 111,2,10.0,AA
2316063,2,CS 101,4,9.0,AB
2316063,2,CS 111,2,10.0,AA
2316063,2,EC 101,4,8.0,BB
2316063,2,EC 111,2,7.0,BC
2316063,2,MA 102,4,10.0,AA
2316063,2,ME 111,2,10.0,AA
2316064,2,CE 102,3,8.0,BB
2316064,2,CH 101,4,8.0,BB
2316064,2,CH 111,2,9.0,AB
2316064,2,CS 101,4,8.0,BB
2316064,2,CS 111,2,10.0,AA
2316064,2,EC 101,4,7.0,BC
2316064,2,EC 111,2,9.0,AB
2316064,2,MA 102,4,8.0,BB
2316064,2,ME 111,2,8.0,BB
2316065,2,CE 102,3,8.0,BB
2316065,2,CH 101,4,8.0,BB
2316065,2,CH 111,2,10.0,AA
2316065,2,CS 101,4,9.0,AB
2316065,2,CS 111,2,10.0,AA
2316065,2,EC 101,4,7.0,BC
2316065,2,EC 111,2,9.0,AB
2316065,2,MA 102,4,8.0,BB
2316065,2,ME 111,2,8.0,BB
2316066,2,CE 102,3,9.0,AB
2316066,2,CH 101,4,9.0,AB
2316066,2,CH 111,2,10.0,AA
2316066,2,CS 101,4,10.0,AA
2316066,2,CS 111,2,9.0,AB
2316066,2,EC 101,4,7.0,BC
2316066,2,EC 111,2,9.0,AB
2316066,2,MA 102,4,7.0,BC
2316066,2,ME 111,2,10.0,AA
2316067,2,CE 102,3,9.0,AB
2316067,2,CH 101,4,7.0,BC
2316067,2,CH 111,2,10.0,AA
2316067,2,CS 101,4,7.0,BC
2316067,2,CS 111,2,9.0,AB
2316067,2,EC 101,4,6.0,CC
2316067,2,EC 111,2,7.0,BC
2316067,2,MA 102,4,7.0,BC
2316067,2,ME 111,2,9.0,AB
2316068,2,CE 102,3,8.0,BB
2316068,2,CH 101,4,8.0,BB
2316068,2,CH 111,2,10.0,AA
2316068,2,CS 101,4,7.0,BC
2316068,2,CS 111,2,10.0,AA
2316068,2,EC 101,4,6.0,CC
2316068,2,EC 111,2,6.0,CC
2316068,2,MA 102,4,7.0,BC
2316068,2,ME 111,2,7.0,BC
2316069,2,CE 102,3,8.0,BB
2316069,2,CH 101,4,7.0,BC
2316069,2,CH 111,2,9.0,AB
2316069,2,CS 101,4,5.0,CD
2316069,2,CS 111,2,8.0,BB
2316069,2,EC 101,4,4.0,DD
2316069,2,EC 111,2,8.0,BB
2316069,2,MA 102,4,6.0,CC
2316069,2,ME 111,2,7.0,BC
2316070,2,CE 102,3,8.0,BB
2316070,2,CH 101,4,7.0,BC
2316070,2,CH 111,2,9.0,AB
2316070,2,CS 101,4,6.0,CC
2316070,2,CS 111,2,9.0,AB
2316070,2,EC 101,4,5.0,CD
2316070,2,EC 111,2,7.0,BC
2316070,2,MA 102,4,4.0,DD
2316070,2,ME 111,2,8.0,BB
2316071,2,CE 102,3,7.0,BC
2316071,2,CH 101,4,8.0,BB
2316071,2,CH 111,2,10.0,AA
2316071,2,CS 101,4,9.0,AB
2316071,2,CS 111,2,8.0,BB
2316071,2,EC 101,4,7.0,BC
2316071,2,EC 111,2,7.0,BC
2316071,2,MA 102,4,6.0,CC
2316071,2,ME 111,2,7.0,BC
2316072,2,CE 102,3,8.0,BB
2316072,2,CH 101,4,7.0,BC
2316072,2,CH 111,2,10.0,AA
2316072,2,CS 101,4,7.0,BC
2316072,2,CS 111,2,9.0,AB
2316072,2,EC 101,4,7.0,BC
2316072,2,EC 111,2,9.0,AB
2316072,2,MA 102,4,4.0,DD
2316072,2,ME 111,2,9.0,AB
2316073,2,CE 102,3,8.0,BB
2316073,2,CH 101,4,7.0,BC
2316073,2,CH 111,2,10.0,AA
2316073,2,CS 101,4,8.0,BB
2316073,2,CS 111,2,9.0,AB
2316073,2,EC 101,4,6.0,CC
2316073,2,EC 111,2,8.0,BB
2316073,2,MA 102,4,7.0,BC
2316073,2,ME 111,2,7.0,BC
2316074,2,CE 102,3,8.0,BB
2316074,2,CH 101,4,9.0,AB
2316074,2,CH 111,2,10.0,AA
2316074,2,CS 101,4,8.0,BB
2316074,2,CS 111,2,9.0,AB
2316074,2,EC 101,4,5.0,CD
2316074,2,EC 111,2,7.0,BC
2316074,2,MA 102,4,8.0,BB
2316074,2,ME 111,2,6.0,CC
2316075,2,CE 102,3,8.0,BB
2316075,2,CH 101,4,6.0,CC
2316075,2,CH 111,2,9.0,AB
2316075,2,CS 101,4,9.0,AB
2316075,2,CS 111,2,8.0,BB
2316075,2,EC 101,4,5.0,CD
2316075,2,EC 111,2,8.0,BB
2316075,2,MA 102,4,5.0,CD
2316075,2,ME 111,2,8.0,BB
2316076,2,CE 102,3,8.0,BB
2316076,2,CH 101,4,8.0,BB
2316076,2,CH 111,2,10.0,AA
2316076,2,CS 101,4,8.0,BB
2316076,2,CS 111,2,7.0,BC
2316076,2,EC 101,4,6.0,CC
2316076,2,EC 111,2,8.0,BB
2316076,2,MA 102,4,8.0,BB
2316076,2,ME 111,2,7.0,BC
2316077,2,CE 102,3,8.0,BB
2316077,2,CH 101,4,8.0,BB
2316077,2,CH 111,2,10.0,AA
2316077,2,CS 101,4,9.0,AB
2316077,2,CS 111,2,10.0,AA
2316077,2,EC 101,4,7.0,BC
2316077,2,EC 111,2,8.0,BB
2316077,2,MA 102,4,8.0,BB
2316077,2,ME 111,2,10.0,AA
2316078,2,CE 102,3,7.0,BC
2316078,2,CH 101,4,8.0,BB
2316078,2,CH 111,2,10.0,AA
2316078,2,CS 101,4,7.0,BC
2316078,2,CS 111,2,5.0,CD
2316078,2,EC 101,4,7.0,BC
2316078,2,EC 111,2,8.0,BB
2316078,2,MA 102,4,6.0,CC
2316078,2,ME 111,2,8.0,BB
2316079,2,CE 102,3,9.0,AB
2316079,2,CH 101,4,8.0,BB
2316079,2,CH 111,2,9.0,AB
2316079,2,CS 101,4,8.0,BB
2316079,2,CS 111,2,7.0,BC
2316079,2,EC 101,4,5.0,CD
2316079,2,EC 111,2,8.0,BB
2316079,2,MA 102,4,9.0,AB
2316079,2,ME 111,2,7.0,BC
2316080,2,CE 102,3,8.0,BB
2316080,2,CH 101,4,9.0,AB
2316080,2,CH 111,2,9.0,AB
2316080,2,CS 101,4,10.0,AA
2316080,2,CS 111,2,10.0,AA
2316080,2,EC 101,4,8.0,BB
2316080,2,EC 111,2,10.0,AA
2316080,2,MA 102,4,8.0,BB
2316080,2,ME 111,2,9.0,AB
2316081,2,CE 102,3,9.0,AB
2316081,2,CH 101,4,8.0,BB
2316081,2,CH 111,2,9.0,AB
2316081,2,CS 101,4,9.0,AB
2316081,2,CS 111,2,10.0,AA
2316081,2,EC 101,4,7.0,BC
2316081,2,EC 111,2,9.0,AB
2316081,2,MA 102,4,9.0,AB
2316081,2,ME 111,2,8.0,BB
2316082,2,CE 102,3,9.0,AB
2316082,2,CH 101,4,9.0,AB
2316082,2,CH 111,2,10.0,AA
2316082,2,CS 101,4,7.0,BC
2316082,2,CS 111,2,9.0,AB
2316082,2,EC 101,4,5.0,CD
2316082,2,EC 111,2,9.0,AB
2316082,2,MA 102,4,9.0,AB
2316082,2,ME 111,2,7.0,BC
2316083,2,CE 102,3,9.0,AB
2316083,2,CH 101,4,8.0,BB
2316083,2,CH 111,2,10.0,AA
2316083,2,CS 101,4,7.0,BC
2316083,2,CS 111,2,9.0,AB
2316083,2,EC 101,4,6.0,CC
2316083,2,EC 111,2,8.0,BB
2316083,2,MA 102,4,7.0,BC
2316083,2,ME 111,2,7.0,BC
2316084,2,CE 102,3,9.0,AB
2316084,2,CH 101,4,8.0,BB
2316084,2,CH 111,2,9.0,AB
2316084,2,CS 101,4,9.0,AB
2316084,2,CS 111,2,10.0,AA
2316084,2,EC 101,4,7.0,BC
2316084,2,EC 111,2,9.0,AB
2316084,2,MA 102,4,7.0,BC
2316084,2,ME 111,2,10.0,AA
2316085,2,CE 102,3,9.0,AB
2316085,2,CH 101,4,8.0,BB
2316085,2,CH 111,2,10.0,AA
2316085,2,CS 101,4,5.0,CD
2316085,2,CS 111,2,6.0,CC
2316085,2,EC 101,4,8.0,BB
2316085,2,EC 111,2,10.0,AA
2316085,2,MA 102,4,8.0,BB
2316085,2,ME 111,2,8.0,BB
2316086,2,CE 102,3,8.0,BB
2316086,2,CH 101,4,9.0,AB
2316086,2,CH 111,2,10.0,AA
2316086,2,CS 101,4,10.0,AA
2316086,2,CS 111,2,10.0,AA
2316086,2,EC 101,4,8.0,BB
2316086,2,EC 111,2,9.0,AB
2316086,2,MA 102,4,9.0,AB
2316086,2,ME 111,2,9.0,AB
2316087,2,CE 102,3,7.0,BC
2316087,2,CH 101,4,8.0,BB
2316087,2,CH 111,2,9.0,AB
2316087,2,CS 101,4,4.0,DD
2316087,2,CS 111,2,6.0,CC
2316087,2,EC 101,4,6.0,CC
2316087,2,EC 111,2,8.0,BB
2316087,2,MA 102,4,5.0,CD
2316087,2,ME 111,2,6.0,CC
2316088,2,CE 102,3,6.0,CC
2316088,2,CH 101,4,5.0,CD
2316088,2,CH 111,2,10.0,AA
2316088,2,CS 101,4,0.0,F
2316088,2,CS 111,2,7.0,BC
2316088,2,EC 101,4,5.0,CD
2316088,2,EC 111,2,8.0,BB
2316088,2,MA 102,4,5.0,CD
2316088,2,ME 111,2,8.0,BB
2316089,2,CE 102,3,6.0,CC
2316089,2,CH 101,4,6.0,CC
2316089,2,CH 111,2,9.0,AB
2316089,2,CS 101,4,4.0,DD
2316089,2,CS 111,2,7.0,BC
2316089,2,EC 101,4,4.0,DD
2316089,2,EC 111,2,8.0,BB
2316089,2,MA 102,4,5.0,CD
2316089,2,ME 111,2,6.0,CC
2316090,2,CE 102,3,6.0,CC
2316090,2,CH 101,4,6.0,CC
2316090,2,CH 111,2,8.0,BB
2316090,2,CS 101,4,5.0,CD
2316090,2,CS 111,2,8.0,BB
2316090,2,EC 101,4,5.0,CD
2316090,2,EC 111,2,6.0,CC
2316090,2,MA 102,4,7.0,BC
2316090,2,ME 111,2,5.0,CD
2316091,2,CE 102,3,8.0,BB
2316091,2,CH 101,4,8.0,BB
2316091,2,CH 111,2,10.0,AA
2316091,2,CS 101,4,5.0,CD
2316091,2,CS 111,2,8.0,BB
2316091,2,EC 101,4,7.0,BC
2316091,2,EC 111,2,8.0,BB
2316091,2,MA 102,4,5.0,CD
2316091,2,ME 111,2,8.0,BB
2316092,2,CE 102,3,10.0,AA
2316092,2,CH 101,4,10.0,AA
2316092,2,CH 111,2,10.0,AA
2316092,2,CS 101,4,7.0,BC
2316092,2,CS 111,2,9.0,AB
2316092,2,EC 101,4,8.0,BB
2316092,2,EC 111,2,9.0,AB
2316092,2,MA 102,4,9.0,AB
2316092,2,ME 111,2,9.0,AB
2316093,2,CE 102,3,7.0,BC
2316093,2,CH 101,4,8.0,BB
2316093,2,CH 111,2,10.0,AA
2316093,2,CS 101,4,5.0,CD
2316093,2,CS 111,2,9.0,AB
2316093,2,EC 101,4,6.0,CC
2316093,2,EC 111,2,8.0,BB
2316093,2,MA 102,4,8.0,BB
2316093,2,ME 111,2,7.0,BC
2316094,2,CE 102,3,6.0,CC
2316094,2,CH 101,4,8.0,BB
2316094,2,CH 111,2,9.0,AB
2316094,2,CS 101,4,5.0,CD
2316094,2,CS 111,2,10.0,AA
2316094,2,EC 101,4,5.0,CD
2316094,2,EC 111,2,8.0,BB
2316094,2,MA 102,4,6.0,CC
2316094,2,ME 111,2,8.0,BB
2316095,2,CE 102,3,9.0,AB
2316095,2,CH 101,4,10.0,AA
2316095,2,CH 111,2,10.0,AA
2316095,2,CS 101,4,9.0,AB
2316095,2,CS 111,2,9.0,AB
2316095,2,EC 101,4,7.0,BC
2316095,2,EC 111,2,9.0,AB
2316095,2,MA 102,4,7.0,BC
2316095,2,ME 111,2,9.0,AB
2316096,2,CE 102,3,6.0,CC
2316096,2,CH 101,4,7.0,BC
2316096,2,CH 111,2,10.0,AA
2316096,2,CS 101,4,5.0,CD
2316096,2,CS 111,2,6.0,CC
2316096,2,EC 101,4,0.0,F
2316096,2,EC 111,2,8.0,BB
2316096,2,MA 102,4,5.0,CD
2316096,2,ME 111,2,6.0,CC
2316097,2,CE 102,3,8.0,BB
2316097,2,CH 101,4,9.0,AB
2316097,2,CH 111,2,10.0,AA
2316097,2,CS 101,4,7.0,BC
2316097,2,CS 111,2,9.0,AB
2316097,2,EC 101,4,8.0,BB
2316097,2,EC 111,2,8.0,BB
2316097,2,MA 102,4,8.0,BB
2316097,2,ME 111,2,8.0,BB
2316098,2,CE 102,3,7.0,BC
2316098,2,CH 101,4,8.0,BB
2316098,2,CH 111,2,10.0,AA
2316098,2,CS 101,4,5.0,CD
2316098,2,CS 111,2,9.0,AB
2316098,2,EC 101,4,7.0,BC
2316098,2,EC 111,2,8.0,BB
2316098,2,MA 102,4,8.0,BB
2316098,2,ME 111,2,10.0,AA
2316099,2,CE 102,3,10.0,AA
2316099,2,CH 101,4,9.0,AB
2316099,2,CH 111,2,10.0,AA
2316099,2,CS 101,4,7.0,BC
2316099,2,CS 111,2,10.0,AA
2316099,2,EC 101,4,6.0,CC
2316099,2,EC 111,2,9.0,AB
2316099,2,MA 102,4,7.0,BC
2316099,2,ME 111,2,10.0,AA
2316100,2,CE 102,3,10.0,AA
2316100,2,CH 101,4,9.0,AB
2316100,2,CH 111,2,10.0,AA
2316100,2,CS 101,4,7.0,BC
2316100,2,CS 111,2,8.0,BB
2316100,2,EC 101,4,8.0,BB
2316100,2,EC 111,2,9.0,AB
2316100,2,MA 102,4,8.0,BB
2316100,2,ME 111,2,10.0,AA
2316101,2,CE 102,3,8.0,BB
2316101,2,CH 101,4,9.0,AB
2316101,2,CH 111,2,10.0,AA
2316101,2,CS 101,4,6.0,CC
2316101,2,CS 111,2,7.0,BC
2316101,2,EC 101,4,8.0,BB
2316101,2,EC 111,2,9.0,AB
2316101,2,MA 102,4,7.0,BC
2316101,2,ME 111,2,7.0,BC
2316102,2,CE 102,3,7.0,BC
2316102,2,CH 101,4,7.0,BC
2316102,2,CH 111,2,9.0,AB
2316102,2,CS 101,4,4.0,DD
2316102,2,CS 111,2,8.0,BB
2316102,2,EC 101,4,6.0,CC
2316102,2,EC 111,2,9.0,AB
2316102,2,MA 102,4,6.0,CC
2316102,2,ME 111,2,7.0,BC
2316103,2,CE 102,3,8.0,BB
2316103,2,CH 101,4,9.0,AB
2316103,2,CH 111,2,8.0,BB
2316103,2,CS 101,4,5.0,CD
2316103,2,CS 111,2,8.0,BB
2316103,2,EC 101,4,7.0,BC
2316103,2,EC 111,2,8.0,BB
2316103,2,MA 102,4,7.0,BC
2316103,2,ME 111,2,7.0,BC
2316104,2,CE 102,3,0.0,F
2316104,2,CH 101,4,0.0,F
2316104,2,CH 111,2,0.0,F
2316104,2,CS 101,4,0.0,F
2316104,2,CS 111,2,0.0,F
2316104,2,EC 101,4,0.0,F
2316104,2,EC 111,2,0.0,F
2316104,2,MA 102,4,0.0,F
2316104,2,ME 111,2,0.0,F
2316106,2,CE 102,3,8.0,BB
2316106,2,CH 101,4,8.0,BB
2316106,2,CH 111,2,8.0,BB
2316106,2,CS 101,4,7.0,BC
2316106,2,CS 111,2,9.0,AB
2316106,2,EC 101,4,6.0,CC
2316106,2,EC 111,2,9.0,AB
2316106,2,MA 102,4,6.0,CC
2316106,2,ME 111,2,8.0,BB
2316107,2,CE 102,3,10.0,AA
2316107,2,CH 101,4,9.0,AB
2316107,2,CH 111,2,8.0,BB
2316107,2,CS 101,4,9.0,AB
2316107,2,CS 111,2,10.0,AA
2316107,2,EC 101,4,7.0,BC
2316107,2,EC 111,2,9.0,AB
2316107,2,MA 102,4,8.0,BB
2316107,2,ME 111,2,7.0,BC
2316108,2,CE 102,3,7.0,BC
2316108,2,CH 101,4,7.0,BC
2316108,2,CH 111,2,9.0,AB
2316108,2,CS 101,4,5.0,CD
2316108,2,CS 111,2,7.0,BC
2316108,2,EC 101,4,7.0,BC
2316108,2,EC 111,2,9.0,AB
2316108,2,MA 102,4,7.0,BC
2316108,2,ME 111,2,7.0,BC
2316109,2,CE 102,3,7.0,BC
2316109,2,CH 101,4,7.0,BC
2316109,2,CH 111,2,9.0,AB
2316109,2,CS 101,4,7.0,BC
2316109,2,CS 111,2,9.0,AB
2316109,2,EC 101,4,7.0,BC
2316109,2,EC 111,2,8.0,BB
2316109,2,MA 102,4,5.0,CD
2316109,2,ME 111,2,9.0,AB
2316110,2,CE 102,3,6.0,CC
2316110,2,CH 101,4,4.0,DD
2316110,2,CH 111,2,8.0,BB
2316110,2,CS 101,4,4.0,DD
2316110,2,CS 111,2,6.0,CC
2316110,2,EC 101,4,4.0,DD
2316110,2,EC 111,2,8.0,BB
2316110,2,MA 102,4,5.0,CD
2316110,2,ME 111,2,7.0,BC
2316111,2,CE 102,3,9.0,AB
2316111,2,CH 101,4,8.0,BB
2316111,2,CH 111,2,10.0,AA
2316111,2,CS 101,4,4.0,DD
2316111,2,CS 111,2,9.0,AB
2316111,2,EC 101,4,6.0,CC
2316111,2,EC 111,2,8.0,BB
2316111,2,MA 102,4,5.0,CD
2316111,2,ME 111,2,10.0,AA
2316112,2,CE 102,3,7.0,BC
2316112,2,CH 101,4,7.0,BC
2316112,2,CH 111,2,10.0,AA
2316112,2,CS 101,4,6.0,CC
2316112,2,CS 111,2,9.0,AB
2316112,2,EC 101,4,7.0,BC
2316112,2,EC 111,2,9.0,AB
2316112,2,MA 102,4,8.0,BB
2316112,2,ME 111,2,8.0,BB
2316113,2,CE 102,3,10.0,AA
2316113,2,CH 101,4,10.0,AA
2316113,2,CH 111,2,10.0,AA
2316113,2,CS 101,4,9.0,AB
2316113,2,CS 111,2,10.0,AA
2316113,2,EC 101,4,9.0,AB
2316113,2,EC 111,2,9.0,AB
2316113,2,MA 102,4,9.0,AB
2316113,2,ME 111,2,9.0,AB
2316114,2,CE 102,3,8.0,BB
2316114,2,CH 101,4,9.0,AB
2316114,2,CH 111,2,10.0,AA
2316114,2,CS 101,4,5.0,CD
2316114,2,CS 111,2,8.0,BB
2316114,2,EC 101,4,8.0,BB
2316114,2,EC 111,2,8.0,BB
2316114,2,MA 102,4,8.0,BB
2316114,2,ME 111,2,8.0,BB
2316115,2,CE 102,3,7.0,BC
2316115,2,CH 101,4,5.0,CD
2316115,2,CH 111,2,9.0,AB
2316115,2,CS 101,4,4.0,DD
2316115,2,CS 111,2,6.0,CC
2316115,2,EC 101,4,5.0,CD
2316115,2,EC 111,2,8.0,BB
2316115,2,MA 102,4,6.0,CC
2316115,2,ME 111,2,7.0,BC
2316116,2,CE 102,3,6.0,CC
2316116,2,CH 101,4,5.0,CD
2316116,2,CH 111,2,9.0,AB
2316116,2,CS 101,4,7.0,BC
2316116,2,CS 111,2,7.0,BC
2316116,2,EC 101,4,7.0,BC
2316116,2,EC 111,2,7.0,BC
2316116,2,MA 102,4,7.0,BC
2316116,2,ME 111,2,5.0,CD
2316117,2,CE 102,3,9.0,AB
2316117,2,CH 101,4,10.0,AA
2316117,2,CH 111,2,10.0,AA
2316117,2,CS 101,4,7.0,BC
2316117,2,CS 111,2,8.0,BB
2316117,2,EC 101,4,8.0,BB
2316117,2,EC 111,2,9.0,AB
2316117,2,MA 102,4,9.0,AB
2316117,2,ME 111,2,8.0,BB
2316118,2,CE 102,3,10.0,AA
2316118,2,CH 101,4,10.0,AA
2316118,2,CH 111,2,10.0,AA
2316118,2,CS 101,4,8.0,BB
2316118,2,CS 111,2,10.0,AA
2316118,2,EC 101,4,8.0,BB
2316118,2,EC 111,2,9.0,AB
2316118,2,MA 102,4,9.0,AB
2316118,2,ME 111,2,10.0,AA
2316119,2,CE 102,3,8.0,BB
2316119,2,CH 101,4,8.0,BB
2316119,2,CH 111,2,10.0,AA
2316119,2,CS 101,4,5.0,CD
2316119,2,CS 111,2,8.0,BB
2316119,2,EC 101,4,6.0,CC
2316119,2,EC 111,2,9.0,AB
2316119,2,MA 102,4,5.0,CD
2316119,2,ME 111,2,6.0,CC
2316120,2,CE 102,3,7.0,BC
2316120,2,CH 101,4,6.0,CC
2316120,2,CH 111,2,9.0,AB
2316120,2,CS 101,4,4.0,DD
2316120,2,CS 111,2,8.0,BB
2316120,2,EC 101,4,5.0,CD
2316120,2,EC 111,2,9.0,AB
2316120,2,MA 102,4,4.0,DD
2316120,2,ME 111,2,6.0,CC
2316121,2,CE 102,3,6.0,CC
2316121,2,CH 101,4,5.0,CD
2316121,2,CH 111,2,8.0,BB
2316121,2,CS 101,4,4.0,DD
2316121,2,CS 111,2,8.0,BB
2316121,2,EC 101,4,5.0,CD
2316121,2,EC 111,2,8.0,BB
2316121,2,MA 102,4,6.0,CC
2316121,2,ME 111,2,6.0,CC
2316122,2,CE 102,3,7.0,BC
2316122,2,CH 101,4,8.0,BB
2316122,2,CH 111,2,9.0,AB
2316122,2,CS 101,4,4.0,DD
2316122,2,CS 111,2,9.0,AB
2316122,2,EC 101,4,6.0,CC
2316122,2,EC 111,2,8.0,BB
2316122,2,MA 102,4,8.0,BB
2316122,2,ME 111,2,7.0,BC
2316123,2,CE 102,3,9.0,AB
2316123,2,CH 101,4,8.0,BB
2316123,2,CH 111,2,10.0,AA
2316123,2,CS 101,4,5.0,CD
2316123,2,CS 111,2,8.0,BB
2316123,2,EC 101,4,8.0,BB
2316123,2,EC 111,2,9.0,AB
2316123,2,MA 102,4,7.0,BC
2316123,2,ME 111,2,8.0,BB
2316124,2,CE 102,3,9.0,AB
2316124,2,CH 101,4,10.0,AA
2316124,2,CH 111,2,10.0,AA
2316124,2,CS 101,4,10.0,AA
2316124,2,CS 111,2,10.0,AA
2316124,2,EC 101,4,8.0,BB
2316124,2,EC 111,2,10.0,AA
2316124,2,MA 102,4,7.0,BC
2316124,2,ME 111,2,9.0,AB
2316125,2,CE 102,3,6.0,CC
2316125,2,CH 101,4,5.0,CD
2316125,2,CH 111,2,8.0,BB
2316125,2,CS 101,4,5.0,CD
2316125,2,CS 111,2,8.0,BB
2316125,2,EC 101,4,5.0,CD
2316125,2,EC 111,2,8.0,BB
2316125,2,MA 102,4,8.0,BB
2316125,2,ME 111,2,7.0,BC
2316126,2,CE 102,3,8.0,BB
2316126,2,CH 101,4,7.0,BC
2316126,2,CH 111,2,9.0,AB
2316126,2,CS 101,4,4.0,DD
2316126,2,CS 111,2,8.0,BB
2316126,2,EC 101,4,7.0,BC
2316126,2,EC 111,2,8.0,BB
2316126,2,MA 102,4,6.0,CC
2316126,2,ME 111,2,7.0,BC
2316127,2,CE 102,3,8.0,BB
2316127,2,CH 101,4,9.0,AB
2316127,2,CH 111,2,9.0,AB
2316127,2,CS 101,4,7.0,BC
2316127,2,CS 111,2,9.0,AB
2316127,2,EC 101,4,8.0,BB
2316127,2,EC 111,2,9.0,AB
2316127,2,MA 102,4,8.0,BB
2316127,2,ME 111,2,8.0,BB
2316128,2,CE 102,3,7.0,BC
2316128,2,CH 101,4,6.0,CC
2316128,2,CH 111,2,7.0,BC
2316128,2,CS 101,4,5.0,CD
2316128,2,CS 111,2,8.0,BB
2316128,2,EC 101,4,7.0,BC
2316128,2,EC 111,2,9.0,AB
2316128,2,MA 102,4,6.0,CC
2316128,2,ME 111,2,7.0,BC
2316129,2,CE 102,3,5.0,CD
2316129,2,CH 101,4,0.0,F
2316129,2,CH 111,2,8.0,BB
2316129,2,CS 101,4,0.0,F
2316129,2,CS 111,2,6.0,CC
2316129,2,EC 101,4,4.0,DD
2316129,2,EC 111,2,8.0,BB
2316129,2,MA 102,4,0.0,F
2316129,2,ME 111,2,6.0,CC
2316130,2,CE 102,3,7.0,BC
2316130,2,CH 101,4,7.0,BC
2316130,2,CH 111,2,9.0,AB
2316130,2,CS 101,4,4.0,DD
2316130,2,CS 111,2,8.0,BB
2316130,2,EC 101,4,5.0,CD
2316130,2,EC 111,2,10.0,AA
2316130,2,MA 102,4,6.0,CC
2316130,2,ME 111,2,9.0,AB
2316131,2,CE 102,3,8.0,BB
2316131,2,CH 101,4,10.0,AA
2316131,2,CH 111,2,10.0,AA
2316131,2,CS 101,4,10.0,AA
2316131,2,CS 111,2,10.0,AA
2316131,2,EC 101,4,8.0,BB
2316131,2,EC 111,2,10.0,AA
2316131,2,MA 102,4,8.0,BB
2316131,2,ME 111,2,9.0,AB
2316132,2,CE 102,3,8.0,BB
2316132,2,CH 101,4,9.0,AB
2316132,2,CH 111,2,10.0,AA
2316132,2,CS 101,4,7.0,BC
2316132,2,CS 111,2,10.0,AA
2316132,2,EC 101,4,8.0,BB
2316132,2,EC 111,2,9.0,AB
2316132,2,MA 102,4,6.0,CC
2316132,2,ME 111,2,8.0,BB
2316133,2,CE 102,3,6.0,CC
2316133,2,CH 101,4,7.0,BC
2316133,2,CH 111,2,9.0,AB
2316133,2,CS 101,4,6.0,CC
2316133,2,CS 111,2,10.0,AA
2316133,2,EC 101,4,7.0,BC
2316133,2,EC 111,2,10.0,AA
2316133,2,MA 102,4,8.0,BB
2316133,2,ME 111,2,7.0,BC
2316134,2,CE 102,3,9.0,AB
2316134,2,CH 101,4,9.0,AB
2316134,2,CH 111,2,9.0,AB
2316134,2,CS 101,4,6.0,CC
2316134,2,CS 111,2,10.0,AA
2316134,2,EC 101,4,8.0,BB
2316134,2,EC 111,2,9.0,AB
2316134,2,MA 102,4,8.0,BB
2316134,2,ME 111,2,9.0,AB
2316135,2,CE 102,3,7.0,BC
2316135,2,CH 101,4,6.0,CC
2316135,2,CH 111,2,9.0,AB
2316135,2,CS 101,4,6.0,CC
2316135,2,CS 111,2,9.0,AB
2316135,2,EC 101,4,7.0,BC
2316135,2,EC 111,2,9.0,AB
2316135,2,MA 102,4,9.0,AB
2316135,2,ME 111,2,7.0,BC
2316136,2,CE 102,3,7.0,BC
2316136,2,CH 101,4,6.0,CC
2316136,2,CH 111,2,7.0,BC
2316136,2,CS 101,4,4.0,DD
2316136,2,CS 111,2,5.0,CD
2316136,2,EC 101,4,4.0,DD
2316136,2,EC 111,2,9.0,AB
2316136,2,MA 102,4,4.0,DD
2316136,2,ME 111,2,7.0,BC
2316137,2,CE 102,3,9.0,AB
2316137,2,CH 101,4,9.0,AB
2316137,2,CH 111,2,10.0,AA
2316137,2,CS 101,4,5.0,CD
2316137,2,CS 111,2,10.0,AA
2316137,2,EC 101,4,7.0,BC
2316137,2,EC 111,2,10.0,AA
2316137,2,MA 102,4,9.0,AB
2316137,2,ME 111,2,9.0,AB
2316138,2,CE 102,3,5.0,CD
2316138,2,CH 101,4,5.0,CD
2316138,2,CH 111,2,9.0,AB
2316138,2,CS 101,4,0.0,F
2316138,2,CS 111,2,5.0,CD
2316138,2,EC 101,4,5.0,CD
2316138,2,EC 111,2,8.0,BB
2316138,2,MA 102,4,6.0,CC
2316138,2,ME 111,2,6.0,CC
2316139,2,CE 102,3,6.0,CC
2316139,2,CH 101,4,5.0,CD
2316139,2,CH 111,2,9.0,AB
2316139,2,CS 101,4,4.0,DD
2316139,2,CS 111,2,7.0,BC
2316139,2,EC 101,4,4.0,DD
2316139,2,EC 111,2,8.0,BB
2316139,2,MA 102,4,4.0,DD
2316139,2,ME 111,2,7.0,BC
2316140,2,CE 102,3,5.0,CD
2316140,2,CH 101,4,5.0,CD
2316140,2,CH 111,2,8.0,BB
2316140,2,CS 101,4,0.0,F
2316140,2,CS 111,2,6.0,CC
2316140,2,EC 101,4,6.0,CC
2316140,2,EC 111,2,8.0,BB
2316140,2,MA 102,4,4.0,DD
2316140,2,ME 111,2,7.0,BC
2316141,2,CE 102,3,9.0,AB
2316141,2,CH 101,4,10.0,AA
2316141,2,CH 111,2,9.0,AB
2316141,2,CS 101,4,6.0,CC
2316141,2,CS 111,2,7.0,BC
2316141,2,EC 101,4,8.0,BB
2316141,2,EC 111,2,8.0,BB
2316141,2,MA 102,4,8.0,BB
2316141,2,ME 111,2,6.0,CC
2316142,2,CE 102,3,8.0,BB
2316142,2,CH 101,4,7.0,BC
2316142,2,CH 111,2,8.0,BB
2316142,2,CS 101,4,7.0,BC
2316142,2,CS 111,2,9.0,AB
2316142,2,EC 101,4,8.0,BB
2316142,2,EC 111,2,10.0,AA
2316142,2,MA 102,4,8.0,BB
2316142,2,ME 111,2,7.0,BC
2316143,2,CE 102,3,7.0,BC
2316143,2,CH 101,4,6.0,CC
2316143,2,CH 111,2,8.0,BB
2316143,2,CS 101,4,4.0,DD
2316143,2,CS 111,2,7.0,BC
2316143,2,EC 101,4,7.0,BC
2316143,2,EC 111,2,8.0,BB
2316143,2,MA 102,4,4.0,DD
2316143,2,ME 111,2,7.0,BC
2316144,2,CE 102,3,9.0,AB
2316144,2,CH 101,4,9.0,AB
2316144,2,CH 111,2,9.0,AB
2316144,2,CS 101,4,9.0,AB
2316144,2,CS 111,2,9.0,AB
2316144,2,EC 101,4,8.0,BB
2316144,2,EC 111,2,9.0,AB
2316144,2,MA 102,4,7.0,BC
2316144,2,ME 111,2,10.0,AA
2316145,2,CE 102,3,8.0,BB
2316145,2,CH 101,4,6.0,CC
2316145,2,CH 111,2,9.0,AB
2316145,2,CS 101,4,5.0,CD
2316145,2,CS 111,2,8.0,BB
2316145,2,EC 101,4,7.0,BC
2316145,2,EC 111,2,10.0,AA
2316145,2,MA 102,4,6.0,CC
2316145,2,ME 111,2,8.0,BB
2316146,2,CE 102,3,5.0,CD
2316146,2,CH 101,4,0.0,F
2316146,2,CH 111,2,8.0,BB
2316146,2,CS 101,4,4.0,DD
2316146,2,CS 111,2,7.0,BC
2316146,2,EC 101,4,4.0,DD
2316146,2,EC 111,2,8.0,BB
2316146,2,MA 102,4,0.0,F
2316146,2,ME 111,2,8.0,BB
2316147,2,CE 102,3,8.0,BB
2316147,2,CH 101,4,8.0,BB
2316147,2,CH 111,2,9.0,AB
2316147,2,CS 101,4,5.0,CD
2316147,2,CS 111,2,8.0,BB
2316147,2,EC 101,4,7.0,BC
2316147,2,EC 111,2,10.0,AA
2316147,2,MA 102,4,6.0,CC
2316147,2,ME 111,2,9.0,AB
2316148,2,CE 102,3,9.0,AB
2316148,2,CH 101,4,8.0,BB
2316148,2,CH 111,2,9.0,AB
2316148,2,CS 101,4,6.0,CC
2316148,2,CS 111,2,9.0,AB
2316148,2,EC 101,4,8.0,BB
2316148,2,EC 111,2,9.0,AB
2316148,2,MA 102,4,9.0,AB
2316148,2,ME 111,2,9.0,AB
2316149,2,CE 102,3,9.0,AB
2316149,2,CH 101,4,10.0,AA
2316149,2,CH 111,2,9.0,AB
2316149,2,CS 101,4,6.0,CC
2316149,2,CS 111,2,9.0,AB
2316149,2,EC 101,4,9.0,AB
2316149,2,EC 111,2,9.0,AB
2316149,2,MA 102,4,7.0,BC
2316149,2,ME 111,2,9.0,AB
2316150,2,CE 102,3,7.0,BC
2316150,2,CH 101,4,7.0,BC
2316150,2,CH 111,2,10.0,AA
2316150,2,CS 101,4,4.0,DD
2316150,2,CS 111,2,9.0,AB
2316150,2,EC 101,4,8.0,BB
2316150,2,EC 111,2,9.0,AB
2316150,2,MA 102,4,5.0,CD
2316150,2,ME 111,2,7.0,BC
2316151,2,CE 102,3,8.0,BB
2316151,2,CH 101,4,8.0,BB
2316151,2,CH 111,2,8.0,BB
2316151,2,CS 101,4,7.0,BC
2316151,2,CS 111,2,9.0,AB
2316151,2,EC 101,4,7.0,BC
2316151,2,EC 111,2,8.0,BB
2316151,2,MA 102,4,6.0,CC
2316151,2,ME 111,2,8.0,BB
2316152,2,CE 102,3,8.0,BB
2316152,2,CH 101,4,6.0,CC
2316152,2,CH 111,2,8.0,BB
2316152,2,CS 101,4,5.0,CD
2316152,2,CS 111,2,10.0,AA
2316152,2,EC 101,4,5.0,CD
2316152,2,EC 111,2,8.0,BB
2316152,2,MA 102,4,4.0,DD
2316152,2,ME 111,2,8.0,BB
2316153,2,CE 102,3,10.0,AA
2316153,2,CH 101,4,10.0,AA
2316153,2,CH 111,2,10.0,AA
2316153,2,CS 101,4,10.0,AA
2316153,2,CS 111,2,10.0,AA
2316153,2,EC 101,4,8.0,BB
2316153,2,EC 111,2,9.0,AB
2316153,2,MA 102,4,4.0,DD
2316153,2,ME 111,2,10.0,AA
2316154,2,CE 102,3,7.0,BC
2316154,2,CH 101,4,9.0,AB
2316154,2,CH 111,2,10.0,AA
2316154,2,CS 101,4,6.0,CC
2316154,2,CS 111,2,10.0,AA
2316154,2,EC 101,4,8.0,BB
2316154,2,EC 111,2,9.0,AB
2316154,2,MA 102,4,10.0,AA
2316154,2,ME 111,2,9.0,AB
2316155,2,CE 102,3,7.0,BC
2316155,2,CH 101,4,8.0,BB
2316155,2,CH 111,2,9.0,AB
2316155,2,CS 101,4,6.0,CC
2316155,2,CS 111,2,10.0,AA
2316155,2,EC 101,4,7.0,BC
2316155,2,EC 111,2,8.0,BB
2316155,2,MA 102,4,9.0,AB
2316155,2,ME 111,2,8.0,BB
2316156,2,CE 102,3,8.0,BB
2316156,2,CH 101,4,7.0,BC
2316156,2,CH 111,2,9.0,AB
2316156,2,CS 101,4,6.0,CC
2316156,2,CS 111,2,9.0,AB
2316156,2,EC 101,4,7.0,BC
2316156,2,EC 111,2,9.0,AB
2316156,2,MA 102,4,7.0,BC
2316156,2,ME 111,2,7.0,BC
2316157,2,CE 102,3,8.0,BB
2316157,2,CH 101,4,8.0,BB
2316157,2,CH 111,2,9.0,AB
2316157,2,CS 101,4,6.0,CC
2316157,2,CS 111,2,9.0,AB
2316157,2,EC 101,4,6.0,CC
2316157,2,EC 111,2,9.0,AB
2316157,2,MA 102,4,6.0,CC
2316157,2,ME 111,2,8.0,BB
2316158,2,CE 102,3,7.0,BC
2316158,2,CH 101,4,7.0,BC
2316158,2,CH 111,2,7.0,BC
2316158,2,CS 101,4,4.0,DD
2316158,2,CS 111,2,9.0,AB
2316158,2,EC 101,4,4.0,DD
2316158,2,EC 111,2,8.0,BB
2316158,2,MA 102,4,6.0,CC
2316158,2,ME 111,2,7.0,BC
2316159,2,CE 102,3,7.0,BC
2316159,2,CH 101,4,8.0,BB
2316159,2,CH 111,2,8.0,BB
2316159,2,CS 101,4,5.0,CD
2316159,2,CS 111,2,9.0,AB
2316159,2,EC 101,4,7.0,BC
2316159,2,EC 111,2,8.0,BB
2316159,2,MA 102,4,5.0,CD
2316159,2,ME 111,2,10.0,AA
2316160,2,CE 102,3,6.0,CC
2316160,2,CH 101,4,4.0,DD
2316160,2,CH 111,2,8.0,BB
2316160,2,CS 101,4,4.0,DD
2316160,2,CS 111,2,7.0,BC
2316160,2,EC 101,4,5.0,CD
2316160,2,EC 111,2,8.0,BB
2316160,2,MA 102,4,4.0,DD
2316160,2,ME 111,2,5.0,CD
2316161,2,CE 102,3,8.0,BB
2316161,2,CH 101,4,10.0,AA
2316161,2,CH 111,2,8.0,BB
2316161,2,CS 101,4,8.0,BB
2316161,2,CS 111,2,9.0,AB
2316161,2,EC 101,4,8.0,BB
2316161,2,EC 111,2,8.0,BB
2316161,2,MA 102,4,7.0,BC
2316161,2,ME 111,2,9.0,AB
2316162,2,CE 102,3,6.0,CC
2316162,2,CH 101,4,5.0,CD
2316162,2,CH 111,2,8.0,BB
2316162,2,CS 101,4,0.0,F
2316162,2,CS 111,2,7.0,BC
2316162,2,EC 101,4,4.0,DD
2316162,2,EC 111,2,7.0,BC
2316162,2,MA 102,4,4.0,DD
2316162,2,ME 111,2,7.0,BC
2316163,2,CE 102,3,5.0,CD
2316163,2,CH 101,4,4.0,DD
2316163,2,CH 111,2,8.0,BB
2316163,2,CS 101,4,4.0,DD
2316163,2,CS 111,2,8.0,BB
2316163,2,EC 101,4,5.0,CD
2316163,2,EC 111,2,9.0,AB
2316163,2,MA 102,4,4.0,DD
2316163,2,ME 111,2,8.0,BB
