regn_no,semester,subject_code,credits,grade_point,grade
2211155,1,CE 101,3,6.0,CC
2211155,1,EE 101,4,0.0,F
2211155,1,EE 111,2,8.0,BB
2211155,1,HS 101,3,6.0,CC
2211155,1,HS 111,NA,,NA
2211155,1,MA 101,4,4.0,DD
2211155,1,ME 101,4,0.0,F
2211155,1,PH 101,4,4.0,DD
2211155,1,PH 111,2,8.0,BB
2211156,1,CE 101,3,0.0,F
2211156,1,EE 101,4,0.0,F
2211156,1,EE 111,2,0.0,F
2211156,1,HS 101,NA,,NA
2211156,1,HS 111,NA,,NA
2211156,1,MA 101,4,0.0,F
2211156,1,ME 101,4,0.0,F
2211156,1,PH 101,4,0.0,F
2211156,1,PH 111,NA,,NA
2311001,1,CE 101,3,7.0,BC
2311001,1,EE 101,4,6.0,CC
2311001,1,EE 111,2,10.0,AA
2311001,1,HS 101,3,5.0,CD
2311001,1,HS 111,2,6.0,CC
2311001,1,MA 101,4,6.0,CC
2311001,1,ME 101,4,7.0,BC
2311001,1,PH 101,4,6.0,CC
2311001,1,PH 111,2,10.0,AA
2311002,1,CE 101,3,5.0,CD
2311002,1,EE 101,4,0.0,F
2311002,1,EE 111,2,7.0,BC
2311002,1,HS 101,3,6.0,CC
2311002,1,HS 111,2,6.0,CC
2311002,1,MA 101,4,5.0,CD
2311002,1,ME 101,4,5.0,CD
2311002,1,PH 101,4,4.0,DD
2311002,1,PH 111,2,8.0,BB
2311003,1,CE 101,3,6.0,CC
2311003,1,EE 101,4,5.0,CD
2311003,1,EE 111,2,10.0,AA
2311003,1,HS 101,3,5.0,CD
2311003,1,HS 111,2,6.0,CC
2311003,1,MA 101,4,5.0,CD
2311003,1,ME 101,4,5.0,CD
2311003,1,PH 101,4,4.0,DD
2311003,1,PH 111,2,8.0,BB
2311004,1,CE 101,3,7.0,BC
2311004,1,EE 101,4,5.0,CD
2311004,1,EE 111,2,10.0,AA
2311004,1,HS 101,3,8.0,BB
2311004,1,HS 111,2,6.0,CC
2311004,1,MA 101,4,4.0,DD
2311004,1,ME 101,4,4.0,DD
2311004,1,PH 101,4,4.0,DD
2311004,1,PH 111,2,9.0,AB
2311005,1,CE 101,3,5.0,CD
2311005,1,EE 101,4,5.0,CD
2311005,1,EE 111,2,8.0,BB
2311005,1,HS 101,3,6.0,CC
2311005,1,HS 111,2,6.0,CC
2311005,1,MA 101,4,5.0,CD
2311005,1,ME 101,4,6.0,CC
2311005,1,PH 101,4,5.0,CD
2311005,1,PH 111,2,8.0,BB
2311006,1,CE 101,3,0.0,F
2311006,1,EE 101,4,0.0,F
2311006,1,EE 111,2,0.0,F
2311006,1,HS 101,3,0.0,F
2311006,1,HS 111,2,0.0,F
2311006,1,MA 101,4,0.0,F
2311006,1,ME 101,4,0.0,F
2311006,1,PH 101,4,0.0,F
2311006,1,PH 111,2,0.0,F
2311007,1,CE 101,3,5.0,CD
2311007,1,EE 101,4,6.0,CC
2311007,1,EE 111,2,8.0,BB
2311007,1,HS 101,3,6.0,CC
2311007,1,HS 111,2,6.0,CC
2311007,1,MA 101,4,5.0,CD
2311007,1,ME 101,4,4.0,DD
2311007,1,PH 101,4,5.0,CD
2311007,1,PH 111,2,9.0,AB
2311008,1,CE 101,3,6.0,CC
2311008,1,EE 101,4,6.0,CC
2311008,1,EE 111,2,10.0,AA
2311008,1,HS 101,3,8.0,BB
2311008,1,HS 111,2,6.0,CC
2311008,1,MA 101,4,4.0,DD
2311008,1,ME 101,4,4.0,DD
2311008,1,PH 101,4,5.0,CD
2311008,1,PH 111,2,10.0,AA
2311009,1,CE 101,3,5.0,CD
2311009,1,EE 101,4,6.0,CC
2311009,1,EE 111,2,10.0,AA
2311009,1,HS 101,3,8.0,BB
2311009,1,HS 111,2,6.0,CC
2311009,1,MA 101,4,5.0,CD
2311009,1,ME 101,4,4.0,DD
2311009,1,PH 101,4,5.0,CD
2311009,1,PH 111,2,8.0,BB
2311010,1,CE 101,3,7.0,BC
2311010,1,EE 101,4,7.0,BC
2311010,1,EE 111,2,9.0,AB
2311010,1,HS 101,3,8.0,BB
2311010,1,HS 111,2,7.0,BC
2311010,1,MA 101,4,7.0,BC
2311010,1,ME 101,4,6.0,CC
2311010,1,PH 101,4,7.0,BC
2311010,1,PH 111,2,10.0,AA
2311011,1,CE 101,3,7.0,BC
2311011,1,EE 101,4,8.0,BB
2311011,1,EE 111,2,10.0,AA
2311011,1,HS 101,3,7.0,BC
2311011,1,HS 111,2,6.0,CC
2311011,1,MA 101,4,7.0,BC
2311011,1,ME 101,4,5.0,CD
2311011,1,PH 101,4,7.0,BC
2311011,1,PH 111,2,10.0,AA
2311012,1,CE 101,3,7.0,BC
2311012,1,EE 101,4,8.0,BB
2311012,1,EE 111,2,10.0,AA
2311012,1,HS 101,3,6.0,CC
2311012,1,HS 111,2,7.0,BC
2311012,1,MA 101,4,6.0,CC
2311012,1,ME 101,4,0.0,F
2311012,1,PH 101,4,6.0,CC
2311012,1,PH 111,2,10.0,AA
2311013,1,CE 101,3,7.0,BC
2311013,1,EE 101,4,8.0,BB
2311013,1,EE 111,2,9.0,AB
2311013,1,HS 101,3,8.0,BB
2311013,1,HS 111,2,7.0,BC
2311013,1,MA 101,4,5.0,CD
2311013,1,ME 101,4,7.0,BC
2311013,1,PH 101,4,7.0,BC
2311013,1,PH 111,2,9.0,AB
2311014,1,CE 101,3,7.0,BC
2311014,1,EE 101,4,9.0,AB
2311014,1,EE 111,2,8.0,BB
2311014,1,HS 101,3,8.0,BB
2311014,1,HS 111,2,7.0,BC
2311014,1,MA 101,4,7.0,BC
2311014,1,ME 101,4,5.0,CD
2311014,1,PH 101,4,6.0,CC
2311014,1,PH 111,2,9.0,AB
2311015,1,CE 101,3,6.0,CC
2311015,1,EE 101,4,5.0,CD
2311015,1,EE 111,2,8.0,BB
2311015,1,HS 101,3,6.0,CC
2311015,1,HS 111,2,4.0,DD
2311015,1,MA 101,4,4.0,DD
2311015,1,ME 101,4,0.0,F
2311015,1,PH 101,4,4.0,DD
2311015,1,PH 111,2,6.0,CC
2311017,1,CE 101,3,6.0,CC
2311017,1,EE 101,4,8.0,BB
2311017,1,EE 111,2,10.0,AA
2311017,1,HS 101,3,6.0,CC
2311017,1,HS 111,2,4.0,DD
2311017,1,MA 101,4,8.0,BB
2311017,1,ME 101,4,7.0,BC
2311017,1,PH 101,4,7.0,BC
2311017,1,PH 111,2,9.0,AB
2311018,1,CE 101,3,8.0,BB
2311018,1,EE 101,4,9.0,AB
2311018,1,EE 111,2,10.0,AA
2311018,1,HS 101,3,8.0,BB
2311018,1,HS 111,2,4.0,DD
2311018,1,MA 101,4,9.0,AB
2311018,1,ME 101,4,7.0,BC
2311018,1,PH 101,4,9.0,AB
2311018,1,PH 111,2,9.0,AB
2311019,1,CE 101,3,6.0,CC
2311019,1,EE 101,4,8.0,BB
2311019,1,EE 111,2,9.0,AB
2311019,1,HS 101,3,7.0,BC
2311019,1,HS 111,2,4.0,DD
2311019,1,MA 101,4,6.0,CC
2311019,1,ME 101,4,4.0,DD
2311019,1,PH 101,4,6.0,CC
2311019,1,PH 111,2,8.0,BB
2311020,1,CE 101,3,7.0,BC
2311020,1,EE 101,4,9.0,AB
2311020,1,EE 111,2,10.0,AA
2311020,1,HS 101,3,8.0,BB
2311020,1,HS 111,2,4.0,DD
2311020,1,MA 101,4,8.0,BB
2311020,1,ME 101,4,5.0,CD
2311020,1,PH 101,4,9.0,AB
2311020,1,PH 111,2,10.0,AA
2311021,1,CE 101,3,6.0,CC
2311021,1,EE 101,4,5.0,CD
2311021,1,EE 111,2,8.0,BB
2311021,1,HS 101,3,7.0,BC
2311021,1,HS 111,2,4.0,DD
2311021,1,MA 101,4,5.0,CD
2311021,1,ME 101,4,5.0,CD
2311021,1,PH 101,4,5.0,CD
2311021,1,PH 111,2,8.0,BB
2311022,1,CE 101,3,6.0,CC
2311022,1,EE 101,4,8.0,BB
2311022,1,EE 111,2,10.0,AA
2311022,1,HS 101,3,8.0,BB
2311022,1,HS 111,2,8.0,BB
2311022,1,MA 101,4,7.0,BC
2311022,1,ME 101,4,5.0,CD
2311022,1,PH 101,4,9.0,AB
2311022,1,PH 111,2,9.0,AB
2311023,1,CE 101,3,6.0,CC
2311023,1,EE 101,4,5.0,CD
2311023,1,EE 111,2,9.0,AB
2311023,1,HS 101,3,6.0,CC
2311023,1,HS 111,2,7.0,BC
2311023,1,MA 101,4,4.0,DD
2311023,1,ME 101,4,4.0,DD
2311023,1,PH 101,4,5.0,CD
2311023,1,PH 111,2,8.0,BB
2311024,1,CE 101,3,7.0,BC
2311024,1,EE 101,4,6.0,CC
2311024,1,EE 111,2,10.0,AA
2311024,1,HS 101,3,7.0,BC
2311024,1,HS 111,2,7.0,BC
2311024,1,MA 101,4,6.0,CC
2311024,1,ME 101,4,7.0,BC
2311024,1,PH 101,4,4.0,DD
2311024,1,PH 111,2,9.0,AB
2311025,1,CE 101,3,6.0,CC
2311025,1,EE 101,4,4.0,DD
2311025,1,EE 111,2,7.0,BC
2311025,1,HS 101,3,8.0,BB
2311025,1,HS 111,2,8.0,BB
2311025,1,MA 101,4,0.0,F
2311025,1,ME 101,4,0.0,F
2311025,1,PH 101,4,0.0,F
2311025,1,PH 111,2,7.0,BC
2311026,1,CE 101,3,6.0,CC
2311026,1,EE 101,4,9.0,AB
2311026,1,EE 111,2,9.0,AB
2311026,1,HS 101,3,9.0,AB
2311026,1,HS 111,2,8.0,BB
2311026,1,MA 101,4,7.0,BC
2311026,1,ME 101,4,7.0,BC
2311026,1,PH 101,4,8.0,BB
2311026,1,PH 111,2,10.0,AA
2311027,1,CE 101,3,8.0,BB
2311027,1,EE 101,4,10.0,AA
2311027,1,EE 111,2,10.0,AA
2311027,1,HS 101,3,10.0,AA
2311027,1,HS 111,2,8.0,BB
2311027,1,MA 101,4,7.0,BC
2311027,1,ME 101,4,7.0,BC
2311027,1,PH 101,4,8.0,BB
2311027,1,PH 111,2,10.0,AA
2311028,1,CE 101,3,7.0,BC
2311028,1,EE 101,4,8.0,BB
2311028,1,EE 111,2,10.0,AA
2311028,1,HS 101,3,9.0,AB
2311028,1,HS 111,2,8.0,BB
2311028,1,MA 101,4,8.0,BB
2311028,1,ME 101,4,8.0,BB
2311028,1,PH 101,4,8.0,BB
2311028,1,PH 111,2,10.0,AA
2311029,1,CE 101,3,7.0,BC
2311029,1,EE 101,4,8.0,BB
2311029,1,EE 111,2,10.0,AA
2311029,1,HS 101,3,6.0,CC
2311029,1,HS 111,2,9.0,AB
2311029,1,MA 101,4,8.0,BB
2311029,1,ME 101,4,8.0,BB
2311029,1,PH 101,4,6.0,CC
2311029,1,PH 111,2,10.0,AA
2311030,1,CE 101,3,6.0,CC
2311030,1,EE 101,4,6.0,CC
2311030,1,EE 111,2,9.0,AB
2311030,1,HS 101,3,7.0,BC
2311030,1,HS 111,2,8.0,BB
2311030,1,MA 101,4,0.0,F
2311030,1,ME 101,4,0.0,F
2311030,1,PH 101,4,5.0,CD
2311030,1,PH 111,2,8.0,BB
2311031,1,CE 101,3,9.0,AB
2311031,1,EE 101,4,9.0,AB
2311031,1,EE 111,2,10.0,AA
2311031,1,HS 101,3,10.0,AA
2311031,1,HS 111,2,9.0,AB
2311031,1,MA 101,4,8.0,BB
2311031,1,ME 101,4,7.0,BC
2311031,1,PH 101,4,10.0,AA
2311031,1,PH 111,2,10.0,AA
2311032,1,CE 101,3,7.0,BC
2311032,1,EE 101,4,8.0,BB
2311032,1,EE 111,2,10.0,AA
2311032,1,HS 101,3,10.0,AA
2311032,1,HS 111,2,9.0,AB
2311032,1,MA 101,4,6.0,CC
2311032,1,ME 101,4,5.0,CD
2311032,1,PH 101,4,8.0,BB
2311032,1,PH 111,2,10.0,AA
2311033,1,CE 101,3,7.0,BC
2311033,1,EE 101,4,9.0,AB
2311033,1,EE 111,2,10.0,AA
2311033,1,HS 101,3,10.0,AA
2311033,1,HS 111,2,9.0,AB
2311033,1,MA 101,4,7.0,BC
2311033,1,ME 101,4,8.0,BB
2311033,1,PH 101,4,10.0,AA
2311033,1,PH 111,2,10.0,AA
2311034,1,CE 101,3,5.0,CD
2311034,1,EE 101,4,7.0,BC
2311034,1,EE 111,2,9.0,AB
2311034,1,HS 101,3,9.0,AB
2311034,1,HS 111,2,9.0,AB
2311034,1,MA 101,4,6.0,CC
2311034,1,ME 101,4,6.0,CC
2311034,1,PH 101,4,8.0,BB
2311034,1,PH 111,2,9.0,AB
2311035,1,CE 101,3,6.0,CC
2311035,1,EE 101,4,7.0,BC
2311035,1,EE 111,2,10.0,AA
2311035,1,HS 101,3,10.0,AA
2311035,1,HS 111,2,9.0,AB
2311035,1,MA 101,4,5.0,CD
2311035,1,ME 101,4,5.0,CD
2311035,1,PH 101,4,6.0,CC
2311035,1,PH 111,2,10.0,AA
2311036,1,CE 101,3,6.0,CC
2311036,1,EE 101,4,8.0,BB
2311036,1,EE 111,2,10.0,AA
2311036,1,HS 101,3,9.0,AB
2311036,1,HS 111,2,5.0,CD
2311036,1,MA 101,4,7.0,BC
2311036,1,ME 101,4,6.0,CC
2311036,1,PH 101,4,9.0,AB
2311036,1,PH 111,2,9.0,AB
2311037,1,CE 101,3,6.0,CC
2311037,1,EE 101,4,8.0,BB
2311037,1,EE 111,2,9.0,AB
2311037,1,HS 101,3,9.0,AB
2311037,1,HS 111,2,5.0,CD
2311037,1,MA 101,4,8.0,BB
2311037,1,ME 101,4,6.0,CC
2311037,1,PH 101,4,10.0,AA
2311037,1,PH 111,2,10.0,AA
2311038,1,CE 101,3,7.0,BC
2311038,1,EE 101,4,8.0,BB
2311038,1,EE 111,2,9.0,AB
2311038,1,HS 101,3,10.0,AA
2311038,1,HS 111,2,5.0,CD
2311038,1,MA 101,4,9.0,AB
2311038,1,ME 101,4,8.0,BB
2311038,1,PH 101,4,10.0,AA
2311038,1,PH 111,2,10.0,AA
2311039,1,CE 101,3,5.0,CD
2311039,1,EE 101,4,6.0,CC
2311039,1,EE 111,2,8.0,BB
2311039,1,HS 101,3,7.0,BC
2311039,1,HS 111,2,5.0,CD
2311039,1,MA 101,4,6.0,CC
2311039,1,ME 101,4,4.0,DD
2311039,1,PH 101,4,5.0,CD
2311039,1,PH 111,2,9.0,AB
2311040,1,CE 101,3,6.0,CC
2311040,1,EE 101,4,5.0,CD
2311040,1,EE 111,2,8.0,BB
2311040,1,HS 101,3,4.0,DD
2311040,1,HS 111,2,5.0,CD
2311040,1,MA 101,4,4.0,DD
2311040,1,ME 101,4,0.0,F
2311040,1,PH 101,4,4.0,DD
2311040,1,PH 111,2,7.0,BC
2311041,1,CE 101,3,6.0,CC
2311041,1,EE 101,4,8.0,BB
2311041,1,EE 111,2,10.0,AA
2311041,1,HS 101,3,7.0,BC
2311041,1,HS 111,2,7.0,BC
2311041,1,MA 101,4,9.0,AB
2311041,1,ME 101,4,6.0,CC
2311041,1,PH 101,4,9.0,AB
2311041,1,PH 111,2,10.0,AA
2311042,1,CE 101,3,6.0,CC
2311042,1,EE 101,4,7.0,BC
2311042,1,EE 111,2,10.0,AA
2311042,1,HS 101,3,6.0,CC
2311042,1,HS 111,2,7.0,BC
2311042,1,MA 101,4,7.0,BC
2311042,1,ME 101,4,6.0,CC
2311042,1,PH 101,4,7.0,BC
2311042,1,PH 111,2,9.0,AB
2311043,1,CE 101,3,7.0,BC
2311043,1,EE 101,4,8.0,BB
2311043,1,EE 111,2,9.0,AB
2311043,1,HS 101,3,8.0,BB
2311043,1,HS 111,2,7.0,BC
2311043,1,MA 101,4,7.0,BC
2311043,1,ME 101,4,6.0,CC
2311043,1,PH 101,4,6.0,CC
2311043,1,PH 111,2,10.0,AA
2311044,1,CE 101,3,6.0,CC
2311044,1,EE 101,4,7.0,BC
2311044,1,EE 111,2,9.0,AB
2311044,1,HS 101,3,8.0,BB
2311044,1,HS 111,2,7.0,BC
2311044,1,MA 101,4,4.0,DD
2311044,1,ME 101,4,5.0,CD
2311044,1,PH 101,4,4.0,DD
2311044,1,PH 111,2,7.0,BC
2311045,1,CE 101,3,6.0,CC
2311045,1,EE 101,4,0.0,F
2311045,1,EE 111,2,9.0,AB
2311045,1,HS 101,3,7.0,BC
2311045,1,HS 111,2,7.0,BC
2311045,1,MA 101,4,0.0,F
2311045,1,ME 101,4,5.0,CD
2311045,1,PH 101,4,0.0,F
2311045,1,PH 111,2,7.0,BC
2311046,1,CE 101,3,6.0,CC
2311046,1,EE 101,4,9.0,AB
2311046,1,EE 111,2,10.0,AA
2311046,1,HS 101,3,9.0,AB
2311046,1,HS 111,2,7.0,BC
2311046,1,MA 101,4,8.0,BB
2311046,1,ME 101,4,8.0,BB
2311046,1,PH 101,4,9.0,AB
2311046,1,PH 111,2,10.0,AA
2311047,1,CE 101,3,5.0,CD
2311047,1,EE 101,4,7.0,BC
2311047,1,EE 111,2,9.0,AB
2311047,1,HS 101,3,7.0,BC
2311047,1,HS 111,2,7.0,BC
2311047,1,MA 101,4,4.0,DD
2311047,1,ME 101,4,5.0,CD
2311047,1,PH 101,4,4.0,DD
2311047,1,PH 111,2,7.0,BC
2311048,1,CE 101,3,7.0,BC
2311048,1,EE 101,4,9.0,AB
2311048,1,EE 111,2,9.0,AB
2311048,1,HS 101,3,8.0,BB
2311048,1,HS 111,2,4.0,DD
2311048,1,MA 101,4,7.0,BC
2311048,1,ME 101,4,5.0,CD
2311048,1,PH 101,4,7.0,BC
2311048,1,PH 111,2,9.0,AB
2311049,1,CE 101,3,5.0,CD
2311049,1,EE 101,4,6.0,CC
2311049,1,EE 111,2,7.0,BC
2311049,1,HS 101,3,9.0,AB
2311049,1,HS 111,2,4.0,DD
2311049,1,MA 101,4,4.0,DD
2311049,1,ME 101,4,4.0,DD
2311049,1,PH 101,4,0.0,F
2311049,1,PH 111,2,5.0,CD
2311050,1,CE 101,3,6.0,CC
2311050,1,EE 101,4,7.0,BC
2311050,1,EE 111,2,9.0,AB
2311050,1,HS 101,3,7.0,BC
2311050,1,HS 111,2,4.0,DD
2311050,1,MA 101,4,6.0,CC
2311050,1,ME 101,4,6.0,CC
2311050,1,PH 101,4,5.0,CD
2311050,1,PH 111,2,9.0,AB
2311051,1,CE 101,3,5.0,CD
2311051,1,EE 101,4,6.0,CC
2311051,1,EE 111,2,9.0,AB
2311051,1,HS 101,3,6.0,CC
2311051,1,HS 111,2,4.0,DD
2311051,1,MA 101,4,5.0,CD
2311051,1,ME 101,4,4.0,DD
2311051,1,PH 101,4,4.0,DD
2311051,1,PH 111,2,8.0,BB
2311052,1,CE 101,3,6.0,CC
2311052,1,EE 101,4,7.0,BC
2311052,1,EE 111,2,9.0,AB
2311052,1,HS 101,3,8.0,BB
2311052,1,HS 111,2,4.0,DD
2311052,1,MA 101,4,6.0,CC
2311052,1,ME 101,4,5.0,CD
2311052,1,PH 101,4,5.0,CD
2311052,1,PH 111,2,8.0,BB
2311053,1,CE 101,3,6.0,CC
2311053,1,EE 101,4,6.0,CC
2311053,1,EE 111,2,9.0,AB
2311053,1,HS 101,3,4.0,DD
2311053,1,HS 111,2,4.0,DD
2311053,1,MA 101,4,4.0,DD
2311053,1,ME 101,4,4.0,DD
2311053,1,PH 101,4,4.0,DD
2311053,1,PH 111,2,7.0,BC
2311054,1,CE 101,3,6.0,CC
2311054,1,EE 101,4,9.0,AB
2311054,1,EE 111,2,9.0,AB
2311054,1,HS 101,3,8.0,BB
2311054,1,HS 111,2,4.0,DD
2311054,1,MA 101,4,6.0,CC
2311054,1,ME 101,4,5.0,CD
2311054,1,PH 101,4,5.0,CD
2311054,1,PH 111,2,6.0,CC
2311055,1,CE 101,3,7.0,BC
2311055,1,EE 101,4,8.0,BB
2311055,1,EE 111,2,9.0,AB
2311055,1,HS 101,3,7.0,BC
2311055,1,HS 111,2,5.0,CD
2311055,1,MA 101,4,7.0,BC
2311055,1,ME 101,4,5.0,CD
2311055,1,PH 101,4,5.0,CD
2311055,1,PH 111,2,8.0,BB
2311056,1,CE 101,3,5.0,CD
2311056,1,EE 101,4,6.0,CC
2311056,1,EE 111,2,9.0,AB
2311056,1,HS 101,3,5.0,CD
2311056,1,HS 111,2,4.0,DD
2311056,1,MA 101,4,7.0,BC
2311056,1,ME 101,4,8.0,BB
2311056,1,PH 101,4,10.0,AA
2311056,1,PH 111,2,10.0,AA
2311057,1,CE 101,3,7.0,BC
2311057,1,EE 101,4,7.0,BC
2311057,1,EE 111,2,9.0,AB
2311057,1,HS 101,3,7.0,BC
2311057,1,HS 111,2,5.0,CD
2311057,1,MA 101,4,5.0,CD
2311057,1,ME 101,4,6.0,CC
2311057,1,PH 101,4,4.0,DD
2311057,1,PH 111,2,10.0,AA
2311058,1,CE 101,3,0.0,F
2311058,1,EE 101,4,0.0,F
2311058,1,EE 111,2,0.0,F
2311058,1,HS 101,3,0.0,F
2311058,1,HS 111,2,0.0,F
2311058,1,MA 101,4,0.0,F
2311058,1,ME 101,4,0.0,F
2311058,1,PH 101,4,0.0,F
2311058,1,PH 111,2,0.0,F
2311059,1,CE 101,3,6.0,CC
2311059,1,EE 101,4,6.0,CC
2311059,1,EE 111,2,9.0,AB
2311059,1,HS 101,3,8.0,BB
2311059,1,HS 111,2,5.0,CD
2311059,1,MA 101,4,5.0,CD
2311059,1,ME 101,4,4.0,DD
2311059,1,PH 101,4,6.0,CC
2311059,1,PH 111,2,9.0,AB
2311060,1,CE 101,3,7.0,BC
2311060,1,EE 101,4,7.0,BC
2311060,1,EE 111,2,10.0,AA
2311060,1,HS 101,3,8.0,BB
2311060,1,HS 111,2,5.0,CD
2311060,1,MA 101,4,5.0,CD
2311060,1,ME 101,4,5.0,CD
2311060,1,PH 101,4,6.0,CC
2311060,1,PH 111,2,10.0,AA
2311061,1,CE 101,3,6.0,CC
2311061,1,EE 101,4,9.0,AB
2311061,1,EE 111,2,10.0,AA
2311061,1,HS 101,3,7.0,BC
2311061,1,HS 111,2,5.0,CD
2311061,1,MA 101,4,8.0,BB
2311061,1,ME 101,4,6.0,CC
2311061,1,PH 101,4,9.0,AB
2311061,1,PH 111,2,8.0,BB
2311062,1,CE 101,3,8.0,BB
2311062,1,EE 101,4,9.0,AB
2311062,1,EE 111,2,10.0,AA
2311062,1,HS 101,3,8.0,BB
2311062,1,HS 111,2,8.0,BB
2311062,1,MA 101,4,8.0,BB
2311062,1,ME 101,4,6.0,CC
2311062,1,PH 101,4,8.0,BB
2311062,1,PH 111,2,8.0,BB
2311063,1,CE 101,3,6.0,CC
2311063,1,EE 101,4,8.0,BB
2311063,1,EE 111,2,10.0,AA
2311063,1,HS 101,3,7.0,BC
2311063,1,HS 111,2,8.0,BB
2311063,1,MA 101,4,8.0,BB
2311063,1,ME 101,4,6.0,CC
2311063,1,PH 101,4,7.0,BC
2311063,1,PH 111,2,8.0,BB
2311064,1,CE 101,3,5.0,CD
2311064,1,EE 101,4,7.0,BC
2311064,1,EE 111,2,9.0,AB
2311064,1,HS 101,3,7.0,BC
2311064,1,HS 111,2,7.0,BC
2311064,1,MA 101,4,5.0,CD
2311064,1,ME 101,4,5.0,CD
2311064,1,PH 101,4,5.0,CD
2311064,1,PH 111,2,7.0,BC
2311065,1,CE 101,3,6.0,CC
2311065,1,EE 101,4,5.0,CD
2311065,1,EE 111,2,8.0,BB
2311065,1,HS 101,3,7.0,BC
2311065,1,HS 111,2,7.0,BC
2311065,1,MA 101,4,5.0,CD
2311065,1,ME 101,4,4.0,DD
2311065,1,PH 101,4,5.0,CD
2311065,1,PH 111,2,8.0,BB
2311066,1,CE 101,3,6.0,CC
2311066,1,EE 101,4,7.0,BC
2311066,1,EE 111,2,8.0,BB
2311066,1,HS 101,3,9.0,AB
2311066,1,HS 111,2,8.0,BB
2311066,1,MA 101,4,6.0,CC
2311066,1,ME 101,4,6.0,CC
2311066,1,PH 101,4,6.0,CC
2311066,1,PH 111,2,10.0,AA
2311067,1,CE 101,3,6.0,CC
2311067,1,EE 101,4,6.0,CC
2311067,1,EE 111,2,8.0,BB
2311067,1,HS 101,3,8.0,BB
2311067,1,HS 111,2,8.0,BB
2311067,1,MA 101,4,6.0,CC
2311067,1,ME 101,4,4.0,DD
2311067,1,PH 101,4,7.0,BC
2311067,1,PH 111,2,8.0,BB
2311068,1,CE 101,3,5.0,CD
2311068,1,EE 101,4,8.0,BB
2311068,1,EE 111,2,9.0,AB
2311068,1,HS 101,3,8.0,BB
2311068,1,HS 111,2,8.0,BB
2311068,1,MA 101,4,8.0,BB
2311068,1,ME 101,4,8.0,BB
2311068,1,PH 101,4,10.0,AA
2311068,1,PH 111,2,7.0,BC
2311069,1,CE 101,3,6.0,CC
2311069,1,EE 101,4,5.0,CD
2311069,1,EE 111,2,9.0,AB
2311069,1,HS 101,3,9.0,AB
2311069,1,HS 111,2,7.0,BC
2311069,1,MA 101,4,6.0,CC
2311069,1,ME 101,4,4.0,DD
2311069,1,PH 101,4,5.0,CD
2311069,1,PH 111,2,8.0,BB
2311070,1,CE 101,3,6.0,CC
2311070,1,EE 101,4,9.0,AB
2311070,1,EE 111,2,9.0,AB
2311070,1,HS 101,3,10.0,AA
2311070,1,HS 111,2,7.0,BC
2311070,1,MA 101,4,9.0,AB
2311070,1,ME 101,4,6.0,CC
2311070,1,PH 101,4,8.0,BB
2311070,1,PH 111,2,9.0,AB
2311071,1,CE 101,3,6.0,CC
2311071,1,EE 101,4,7.0,BC
2311071,1,EE 111,2,9.0,AB
2311071,1,HS 101,3,8.0,BB
2311071,1,HS 111,2,7.0,BC
2311071,1,MA 101,4,5.0,CD
2311071,1,ME 101,4,0.0,F
2311071,1,PH 101,4,6.0,CC
2311071,1,PH 111,2,9.0,AB
2311072,1,CE 101,3,6.0,CC
2311072,1,EE 101,4,9.0,AB
2311072,1,EE 111,2,9.0,AB
2311072,1,HS 101,3,9.0,AB
2311072,1,HS 111,2,7.0,BC
2311072,1,MA 101,4,6.0,CC
2311072,1,ME 101,4,6.0,CC
2311072,1,PH 101,4,8.0,BB
2311072,1,PH 111,2,9.0,AB
2311073,1,CE 101,3,6.0,CC
2311073,1,EE 101,4,9.0,AB
2311073,1,EE 111,2,9.0,AB
2311073,1,HS 101,3,8.0,BB
2311073,1,HS 111,2,7.0,BC
2311073,1,MA 101,4,7.0,BC
2311073,1,ME 101,4,6.0,CC
2311073,1,PH 101,4,7.0,BC
2311073,1,PH 111,2,8.0,BB
2311074,1,CE 101,3,6.0,CC
2311074,1,EE 101,4,7.0,BC
2311074,1,EE 111,2,8.0,BB
2311074,1,HS 101,3,9.0,AB
2311074,1,HS 111,2,7.0,BC
2311074,1,MA 101,4,5.0,CD
2311074,1,ME 101,4,5.0,CD
2311074,1,PH 101,4,5.0,CD
2311074,1,PH 111,2,9.0,AB
2311075,1,CE 101,3,6.0,CC
2311075,1,EE 101,4,6.0,CC
2311075,1,EE 111,2,9.0,AB
2311075,1,HS 101,3,6.0,CC
2311075,1,HS 111,2,7.0,BC
2311075,1,MA 101,4,5.0,CD
2311075,1,ME 101,4,5.0,CD
2311075,1,PH 101,4,5.0,CD
2311075,1,PH 111,2,9.0,AB
2311076,1,CE 101,3,5.0,CD
2311076,1,EE 101,4,5.0,CD
2311076,1,EE 111,2,9.0,AB
2311076,1,HS 101,3,8.0,BB
2311076,1,HS 111,2,7.0,BC
2311076,1,MA 101,4,0.0,F
2311076,1,ME 101,4,4.0,DD
2311076,1,PH 101,4,4.0,DD
2311076,1,PH 111,2,8.0,BB
2311077,1,CE 101,3,7.0,BC
2311077,1,EE 101,4,8.0,BB
2311077,1,EE 111,2,9.0,AB
2311077,1,HS 101,3,8.0,BB
2311077,1,HS 111,2,7.0,BC
2311077,1,MA 101,4,5.0,CD
2311077,1,ME 101,4,6.0,CC
2311077,1,PH 101,4,6.0,CC
2311077,1,PH 111,2,9.0,AB
2311078,1,CE 101,3,8.0,BB
2311078,1,EE 101,4,9.0,AB
2311078,1,EE 111,2,9.0,AB
2311078,1,HS 101,3,8.0,BB
2311078,1,HS 111,2,7.0,BC
2311078,1,MA 101,4,6.0,CC
2311078,1,ME 101,4,6.0,CC
2311078,1,PH 101,4,6.0,CC
2311078,1,PH 111,2,9.0,AB
2311079,1,CE 101,3,8.0,BB
2311079,1,EE 101,4,9.0,AB
2311079,1,EE 111,2,9.0,AB
2311079,1,HS 101,3,9.0,AB
2311079,1,HS 111,2,7.0,BC
2311079,1,MA 101,4,8.0,BB
2311079,1,ME 101,4,8.0,BB
2311079,1,PH 101,4,8.0,BB
2311079,1,PH 111,2,8.0,BB
2311080,1,CE 101,3,7.0,BC
2311080,1,EE 101,4,8.0,BB
2311080,1,EE 111,2,9.0,AB
2311080,1,HS 101,3,8.0,BB
2311080,1,HS 111,2,7.0,BC
2311080,1,MA 101,4,7.0,BC
2311080,1,ME 101,4,6.0,CC
2311080,1,PH 101,4,0.0,F
2311080,1,PH 111,2,9.0,AB
2311081,1,CE 101,3,6.0,CC
2311081,1,EE 101,4,4.0,DD
2311081,1,EE 111,2,9.0,AB
2311081,1,HS 101,3,6.0,CC
2311081,1,HS 111,2,5.0,CD
2311081,1,MA 101,4,4.0,DD
2311081,1,ME 101,4,6.0,CC
2311081,1,PH 101,4,4.0,DD
2311081,1,PH 111,2,8.0,BB
2311082,1,CE 101,3,9.0,AB
2311082,1,EE 101,4,6.0,CC
2311082,1,EE 111,2,10.0,AA
2311082,1,HS 101,3,8.0,BB
2311082,1,HS 111,2,5.0,CD
2311082,1,MA 101,4,6.0,CC
2311082,1,ME 101,4,6.0,CC
2311082,1,PH 101,4,7.0,BC
2311082,1,PH 111,2,8.0,BB
2311083,1,CE 101,3,8.0,BB
2311083,1,EE 101,4,5.0,CD
2311083,1,EE 111,2,9.0,AB
2311083,1,HS 101,3,7.0,BC
2311083,1,HS 111,2,5.0,CD
2311083,1,MA 101,4,5.0,CD
2311083,1,ME 101,4,4.0,DD
2311083,1,PH 101,4,5.0,CD
2311083,1,PH 111,2,7.0,BC
2311084,1,CE 101,3,9.0,AB
2311084,1,EE 101,4,7.0,BC
2311084,1,EE 111,2,9.0,AB
2311084,1,HS 101,3,7.0,BC
2311084,1,HS 111,2,5.0,CD
2311084,1,MA 101,4,5.0,CD
2311084,1,ME 101,4,7.0,BC
2311084,1,PH 101,4,6.0,CC
2311084,1,PH 111,2,6.0,CC
2311085,1,CE 101,3,6.0,CC
2311085,1,EE 101,4,4.0,DD
2311085,1,EE 111,2,9.0,AB
2311085,1,HS 101,3,7.0,BC
2311085,1,HS 111,2,5.0,CD
2311085,1,MA 101,4,4.0,DD
2311085,1,ME 101,4,4.0,DD
2311085,1,PH 101,4,4.0,DD
2311085,1,PH 111,2,6.0,CC
2311086,1,CE 101,3,8.0,BB
2311086,1,EE 101,4,4.0,DD
2311086,1,EE 111,2,9.0,AB
2311086,1,HS 101,3,8.0,BB
2311086,1,HS 111,2,5.0,CD
2311086,1,MA 101,4,6.0,CC
2311086,1,ME 101,4,5.0,CD
2311086,1,PH 101,4,4.0,DD
2311086,1,PH 111,2,8.0,BB
2311087,1,CE 101,3,7.0,BC
2311087,1,EE 101,4,4.0,DD
2311087,1,EE 111,2,9.0,AB
2311087,1,HS 101,3,6.0,CC
2311087,1,HS 111,2,6.0,CC
2311087,1,MA 101,4,4.0,DD
2311087,1,ME 101,4,4.0,DD
2311087,1,PH 101,4,5.0,CD
2311087,1,PH 111,2,8.0,BB
2311088,1,CE 101,3,8.0,BB
2311088,1,EE 101,4,0.0,F
2311088,1,EE 111,2,9.0,AB
2311088,1,HS 101,3,6.0,CC
2311088,1,HS 111,2,4.0,DD
2311088,1,MA 101,4,0.0,F
2311088,1,ME 101,4,0.0,F
2311088,1,PH 101,4,5.0,CD
2311088,1,PH 111,2,7.0,BC
2311089,1,CE 101,3,8.0,BB
2311089,1,EE 101,4,0.0,F
2311089,1,EE 111,2,9.0,AB
2311089,1,HS 101,3,8.0,BB
2311089,1,HS 111,2,4.0,DD
2311089,1,MA 101,4,0.0,F
2311089,1,ME 101,4,4.0,DD
2311089,1,PH 101,4,4.0,DD
2311089,1,PH 111,2,7.0,BC
2311090,1,CE 101,3,6.0,CC
2311090,1,EE 101,4,0.0,F
2311090,1,EE 111,2,5.0,CD
2311090,1,HS 101,3,5.0,CD
2311090,1,HS 111,2,0.0,F
2311090,1,MA 101,4,0.0,F
2311090,1,ME 101,4,0.0,F
2311090,1,PH 101,4,0.0,F
2311090,1,PH 111,2,4.0,DD
2311091,1,CE 101,3,6.0,CC
2311091,1,EE 101,4,0.0,F
2311091,1,EE 111,2,9.0,AB
2311091,1,HS 101,3,7.0,BC
2311091,1,HS 111,2,0.0,F
2311091,1,MA 101,4,0.0,F
2311091,1,ME 101,4,0.0,F
2311091,1,PH 101,4,4.0,DD
2311091,1,PH 111,2,6.0,CC
2311092,1,CE 101,3,9.0,AB
2311092,1,EE 101,4,8.0,BB
2311092,1,EE 111,2,10.0,AA
2311092,1,HS 101,3,8.0,BB
2311092,1,HS 111,2,0.0,F
2311092,1,MA 101,4,7.0,BC
2311092,1,ME 101,4,7.0,BC
2311092,1,PH 101,4,9.0,AB
2311092,1,PH 111,2,8.0,BB
2311093,1,CE 101,3,7.0,BC
2311093,1,EE 101,4,5.0,CD
2311093,1,EE 111,2,9.0,AB
2311093,1,HS 101,3,9.0,AB
2311093,1,HS 111,2,0.0,F
2311093,1,MA 101,4,4.0,DD
2311093,1,ME 101,4,5.0,CD
2311093,1,PH 101,4,4.0,DD
2311093,1,PH 111,2,8.0,BB
2311094,1,CE 101,3,8.0,BB
2311094,1,EE 101,4,8.0,BB
2311094,1,EE 111,2,9.0,AB
2311094,1,HS 101,3,7.0,BC
2311094,1,HS 111,2,0.0,F
2311094,1,MA 101,4,7.0,BC
2311094,1,ME 101,4,7.0,BC
2311094,1,PH 101,4,8.0,BB
2311094,1,PH 111,2,8.0,BB
2311095,1,CE 101,3,7.0,BC
2311095,1,EE 101,4,5.0,CD
2311095,1,EE 111,2,9.0,AB
2311095,1,HS 101,3,8.0,BB
2311095,1,HS 111,2,6.0,CC
2311095,1,MA 101,4,6.0,CC
2311095,1,ME 101,4,4.0,DD
2311095,1,PH 101,4,6.0,CC
2311095,1,PH 111,2,9.0,AB
2311096,1,CE 101,3,8.0,BB
2311096,1,EE 101,4,5.0,CD
2311096,1,EE 111,2,9.0,AB
2311096,1,HS 101,3,6.0,CC
2311096,1,HS 111,2,7.0,BC
2311096,1,MA 101,4,5.0,CD
2311096,1,ME 101,4,7.0,BC
2311096,1,PH 101,4,5.0,CD
2311096,1,PH 111,2,8.0,BB
2311097,1,CE 101,3,4.0,DD
2311097,1,EE 101,4,0.0,F
2311097,1,EE 111,2,8.0,BB
2311097,1,HS 101,3,4.0,DD
2311097,1,HS 111,2,7.0,BC
2311097,1,MA 101,4,0.0,F
2311097,1,ME 101,4,0.0,F
2311097,1,PH 101,4,4.0,DD
2311097,1,PH 111,2,4.0,DD
2311098,1,CE 101,3,8.0,BB
2311098,1,EE 101,4,6.0,CC
2311098,1,EE 111,2,10.0,AA
2311098,1,HS 101,3,8.0,BB
2311098,1,HS 111,2,7.0,BC
2311098,1,MA 101,4,6.0,CC
2311098,1,ME 101,4,5.0,CD
2311098,1,PH 101,4,5.0,CD
2311098,1,PH 111,2,7.0,BC
2311099,1,CE 101,3,8.0,BB
2311099,1,EE 101,4,7.0,BC
2311099,1,EE 111,2,10.0,AA
2311099,1,HS 101,3,9.0,AB
2311099,1,HS 111,2,7.0,BC
2311099,1,MA 101,4,7.0,BC
2311099,1,ME 101,4,6.0,CC
2311099,1,PH 101,4,8.0,BB
2311099,1,PH 111,2,9.0,AB
2311100,1,CE 101,3,8.0,BB
2311100,1,EE 101,4,5.0,CD
2311100,1,EE 111,2,9.0,AB
2311100,1,HS 101,3,9.0,AB
2311100,1,HS 111,2,7.0,BC
2311100,1,MA 101,4,6.0,CC
2311100,1,ME 101,4,6.0,CC
2311100,1,PH 101,4,8.0,BB
2311100,1,PH 111,2,8.0,BB
2311101,1,CE 101,3,6.0,CC
2311101,1,EE 101,4,6.0,CC
2311101,1,EE 111,2,9.0,AB
2311101,1,HS 101,3,6.0,CC
2311101,1,HS 111,2,6.0,CC
2311101,1,MA 101,4,7.0,BC
2311101,1,ME 101,4,5.0,CD
2311101,1,PH 101,4,8.0,BB
2311101,1,PH 111,2,8.0,BB
2311102,1,CE 101,3,5.0,CD
2311102,1,EE 101,4,5.0,CD
2311102,1,EE 111,2,9.0,AB
2311102,1,HS 101,3,6.0,CC
2311102,1,HS 111,2,5.0,CD
2311102,1,MA 101,4,4.0,DD
2311102,1,ME 101,4,5.0,CD
2311102,1,PH 101,4,5.0,CD
2311102,1,PH 111,2,7.0,BC
2311103,1,CE 101,3,6.0,CC
2311103,1,EE 101,4,6.0,CC
2311103,1,EE 111,2,9.0,AB
2311103,1,HS 101,3,8.0,BB
2311103,1,HS 111,2,5.0,CD
2311103,1,MA 101,4,8.0,BB
2311103,1,ME 101,4,8.0,BB
2311103,1,PH 101,4,8.0,BB
2311103,1,PH 111,2,8.0,BB
2311104,1,CE 101,3,8.0,BB
2311104,1,EE 101,4,5.0,CD
2311104,1,EE 111,2,9.0,AB
2311104,1,HS 101,3,8.0,BB
2311104,1,HS 111,2,5.0,CD
2311104,1,MA 101,4,7.0,BC
2311104,1,ME 101,4,6.0,CC
2311104,1,PH 101,4,7.0,BC
2311104,1,PH 111,2,9.0,AB
2311105,1,CE 101,3,8.0,BB
2311105,1,EE 101,4,7.0,BC
2311105,1,EE 111,2,10.0,AA
2311105,1,HS 101,3,7.0,BC
2311105,1,HS 111,2,5.0,CD
2311105,1,MA 101,4,9.0,AB
2311105,1,ME 101,4,8.0,BB
2311105,1,PH 101,4,8.0,BB
2311105,1,PH 111,2,8.0,BB
2311106,1,CE 101,3,7.0,BC
2311106,1,EE 101,4,6.0,CC
2311106,1,EE 111,2,9.0,AB
2311106,1,HS 101,3,7.0,BC
2311106,1,HS 111,2,6.0,CC
2311106,1,MA 101,4,5.0,CD
2311106,1,ME 101,4,5.0,CD
2311106,1,PH 101,4,8.0,BB
2311106,1,PH 111,2,8.0,BB
2311107,1,CE 101,3,7.0,BC
2311107,1,EE 101,4,5.0,CD
2311107,1,EE 111,2,9.0,AB
2311107,1,HS 101,3,5.0,CD
2311107,1,HS 111,2,6.0,CC
2311107,1,MA 101,4,8.0,BB
2311107,1,ME 101,4,0.0,F
2311107,1,PH 101,4,6.0,CC
2311107,1,PH 111,2,8.0,BB
2311108,1,CE 101,3,8.0,BB
2311108,1,EE 101,4,7.0,BC
2311108,1,EE 111,2,10.0,AA
2311108,1,HS 101,3,9.0,AB
2311108,1,HS 111,2,6.0,CC
2311108,1,MA 101,4,4.0,DD
2311108,1,ME 101,4,4.0,DD
2311108,1,PH 101,4,8.0,BB
2311108,1,PH 111,2,8.0,BB
2311109,1,CE 101,3,6.0,CC
2311109,1,EE 101,4,0.0,F
2311109,1,EE 111,2,9.0,AB
2311109,1,HS 101,3,6.0,CC
2311109,1,HS 111,2,5.0,CD
2311109,1,MA 101,4,4.0,DD
2311109,1,ME 101,4,0.0,F
2311109,1,PH 101,4,4.0,DD
2311109,1,PH 111,2,6.0,CC
2311110,1,CE 101,3,7.0,BC
2311110,1,EE 101,4,6.0,CC
2311110,1,EE 111,2,9.0,AB
2311110,1,HS 101,3,9.0,AB
2311110,1,HS 111,2,5.0,CD
2311110,1,MA 101,4,7.0,BC
2311110,1,ME 101,4,7.0,BC
2311110,1,PH 101,4,9.0,AB
2311110,1,PH 111,2,8.0,BB
2311111,1,CE 101,3,7.0,BC
2311111,1,EE 101,4,4.0,DD
2311111,1,EE 111,2,8.0,BB
2311111,1,HS 101,3,8.0,BB
2311111,1,HS 111,2,4.0,DD
2311111,1,MA 101,4,4.0,DD
2311111,1,ME 101,4,4.0,DD
2311111,1,PH 101,4,4.0,DD
2311111,1,PH 111,2,6.0,CC
2311112,1,CE 101,3,6.0,CC
2311112,1,EE 101,4,4.0,DD
2311112,1,EE 111,2,9.0,AB
2311112,1,HS 101,3,6.0,CC
2311112,1,HS 111,2,4.0,DD
2311112,1,MA 101,4,4.0,DD
2311112,1,ME 101,4,0.0,F
2311112,1,PH 101,4,4.0,DD
2311112,1,PH 111,2,7.0,BC
2311113,1,CE 101,3,7.0,BC
2311113,1,EE 101,4,4.0,DD
2311113,1,EE 111,2,10.0,AA
2311113,1,HS 101,3,6.0,CC
2311113,1,HS 111,2,4.0,DD
2311113,1,MA 101,4,5.0,CD
2311113,1,ME 101,4,4.0,DD
2311113,1,PH 101,4,6.0,CC
2311113,1,PH 111,2,6.0,CC
2311114,1,CE 101,3,7.0,BC
2311114,1,EE 101,4,4.0,DD
2311114,1,EE 111,2,8.0,BB
2311114,1,HS 101,3,4.0,DD
2311114,1,HS 111,2,4.0,DD
2311114,1,MA 101,4,0.0,F
2311114,1,ME 101,4,4.0,DD
2311114,1,PH 101,4,0.0,F
2311114,1,PH 111,2,7.0,BC
2311115,1,CE 101,3,5.0,CD
2311115,1,EE 101,4,0.0,F
2311115,1,EE 111,2,8.0,BB
2311115,1,HS 101,3,6.0,CC
2311115,1,HS 111,2,4.0,DD
2311115,1,MA 101,4,0.0,F
2311115,1,ME 101,4,0.0,F
2311115,1,PH 101,4,0.0,F
2311115,1,PH 111,2,6.0,CC
2311116,1,CE 101,3,7.0,BC
2311116,1,EE 101,4,4.0,DD
2311116,1,EE 111,2,9.0,AB
2311116,1,HS 101,3,6.0,CC
2311116,1,HS 111,2,6.0,CC
2311116,1,MA 101,4,5.0,CD
2311116,1,ME 101,4,4.0,DD
2311116,1,PH 101,4,5.0,CD
2311116,1,PH 111,2,8.0,BB
2311117,1,CE 101,3,6.0,CC
2311117,1,EE 101,4,5.0,CD
2311117,1,EE 111,2,9.0,AB
2311117,1,HS 101,3,4.0,DD
2311117,1,HS 111,2,6.0,CC
2311117,1,MA 101,4,6.0,CC
2311117,1,ME 101,4,4.0,DD
2311117,1,PH 101,4,6.0,CC
2311117,1,PH 111,2,6.0,CC
2311118,1,CE 101,3,6.0,CC
2311118,1,EE 101,4,0.0,F
2311118,1,EE 111,2,7.0,BC
2311118,1,HS 101,3,5.0,CD
2311118,1,HS 111,2,6.0,CC
2311118,1,MA 101,4,4.0,DD
2311118,1,ME 101,4,4.0,DD
2311118,1,PH 101,4,4.0,DD
2311118,1,PH 111,2,8.0,BB
2311119,1,CE 101,3,8.0,BB
2311119,1,EE 101,4,6.0,CC
2311119,1,EE 111,2,10.0,AA
2311119,1,HS 101,3,8.0,BB
2311119,1,HS 111,2,6.0,CC
2311119,1,MA 101,4,7.0,BC
2311119,1,ME 101,4,6.0,CC
2311119,1,PH 101,4,8.0,BB
2311119,1,PH 111,2,9.0,AB
2311120,1,CE 101,3,8.0,BB
2311120,1,EE 101,4,6.0,CC
2311120,1,EE 111,2,10.0,AA
2311120,1,HS 101,3,8.0,BB
2311120,1,HS 111,2,6.0,CC
2311120,1,MA 101,4,7.0,BC
2311120,1,ME 101,4,7.0,BC
2311120,1,PH 101,4,8.0,BB
2311120,1,PH 111,2,7.0,BC
2311121,1,CE 101,3,7.0,BC
2311121,1,EE 101,4,6.0,CC
2311121,1,EE 111,2,10.0,AA
2311121,1,HS 101,3,10.0,AA
2311121,1,HS 111,2,7.0,BC
2311121,1,MA 101,4,5.0,CD
2311121,1,ME 101,4,5.0,CD
2311121,1,PH 101,4,7.0,BC
2311121,1,PH 111,2,9.0,AB
2311122,1,CE 101,3,6.0,CC
2311122,1,EE 101,4,4.0,DD
2311122,1,EE 111,2,10.0,AA
2311122,1,HS 101,3,7.0,BC
2311122,1,HS 111,2,7.0,BC
2311122,1,MA 101,4,5.0,CD
2311122,1,ME 101,4,5.0,CD
2311122,1,PH 101,4,4.0,DD
2311122,1,PH 111,2,9.0,AB
2311123,1,CE 101,3,8.0,BB
2311123,1,EE 101,4,0.0,F
2311123,1,EE 111,2,10.0,AA
2311123,1,HS 101,3,7.0,BC
2311123,1,HS 111,2,8.0,BB
2311123,1,MA 101,4,0.0,F
2311123,1,ME 101,4,0.0,F
2311123,1,PH 101,4,4.0,DD
2311123,1,PH 111,2,7.0,BC
2311124,1,CE 101,3,7.0,BC
2311124,1,EE 101,4,0.0,F
2311124,1,EE 111,2,8.0,BB
2311124,1,HS 101,3,6.0,CC
2311124,1,HS 111,2,8.0,BB
2311124,1,MA 101,4,4.0,DD
2311124,1,ME 101,4,5.0,CD
2311124,1,PH 101,4,5.0,CD
2311124,1,PH 111,2,8.0,BB
2311125,1,CE 101,3,6.0,CC
2311125,1,EE 101,4,5.0,CD
2311125,1,EE 111,2,10.0,AA
2311125,1,HS 101,3,5.0,CD
2311125,1,HS 111,2,8.0,BB
2311125,1,MA 101,4,5.0,CD
2311125,1,ME 101,4,4.0,DD
2311125,1,PH 101,4,7.0,BC
2311125,1,PH 111,2,8.0,BB
2311126,1,CE 101,3,7.0,BC
2311126,1,EE 101,4,4.0,DD
2311126,1,EE 111,2,10.0,AA
2311126,1,HS 101,3,6.0,CC
2311126,1,HS 111,2,7.0,BC
2311126,1,MA 101,4,4.0,DD
2311126,1,ME 101,4,5.0,CD
2311126,1,PH 101,4,4.0,DD
2311126,1,PH 111,2,9.0,AB
2311127,1,CE 101,3,6.0,CC
2311127,1,EE 101,4,5.0,CD
2311127,1,EE 111,2,10.0,AA
2311127,1,HS 101,3,8.0,BB
2311127,1,HS 111,2,8.0,BB
2311127,1,MA 101,4,5.0,CD
2311127,1,ME 101,4,5.0,CD
2311127,1,PH 101,4,5.0,CD
2311127,1,PH 111,2,8.0,BB
2311128,1,CE 101,3,9.0,AB
2311128,1,EE 101,4,6.0,CC
2311128,1,EE 111,2,10.0,AA
2311128,1,HS 101,3,9.0,AB
2311128,1,HS 111,2,8.0,BB
2311128,1,MA 101,4,7.0,BC
2311128,1,ME 101,4,8.0,BB
2311128,1,PH 101,4,10.0,AA
2311128,1,PH 111,2,10.0,AA
2311130,1,CE 101,3,6.0,CC
2311130,1,EE 101,4,5.0,CD
2311130,1,EE 111,2,10.0,AA
2311130,1,HS 101,3,7.0,BC
2311130,1,HS 111,2,7.0,BC
2311130,1,MA 101,4,5.0,CD
2311130,1,ME 101,4,4.0,DD
2311130,1,PH 101,4,5.0,CD
2311130,1,PH 111,2,10.0,AA
2311131,1,CE 101,3,6.0,CC
2311131,1,EE 101,4,4.0,DD
2311131,1,EE 111,2,10.0,AA
2311131,1,HS 101,3,7.0,BC
2311131,1,HS 111,2,5.0,CD
2311131,1,MA 101,4,0.0,F
2311131,1,ME 101,4,4.0,DD
2311131,1,PH 101,4,5.0,CD
2311131,1,PH 111,2,8.0,BB
2311132,1,CE 101,3,6.0,CC
2311132,1,EE 101,4,4.0,DD
2311132,1,EE 111,2,9.0,AB
2311132,1,HS 101,3,10.0,AA
2311132,1,HS 111,2,7.0,BC
2311132,1,MA 101,4,6.0,CC
2311132,1,ME 101,4,7.0,BC
2311132,1,PH 101,4,6.0,CC
2311132,1,PH 111,2,7.0,BC
2311133,1,CE 101,3,9.0,AB
2311133,1,EE 101,4,6.0,CC
2311133,1,EE 111,2,10.0,AA
2311133,1,HS 101,3,8.0,BB
2311133,1,HS 111,2,7.0,BC
2311133,1,MA 101,4,7.0,BC
2311133,1,ME 101,4,8.0,BB
2311133,1,PH 101,4,8.0,BB
2311133,1,PH 111,2,10.0,AA
2311134,1,CE 101,3,7.0,BC
2311134,1,EE 101,4,6.0,CC
2311134,1,EE 111,2,9.0,AB
2311134,1,HS 101,3,9.0,AB
2311134,1,HS 111,2,7.0,BC
2311134,1,MA 101,4,6.0,CC
2311134,1,ME 101,4,5.0,CD
2311134,1,PH 101,4,7.0,BC
2311134,1,PH 111,2,8.0,BB
2311135,1,CE 101,3,8.0,BB
2311135,1,EE 101,4,4.0,DD
2311135,1,EE 111,2,9.0,AB
2311135,1,HS 101,3,8.0,BB
2311135,1,HS 111,2,7.0,BC
2311135,1,MA 101,4,5.0,CD
2311135,1,ME 101,4,6.0,CC
2311135,1,PH 101,4,5.0,CD
2311135,1,PH 111,2,8.0,BB
2311136,1,CE 101,3,7.0,BC
2311136,1,EE 101,4,6.0,CC
2311136,1,EE 111,2,9.0,AB
2311136,1,HS 101,3,8.0,BB
2311136,1,HS 111,2,7.0,BC
2311136,1,MA 101,4,7.0,BC
2311136,1,ME 101,4,7.0,BC
2311136,1,PH 101,4,7.0,BC
2311136,1,PH 111,2,8.0,BB
2311137,1,CE 101,3,8.0,BB
2311137,1,EE 101,4,6.0,CC
2311137,1,EE 111,2,10.0,AA
2311137,1,HS 101,3,7.0,BC
2311137,1,HS 111,2,7.0,BC
2311137,1,MA 101,4,7.0,BC
2311137,1,ME 101,4,8.0,BB
2311137,1,PH 101,4,9.0,AB
2311137,1,PH 111,2,8.0,BB
2311138,1,CE 101,3,7.0,BC
2311138,1,EE 101,4,6.0,CC
2311138,1,EE 111,2,10.0,AA
2311138,1,HS 101,3,8.0,BB
2311138,1,HS 111,2,8.0,BB
2311138,1,MA 101,4,9.0,AB
2311138,1,ME 101,4,5.0,CD
2311138,1,PH 101,4,9.0,AB
2311138,1,PH 111,2,9.0,AB
2311139,1,CE 101,3,5.0,CD
2311139,1,EE 101,4,0.0,F
2311139,1,EE 111,2,8.0,BB
2311139,1,HS 101,3,6.0,CC
2311139,1,HS 111,2,8.0,BB
2311139,1,MA 101,4,0.0,F
2311139,1,ME 101,4,0.0,F
2311139,1,PH 101,4,0.0,F
2311139,1,PH 111,2,6.0,CC
2311140,1,CE 101,3,10.0,AA
2311140,1,EE 101,4,9.0,AB
2311140,1,EE 111,2,10.0,AA
2311140,1,HS 101,3,10.0,AA
2311140,1,HS 111,2,8.0,BB
2311140,1,MA 101,4,8.0,BB
2311140,1,ME 101,4,10.0,AA
2311140,1,PH 101,4,10.0,AA
2311140,1,PH 111,2,10.0,AA
2311141,1,CE 101,3,6.0,CC
2311141,1,EE 101,4,8.0,BB
2311141,1,EE 111,2,10.0,AA
2311141,1,HS 101,3,8.0,BB
2311141,1,HS 111,2,8.0,BB
2311141,1,MA 101,4,7.0,BC
2311141,1,ME 101,4,6.0,CC
2311141,1,PH 101,4,7.0,BC
2311141,1,PH 111,2,8.0,BB
2311142,1,CE 101,3,7.0,BC
2311142,1,EE 101,4,6.0,CC
2311142,1,EE 111,2,10.0,AA
2311142,1,HS 101,3,7.0,BC
2311142,1,HS 111,2,8.0,BB
2311142,1,MA 101,4,4.0,DD
2311142,1,ME 101,4,5.0,CD
2311142,1,PH 101,4,6.0,CC
2311142,1,PH 111,2,9.0,AB
2311143,1,CE 101,3,8.0,BB
2311143,1,EE 101,4,7.0,BC
2311143,1,EE 111,2,10.0,AA
2311143,1,HS 101,3,8.0,BB
2311143,1,HS 111,2,8.0,BB
2311143,1,MA 101,4,6.0,CC
2311143,1,ME 101,4,4.0,DD
2311143,1,PH 101,4,9.0,AB
2311143,1,PH 111,2,10.0,AA
2311144,1,CE 101,3,8.0,BB
2311144,1,EE 101,4,5.0,CD
2311144,1,EE 111,2,9.0,AB
2311144,1,HS 101,3,8.0,BB
2311144,1,HS 111,2,8.0,BB
2311144,1,MA 101,4,6.0,CC
2311144,1,ME 101,4,4.0,DD
2311144,1,PH 101,4,8.0,BB
2311144,1,PH 111,2,8.0,BB
2311145,1,CE 101,3,7.0,BC
2311145,1,EE 101,4,4.0,DD
2311145,1,EE 111,2,8.0,BB
2311145,1,HS 101,3,9.0,AB
2311145,1,HS 111,2,7.0,BC
2311145,1,MA 101,4,7.0,BC
2311145,1,ME 101,4,4.0,DD
2311145,1,PH 101,4,7.0,BC
2311145,1,PH 111,2,9.0,AB
2311146,1,CE 101,3,7.0,BC
2311146,1,EE 101,4,6.0,CC
2311146,1,EE 111,2,10.0,AA
2311146,1,HS 101,3,8.0,BB
2311146,1,HS 111,2,7.0,BC
2311146,1,MA 101,4,6.0,CC
2311146,1,ME 101,4,7.0,BC
2311146,1,PH 101,4,7.0,BC
2311146,1,PH 111,2,10.0,AA
2311147,1,CE 101,3,7.0,BC
2311147,1,EE 101,4,5.0,CD
2311147,1,EE 111,2,10.0,AA
2311147,1,HS 101,3,8.0,BB
2311147,1,HS 111,2,7.0,BC
2311147,1,MA 101,4,6.0,CC
2311147,1,ME 101,4,7.0,BC
2311147,1,PH 101,4,8.0,BB
2311147,1,PH 111,2,9.0,AB
2311148,1,CE 101,3,7.0,BC
2311148,1,EE 101,4,6.0,CC
2311148,1,EE 111,2,10.0,AA
2311148,1,HS 101,3,8.0,BB
2311148,1,HS 111,2,7.0,BC
2311148,1,MA 101,4,8.0,BB
2311148,1,ME 101,4,7.0,BC
2311148,1,PH 101,4,7.0,BC
2311148,1,PH 111,2,9.0,AB
2311149,1,CE 101,3,8.0,BB
2311149,1,EE 101,4,6.0,CC
2311149,1,EE 111,2,10.0,AA
2311149,1,HS 101,3,9.0,AB
2311149,1,HS 111,2,7.0,BC
2311149,1,MA 101,4,6.0,CC
2311149,1,ME 101,4,5.0,CD
2311149,1,PH 101,4,4.0,DD
2311149,1,PH 111,2,9.0,AB
2311150,1,CE 101,3,9.0,AB
2311150,1,EE 101,4,5.0,CD
2311150,1,EE 111,2,10.0,AA
2311150,1,HS 101,3,8.0,BB
2311150,1,HS 111,2,7.0,BC
2311150,1,MA 101,4,7.0,BC
2311150,1,ME 101,4,6.0,CC
2311150,1,PH 101,4,8.0,BB
2311150,1,PH 111,2,10.0,AA
2311151,1,CE 101,3,6.0,CC
2311151,1,EE 101,4,0.0,F
2311151,1,EE 111,2,9.0,AB
2311151,1,HS 101,3,7.0,BC
2311151,1,HS 111,2,8.0,BB
2311151,1,MA 101,4,0.0,F
2311151,1,ME 101,4,0.0,F
2311151,1,PH 101,4,0.0,F
2311151,1,PH 111,2,5.0,CD
2311152,1,CE 101,3,6.0,CC
2311152,1,EE 101,4,0.0,F
2311152,1,EE 111,2,8.0,BB
2311152,1,HS 101,3,5.0,CD
2311152,1,HS 111,2,8.0,BB
2311152,1,MA 101,4,0.0,F
2311152,1,ME 101,4,0.0,F
2311152,1,PH 101,4,0.0,F
2311152,1,PH 111,2,6.0,CC
2311153,1,CE 101,3,6.0,CC
2311153,1,EE 101,4,4.0,DD
2311153,1,EE 111,2,9.0,AB
2311153,1,HS 101,3,5.0,CD
2311153,1,HS 111,2,8.0,BB
2311153,1,MA 101,4,5.0,CD
2311153,1,ME 101,4,5.0,CD
2311153,1,PH 101,4,4.0,DD
2311153,1,PH 111,2,5.0,CD
2311154,1,CE 101,3,7.0,BC
2311154,1,EE 101,4,0.0,F
2311154,1,EE 111,2,8.0,BB
2311154,1,HS 101,3,7.0,BC
2311154,1,HS 111,2,8.0,BB
2311154,1,MA 101,4,0.0,F
2311154,1,ME 101,4,0.0,F
2311154,1,PH 101,4,4.0,DD
2311154,1,PH 111,2,7.0,BC
2311155,1,CE 101,3,6.0,CC
2311155,1,EE 101,4,0.0,F
2311155,1,EE 111,2,8.0,BB
2311155,1,HS 101,3,4.0,DD
2311155,1,HS 111,2,8.0,BB
2311155,1,MA 101,4,0.0,F
2311155,1,ME 101,4,0.0,F
2311155,1,PH 101,4,0.0,F
2311155,1,PH 111,2,6.0,CC
2311156,1,CE 101,3,5.0,CD
2311156,1,EE 101,4,0.0,F
2311156,1,EE 111,2,8.0,BB
2311156,1,HS 101,3,0.0,F
2311156,1,HS 111,2,0.0,F
2311156,1,MA 101,4,0.0,F
2311156,1,ME 101,4,0.0,F
2311156,1,PH 101,4,0.0,F
2311156,1,PH 111,2,6.0,CC
2312001,1,CE 102,3,8.0,BB
2312001,1,CH 101,4,8.0,BB
2312001,1,CH 111,2,9.0,AB
2312001,1,CS 101,4,6.0,CC
2312001,1,CS 111,2,9.0,AB
2312001,1,EC 101,4,8.0,BB
2312001,1,EC 111,2,9.0,AB
2312001,1,MA 101,4,8.0,BB
2312001,1,ME 111,2,9.0,AB
2312002,1,CE 102,3,7.0,BC
2312002,1,CH 101,4,7.0,BC
2312002,1,CH 111,2,9.0,AB
2312002,1,CS 101,4,0.0,F
2312002,1,CS 111,2,9.0,AB
2312002,1,EC 101,4,6.0,CC
2312002,1,EC 111,2,9.0,AB
2312002,1,MA 101,4,4.0,DD
2312002,1,ME 111,2,9.0,AB
2312003,1,CE 102,3,9.0,AB
2312003,1,CH 101,4,10.0,AA
2312003,1,CH 111,2,10.0,AA
2312003,1,CS 101,4,9.0,AB
2312003,1,CS 111,2,10.0,AA
2312003,1,EC 101,4,9.0,AB
2312003,1,EC 111,2,10.0,AA
2312003,1,MA 101,4,9.0,AB
2312003,1,ME 111,2,9.0,AB
2312004,1,CE 102,3,8.0,BB
2312004,1,CH 101,4,10.0,AA
2312004,1,CH 111,2,10.0,AA
2312004,1,CS 101,4,8.0,BB
2312004,1,CS 111,2,8.0,BB
2312004,1,EC 101,4,10.0,AA
2312004,1,EC 111,2,10.0,AA
2312004,1,MA 101,4,9.0,AB
2312004,1,ME 111,2,9.0,AB
2312005,1,CE 102,3,6.0,CC
2312005,1,CH 101,4,8.0,BB
2312005,1,CH 111,2,9.0,AB
2312005,1,CS 101,4,6.0,CC
2312005,1,CS 111,2,9.0,AB
2312005,1,EC 101,4,7.0,BC
2312005,1,EC 111,2,10.0,AA
2312005,1,MA 101,4,7.0,BC
2312005,1,ME 111,2,8.0,BB
2312006,1,CE 102,3,6.0,CC
2312006,1,CH 101,4,5.0,CD
2312006,1,CH 111,2,9.0,AB
2312006,1,CS 101,4,4.0,DD
2312006,1,CS 111,2,9.0,AB
2312006,1,EC 101,4,6.0,CC
2312006,1,EC 111,2,9.0,AB
2312006,1,MA 101,4,4.0,DD
2312006,1,ME 111,2,8.0,BB
2312007,1,CE 102,3,8.0,BB
2312007,1,CH 101,4,7.0,BC
2312007,1,CH 111,2,9.0,AB
2312007,1,CS 101,4,4.0,DD
2312007,1,CS 111,2,7.0,BC
2312007,1,EC 101,4,6.0,CC
2312007,1,EC 111,2,10.0,AA
2312007,1,MA 101,4,4.0,DD
2312007,1,ME 111,2,9.0,AB
2312008,1,CE 102,3,6.0,CC
2312008,1,CH 101,4,7.0,BC
2312008,1,CH 111,2,9.0,AB
2312008,1,CS 101,4,4.0,DD
2312008,1,CS 111,2,8.0,BB
2312008,1,EC 101,4,6.0,CC
2312008,1,EC 111,2,9.0,AB
2312008,1,MA 101,4,7.0,BC
2312008,1,ME 111,2,7.0,BC
2312009,1,CE 102,3,7.0,BC
2312009,1,CH 101,4,7.0,BC
2312009,1,CH 111,2,10.0,AA
2312009,1,CS 101,4,4.0,DD
2312009,1,CS 111,2,8.0,BB
2312009,1,EC 101,4,6.0,CC
2312009,1,EC 111,2,9.0,AB
2312009,1,MA 101,4,4.0,DD
2312009,1,ME 111,2,9.0,AB
2312010,1,CE 102,3,8.0,BB
2312010,1,CH 101,4,7.0,BC
2312010,1,CH 111,2,10.0,AA
2312010,1,CS 101,4,5.0,CD
2312010,1,CS 111,2,9.0,AB
2312010,1,EC 101,4,8.0,BB
2312010,1,EC 111,2,10.0,AA
2312010,1,MA 101,4,4.0,DD
2312010,1,ME 111,2,8.0,BB
2312011,1,CE 102,3,7.0,BC
2312011,1,CH 101,4,8.0,BB
2312011,1,CH 111,2,10.0,AA
2312011,1,CS 101,4,7.0,BC
2312011,1,CS 111,2,10.0,AA
2312011,1,EC 101,4,9.0,AB
2312011,1,EC 111,2,10.0,AA
2312011,1,MA 101,4,8.0,BB
2312011,1,ME 111,2,9.0,AB
2312012,1,CE 102,3,7.0,BC
2312012,1,CH 101,4,8.0,BB
2312012,1,CH 111,2,10.0,AA
2312012,1,CS 101,4,5.0,CD
2312012,1,CS 111,2,9.0,AB
2312012,1,EC 101,4,8.0,BB
2312012,1,EC 111,2,10.0,AA
2312012,1,MA 101,4,8.0,BB
2312012,1,ME 111,2,8.0,BB
2312013,1,CE 102,3,7.0,BC
2312013,1,CH 101,4,6.0,CC
2312013,1,CH 111,2,10.0,AA
2312013,1,CS 101,4,5.0,CD
2312013,1,CS 111,2,7.0,BC
2312013,1,EC 101,4,6.0,CC
2312013,1,EC 111,2,10.0,AA
2312013,1,MA 101,4,5.0,CD
2312013,1,ME 111,2,9.0,AB
2312014,1,CE 102,3,7.0,BC
2312014,1,CH 101,4,7.0,BC
2312014,1,CH 111,2,9.0,AB
2312014,1,CS 101,4,4.0,DD
2312014,1,CS 111,2,7.0,BC
2312014,1,EC 101,4,6.0,CC
2312014,1,EC 111,2,9.0,AB
2312014,1,MA 101,4,0.0,F
2312014,1,ME 111,2,9.0,AB
2312015,1,CE 102,3,8.0,BB
2312015,1,CH 101,4,7.0,BC
2312015,1,CH 111,2,9.0,AB
2312015,1,CS 101,4,5.0,CD
2312015,1,CS 111,2,9.0,AB
2312015,1,EC 101,4,8.0,BB
2312015,1,EC 111,2,10.0,AA
2312015,1,MA 101,4,5.0,CD
2312015,1,ME 111,2,9.0,AB
2312016,1,CE 102,3,6.0,CC
2312016,1,CH 101,4,5.0,CD
2312016,1,CH 111,2,9.0,AB
2312016,1,CS 101,4,4.0,DD
2312016,1,CS 111,2,9.0,AB
2312016,1,EC 101,4,5.0,CD
2312016,1,EC 111,2,9.0,AB
2312016,1,MA 101,4,4.0,DD
2312016,1,ME 111,2,9.0,AB
2312017,1,CE 102,3,5.0,CD
2312017,1,CH 101,4,5.0,CD
2312017,1,CH 111,2,8.0,BB
2312017,1,CS 101,4,0.0,F
2312017,1,CS 111,2,7.0,BC
2312017,1,EC 101,4,0.0,F
2312017,1,EC 111,2,10.0,AA
2312017,1,MA 101,4,0.0,F
2312017,1,ME 111,2,7.0,BC
2312018,1,CE 102,3,5.0,CD
2312018,1,CH 101,4,4.0,DD
2312018,1,CH 111,2,8.0,BB
2312018,1,CS 101,4,0.0,F
2312018,1,CS 111,2,8.0,BB
2312018,1,EC 101,4,0.0,F
2312018,1,EC 111,2,8.0,BB
2312018,1,MA 101,4,0.0,F
2312018,1,ME 111,2,7.0,BC
2312019,1,CE 102,3,6.0,CC
2312019,1,CH 101,4,9.0,AB
2312019,1,CH 111,2,10.0,AA
2312019,1,CS 101,4,8.0,BB
2312019,1,CS 111,2,10.0,AA
2312019,1,EC 101,4,9.0,AB
2312019,1,EC 111,2,9.0,AB
2312019,1,MA 101,4,9.0,AB
2312019,1,ME 111,2,9.0,AB
2312020,1,CE 102,3,6.0,CC
2312020,1,CH 101,4,9.0,AB
2312020,1,CH 111,2,10.0,AA
2312020,1,CS 101,4,10.0,AA
2312020,1,CS 111,2,10.0,AA
2312020,1,EC 101,4,10.0,AA
2312020,1,EC 111,2,10.0,AA
2312020,1,MA 101,4,9.0,AB
2312020,1,ME 111,2,10.0,AA
2312021,1,CE 102,3,8.0,BB
2312021,1,CH 101,4,10.0,AA
2312021,1,CH 111,2,10.0,AA
2312021,1,CS 101,4,9.0,AB
2312021,1,CS 111,2,10.0,AA
2312021,1,EC 101,4,10.0,AA
2312021,1,EC 111,2,10.0,AA
2312021,1,MA 101,4,10.0,AA
2312021,1,ME 111,2,10.0,AA
2312022,1,CE 102,3,6.0,CC
2312022,1,CH 101,4,5.0,CD
2312022,1,CH 111,2,10.0,AA
2312022,1,CS 101,4,4.0,DD
2312022,1,CS 111,2,8.0,BB
2312022,1,EC 101,4,4.0,DD
2312022,1,EC 111,2,8.0,BB
2312022,1,MA 101,4,4.0,DD
2312022,1,ME 111,2,8.0,BB
2312023,1,CE 102,3,7.0,BC
2312023,1,CH 101,4,6.0,CC
2312023,1,CH 111,2,9.0,AB
2312023,1,CS 101,4,5.0,CD
2312023,1,CS 111,2,10.0,AA
2312023,1,EC 101,4,6.0,CC
2312023,1,EC 111,2,10.0,AA
2312023,1,MA 101,4,5.0,CD
2312023,1,ME 111,2,8.0,BB
2312024,1,CE 102,3,7.0,BC
2312024,1,CH 101,4,8.0,BB
2312024,1,CH 111,2,10.0,AA
2312024,1,CS 101,4,6.0,CC
2312024,1,CS 111,2,9.0,AB
2312024,1,EC 101,4,9.0,AB
2312024,1,EC 111,2,10.0,AA
2312024,1,MA 101,4,8.0,BB
2312024,1,ME 111,2,8.0,BB
2312025,1,CE 102,3,6.0,CC
2312025,1,CH 101,4,8.0,BB
2312025,1,CH 111,2,10.0,AA
2312025,1,CS 101,4,7.0,BC
2312025,1,CS 111,2,10.0,AA
2312025,1,EC 101,4,9.0,AB
2312025,1,EC 111,2,10.0,AA
2312025,1,MA 101,4,9.0,AB
2312025,1,ME 111,2,9.0,AB
2312026,1,CE 102,3,7.0,BC
2312026,1,CH 101,4,8.0,BB
2312026,1,CH 111,2,9.0,AB
2312026,1,CS 101,4,4.0,DD
2312026,1,CS 111,2,9.0,AB
2312026,1,EC 101,4,7.0,BC
2312026,1,EC 111,2,9.0,AB
2312026,1,MA 101,4,6.0,CC
2312026,1,ME 111,2,8.0,BB
2312027,1,CE 102,3,7.0,BC
2312027,1,CH 101,4,7.0,BC
2312027,1,CH 111,2,8.0,BB
2312027,1,CS 101,4,4.0,DD
2312027,1,CS 111,2,7.0,BC
2312027,1,EC 101,4,4.0,DD
2312027,1,EC 111,2,9.0,AB
2312027,1,MA 101,4,0.0,F
2312027,1,ME 111,2,8.0,BB
2312028,1,CE 102,3,8.0,BB
2312028,1,CH 101,4,9.0,AB
2312028,1,CH 111,2,9.0,AB
2312028,1,CS 101,4,8.0,BB
2312028,1,CS 111,2,9.0,AB
2312028,1,EC 101,4,9.0,AB
2312028,1,EC 111,2,10.0,AA
2312028,1,MA 101,4,9.0,AB
2312028,1,ME 111,2,10.0,AA
2312029,1,CE 102,3,8.0,BB
2312029,1,CH 101,4,8.0,BB
2312029,1,CH 111,2,10.0,AA
2312029,1,CS 101,4,7.0,BC
2312029,1,CS 111,2,10.0,AA
2312029,1,EC 101,4,8.0,BB
2312029,1,EC 111,2,10.0,AA
2312029,1,MA 101,4,6.0,CC
2312029,1,ME 111,2,8.0,BB
2312030,1,CE 102,3,9.0,AB
2312030,1,CH 101,4,10.0,AA
2312030,1,CH 111,2,9.0,AB
2312030,1,CS 101,4,7.0,BC
2312030,1,CS 111,2,9.0,AB
2312030,1,EC 101,4,7.0,BC
2312030,1,EC 111,2,9.0,AB
2312030,1,MA 101,4,6.0,CC
2312030,1,ME 111,2,7.0,BC
2312031,1,CE 102,3,7.0,BC
2312031,1,CH 101,4,7.0,BC
2312031,1,CH 111,2,10.0,AA
2312031,1,CS 101,4,5.0,CD
2312031,1,CS 111,2,10.0,AA
2312031,1,EC 101,4,8.0,BB
2312031,1,EC 111,2,9.0,AB
2312031,1,MA 101,4,7.0,BC
2312031,1,ME 111,2,8.0,BB
2312032,1,CE 102,3,9.0,AB
2312032,1,CH 101,4,9.0,AB
2312032,1,CH 111,2,10.0,AA
2312032,1,CS 101,4,8.0,BB
2312032,1,CS 111,2,9.0,AB
2312032,1,EC 101,4,7.0,BC
2312032,1,EC 111,2,10.0,AA
2312032,1,MA 101,4,6.0,CC
2312032,1,ME 111,2,9.0,AB
2312033,1,CE 102,3,8.0,BB
2312033,1,CH 101,4,9.0,AB
2312033,1,CH 111,2,10.0,AA
2312033,1,CS 101,4,7.0,BC
2312033,1,CS 111,2,10.0,AA
2312033,1,EC 101,4,9.0,AB
2312033,1,EC 111,2,10.0,AA
2312033,1,MA 101,4,8.0,BB
2312033,1,ME 111,2,9.0,AB
2312034,1,CE 102,3,4.0,DD
2312034,1,CH 101,4,8.0,BB
2312034,1,CH 111,2,8.0,BB
2312034,1,CS 101,4,5.0,CD
2312034,1,CS 111,2,9.0,AB
2312034,1,EC 101,4,7.0,BC
2312034,1,EC 111,2,9.0,AB
2312034,1,MA 101,4,6.0,CC
2312034,1,ME 111,2,7.0,BC
2312035,1,CE 102,3,8.0,BB
2312035,1,CH 101,4,9.0,AB
2312035,1,CH 111,2,9.0,AB
2312035,1,CS 101,4,5.0,CD
2312035,1,CS 111,2,9.0,AB
2312035,1,EC 101,4,8.0,BB
2312035,1,EC 111,2,10.0,AA
2312035,1,MA 101,4,6.0,CC
2312035,1,ME 111,2,9.0,AB
2312036,1,CE 102,3,7.0,BC
2312036,1,CH 101,4,7.0,BC
2312036,1,CH 111,2,9.0,AB
2312036,1,CS 101,4,5.0,CD
2312036,1,CS 111,2,9.0,AB
2312036,1,EC 101,4,7.0,BC
2312036,1,EC 111,2,9.0,AB
2312036,1,MA 101,4,7.0,BC
2312036,1,ME 111,2,8.0,BB
2312037,1,CE 102,3,8.0,BB
2312037,1,CH 101,4,9.0,AB
2312037,1,CH 111,2,10.0,AA
2312037,1,CS 101,4,8.0,BB
2312037,1,CS 111,2,10.0,AA
2312037,1,EC 101,4,9.0,AB
2312037,1,EC 111,2,10.0,AA
2312037,1,MA 101,4,8.0,BB
2312037,1,ME 111,2,9.0,AB
2312038,1,CE 102,3,7.0,BC
2312038,1,CH 101,4,8.0,BB
2312038,1,CH 111,2,9.0,AB
2312038,1,CS 101,4,4.0,DD
2312038,1,CS 111,2,10.0,AA
2312038,1,EC 101,4,7.0,BC
2312038,1,EC 111,2,9.0,AB
2312038,1,MA 101,4,0.0,I
2312038,1,ME 111,2,10.0,AA
2312039,1,CE 102,3,7.0,BC
2312039,1,CH 101,4,7.0,BC
2312039,1,CH 111,2,9.0,AB
2312039,1,CS 101,4,5.0,CD
2312039,1,CS 111,2,10.0,AA
2312039,1,EC 101,4,6.0,CC
2312039,1,EC 111,2,10.0,AA
2312039,1,MA 101,4,6.0,CC
2312039,1,ME 111,2,7.0,BC
2312040,1,CE 102,3,7.0,BC
2312040,1,CH 101,4,8.0,BB
2312040,1,CH 111,2,10.0,AA
2312040,1,CS 101,4,9.0,AB
2312040,1,CS 111,2,9.0,AB
2312040,1,EC 101,4,6.0,CC
2312040,1,EC 111,2,9.0,AB
2312040,1,MA 101,4,7.0,BC
2312040,1,ME 111,2,8.0,BB
2312041,1,CE 102,3,5.0,CD
2312041,1,CH 101,4,6.0,CC
2312041,1,CH 111,2,9.0,AB
2312041,1,CS 101,4,6.0,CC
2312041,1,CS 111,2,9.0,AB
2312041,1,EC 101,4,8.0,BB
2312041,1,EC 111,2,10.0,AA
2312041,1,MA 101,4,5.0,CD
2312041,1,ME 111,2,5.0,CD
2312042,1,CE 102,3,4.0,DD
2312042,1,CH 101,4,5.0,CD
2312042,1,CH 111,2,8.0,BB
2312042,1,CS 101,4,8.0,BB
2312042,1,CS 111,2,9.0,AB
2312042,1,EC 101,4,4.0,DD
2312042,1,EC 111,2,8.0,BB
2312042,1,MA 101,4,6.0,CC
2312042,1,ME 111,2,6.0,CC
2312043,1,CE 102,3,8.0,BB
2312043,1,CH 101,4,8.0,BB
2312043,1,CH 111,2,10.0,AA
2312043,1,CS 101,4,7.0,BC
2312043,1,CS 111,2,8.0,BB
2312043,1,EC 101,4,5.0,CD
2312043,1,EC 111,2,9.0,AB
2312043,1,MA 101,4,6.0,CC
2312043,1,ME 111,2,9.0,AB
2312044,1,CE 102,3,8.0,BB
2312044,1,CH 101,4,8.0,BB
2312044,1,CH 111,2,10.0,AA
2312044,1,CS 101,4,7.0,BC
2312044,1,CS 111,2,10.0,AA
2312044,1,EC 101,4,7.0,BC
2312044,1,EC 111,2,9.0,AB
2312044,1,MA 101,4,6.0,CC
2312044,1,ME 111,2,9.0,AB
2312045,1,CE 102,3,7.0,BC
2312045,1,CH 101,4,6.0,CC
2312045,1,CH 111,2,10.0,AA
2312045,1,CS 101,4,5.0,CD
2312045,1,CS 111,2,8.0,BB
2312045,1,EC 101,4,6.0,CC
2312045,1,EC 111,2,9.0,AB
2312045,1,MA 101,4,9.0,AB
2312045,1,ME 111,2,8.0,BB
2312046,1,CE 102,3,6.0,CC
2312046,1,CH 101,4,8.0,BB
2312046,1,CH 111,2,9.0,AB
2312046,1,CS 101,4,4.0,DD
2312046,1,CS 111,2,8.0,BB
2312046,1,EC 101,4,5.0,CD
2312046,1,EC 111,2,10.0,AA
2312046,1,MA 101,4,4.0,DD
2312046,1,ME 111,2,6.0,CC
2312047,1,CE 102,3,10.0,AA
2312047,1,CH 101,4,10.0,AA
2312047,1,CH 111,2,10.0,AA
2312047,1,CS 101,4,7.0,BC
2312047,1,CS 111,2,9.0,AB
2312047,1,EC 101,4,10.0,AA
2312047,1,EC 111,2,10.0,AA
2312047,1,MA 101,4,6.0,CC
2312047,1,ME 111,2,9.0,AB
2312048,1,CE 102,3,8.0,BB
2312048,1,CH 101,4,8.0,BB
2312048,1,CH 111,2,9.0,AB
2312048,1,CS 101,4,6.0,CC
2312048,1,CS 111,2,9.0,AB
2312048,1,EC 101,4,7.0,BC
2312048,1,EC 111,2,10.0,AA
2312048,1,MA 101,4,6.0,CC
2312048,1,ME 111,2,8.0,BB
2312049,1,CE 102,3,8.0,BB
2312049,1,CH 101,4,7.0,BC
2312049,1,CH 111,2,8.0,BB
2312049,1,CS 101,4,4.0,DD
2312049,1,CS 111,2,7.0,BC
2312049,1,EC 101,4,6.0,CC
2312049,1,EC 111,2,10.0,AA
2312049,1,MA 101,4,4.0,DD
2312049,1,ME 111,2,8.0,BB
2312050,1,CE 102,3,4.0,DD
2312050,1,CH 101,4,5.0,CD
2312050,1,CH 111,2,7.0,BC
2312050,1,CS 101,4,0.0,F
2312050,1,CS 111,2,7.0,BC
2312050,1,EC 101,4,5.0,CD
2312050,1,EC 111,2,10.0,AA
2312050,1,MA 101,4,0.0,F
2312050,1,ME 111,2,7.0,BC
2312051,1,CE 102,3,6.0,CC
2312051,1,CH 101,4,8.0,BB
2312051,1,CH 111,2,10.0,AA
2312051,1,CS 101,4,6.0,CC
2312051,1,CS 111,2,9.0,AB
2312051,1,EC 101,4,7.0,BC
2312051,1,EC 111,2,10.0,AA
2312051,1,MA 101,4,5.0,CD
2312051,1,ME 111,2,9.0,AB
2312052,1,CE 102,3,7.0,BC
2312052,1,CH 101,4,8.0,BB
2312052,1,CH 111,2,9.0,AB
2312052,1,CS 101,4,8.0,BB
2312052,1,CS 111,2,8.0,BB
2312052,1,EC 101,4,8.0,BB
2312052,1,EC 111,2,10.0,AA
2312052,1,MA 101,4,7.0,BC
2312052,1,ME 111,2,8.0,BB
2312053,1,CE 102,3,9.0,AB
2312053,1,CH 101,4,9.0,AB
2312053,1,CH 111,2,10.0,AA
2312053,1,CS 101,4,7.0,BC
2312053,1,CS 111,2,9.0,AB
2312053,1,EC 101,4,8.0,BB
2312053,1,EC 111,2,10.0,AA
2312053,1,MA 101,4,7.0,BC
2312053,1,ME 111,2,10.0,AA
2312054,1,CE 102,3,7.0,BC
2312054,1,CH 101,4,9.0,AB
2312054,1,CH 111,2,9.0,AB
2312054,1,CS 101,4,9.0,AB
2312054,1,CS 111,2,8.0,BB
2312054,1,EC 101,4,9.0,AB
2312054,1,EC 111,2,10.0,AA
2312054,1,MA 101,4,8.0,BB
2312054,1,ME 111,2,8.0,BB
2312055,1,CE 102,3,6.0,CC
2312055,1,CH 101,4,8.0,BB
2312055,1,CH 111,2,9.0,AB
2312055,1,CS 101,4,7.0,BC
2312055,1,CS 111,2,9.0,AB
2312055,1,EC 101,4,6.0,CC
2312055,1,EC 111,2,10.0,AA
2312055,1,MA 101,4,5.0,CD
2312055,1,ME 111,2,8.0,BB
2312056,1,CE 102,3,8.0,BB
2312056,1,CH 101,4,9.0,AB
2312056,1,CH 111,2,10.0,AA
2312056,1,CS 101,4,8.0,BB
2312056,1,CS 111,2,9.0,AB
2312056,1,EC 101,4,8.0,BB
2312056,1,EC 111,2,10.0,AA
2312056,1,MA 101,4,6.0,CC
2312056,1,ME 111,2,8.0,BB
2312057,1,CE 102,3,9.0,AB
2312057,1,CH 101,4,10.0,AA
2312057,1,CH 111,2,7.0,BC
2312057,1,CS 101,4,6.0,CC
2312057,1,CS 111,2,8.0,BB
2312057,1,EC 101,4,8.0,BB
2312057,1,EC 111,2,10.0,AA
2312057,1,MA 101,4,9.0,AB
2312057,1,ME 111,2,7.0,BC
2312058,1,CE 102,3,6.0,CC
2312058,1,CH 101,4,8.0,BB
2312058,1,CH 111,2,6.0,CC
2312058,1,CS 101,4,6.0,CC
2312058,1,CS 111,2,9.0,AB
2312058,1,EC 101,4,6.0,CC
2312058,1,EC 111,2,10.0,AA
2312058,1,MA 101,4,6.0,CC
2312058,1,ME 111,2,8.0,BB
2312059,1,CE 102,3,8.0,BB
2312059,1,CH 101,4,7.0,BC
2312059,1,CH 111,2,10.0,AA
2312059,1,CS 101,4,6.0,CC
2312059,1,CS 111,2,9.0,AB
2312059,1,EC 101,4,7.0,BC
2312059,1,EC 111,2,10.0,AA
2312059,1,MA 101,4,7.0,BC
2312059,1,ME 111,2,9.0,AB
2312060,1,CE 102,3,8.0,BB
2312060,1,CH 101,4,10.0,AA
2312060,1,CH 111,2,10.0,AA
2312060,1,CS 101,4,7.0,BC
2312060,1,CS 111,2,9.0,AB
2312060,1,EC 101,4,9.0,AB
2312060,1,EC 111,2,10.0,AA
2312060,1,MA 101,4,8.0,BB
2312060,1,ME 111,2,9.0,AB
2312061,1,CE 102,3,8.0,BB
2312061,1,CH 101,4,9.0,AB
2312061,1,CH 111,2,9.0,AB
2312061,1,CS 101,4,7.0,BC
2312061,1,CS 111,2,10.0,AA
2312061,1,EC 101,4,8.0,BB
2312061,1,EC 111,2,10.0,AA
2312061,1,MA 101,4,7.0,BC
2312061,1,ME 111,2,9.0,AB
2312062,1,CE 102,3,5.0,CD
2312062,1,CH 101,4,6.0,CC
2312062,1,CH 111,2,7.0,BC
2312062,1,CS 101,4,7.0,BC
2312062,1,CS 111,2,9.0,AB
2312062,1,EC 101,4,6.0,CC
2312062,1,EC 111,2,10.0,AA
2312062,1,MA 101,4,4.0,DD
2312062,1,ME 111,2,7.0,BC
2312063,1,CE 102,3,7.0,BC
2312063,1,CH 101,4,6.0,CC
2312063,1,CH 111,2,9.0,AB
2312063,1,CS 101,4,7.0,BC
2312063,1,CS 111,2,9.0,AB
2312063,1,EC 101,4,6.0,CC
2312063,1,EC 111,2,10.0,AA
2312063,1,MA 101,4,8.0,BB
2312063,1,ME 111,2,7.0,BC
2312064,1,CE 102,3,8.0,BB
2312064,1,CH 101,4,9.0,AB
2312064,1,CH 111,2,10.0,AA
2312064,1,CS 101,4,6.0,CC
2312064,1,CS 111,2,9.0,AB
2312064,1,EC 101,4,7.0,BC
2312064,1,EC 111,2,10.0,AA
2312064,1,MA 101,4,6.0,CC
2312064,1,ME 111,2,9.0,AB
2312065,1,CE 102,3,7.0,BC
2312065,1,CH 101,4,7.0,BC
2312065,1,CH 111,2,9.0,AB
2312065,1,CS 101,4,6.0,CC
2312065,1,CS 111,2,10.0,AA
2312065,1,EC 101,4,6.0,CC
2312065,1,EC 111,2,10.0,AA
2312065,1,MA 101,4,6.0,CC
2312065,1,ME 111,2,10.0,AA
2312066,1,CE 102,3,5.0,CD
2312066,1,CH 101,4,7.0,BC
2312066,1,CH 111,2,8.0,BB
2312066,1,CS 101,4,6.0,CC
2312066,1,CS 111,2,9.0,AB
2312066,1,EC 101,4,7.0,BC
2312066,1,EC 111,2,10.0,AA
2312066,1,MA 101,4,6.0,CC
2312066,1,ME 111,2,8.0,BB
2312067,1,CE 102,3,6.0,CC
2312067,1,CH 101,4,8.0,BB
2312067,1,CH 111,2,9.0,AB
2312067,1,CS 101,4,6.0,CC
2312067,1,CS 111,2,9.0,AB
2312067,1,EC 101,4,6.0,CC
2312067,1,EC 111,2,10.0,AA
2312067,1,MA 101,4,6.0,CC
2312067,1,ME 111,2,8.0,BB
2312068,1,CE 102,3,8.0,BB
2312068,1,CH 101,4,8.0,BB
2312068,1,CH 111,2,9.0,AB
2312068,1,CS 101,4,6.0,CC
2312068,1,CS 111,2,8.0,BB
2312068,1,EC 101,4,6.0,CC
2312068,1,EC 111,2,10.0,AA
2312068,1,MA 101,4,6.0,CC
2312068,1,ME 111,2,9.0,AB
2312069,1,CE 102,3,9.0,AB
2312069,1,CH 101,4,9.0,AB
2312069,1,CH 111,2,10.0,AA
2312069,1,CS 101,4,8.0,BB
2312069,1,CS 111,2,9.0,AB
2312069,1,EC 101,4,10.0,AA
2312069,1,EC 111,2,10.0,AA
2312069,1,MA 101,4,8.0,BB
2312069,1,ME 111,2,8.0,BB
2312070,1,CE 102,3,7.0,BC
2312070,1,CH 101,4,7.0,BC
2312070,1,CH 111,2,8.0,BB
2312070,1,CS 101,4,5.0,CD
2312070,1,CS 111,2,9.0,AB
2312070,1,EC 101,4,7.0,BC
2312070,1,EC 111,2,10.0,AA
2312070,1,MA 101,4,6.0,CC
2312070,1,ME 111,2,7.0,BC
2312071,1,CE 102,3,7.0,BC
2312071,1,CH 101,4,7.0,BC
2312071,1,CH 111,2,9.0,AB
2312071,1,CS 101,4,7.0,BC
2312071,1,CS 111,2,9.0,AB
2312071,1,EC 101,4,7.0,BC
2312071,1,EC 111,2,10.0,AA
2312071,1,MA 101,4,6.0,CC
2312071,1,ME 111,2,7.0,BC
2312072,1,CE 102,3,9.0,AB
2312072,1,CH 101,4,10.0,AA
2312072,1,CH 111,2,9.0,AB
2312072,1,CS 101,4,9.0,AB
2312072,1,CS 111,2,9.0,AB
2312072,1,EC 101,4,10.0,AA
2312072,1,EC 111,2,10.0,AA
2312072,1,MA 101,4,10.0,AA
2312072,1,ME 111,2,7.0,BC
2312073,1,CE 102,3,8.0,BB
2312073,1,CH 101,4,9.0,AB
2312073,1,CH 111,2,10.0,AA
2312073,1,CS 101,4,10.0,AA
2312073,1,CS 111,2,9.0,AB
2312073,1,EC 101,4,9.0,AB
2312073,1,EC 111,2,10.0,AA
2312073,1,MA 101,4,9.0,AB
2312073,1,ME 111,2,9.0,AB
2312074,1,CE 102,3,6.0,CC
2312074,1,CH 101,4,9.0,AB
2312074,1,CH 111,2,10.0,AA
2312074,1,CS 101,4,7.0,BC
2312074,1,CS 111,2,8.0,BB
2312074,1,EC 101,4,7.0,BC
2312074,1,EC 111,2,10.0,AA
2312074,1,MA 101,4,7.0,BC
2312074,1,ME 111,2,7.0,BC
2312075,1,CE 102,3,7.0,BC
2312075,1,CH 101,4,9.0,AB
2312075,1,CH 111,2,10.0,AA
2312075,1,CS 101,4,7.0,BC
2312075,1,CS 111,2,9.0,AB
2312075,1,EC 101,4,8.0,BB
2312075,1,EC 111,2,10.0,AA
2312075,1,MA 101,4,7.0,BC
2312075,1,ME 111,2,8.0,BB
2312076,1,CE 102,3,8.0,BB
2312076,1,CH 101,4,9.0,AB
2312076,1,CH 111,2,10.0,AA
2312076,1,CS 101,4,8.0,BB
2312076,1,CS 111,2,10.0,AA
2312076,1,EC 101,4,10.0,AA
2312076,1,EC 111,2,10.0,AA
2312076,1,MA 101,4,8.0,BB
2312076,1,ME 111,2,8.0,BB
2312077,1,CE 102,3,7.0,BC
2312077,1,CH 101,4,7.0,BC
2312077,1,CH 111,2,9.0,AB
2312077,1,CS 101,4,5.0,CD
2312077,1,CS 111,2,9.0,AB
2312077,1,EC 101,4,9.0,AB
2312077,1,EC 111,2,10.0,AA
2312077,1,MA 101,4,7.0,BC
2312077,1,ME 111,2,9.0,AB
2312078,1,CE 102,3,9.0,AB
2312078,1,CH 101,4,8.0,BB
2312078,1,CH 111,2,9.0,AB
2312078,1,CS 101,4,6.0,CC
2312078,1,CS 111,2,9.0,AB
2312078,1,EC 101,4,8.0,BB
2312078,1,EC 111,2,10.0,AA
2312078,1,MA 101,4,8.0,BB
2312078,1,ME 111,2,10.0,AA
2312079,1,CE 102,3,9.0,AB
2312079,1,CH 101,4,9.0,AB
2312079,1,CH 111,2,9.0,AB
2312079,1,CS 101,4,7.0,BC
2312079,1,CS 111,2,9.0,AB
2312079,1,EC 101,4,7.0,BC
2312079,1,EC 111,2,10.0,AA
2312079,1,MA 101,4,8.0,BB
2312079,1,ME 111,2,9.0,AB
2312080,1,CE 102,3,7.0,BC
2312080,1,CH 101,4,8.0,BB
2312080,1,CH 111,2,9.0,AB
2312080,1,CS 101,4,7.0,BC
2312080,1,CS 111,2,8.0,BB
2312080,1,EC 101,4,8.0,BB
2312080,1,EC 111,2,10.0,AA
2312080,1,MA 101,4,7.0,BC
2312080,1,ME 111,2,8.0,BB
2312081,1,CE 102,3,7.0,BC
2312081,1,CH 101,4,5.0,CD
2312081,1,CH 111,2,10.0,AA
2312081,1,CS 101,4,4.0,DD
2312081,1,CS 111,2,8.0,BB
2312081,1,EC 101,4,5.0,CD
2312081,1,EC 111,2,10.0,AA
2312081,1,MA 101,4,4.0,DD
2312081,1,ME 111,2,9.0,AB
2312082,1,CE 102,3,6.0,CC
2312082,1,CH 101,4,7.0,BC
2312082,1,CH 111,2,9.0,AB
2312082,1,CS 101,4,4.0,DD
2312082,1,CS 111,2,8.0,BB
2312082,1,EC 101,4,7.0,BC
2312082,1,EC 111,2,10.0,AA
2312082,1,MA 101,4,5.0,CD
2312082,1,ME 111,2,7.0,BC
2312083,1,CE 102,3,6.0,CC
2312083,1,CH 101,4,8.0,BB
2312083,1,CH 111,2,9.0,AB
2312083,1,CS 101,4,8.0,BB
2312083,1,CS 111,2,9.0,AB
2312083,1,EC 101,4,7.0,BC
2312083,1,EC 111,2,10.0,AA
2312083,1,MA 101,4,7.0,BC
2312083,1,ME 111,2,9.0,AB
2312084,1,CE 102,3,7.0,BC
2312084,1,CH 101,4,7.0,BC
2312084,1,CH 111,2,9.0,AB
2312084,1,CS 101,4,6.0,CC
2312084,1,CS 111,2,9.0,AB
2312084,1,EC 101,4,7.0,BC
2312084,1,EC 111,2,10.0,AA
2312084,1,MA 101,4,7.0,BC
2312084,1,ME 111,2,9.0,AB
2312085,1,CE 102,3,6.0,CC
2312085,1,CH 101,4,6.0,CC
2312085,1,CH 111,2,7.0,BC
2312085,1,CS 101,4,4.0,DD
2312085,1,CS 111,2,9.0,AB
2312085,1,EC 101,4,6.0,CC
2312085,1,EC 111,2,10.0,AA
2312085,1,MA 101,4,5.0,CD
2312085,1,ME 111,2,7.0,BC
2312086,1,CE 102,3,5.0,CD
2312086,1,CH 101,4,8.0,BB
2312086,1,CH 111,2,10.0,AA
2312086,1,CS 101,4,6.0,CC
2312086,1,CS 111,2,8.0,BB
2312086,1,EC 101,4,6.0,CC
2312086,1,EC 111,2,10.0,AA
2312086,1,MA 101,4,6.0,CC
2312086,1,ME 111,2,10.0,AA
2312087,1,CE 102,3,9.0,AB
2312087,1,CH 101,4,9.0,AB
2312087,1,CH 111,2,8.0,BB
2312087,1,CS 101,4,8.0,BB
2312087,1,CS 111,2,10.0,AA
2312087,1,EC 101,4,7.0,BC
2312087,1,EC 111,2,10.0,AA
2312087,1,MA 101,4,6.0,CC
2312087,1,ME 111,2,10.0,AA
2312088,1,CE 102,3,8.0,BB
2312088,1,CH 101,4,8.0,BB
2312088,1,CH 111,2,8.0,BB
2312088,1,CS 101,4,4.0,DD
2312088,1,CS 111,2,9.0,AB
2312088,1,EC 101,4,5.0,CD
2312088,1,EC 111,2,10.0,AA
2312088,1,MA 101,4,6.0,CC
2312088,1,ME 111,2,10.0,AA
2312089,1,CE 102,3,7.0,BC
2312089,1,CH 101,4,6.0,CC
2312089,1,CH 111,2,8.0,BB
2312089,1,CS 101,4,4.0,DD
2312089,1,CS 111,2,8.0,BB
2312089,1,EC 101,4,7.0,BC
2312089,1,EC 111,2,10.0,AA
2312089,1,MA 101,4,5.0,CD
2312089,1,ME 111,2,8.0,BB
2312090,1,CE 102,3,10.0,AA
2312090,1,CH 101,4,9.0,AB
2312090,1,CH 111,2,10.0,AA
2312090,1,CS 101,4,7.0,BC
2312090,1,CS 111,2,10.0,AA
2312090,1,EC 101,4,10.0,AA
2312090,1,EC 111,2,10.0,AA
2312090,1,MA 101,4,10.0,AA
2312090,1,ME 111,2,10.0,AA
2312091,1,CE 102,3,9.0,AB
2312091,1,CH 101,4,7.0,BC
2312091,1,CH 111,2,9.0,AB
2312091,1,CS 101,4,6.0,CC
2312091,1,CS 111,2,10.0,AA
2312091,1,EC 101,4,4.0,DD
2312091,1,EC 111,2,10.0,AA
2312091,1,MA 101,4,4.0,DD
2312091,1,ME 111,2,8.0,BB
2312092,1,CE 102,3,10.0,AA
2312092,1,CH 101,4,10.0,AA
2312092,1,CH 111,2,9.0,AB
2312092,1,CS 101,4,8.0,BB
2312092,1,CS 111,2,10.0,AA
2312092,1,EC 101,4,8.0,BB
2312092,1,EC 111,2,10.0,AA
2312092,1,MA 101,4,9.0,AB
2312092,1,ME 111,2,9.0,AB
2312093,1,CE 102,3,8.0,BB
2312093,1,CH 101,4,7.0,BC
2312093,1,CH 111,2,9.0,AB
2312093,1,CS 101,4,0.0,F
2312093,1,CS 111,2,7.0,BC
2312093,1,EC 101,4,4.0,DD
2312093,1,EC 111,2,9.0,AB
2312093,1,MA 101,4,0.0,F
2312093,1,ME 111,2,6.0,CC
2312094,1,CE 102,3,8.0,BB
2312094,1,CH 101,4,4.0,DD
2312094,1,CH 111,2,9.0,AB
2312094,1,CS 101,4,4.0,DD
2312094,1,CS 111,2,9.0,AB
2312094,1,EC 101,4,4.0,DD
2312094,1,EC 111,2,9.0,AB
2312094,1,MA 101,4,0.0,F
2312094,1,ME 111,2,6.0,CC
2312095,1,CE 102,3,9.0,AB
2312095,1,CH 101,4,9.0,AB
2312095,1,CH 111,2,9.0,AB
2312095,1,CS 101,4,7.0,BC
2312095,1,CS 111,2,9.0,AB
2312095,1,EC 101,4,5.0,CD
2312095,1,EC 111,2,10.0,AA
2312095,1,MA 101,4,7.0,BC
2312095,1,ME 111,2,8.0,BB
2312096,1,CE 102,3,9.0,AB
2312096,1,CH 101,4,10.0,AA
2312096,1,CH 111,2,10.0,AA
2312096,1,CS 101,4,8.0,BB
2312096,1,CS 111,2,10.0,AA
2312096,1,EC 101,4,8.0,BB
2312096,1,EC 111,2,10.0,AA
2312096,1,MA 101,4,7.0,BC
2312096,1,ME 111,2,8.0,BB
2312097,1,CE 102,3,8.0,BB
2312097,1,CH 101,4,10.0,AA
2312097,1,CH 111,2,10.0,AA
2312097,1,CS 101,4,7.0,BC
2312097,1,CS 111,2,10.0,AA
2312097,1,EC 101,4,6.0,CC
2312097,1,EC 111,2,10.0,AA
2312097,1,MA 101,4,5.0,CD
2312097,1,ME 111,2,8.0,BB
2312098,1,CE 102,3,10.0,AA
2312098,1,CH 101,4,10.0,AA
2312098,1,CH 111,2,10.0,AA
2312098,1,CS 101,4,7.0,BC
2312098,1,CS 111,2,10.0,AA
2312098,1,EC 101,4,9.0,AB
2312098,1,EC 111,2,10.0,AA
2312098,1,MA 101,4,9.0,AB
2312098,1,ME 111,2,10.0,AA
2312099,1,CE 102,3,10.0,AA
2312099,1,CH 101,4,8.0,BB
2312099,1,CH 111,2,10.0,AA
2312099,1,CS 101,4,10.0,AA
2312099,1,CS 111,2,10.0,AA
2312099,1,EC 101,4,10.0,AA
2312099,1,EC 111,2,9.0,AB
2312099,1,MA 101,4,8.0,BB
2312099,1,ME 111,2,10.0,AA
2312100,1,CE 102,3,9.0,AB
2312100,1,CH 101,4,9.0,AB
2312100,1,CH 111,2,9.0,AB
2312100,1,CS 101,4,9.0,AB
2312100,1,CS 111,2,10.0,AA
2312100,1,EC 101,4,6.0,CC
2312100,1,EC 111,2,10.0,AA
2312100,1,MA 101,4,7.0,BC
2312100,1,ME 111,2,10.0,AA
2312101,1,CE 102,3,7.0,BC
2312101,1,CH 101,4,7.0,BC
2312101,1,CH 111,2,10.0,AA
2312101,1,CS 101,4,0.0,F
2312101,1,CS 111,2,6.0,CC
2312101,1,EC 101,4,4.0,DD
2312101,1,EC 111,2,9.0,AB
2312101,1,MA 101,4,4.0,DD
2312101,1,ME 111,2,9.0,AB
2312102,1,CE 102,3,9.0,AB
2312102,1,CH 101,4,9.0,AB
2312102,1,CH 111,2,9.0,AB
2312102,1,CS 101,4,8.0,BB
2312102,1,CS 111,2,8.0,BB
2312102,1,EC 101,4,5.0,CD
2312102,1,EC 111,2,8.0,BB
2312102,1,MA 101,4,4.0,DD
2312102,1,ME 111,2,9.0,AB
2312103,1,CE 102,3,7.0,BC
2312103,1,CH 101,4,9.0,AB
2312103,1,CH 111,2,10.0,AA
2312103,1,CS 101,4,7.0,BC
2312103,1,CS 111,2,9.0,AB
2312103,1,EC 101,4,7.0,BC
2312103,1,EC 111,2,10.0,AA
2312103,1,MA 101,4,7.0,BC
2312103,1,ME 111,2,8.0,BB
2312104,1,CE 102,3,7.0,BC
2312104,1,CH 101,4,6.0,CC
2312104,1,CH 111,2,9.0,AB
2312104,1,CS 101,4,0.0,F
2312104,1,CS 111,2,9.0,AB
2312104,1,EC 101,4,4.0,DD
2312104,1,EC 111,2,8.0,BB
2312104,1,MA 101,4,4.0,DD
2312104,1,ME 111,2,8.0,BB
2312105,1,CE 102,3,7.0,BC
2312105,1,CH 101,4,8.0,BB
2312105,1,CH 111,2,9.0,AB
2312105,1,CS 101,4,6.0,CC
2312105,1,CS 111,2,7.0,BC
2312105,1,EC 101,4,7.0,BC
2312105,1,EC 111,2,10.0,AA
2312105,1,MA 101,4,8.0,BB
2312105,1,ME 111,2,7.0,BC
2312106,1,CE 102,3,9.0,AB
2312106,1,CH 101,4,8.0,BB
2312106,1,CH 111,2,10.0,AA
2312106,1,CS 101,4,8.0,BB
2312106,1,CS 111,2,8.0,BB
2312106,1,EC 101,4,6.0,CC
2312106,1,EC 111,2,10.0,AA
2312106,1,MA 101,4,5.0,CD
2312106,1,ME 111,2,8.0,BB
2312107,1,CE 102,3,10.0,AA
2312107,1,CH 101,4,10.0,AA
2312107,1,CH 111,2,10.0,AA
2312107,1,CS 101,4,7.0,BC
2312107,1,CS 111,2,10.0,AA
2312107,1,EC 101,4,9.0,AB
2312107,1,EC 111,2,10.0,AA
2312107,1,MA 101,4,9.0,AB
2312107,1,ME 111,2,9.0,AB
2312108,1,CE 102,3,8.0,BB
2312108,1,CH 101,4,7.0,BC
2312108,1,CH 111,2,10.0,AA
2312108,1,CS 101,4,5.0,CD
2312108,1,CS 111,2,7.0,BC
2312108,1,EC 101,4,4.0,DD
2312108,1,EC 111,2,9.0,AB
2312108,1,MA 101,4,5.0,CD
2312108,1,ME 111,2,8.0,BB
2312109,1,CE 102,3,9.0,AB
2312109,1,CH 101,4,8.0,BB
2312109,1,CH 111,2,10.0,AA
2312109,1,CS 101,4,6.0,CC
2312109,1,CS 111,2,9.0,AB
2312109,1,EC 101,4,7.0,BC
2312109,1,EC 111,2,10.0,AA
2312109,1,MA 101,4,7.0,BC
2312109,1,ME 111,2,8.0,BB
2312110,1,CE 102,3,8.0,BB
2312110,1,CH 101,4,8.0,BB
2312110,1,CH 111,2,10.0,AA
2312110,1,CS 101,4,7.0,BC
2312110,1,CS 111,2,8.0,BB
2312110,1,EC 101,4,6.0,CC
2312110,1,EC 111,2,10.0,AA
2312110,1,MA 101,4,6.0,CC
2312110,1,ME 111,2,9.0,AB
2312111,1,CE 102,3,9.0,AB
2312111,1,CH 101,4,9.0,AB
2312111,1,CH 111,2,10.0,AA
2312111,1,CS 101,4,6.0,CC
2312111,1,CS 111,2,9.0,AB
2312111,1,EC 101,4,8.0,BB
2312111,1,EC 111,2,9.0,AB
2312111,1,MA 101,4,7.0,BC
2312111,1,ME 111,2,8.0,BB
2312112,1,CE 102,3,9.0,AB
2312112,1,CH 101,4,10.0,AA
2312112,1,CH 111,2,9.0,AB
2312112,1,CS 101,4,9.0,AB
2312112,1,CS 111,2,10.0,AA
2312112,1,EC 101,4,8.0,BB
2312112,1,EC 111,2,10.0,AA
2312112,1,MA 101,4,9.0,AB
2312112,1,ME 111,2,8.0,BB
2312113,1,CE 102,3,9.0,AB
2312113,1,CH 101,4,6.0,CC
2312113,1,CH 111,2,8.0,BB
2312113,1,CS 101,4,5.0,CD
2312113,1,CS 111,2,10.0,AA
2312113,1,EC 101,4,5.0,CD
2312113,1,EC 111,2,9.0,AB
2312113,1,MA 101,4,5.0,CD
2312113,1,ME 111,2,8.0,BB
2312114,1,CE 102,3,10.0,AA
2312114,1,CH 101,4,9.0,AB
2312114,1,CH 111,2,10.0,AA
2312114,1,CS 101,4,8.0,BB
2312114,1,CS 111,2,10.0,AA
2312114,1,EC 101,4,9.0,AB
2312114,1,EC 111,2,10.0,AA
2312114,1,MA 101,4,10.0,AA
2312114,1,ME 111,2,10.0,AA
2312115,1,CE 102,3,7.0,BC
2312115,1,CH 101,4,9.0,AB
2312115,1,CH 111,2,10.0,AA
2312115,1,CS 101,4,7.0,BC
2312115,1,CS 111,2,9.0,AB
2312115,1,EC 101,4,8.0,BB
2312115,1,EC 111,2,10.0,AA
2312115,1,MA 101,4,9.0,AB
2312115,1,ME 111,2,8.0,BB
2312116,1,CE 102,3,9.0,AB
2312116,1,CH 101,4,9.0,AB
2312116,1,CH 111,2,9.0,AB
2312116,1,CS 101,4,6.0,CC
2312116,1,CS 111,2,10.0,AA
2312116,1,EC 101,4,7.0,BC
2312116,1,EC 111,2,10.0,AA
2312116,1,MA 101,4,8.0,BB
2312116,1,ME 111,2,8.0,BB
2312117,1,CE 102,3,9.0,AB
2312117,1,CH 101,4,9.0,AB
2312117,1,CH 111,2,8.0,BB
2312117,1,CS 101,4,7.0,BC
2312117,1,CS 111,2,10.0,AA
2312117,1,EC 101,4,10.0,AA
2312117,1,EC 111,2,9.0,AB
2312117,1,MA 101,4,10.0,AA
2312117,1,ME 111,2,8.0,BB
2312118,1,CE 102,3,10.0,AA
2312118,1,CH 101,4,9.0,AB
2312118,1,CH 111,2,9.0,AB
2312118,1,CS 101,4,8.0,BB
2312118,1,CS 111,2,10.0,AA
2312118,1,EC 101,4,8.0,BB
2312118,1,EC 111,2,9.0,AB
2312118,1,MA 101,4,8.0,BB
2312118,1,ME 111,2,9.0,AB
2312119,1,CE 102,3,10.0,AA
2312119,1,CH 101,4,9.0,AB
2312119,1,CH 111,2,9.0,AB
2312119,1,CS 101,4,8.0,BB
2312119,1,CS 111,2,10.0,AA
2312119,1,EC 101,4,7.0,BC
2312119,1,EC 111,2,9.0,AB
2312119,1,MA 101,4,8.0,BB
2312119,1,ME 111,2,8.0,BB
2312120,1,CE 102,3,10.0,AA
2312120,1,CH 101,4,10.0,AA
2312120,1,CH 111,2,10.0,AA
2312120,1,CS 101,4,9.0,AB
2312120,1,CS 111,2,10.0,AA
2312120,1,EC 101,4,9.0,AB
2312120,1,EC 111,2,10.0,AA
2312120,1,MA 101,4,9.0,AB
2312120,1,ME 111,2,7.0,BC
2312121,1,CE 102,3,8.0,BB
2312121,1,CH 101,4,6.0,CC
2312121,1,CH 111,2,10.0,AA
2312121,1,CS 101,4,9.0,AB
2312121,1,CS 111,2,10.0,AA
2312121,1,EC 101,4,6.0,CC
2312121,1,EC 111,2,10.0,AA
2312121,1,MA 101,4,7.0,BC
2312121,1,ME 111,2,8.0,BB
2312122,1,CE 102,3,10.0,AA
2312122,1,CH 101,4,10.0,AA
2312122,1,CH 111,2,10.0,AA
2312122,1,CS 101,4,9.0,AB
2312122,1,CS 111,2,10.0,AA
2312122,1,EC 101,4,8.0,BB
2312122,1,EC 111,2,10.0,AA
2312122,1,MA 101,4,8.0,BB
2312122,1,ME 111,2,9.0,AB
2312123,1,CE 102,3,10.0,AA
2312123,1,CH 101,4,8.0,BB
2312123,1,CH 111,2,9.0,AB
2312123,1,CS 101,4,10.0,AA
2312123,1,CS 111,2,10.0,AA
2312123,1,EC 101,4,7.0,BC
2312123,1,EC 111,2,10.0,AA
2312123,1,MA 101,4,7.0,BC
2312123,1,ME 111,2,9.0,AB
2312124,1,CE 102,3,9.0,AB
2312124,1,CH 101,4,8.0,BB
2312124,1,CH 111,2,9.0,AB
2312124,1,CS 101,4,10.0,AA
2312124,1,CS 111,2,10.0,AA
2312124,1,EC 101,4,6.0,CC
2312124,1,EC 111,2,9.0,AB
2312124,1,MA 101,4,8.0,BB
2312124,1,ME 111,2,8.0,BB
2312125,1,CE 102,3,8.0,BB
2312125,1,CH 101,4,9.0,AB
2312125,1,CH 111,2,10.0,AA
2312125,1,CS 101,4,8.0,BB
2312125,1,CS 111,2,10.0,AA
2312125,1,EC 101,4,6.0,CC
2312125,1,EC 111,2,10.0,AA
2312125,1,MA 101,4,8.0,BB
2312125,1,ME 111,2,8.0,BB
2312126,1,CE 102,3,10.0,AA
2312126,1,CH 101,4,10.0,AA
2312126,1,CH 111,2,10.0,AA
2312126,1,CS 101,4,10.0,AA
2312126,1,CS 111,2,10.0,AA
2312126,1,EC 101,4,9.0,AB
2312126,1,EC 111,2,10.0,AA
2312126,1,MA 101,4,9.0,AB
2312126,1,ME 111,2,8.0,BB
2312127,1,CE 102,3,9.0,AB
2312127,1,CH 101,4,8.0,BB
2312127,1,CH 111,2,9.0,AB
2312127,1,CS 101,4,5.0,CD
2312127,1,CS 111,2,10.0,AA
2312127,1,EC 101,4,5.0,CD
2312127,1,EC 111,2,9.0,AB
2312127,1,MA 101,4,0.0,F
2312127,1,ME 111,2,8.0,BB
2312128,1,CE 102,3,7.0,BC
2312128,1,CH 101,4,7.0,BC
2312128,1,CH 111,2,8.0,BB
2312128,1,CS 101,4,6.0,CC
2312128,1,CS 111,2,7.0,BC
2312128,1,EC 101,4,5.0,CD
2312128,1,EC 111,2,10.0,AA
2312128,1,MA 101,4,6.0,CC
2312128,1,ME 111,2,7.0,BC
2312129,1,CE 102,3,9.0,AB
2312129,1,CH 101,4,10.0,AA
2312129,1,CH 111,2,10.0,AA
2312129,1,CS 101,4,10.0,AA
2312129,1,CS 111,2,10.0,AA
2312129,1,EC 101,4,8.0,BB
2312129,1,EC 111,2,10.0,AA
2312129,1,MA 101,4,9.0,AB
2312129,1,ME 111,2,10.0,AA
2312130,1,CE 102,3,10.0,AA
2312130,1,CH 101,4,10.0,AA
2312130,1,CH 111,2,10.0,AA
2312130,1,CS 101,4,9.0,AB
2312130,1,CS 111,2,10.0,AA
2312130,1,EC 101,4,8.0,BB
2312130,1,EC 111,2,9.0,AB
2312130,1,MA 101,4,9.0,AB
2312130,1,ME 111,2,9.0,AB
2312131,1,CE 102,3,9.0,AB
2312131,1,CH 101,4,10.0,AA
2312131,1,CH 111,2,10.0,AA
2312131,1,CS 101,4,10.0,AA
2312131,1,CS 111,2,10.0,AA
2312131,1,EC 101,4,8.0,BB
2312131,1,EC 111,2,10.0,AA
2312131,1,MA 101,4,9.0,AB
2312131,1,ME 111,2,9.0,AB
2312132,1,CE 102,3,9.0,AB
2312132,1,CH 101,4,10.0,AA
2312132,1,CH 111,2,10.0,AA
2312132,1,CS 101,4,9.0,AB
2312132,1,CS 111,2,10.0,AA
2312132,1,EC 101,4,8.0,BB
2312132,1,EC 111,2,10.0,AA
2312132,1,MA 101,4,9.0,AB
2312132,1,ME 111,2,9.0,AB
2312133,1,CE 102,3,10.0,AA
2312133,1,CH 101,4,10.0,AA
2312133,1,CH 111,2,10.0,AA
2312133,1,CS 101,4,9.0,AB
2312133,1,CS 111,2,10.0,AA
2312133,1,EC 101,4,8.0,BB
2312133,1,EC 111,2,10.0,AA
2312133,1,MA 101,4,7.0,BC
2312133,1,ME 111,2,9.0,AB
2312134,1,CE 102,3,8.0,BB
2312134,1,CH 101,4,8.0,BB
2312134,1,CH 111,2,9.0,AB
2312134,1,CS 101,4,6.0,CC
2312134,1,CS 111,2,9.0,AB
2312134,1,EC 101,4,7.0,BC
2312134,1,EC 111,2,10.0,AA
2312134,1,MA 101,4,8.0,BB
2312134,1,ME 111,2,8.0,BB
2312135,1,CE 102,3,7.0,BC
2312135,1,CH 101,4,8.0,BB
2312135,1,CH 111,2,8.0,BB
2312135,1,CS 101,4,7.0,BC
2312135,1,CS 111,2,10.0,AA
2312135,1,EC 101,4,6.0,CC
2312135,1,EC 111,2,10.0,AA
2312135,1,MA 101,4,8.0,BB
2312135,1,ME 111,2,8.0,BB
2312136,1,CE 102,3,10.0,AA
2312136,1,CH 101,4,9.0,AB
2312136,1,CH 111,2,9.0,AB
2312136,1,CS 101,4,5.0,CD
2312136,1,CS 111,2,8.0,BB
2312136,1,EC 101,4,5.0,CD
2312136,1,EC 111,2,10.0,AA
2312136,1,MA 101,4,7.0,BC
2312136,1,ME 111,2,8.0,BB
2312137,1,CE 102,3,10.0,AA
2312137,1,CH 101,4,9.0,AB
2312137,1,CH 111,2,9.0,AB
2312137,1,CS 101,4,5.0,CD
2312137,1,CS 111,2,8.0,BB
2312137,1,EC 101,4,4.0,DD
2312137,1,EC 111,2,10.0,AA
2312137,1,MA 101,4,6.0,CC
2312137,1,ME 111,2,8.0,BB
2312138,1,CE 102,3,8.0,BB
2312138,1,CH 101,4,8.0,BB
2312138,1,CH 111,2,8.0,BB
2312138,1,CS 101,4,6.0,CC
2312138,1,CS 111,2,8.0,BB
2312138,1,EC 101,4,5.0,CD
2312138,1,EC 111,2,10.0,AA
2312138,1,MA 101,4,6.0,CC
2312138,1,ME 111,2,8.0,BB
2312139,1,CE 102,3,7.0,BC
2312139,1,CH 101,4,5.0,CD
2312139,1,CH 111,2,8.0,BB
2312139,1,CS 101,4,0.0,F
2312139,1,CS 111,2,8.0,BB
2312139,1,EC 101,4,4.0,DD
2312139,1,EC 111,2,10.0,AA
2312139,1,MA 101,4,0.0,F
2312139,1,ME 111,2,8.0,BB
2312140,1,CE 102,3,5.0,CD
2312140,1,CH 101,4,4.0,DD
2312140,1,CH 111,2,9.0,AB
2312140,1,CS 101,4,7.0,BC
2312140,1,CS 111,2,7.0,BC
2312140,1,EC 101,4,4.0,DD
2312140,1,EC 111,2,10.0,AA
2312140,1,MA 101,4,0.0,F
2312140,1,ME 111,2,9.0,AB
2312141,1,CE 102,3,10.0,AA
2312141,1,CH 101,4,10.0,AA
2312141,1,CH 111,2,10.0,AA
2312141,1,CS 101,4,7.0,BC
2312141,1,CS 111,2,10.0,AA
2312141,1,EC 101,4,7.0,BC
2312141,1,EC 111,2,10.0,AA
2312141,1,MA 101,4,8.0,BB
2312141,1,ME 111,2,9.0,AB
2312142,1,CE 102,3,9.0,AB
2312142,1,CH 101,4,9.0,AB
2312142,1,CH 111,2,9.0,AB
2312142,1,CS 101,4,8.0,BB
2312142,1,CS 111,2,10.0,AA
2312142,1,EC 101,4,9.0,AB
2312142,1,EC 111,2,10.0,AA
2312142,1,MA 101,4,10.0,AA
2312142,1,ME 111,2,9.0,AB
2312143,1,CE 102,3,9.0,AB
2312143,1,CH 101,4,10.0,AA
2312143,1,CH 111,2,9.0,AB
2312143,1,CS 101,4,9.0,AB
2312143,1,CS 111,2,9.0,AB
2312143,1,EC 101,4,7.0,BC
2312143,1,EC 111,2,10.0,AA
2312143,1,MA 101,4,9.0,AB
2312143,1,ME 111,2,9.0,AB
2312144,1,CE 102,3,9.0,AB
2312144,1,CH 101,4,7.0,BC
2312144,1,CH 111,2,9.0,AB
2312144,1,CS 101,4,5.0,CD
2312144,1,CS 111,2,7.0,BC
2312144,1,EC 101,4,4.0,DD
2312144,1,EC 111,2,10.0,AA
2312144,1,MA 101,4,4.0,DD
2312144,1,ME 111,2,9.0,AB
2312145,1,CE 102,3,9.0,AB
2312145,1,CH 101,4,9.0,AB
2312145,1,CH 111,2,9.0,AB
2312145,1,CS 101,4,8.0,BB
2312145,1,CS 111,2,9.0,AB
2312145,1,EC 101,4,6.0,CC
2312145,1,EC 111,2,10.0,AA
2312145,1,MA 101,4,8.0,BB
2312145,1,ME 111,2,8.0,BB
2312146,1,CE 102,3,9.0,AB
2312146,1,CH 101,4,8.0,BB
2312146,1,CH 111,2,8.0,BB
2312146,1,CS 101,4,4.0,DD
2312146,1,CS 111,2,7.0,BC
2312146,1,EC 101,4,4.0,DD
2312146,1,EC 111,2,10.0,AA
2312146,1,MA 101,4,5.0,CD
2312146,1,ME 111,2,9.0,AB
2312147,1,CE 102,3,9.0,AB
2312147,1,CH 101,4,9.0,AB
2312147,1,CH 111,2,9.0,AB
2312147,1,CS 101,4,8.0,BB
2312147,1,CS 111,2,7.0,BC
2312147,1,EC 101,4,5.0,CD
2312147,1,EC 111,2,10.0,AA
2312147,1,MA 101,4,9.0,AB
2312147,1,ME 111,2,9.0,AB
2312149,1,CE 102,3,8.0,BB
2312149,1,CH 101,4,8.0,BB
2312149,1,CH 111,2,9.0,AB
2312149,1,CS 101,4,7.0,BC
2312149,1,CS 111,2,10.0,AA
2312149,1,EC 101,4,6.0,CC
2312149,1,EC 111,2,10.0,AA
2312149,1,MA 101,4,8.0,BB
2312149,1,ME 111,2,9.0,AB
2312150,1,CE 102,3,9.0,AB
2312150,1,CH 101,4,10.0,AA
2312150,1,CH 111,2,9.0,AB
2312150,1,CS 101,4,8.0,BB
2312150,1,CS 111,2,10.0,AA
2312150,1,EC 101,4,7.0,BC
2312150,1,EC 111,2,10.0,AA
2312150,1,MA 101,4,7.0,BC
2312150,1,ME 111,2,9.0,AB
2312151,1,CE 102,3,9.0,AB
2312151,1,CH 101,4,8.0,BB
2312151,1,CH 111,2,9.0,AB
2312151,1,CS 101,4,8.0,BB
2312151,1,CS 111,2,7.0,BC
2312151,1,EC 101,4,5.0,CD
2312151,1,EC 111,2,10.0,AA
2312151,1,MA 101,4,8.0,BB
2312151,1,ME 111,2,8.0,BB
2312152,1,CE 102,3,10.0,AA
2312152,1,CH 101,4,10.0,AA
2312152,1,CH 111,2,9.0,AB
2312152,1,CS 101,4,8.0,BB
2312152,1,CS 111,2,10.0,AA
2312152,1,EC 101,4,6.0,CC
2312152,1,EC 111,2,10.0,AA
2312152,1,MA 101,4,8.0,BB
2312152,1,ME 111,2,9.0,AB
2312153,1,CE 102,3,5.0,CD
2312153,1,CH 101,4,4.0,DD
2312153,1,CH 111,2,10.0,AA
2312153,1,CS 101,4,0.0,F
2312153,1,CS 111,2,7.0,BC
2312153,1,EC 101,4,4.0,DD
2312153,1,EC 111,2,10.0,AA
2312153,1,MA 101,4,4.0,DD
2312153,1,ME 111,2,8.0,BB
2312154,1,CE 102,3,9.0,AB
2312154,1,CH 101,4,9.0,AB
2312154,1,CH 111,2,10.0,AA
2312154,1,CS 101,4,8.0,BB
2312154,1,CS 111,2,9.0,AB
2312154,1,EC 101,4,8.0,BB
2312154,1,EC 111,2,10.0,AA
2312154,1,MA 101,4,5.0,CD
2312154,1,ME 111,2,9.0,AB
2312155,1,CE 102,3,8.0,BB
2312155,1,CH 101,4,9.0,AB
2312155,1,CH 111,2,9.0,AB
2312155,1,CS 101,4,6.0,CC
2312155,1,CS 111,2,9.0,AB
2312155,1,EC 101,4,4.0,DD
2312155,1,EC 111,2,10.0,AA
2312155,1,MA 101,4,5.0,CD
2312155,1,ME 111,2,7.0,BC
2312156,1,CE 102,3,9.0,AB
2312156,1,CH 101,4,9.0,AB
2312156,1,CH 111,2,9.0,AB
2312156,1,CS 101,4,7.0,BC
2312156,1,CS 111,2,9.0,AB
2312156,1,EC 101,4,6.0,CC
2312156,1,EC 111,2,10.0,AA
2312156,1,MA 101,4,9.0,AB
2312156,1,ME 111,2,8.0,BB
2312157,1,CE 102,3,6.0,CC
2312157,1,CH 101,4,6.0,CC
2312157,1,CH 111,2,8.0,BB
2312157,1,CS 101,4,4.0,DD
2312157,1,CS 111,2,7.0,BC
2312157,1,EC 101,4,4.0,DD
2312157,1,EC 111,2,9.0,AB
2312157,1,MA 101,4,4.0,DD
2312157,1,ME 111,2,7.0,BC
2312158,1,CE 102,3,7.0,BC
2312158,1,CH 101,4,5.0,CD
2312158,1,CH 111,2,9.0,AB
2312158,1,CS 101,4,0.0,F
2312158,1,CS 111,2,7.0,BC
2312158,1,EC 101,4,4.0,DD
2312158,1,EC 111,2,10.0,AA
2312158,1,MA 101,4,4.0,DD
2312158,1,ME 111,2,7.0,BC
2312159,1,CE 102,3,8.0,BB
2312159,1,CH 101,4,6.0,CC
2312159,1,CH 111,2,8.0,BB
2312159,1,CS 101,4,0.0,F
2312159,1,CS 111,2,6.0,CC
2312159,1,EC 101,4,4.0,DD
2312159,1,EC 111,2,9.0,AB
2312159,1,MA 101,4,0.0,F
2312159,1,ME 111,2,7.0,BC
2312160,1,CE 102,3,9.0,AB
2312160,1,CH 101,4,10.0,AA
2312160,1,CH 111,2,10.0,AA
2312160,1,CS 101,4,6.0,CC
2312160,1,CS 111,2,10.0,AA
2312160,1,EC 101,4,5.0,CD
2312160,1,EC 111,2,10.0,AA
2312160,1,MA 101,4,7.0,BC
2312160,1,ME 111,2,8.0,BB
2312161,1,CE 102,3,8.0,BB
2312161,1,CH 101,4,8.0,BB
2312161,1,CH 111,2,10.0,AA
2312161,1,CS 101,4,10.0,AA
2312161,1,CS 111,2,10.0,AA
2312161,1,EC 101,4,7.0,BC
2312161,1,EC 111,2,10.0,AA
2312161,1,MA 101,4,8.0,BB
2312161,1,ME 111,2,9.0,AB
2312162,1,CE 102,3,8.0,BB
2312162,1,CH 101,4,6.0,CC
2312162,1,CH 111,2,9.0,AB
2312162,1,CS 101,4,5.0,CD
2312162,1,CS 111,2,7.0,BC
2312162,1,EC 101,4,4.0,DD
2312162,1,EC 111,2,9.0,AB
2312162,1,MA 101,4,4.0,DD
2312162,1,ME 111,2,6.0,CC
2312163,1,CE 102,3,9.0,AB
2312163,1,CH 101,4,9.0,AB
2312163,1,CH 111,2,10.0,AA
2312163,1,CS 101,4,8.0,BB
2312163,1,CS 111,2,10.0,AA
2312163,1,EC 101,4,8.0,BB
2312163,1,EC 111,2,10.0,AA
2312163,1,MA 101,4,6.0,CC
2312163,1,ME 111,2,9.0,AB
2312164,1,CE 102,3,9.0,AB
2312164,1,CH 101,4,8.0,BB
2312164,1,CH 111,2,9.0,AB
2312164,1,CS 101,4,9.0,AB
2312164,1,CS 111,2,10.0,AA
2312164,1,EC 101,4,8.0,BB
2312164,1,EC 111,2,10.0,AA
2312164,1,MA 101,4,8.0,BB
2312164,1,ME 111,2,9.0,AB
2312165,1,CE 102,3,9.0,AB
2312165,1,CH 101,4,5.0,CD
2312165,1,CH 111,2,8.0,BB
2312165,1,CS 101,4,4.0,DD
2312165,1,CS 111,2,7.0,BC
2312165,1,EC 101,4,5.0,CD
2312165,1,EC 111,2,10.0,AA
2312165,1,MA 101,4,0.0,F
2312165,1,ME 111,2,7.0,BC
2312166,1,CE 102,3,10.0,AA
2312166,1,CH 101,4,10.0,AA
2312166,1,CH 111,2,9.0,AB
2312166,1,CS 101,4,9.0,AB
2312166,1,CS 111,2,10.0,AA
2312166,1,EC 101,4,7.0,BC
2312166,1,EC 111,2,10.0,AA
2312166,1,MA 101,4,8.0,BB
2312166,1,ME 111,2,8.0,BB
2312167,1,CE 102,3,10.0,AA
2312167,1,CH 101,4,10.0,AA
2312167,1,CH 111,2,10.0,AA
2312167,1,CS 101,4,9.0,AB
2312167,1,CS 111,2,10.0,AA
2312167,1,EC 101,4,9.0,AB
2312167,1,EC 111,2,10.0,AA
2312167,1,MA 101,4,9.0,AB
2312167,1,ME 111,2,9.0,AB
2312168,1,CE 102,3,8.0,BB
2312168,1,CH 101,4,9.0,AB
2312168,1,CH 111,2,9.0,AB
2312168,1,CS 101,4,10.0,AA
2312168,1,CS 111,2,10.0,AA
2312168,1,EC 101,4,8.0,BB
2312168,1,EC 111,2,10.0,AA
2312168,1,MA 101,4,8.0,BB
2312168,1,ME 111,2,8.0,BB
2312169,1,CE 102,3,9.0,AB
2312169,1,CH 101,4,9.0,AB
2312169,1,CH 111,2,8.0,BB
2312169,1,CS 101,4,8.0,BB
2312169,1,CS 111,2,10.0,AA
2312169,1,EC 101,4,5.0,CD
2312169,1,EC 111,2,10.0,AA
2312169,1,MA 101,4,7.0,BC
2312169,1,ME 111,2,8.0,BB
2312170,1,CE 102,3,0.0,F
2312170,1,CH 101,4,5.0,CD
2312170,1,CH 111,2,8.0,BB
2312170,1,CS 101,4,4.0,DD
2312170,1,CS 111,2,7.0,BC
2312170,1,EC 101,4,4.0,DD
2312170,1,EC 111,2,10.0,AA
2312170,1,MA 101,4,6.0,CC
2312170,1,ME 111,2,8.0,BB
2312171,1,CE 102,3,6.0,CC
2312171,1,CH 101,4,6.0,CC
2312171,1,CH 111,2,9.0,AB
2312171,1,CS 101,4,0.0,F
2312171,1,CS 111,2,7.0,BC
2312171,1,EC 101,4,4.0,DD
2312171,1,EC 111,2,10.0,AA
2312171,1,MA 101,4,4.0,DD
2312171,1,ME 111,2,7.0,BC
2312172,1,CE 102,3,8.0,BB
2312172,1,CH 101,4,6.0,CC
2312172,1,CH 111,2,9.0,AB
2312172,1,CS 101,4,5.0,CD
2312172,1,CS 111,2,9.0,AB
2312172,1,EC 101,4,4.0,DD
2312172,1,EC 111,2,10.0,AA
2312172,1,MA 101,4,0.0,F
2312172,1,ME 111,2,6.0,CC
2312173,1,CE 102,3,6.0,CC
2312173,1,CH 101,4,4.0,DD
2312173,1,CH 111,2,7.0,BC
2312173,1,CS 101,4,0.0,F
2312173,1,CS 111,2,6.0,CC
2312173,1,EC 101,4,4.0,DD
2312173,1,EC 111,2,8.0,BB
2312173,1,MA 101,4,0.0,F
2312173,1,ME 111,2,0.0,F
2312174,1,CE 102,3,7.0,BC
2312174,1,CH 101,4,5.0,CD
2312174,1,CH 111,2,7.0,BC
2312174,1,CS 101,4,5.0,CD
2312174,1,CS 111,2,5.0,CD
2312174,1,EC 101,4,4.0,DD
2312174,1,EC 111,2,9.0,AB
2312174,1,MA 101,4,4.0,DD
2312174,1,ME 111,2,6.0,CC
2312175,1,CE 102,3,5.0,CD
2312175,1,CH 101,4,5.0,CD
2312175,1,CH 111,2,8.0,BB
2312175,1,CS 101,4,4.0,DD
2312175,1,CS 111,2,5.0,CD
2312175,1,EC 101,4,4.0,DD
2312175,1,EC 111,2,10.0,AA
2312175,1,MA 101,4,0.0,I
2312175,1,ME 111,2,6.0,CC
2313001,1,CE 102,3,4.0,DD
2313001,1,CH 101,4,0.0,F
2313001,1,CH 111,2,8.0,BB
2313001,1,CS 101,4,4.0,DD
2313001,1,CS 111,2,8.0,BB
2313001,1,EC 101,4,0.0,F
2313001,1,EC 111,2,7.0,BC
2313001,1,MA 101,4,4.0,DD
2313001,1,ME 111,2,6.0,CC
2313002,1,CE 102,3,7.0,BC
2313002,1,CH 101,4,9.0,AB
2313002,1,CH 111,2,8.0,BB
2313002,1,CS 101,4,7.0,BC
2313002,1,CS 111,2,8.0,BB
2313002,1,EC 101,4,6.0,CC
2313002,1,EC 111,2,9.0,AB
2313002,1,MA 101,4,8.0,BB
2313002,1,ME 111,2,9.0,AB
2313003,1,CE 102,3,8.0,BB
2313003,1,CH 101,4,8.0,BB
2313003,1,CH 111,2,9.0,AB
2313003,1,CS 101,4,8.0,BB
2313003,1,CS 111,2,10.0,AA
2313003,1,EC 101,4,5.0,CD
2313003,1,EC 111,2,10.0,AA
2313003,1,MA 101,4,8.0,BB
2313003,1,ME 111,2,8.0,BB
2313004,1,CE 102,3,4.0,DD
2313004,1,CH 101,4,4.0,DD
2313004,1,CH 111,2,8.0,BB
2313004,1,CS 101,4,4.0,DD
2313004,1,CS 111,2,7.0,BC
2313004,1,EC 101,4,0.0,F
2313004,1,EC 111,2,8.0,BB
2313004,1,MA 101,4,4.0,DD
2313004,1,ME 111,2,8.0,BB
2313005,1,CE 102,3,8.0,BB
2313005,1,CH 101,4,10.0,AA
2313005,1,CH 111,2,10.0,AA
2313005,1,CS 101,4,10.0,AA
2313005,1,CS 111,2,10.0,AA
2313005,1,EC 101,4,9.0,AB
2313005,1,EC 111,2,9.0,AB
2313005,1,MA 101,4,9.0,AB
2313005,1,ME 111,2,9.0,AB
2313006,1,CE 102,3,10.0,AA
2313006,1,CH 101,4,10.0,AA
2313006,1,CH 111,2,9.0,AB
2313006,1,CS 101,4,10.0,AA
2313006,1,CS 111,2,10.0,AA
2313006,1,EC 101,4,10.0,AA
2313006,1,EC 111,2,10.0,AA
2313006,1,MA 101,4,9.0,AB
2313006,1,ME 111,2,10.0,AA
2313007,1,CE 102,3,8.0,BB
2313007,1,CH 101,4,7.0,BC
2313007,1,CH 111,2,9.0,AB
2313007,1,CS 101,4,8.0,BB
2313007,1,CS 111,2,10.0,AA
2313007,1,EC 101,4,7.0,BC
2313007,1,EC 111,2,10.0,AA
2313007,1,MA 101,4,7.0,BC
2313007,1,ME 111,2,9.0,AB
2313008,1,CE 102,3,7.0,BC
2313008,1,CH 101,4,7.0,BC
2313008,1,CH 111,2,8.0,BB
2313008,1,CS 101,4,5.0,CD
2313008,1,CS 111,2,10.0,AA
2313008,1,EC 101,4,6.0,CC
2313008,1,EC 111,2,9.0,AB
2313008,1,MA 101,4,6.0,CC
2313008,1,ME 111,2,7.0,BC
2313009,1,CE 102,3,4.0,DD
2313009,1,CH 101,4,6.0,CC
2313009,1,CH 111,2,8.0,BB
2313009,1,CS 101,4,4.0,DD
2313009,1,CS 111,2,8.0,BB
2313009,1,EC 101,4,5.0,CD
2313009,1,EC 111,2,8.0,BB
2313009,1,MA 101,4,9.0,AB
2313009,1,ME 111,2,5.0,CD
2313010,1,CE 102,3,6.0,CC
2313010,1,CH 101,4,6.0,CC
2313010,1,CH 111,2,9.0,AB
2313010,1,CS 101,4,7.0,BC
2313010,1,CS 111,2,9.0,AB
2313010,1,EC 101,4,9.0,AB
2313010,1,EC 111,2,10.0,AA
2313010,1,MA 101,4,9.0,AB
2313010,1,ME 111,2,9.0,AB
2313011,1,CE 102,3,8.0,BB
2313011,1,CH 101,4,9.0,AB
2313011,1,CH 111,2,9.0,AB
2313011,1,CS 101,4,9.0,AB
2313011,1,CS 111,2,10.0,AA
2313011,1,EC 101,4,9.0,AB
2313011,1,EC 111,2,10.0,AA
2313011,1,MA 101,4,9.0,AB
2313011,1,ME 111,2,9.0,AB
2313012,1,CE 102,3,8.0,BB
2313012,1,CH 101,4,9.0,AB
2313012,1,CH 111,2,9.0,AB
2313012,1,CS 101,4,8.0,BB
2313012,1,CS 111,2,10.0,AA
2313012,1,EC 101,4,7.0,BC
2313012,1,EC 111,2,10.0,AA
2313012,1,MA 101,4,9.0,AB
2313012,1,ME 111,2,9.0,AB
2313013,1,CE 102,3,9.0,AB
2313013,1,CH 101,4,8.0,BB
2313013,1,CH 111,2,8.0,BB
2313013,1,CS 101,4,6.0,CC
2313013,1,CS 111,2,8.0,BB
2313013,1,EC 101,4,6.0,CC
2313013,1,EC 111,2,10.0,AA
2313013,1,MA 101,4,7.0,BC
2313013,1,ME 111,2,9.0,AB
2313014,1,CE 102,3,9.0,AB
2313014,1,CH 101,4,8.0,BB
2313014,1,CH 111,2,9.0,AB
2313014,1,CS 101,4,8.0,BB
2313014,1,CS 111,2,8.0,BB
2313014,1,EC 101,4,8.0,BB
2313014,1,EC 111,2,10.0,AA
2313014,1,MA 101,4,8.0,BB
2313014,1,ME 111,2,7.0,BC
2313015,1,CE 102,3,8.0,BB
2313015,1,CH 101,4,8.0,BB
2313015,1,CH 111,2,9.0,AB
2313015,1,CS 101,4,6.0,CC
2313015,1,CS 111,2,10.0,AA
2313015,1,EC 101,4,6.0,CC
2313015,1,EC 111,2,10.0,AA
2313015,1,MA 101,4,7.0,BC
2313015,1,ME 111,2,9.0,AB
2313016,1,CE 102,3,5.0,CD
2313016,1,CH 101,4,4.0,DD
2313016,1,CH 111,2,8.0,BB
2313016,1,CS 101,4,4.0,DD
2313016,1,CS 111,2,8.0,BB
2313016,1,EC 101,4,4.0,DD
2313016,1,EC 111,2,9.0,AB
2313016,1,MA 101,4,4.0,DD
2313016,1,ME 111,2,10.0,AA
2313017,1,CE 102,3,9.0,AB
2313017,1,CH 101,4,10.0,AA
2313017,1,CH 111,2,10.0,AA
2313017,1,CS 101,4,10.0,AA
2313017,1,CS 111,2,10.0,AA
2313017,1,EC 101,4,9.0,AB
2313017,1,EC 111,2,10.0,AA
2313017,1,MA 101,4,8.0,BB
2313017,1,ME 111,2,10.0,AA
2313018,1,CE 102,3,7.0,BC
2313018,1,CH 101,4,8.0,BB
2313018,1,CH 111,2,9.0,AB
2313018,1,CS 101,4,5.0,CD
2313018,1,CS 111,2,9.0,AB
2313018,1,EC 101,4,6.0,CC
2313018,1,EC 111,2,9.0,AB
2313018,1,MA 101,4,6.0,CC
2313018,1,ME 111,2,10.0,AA
2313019,1,CE 102,3,8.0,BB
2313019,1,CH 101,4,7.0,BC
2313019,1,CH 111,2,9.0,AB
2313019,1,CS 101,4,8.0,BB
2313019,1,CS 111,2,10.0,AA
2313019,1,EC 101,4,9.0,AB
2313019,1,EC 111,2,9.0,AB
2313019,1,MA 101,4,9.0,AB
2313019,1,ME 111,2,9.0,AB
2313020,1,CE 102,3,9.0,AB
2313020,1,CH 101,4,8.0,BB
2313020,1,CH 111,2,9.0,AB
2313020,1,CS 101,4,9.0,AB
2313020,1,CS 111,2,10.0,AA
2313020,1,EC 101,4,7.0,BC
2313020,1,EC 111,2,10.0,AA
2313020,1,MA 101,4,9.0,AB
2313020,1,ME 111,2,10.0,AA
2313021,1,CE 102,3,9.0,AB
2313021,1,CH 101,4,9.0,AB
2313021,1,CH 111,2,9.0,AB
2313021,1,CS 101,4,6.0,CC
2313021,1,CS 111,2,9.0,AB
2313021,1,EC 101,4,9.0,AB
2313021,1,EC 111,2,9.0,AB
2313021,1,MA 101,4,9.0,AB
2313021,1,ME 111,2,10.0,AA
2313022,1,CE 102,3,7.0,BC
2313022,1,CH 101,4,8.0,BB
2313022,1,CH 111,2,8.0,BB
2313022,1,CS 101,4,9.0,AB
2313022,1,CS 111,2,10.0,AA
2313022,1,EC 101,4,9.0,AB
2313022,1,EC 111,2,10.0,AA
2313022,1,MA 101,4,8.0,BB
2313022,1,ME 111,2,8.0,BB
2313023,1,CE 102,3,9.0,AB
2313023,1,CH 101,4,8.0,BB
2313023,1,CH 111,2,9.0,AB
2313023,1,CS 101,4,8.0,BB
2313023,1,CS 111,2,10.0,AA
2313023,1,EC 101,4,10.0,AA
2313023,1,EC 111,2,9.0,AB
2313023,1,MA 101,4,9.0,AB
2313023,1,ME 111,2,10.0,AA
2313024,1,CE 102,3,8.0,BB
2313024,1,CH 101,4,8.0,BB
2313024,1,CH 111,2,9.0,AB
2313024,1,CS 101,4,6.0,CC
2313024,1,CS 111,2,8.0,BB
2313024,1,EC 101,4,6.0,CC
2313024,1,EC 111,2,9.0,AB
2313024,1,MA 101,4,5.0,CD
2313024,1,ME 111,2,9.0,AB
2313025,1,CE 102,3,8.0,BB
2313025,1,CH 101,4,8.0,BB
2313025,1,CH 111,2,9.0,AB
2313025,1,CS 101,4,6.0,CC
2313025,1,CS 111,2,10.0,AA
2313025,1,EC 101,4,7.0,BC
2313025,1,EC 111,2,9.0,AB
2313025,1,MA 101,4,8.0,BB
2313025,1,ME 111,2,10.0,AA
2313026,1,CE 102,3,7.0,BC
2313026,1,CH 101,4,7.0,BC
2313026,1,CH 111,2,9.0,AB
2313026,1,CS 101,4,5.0,CD
2313026,1,CS 111,2,10.0,AA
2313026,1,EC 101,4,5.0,CD
2313026,1,EC 111,2,9.0,AB
2313026,1,MA 101,4,6.0,CC
2313026,1,ME 111,2,9.0,AB
2313027,1,CE 102,3,8.0,BB
2313027,1,CH 101,4,8.0,BB
2313027,1,CH 111,2,8.0,BB
2313027,1,CS 101,4,7.0,BC
2313027,1,CS 111,2,10.0,AA
2313027,1,EC 101,4,6.0,CC
2313027,1,EC 111,2,9.0,AB
2313027,1,MA 101,4,9.0,AB
2313027,1,ME 111,2,9.0,AB
2313028,1,CE 102,3,8.0,BB
2313028,1,CH 101,4,9.0,AB
2313028,1,CH 111,2,9.0,AB
2313028,1,CS 101,4,8.0,BB
2313028,1,CS 111,2,10.0,AA
2313028,1,EC 101,4,8.0,BB
2313028,1,EC 111,2,9.0,AB
2313028,1,MA 101,4,9.0,AB
2313028,1,ME 111,2,9.0,AB
2313029,1,CE 102,3,8.0,BB
2313029,1,CH 101,4,8.0,BB
2313029,1,CH 111,2,9.0,AB
2313029,1,CS 101,4,4.0,DD
2313029,1,CS 111,2,9.0,AB
2313029,1,EC 101,4,4.0,DD
2313029,1,EC 111,2,9.0,AB
2313029,1,MA 101,4,5.0,CD
2313029,1,ME 111,2,9.0,AB
2313030,1,CE 102,3,0.0,F
2313030,1,CH 101,4,0.0,I
2313030,1,CH 111,2,9.0,AB
2313030,1,CS 101,4,0.0,I
2313030,1,CS 111,2,10.0,AA
2313030,1,EC 101,4,7.0,BC
2313030,1,EC 111,2,9.0,AB
2313030,1,MA 101,4,0.0,I
2313030,1,ME 111,2,8.0,BB
2313031,1,CE 102,3,8.0,BB
2313031,1,CH 101,4,9.0,AB
2313031,1,CH 111,2,9.0,AB
2313031,1,CS 101,4,5.0,CD
2313031,1,CS 111,2,10.0,AA
2313031,1,EC 101,4,8.0,BB
2313031,1,EC 111,2,10.0,AA
2313031,1,MA 101,4,7.0,BC
2313031,1,ME 111,2,9.0,AB
2313032,1,CE 102,3,9.0,AB
2313032,1,CH 101,4,9.0,AB
2313032,1,CH 111,2,10.0,AA
2313032,1,CS 101,4,9.0,AB
2313032,1,CS 111,2,9.0,AB
2313032,1,EC 101,4,8.0,BB
2313032,1,EC 111,2,10.0,AA
2313032,1,MA 101,4,9.0,AB
2313032,1,ME 111,2,9.0,AB
2313033,1,CE 102,3,6.0,CC
2313033,1,CH 101,4,6.0,CC
2313033,1,CH 111,2,9.0,AB
2313033,1,CS 101,4,4.0,DD
2313033,1,CS 111,2,8.0,BB
2313033,1,EC 101,4,6.0,CC
2313033,1,EC 111,2,9.0,AB
2313033,1,MA 101,4,7.0,BC
2313033,1,ME 111,2,8.0,BB
2313034,1,CE 102,3,8.0,BB
2313034,1,CH 101,4,8.0,BB
2313034,1,CH 111,2,9.0,AB
2313034,1,CS 101,4,9.0,AB
2313034,1,CS 111,2,10.0,AA
2313034,1,EC 101,4,7.0,BC
2313034,1,EC 111,2,10.0,AA
2313034,1,MA 101,4,6.0,CC
2313034,1,ME 111,2,10.0,AA
2313035,1,CE 102,3,9.0,AB
2313035,1,CH 101,4,9.0,AB
2313035,1,CH 111,2,9.0,AB
2313035,1,CS 101,4,9.0,AB
2313035,1,CS 111,2,10.0,AA
2313035,1,EC 101,4,8.0,BB
2313035,1,EC 111,2,9.0,AB
2313035,1,MA 101,4,7.0,BC
2313035,1,ME 111,2,10.0,AA
2313036,1,CE 102,3,7.0,BC
2313036,1,CH 101,4,9.0,AB
2313036,1,CH 111,2,8.0,BB
2313036,1,CS 101,4,5.0,CD
2313036,1,CS 111,2,8.0,BB
2313036,1,EC 101,4,6.0,CC
2313036,1,EC 111,2,9.0,AB
2313036,1,MA 101,4,8.0,BB
2313036,1,ME 111,2,10.0,AA
2313037,1,CE 102,3,8.0,BB
2313037,1,CH 101,4,8.0,BB
2313037,1,CH 111,2,8.0,BB
2313037,1,CS 101,4,6.0,CC
2313037,1,CS 111,2,9.0,AB
2313037,1,EC 101,4,7.0,BC
2313037,1,EC 111,2,9.0,AB
2313037,1,MA 101,4,6.0,CC
2313037,1,ME 111,2,10.0,AA
2313038,1,CE 102,3,8.0,BB
2313038,1,CH 101,4,8.0,BB
2313038,1,CH 111,2,9.0,AB
2313038,1,CS 101,4,6.0,CC
2313038,1,CS 111,2,9.0,AB
2313038,1,EC 101,4,8.0,BB
2313038,1,EC 111,2,9.0,AB
2313038,1,MA 101,4,9.0,AB
2313038,1,ME 111,2,10.0,AA
2313039,1,CE 102,3,9.0,AB
2313039,1,CH 101,4,8.0,BB
2313039,1,CH 111,2,9.0,AB
2313039,1,CS 101,4,7.0,BC
2313039,1,CS 111,2,10.0,AA
2313039,1,EC 101,4,8.0,BB
2313039,1,EC 111,2,9.0,AB
2313039,1,MA 101,4,8.0,BB
2313039,1,ME 111,2,9.0,AB
2313040,1,CE 102,3,8.0,BB
2313040,1,CH 101,4,7.0,BC
2313040,1,CH 111,2,9.0,AB
2313040,1,CS 101,4,5.0,CD
2313040,1,CS 111,2,8.0,BB
2313040,1,EC 101,4,6.0,CC
2313040,1,EC 111,2,9.0,AB
2313040,1,MA 101,4,9.0,AB
2313040,1,ME 111,2,10.0,AA
2313041,1,CE 102,3,9.0,AB
2313041,1,CH 101,4,7.0,BC
2313041,1,CH 111,2,9.0,AB
2313041,1,CS 101,4,8.0,BB
2313041,1,CS 111,2,9.0,AB
2313041,1,EC 101,4,8.0,BB
2313041,1,EC 111,2,10.0,AA
2313041,1,MA 101,4,7.0,BC
2313041,1,ME 111,2,9.0,AB
2313042,1,CE 102,3,9.0,AB
2313042,1,CH 101,4,10.0,AA
2313042,1,CH 111,2,9.0,AB
2313042,1,CS 101,4,9.0,AB
2313042,1,CS 111,2,9.0,AB
2313042,1,EC 101,4,8.0,BB
2313042,1,EC 111,2,10.0,AA
2313042,1,MA 101,4,10.0,AA
2313042,1,ME 111,2,10.0,AA
2313043,1,CE 102,3,7.0,BC
2313043,1,CH 101,4,6.0,CC
2313043,1,CH 111,2,9.0,AB
2313043,1,CS 101,4,6.0,CC
2313043,1,CS 111,2,10.0,AA
2313043,1,EC 101,4,5.0,CD
2313043,1,EC 111,2,8.0,BB
2313043,1,MA 101,4,6.0,CC
2313043,1,ME 111,2,9.0,AB
2313044,1,CE 102,3,9.0,AB
2313044,1,CH 101,4,10.0,AA
2313044,1,CH 111,2,10.0,AA
2313044,1,CS 101,4,6.0,CC
2313044,1,CS 111,2,9.0,AB
2313044,1,EC 101,4,9.0,AB
2313044,1,EC 111,2,10.0,AA
2313044,1,MA 101,4,9.0,AB
2313044,1,ME 111,2,10.0,AA
2313045,1,CE 102,3,9.0,AB
2313045,1,CH 101,4,8.0,BB
2313045,1,CH 111,2,9.0,AB
2313045,1,CS 101,4,6.0,CC
2313045,1,CS 111,2,9.0,AB
2313045,1,EC 101,4,6.0,CC
2313045,1,EC 111,2,10.0,AA
2313045,1,MA 101,4,7.0,BC
2313045,1,ME 111,2,9.0,AB
2313046,1,CE 102,3,9.0,AB
2313046,1,CH 101,4,6.0,CC
2313046,1,CH 111,2,9.0,AB
2313046,1,CS 101,4,9.0,AB
2313046,1,CS 111,2,9.0,AB
2313046,1,EC 101,4,7.0,BC
2313046,1,EC 111,2,8.0,BB
2313046,1,MA 101,4,7.0,BC
2313046,1,ME 111,2,10.0,AA
2313047,1,CE 102,3,7.0,BC
2313047,1,CH 101,4,7.0,BC
2313047,1,CH 111,2,9.0,AB
2313047,1,CS 101,4,7.0,BC
2313047,1,CS 111,2,10.0,AA
2313047,1,EC 101,4,7.0,BC
2313047,1,EC 111,2,9.0,AB
2313047,1,MA 101,4,7.0,BC
2313047,1,ME 111,2,9.0,AB
2313048,1,CE 102,3,9.0,AB
2313048,1,CH 101,4,8.0,BB
2313048,1,CH 111,2,10.0,AA
2313048,1,CS 101,4,5.0,CD
2313048,1,CS 111,2,9.0,AB
2313048,1,EC 101,4,7.0,BC
2313048,1,EC 111,2,9.0,AB
2313048,1,MA 101,4,5.0,CD
2313048,1,ME 111,2,9.0,AB
2313049,1,CE 102,3,8.0,BB
2313049,1,CH 101,4,7.0,BC
2313049,1,CH 111,2,8.0,BB
2313049,1,CS 101,4,6.0,CC
2313049,1,CS 111,2,9.0,AB
2313049,1,EC 101,4,5.0,CD
2313049,1,EC 111,2,9.0,AB
2313049,1,MA 101,4,6.0,CC
2313049,1,ME 111,2,9.0,AB
2313050,1,CE 102,3,6.0,CC
2313050,1,CH 101,4,6.0,CC
2313050,1,CH 111,2,9.0,AB
2313050,1,CS 101,4,5.0,CD
2313050,1,CS 111,2,8.0,BB
2313050,1,EC 101,4,5.0,CD
2313050,1,EC 111,2,9.0,AB
2313050,1,MA 101,4,6.0,CC
2313050,1,ME 111,2,8.0,BB
2313051,1,CE 102,3,8.0,BB
2313051,1,CH 101,4,9.0,AB
2313051,1,CH 111,2,9.0,AB
2313051,1,CS 101,4,8.0,BB
2313051,1,CS 111,2,9.0,AB
2313051,1,EC 101,4,7.0,BC
2313051,1,EC 111,2,9.0,AB
2313051,1,MA 101,4,7.0,BC
2313051,1,ME 111,2,9.0,AB
2313052,1,CE 102,3,6.0,CC
2313052,1,CH 101,4,7.0,BC
2313052,1,CH 111,2,9.0,AB
2313052,1,CS 101,4,5.0,CD
2313052,1,CS 111,2,9.0,AB
2313052,1,EC 101,4,7.0,BC
2313052,1,EC 111,2,9.0,AB
2313052,1,MA 101,4,6.0,CC
2313052,1,ME 111,2,9.0,AB
2313053,1,CE 102,3,7.0,BC
2313053,1,CH 101,4,6.0,CC
2313053,1,CH 111,2,8.0,BB
2313053,1,CS 101,4,5.0,CD
2313053,1,CS 111,2,9.0,AB
2313053,1,EC 101,4,5.0,CD
2313053,1,EC 111,2,8.0,BB
2313053,1,MA 101,4,7.0,BC
2313053,1,ME 111,2,10.0,AA
2313054,1,CE 102,3,6.0,CC
2313054,1,CH 101,4,6.0,CC
2313054,1,CH 111,2,9.0,AB
2313054,1,CS 101,4,4.0,DD
2313054,1,CS 111,2,10.0,AA
2313054,1,EC 101,4,7.0,BC
2313054,1,EC 111,2,9.0,AB
2313054,1,MA 101,4,8.0,BB
2313054,1,ME 111,2,8.0,BB
2313055,1,CE 102,3,8.0,BB
2313055,1,CH 101,4,7.0,BC
2313055,1,CH 111,2,9.0,AB
2313055,1,CS 101,4,8.0,BB
2313055,1,CS 111,2,10.0,AA
2313055,1,EC 101,4,8.0,BB
2313055,1,EC 111,2,10.0,AA
2313055,1,MA 101,4,9.0,AB
2313055,1,ME 111,2,8.0,BB
2313056,1,CE 102,3,10.0,AA
2313056,1,CH 101,4,9.0,AB
2313056,1,CH 111,2,9.0,AB
2313056,1,CS 101,4,10.0,AA
2313056,1,CS 111,2,9.0,AB
2313056,1,EC 101,4,9.0,AB
2313056,1,EC 111,2,10.0,AA
2313056,1,MA 101,4,10.0,AA
2313056,1,ME 111,2,9.0,AB
2313057,1,CE 102,3,7.0,BC
2313057,1,CH 101,4,8.0,BB
2313057,1,CH 111,2,9.0,AB
2313057,1,CS 101,4,7.0,BC
2313057,1,CS 111,2,9.0,AB
2313057,1,EC 101,4,7.0,BC
2313057,1,EC 111,2,9.0,AB
2313057,1,MA 101,4,9.0,AB
2313057,1,ME 111,2,8.0,BB
2313058,1,CE 102,3,8.0,BB
2313058,1,CH 101,4,9.0,AB
2313058,1,CH 111,2,9.0,AB
2313058,1,CS 101,4,9.0,AB
2313058,1,CS 111,2,10.0,AA
2313058,1,EC 101,4,9.0,AB
2313058,1,EC 111,2,9.0,AB
2313058,1,MA 101,4,9.0,AB
2313058,1,ME 111,2,9.0,AB
2313059,1,CE 102,3,8.0,BB
2313059,1,CH 101,4,6.0,CC
2313059,1,CH 111,2,8.0,BB
2313059,1,CS 101,4,5.0,CD
2313059,1,CS 111,2,10.0,AA
2313059,1,EC 101,4,7.0,BC
2313059,1,EC 111,2,8.0,BB
2313059,1,MA 101,4,8.0,BB
2313059,1,ME 111,2,9.0,AB
2313060,1,CE 102,3,8.0,BB
2313060,1,CH 101,4,8.0,BB
2313060,1,CH 111,2,9.0,AB
2313060,1,CS 101,4,4.0,DD
2313060,1,CS 111,2,9.0,AB
2313060,1,EC 101,4,6.0,CC
2313060,1,EC 111,2,8.0,BB
2313060,1,MA 101,4,7.0,BC
2313060,1,ME 111,2,9.0,AB
2313061,1,CE 102,3,9.0,AB
2313061,1,CH 101,4,8.0,BB
2313061,1,CH 111,2,8.0,BB
2313061,1,CS 101,4,6.0,CC
2313061,1,CS 111,2,10.0,AA
2313061,1,EC 101,4,5.0,CD
2313061,1,EC 111,2,9.0,AB
2313061,1,MA 101,4,6.0,CC
2313061,1,ME 111,2,9.0,AB
2313062,1,CE 102,3,8.0,BB
2313062,1,CH 101,4,8.0,BB
2313062,1,CH 111,2,10.0,AA
2313062,1,CS 101,4,6.0,CC
2313062,1,CS 111,2,9.0,AB
2313062,1,EC 101,4,7.0,BC
2313062,1,EC 111,2,10.0,AA
2313062,1,MA 101,4,9.0,AB
2313062,1,ME 111,2,8.0,BB
2313063,1,CE 102,3,5.0,CD
2313063,1,CH 101,4,5.0,CD
2313063,1,CH 111,2,9.0,AB
2313063,1,CS 101,4,5.0,CD
2313063,1,CS 111,2,7.0,BC
2313063,1,EC 101,4,6.0,CC
2313063,1,EC 111,2,9.0,AB
2313063,1,MA 101,4,6.0,CC
2313063,1,ME 111,2,7.0,BC
2313064,1,CE 102,3,8.0,BB
2313064,1,CH 101,4,10.0,AA
2313064,1,CH 111,2,10.0,AA
2313064,1,CS 101,4,7.0,BC
2313064,1,CS 111,2,10.0,AA
2313064,1,EC 101,4,7.0,BC
2313064,1,EC 111,2,10.0,AA
2313064,1,MA 101,4,9.0,AB
2313064,1,ME 111,2,9.0,AB
2313065,1,CE 102,3,8.0,BB
2313065,1,CH 101,4,9.0,AB
2313065,1,CH 111,2,9.0,AB
2313065,1,CS 101,4,8.0,BB
2313065,1,CS 111,2,10.0,AA
2313065,1,EC 101,4,8.0,BB
2313065,1,EC 111,2,10.0,AA
2313065,1,MA 101,4,8.0,BB
2313065,1,ME 111,2,9.0,AB
2313066,1,CE 102,3,8.0,BB
2313066,1,CH 101,4,9.0,AB
2313066,1,CH 111,2,10.0,AA
2313066,1,CS 101,4,10.0,AA
2313066,1,CS 111,2,10.0,AA
2313066,1,EC 101,4,8.0,BB
2313066,1,EC 111,2,9.0,AB
2313066,1,MA 101,4,9.0,AB
2313066,1,ME 111,2,10.0,AA
2313067,1,CE 102,3,8.0,BB
2313067,1,CH 101,4,10.0,AA
2313067,1,CH 111,2,10.0,AA
2313067,1,CS 101,4,7.0,BC
2313067,1,CS 111,2,10.0,AA
2313067,1,EC 101,4,8.0,BB
2313067,1,EC 111,2,10.0,AA
2313067,1,MA 101,4,8.0,BB
2313067,1,ME 111,2,9.0,AB
2313068,1,CE 102,3,6.0,CC
2313068,1,CH 101,4,5.0,CD
2313068,1,CH 111,2,9.0,AB
2313068,1,CS 101,4,4.0,DD
2313068,1,CS 111,2,8.0,BB
2313068,1,EC 101,4,4.0,DD
2313068,1,EC 111,2,10.0,AA
2313068,1,MA 101,4,5.0,CD
2313068,1,ME 111,2,9.0,AB
2313069,1,CE 102,3,10.0,AA
2313069,1,CH 101,4,10.0,AA
2313069,1,CH 111,2,9.0,AB
2313069,1,CS 101,4,7.0,BC
2313069,1,CS 111,2,10.0,AA
2313069,1,EC 101,4,7.0,BC
2313069,1,EC 111,2,10.0,AA
2313069,1,MA 101,4,6.0,CC
2313069,1,ME 111,2,10.0,AA
2313070,1,CE 102,3,9.0,AB
2313070,1,CH 101,4,9.0,AB
2313070,1,CH 111,2,9.0,AB
2313070,1,CS 101,4,8.0,BB
2313070,1,CS 111,2,10.0,AA
2313070,1,EC 101,4,8.0,BB
2313070,1,EC 111,2,10.0,AA
2313070,1,MA 101,4,10.0,AA
2313070,1,ME 111,2,10.0,AA
2313071,1,CE 102,3,8.0,BB
2313071,1,CH 101,4,7.0,BC
2313071,1,CH 111,2,8.0,BB
2313071,1,CS 101,4,6.0,CC
2313071,1,CS 111,2,9.0,AB
2313071,1,EC 101,4,5.0,CD
2313071,1,EC 111,2,9.0,AB
2313071,1,MA 101,4,5.0,CD
2313071,1,ME 111,2,8.0,BB
2313072,1,CE 102,3,8.0,BB
2313072,1,CH 101,4,7.0,BC
2313072,1,CH 111,2,9.0,AB
2313072,1,CS 101,4,7.0,BC
2313072,1,CS 111,2,9.0,AB
2313072,1,EC 101,4,6.0,CC
2313072,1,EC 111,2,10.0,AA
2313072,1,MA 101,4,6.0,CC
2313072,1,ME 111,2,8.0,BB
2313073,1,CE 102,3,8.0,BB
2313073,1,CH 101,4,9.0,AB
2313073,1,CH 111,2,9.0,AB
2313073,1,CS 101,4,9.0,AB
2313073,1,CS 111,2,9.0,AB
2313073,1,EC 101,4,8.0,BB
2313073,1,EC 111,2,9.0,AB
2313073,1,MA 101,4,9.0,AB
2313073,1,ME 111,2,8.0,BB
2313074,1,CE 102,3,7.0,BC
2313074,1,CH 101,4,7.0,BC
2313074,1,CH 111,2,9.0,AB
2313074,1,CS 101,4,8.0,BB
2313074,1,CS 111,2,9.0,AB
2313074,1,EC 101,4,8.0,BB
2313074,1,EC 111,2,9.0,AB
2313074,1,MA 101,4,9.0,AB
2313074,1,ME 111,2,7.0,BC
2313075,1,CE 102,3,8.0,BB
2313075,1,CH 101,4,9.0,AB
2313075,1,CH 111,2,9.0,AB
2313075,1,CS 101,4,7.0,BC
2313075,1,CS 111,2,10.0,AA
2313075,1,EC 101,4,7.0,BC
2313075,1,EC 111,2,10.0,AA
2313075,1,MA 101,4,8.0,BB
2313075,1,ME 111,2,10.0,AA
2313076,1,CE 102,3,8.0,BB
2313076,1,CH 101,4,7.0,BC
2313076,1,CH 111,2,9.0,AB
2313076,1,CS 101,4,7.0,BC
2313076,1,CS 111,2,10.0,AA
2313076,1,EC 101,4,6.0,CC
2313076,1,EC 111,2,9.0,AB
2313076,1,MA 101,4,7.0,BC
2313076,1,ME 111,2,10.0,AA
2313077,1,CE 102,3,5.0,CD
2313077,1,CH 101,4,6.0,CC
2313077,1,CH 111,2,8.0,BB
2313077,1,CS 101,4,5.0,CD
2313077,1,CS 111,2,7.0,BC
2313077,1,EC 101,4,4.0,DD
2313077,1,EC 111,2,8.0,BB
2313077,1,MA 101,4,6.0,CC
2313077,1,ME 111,2,6.0,CC
2313078,1,CE 102,3,9.0,AB
2313078,1,CH 101,4,9.0,AB
2313078,1,CH 111,2,10.0,AA
2313078,1,CS 101,4,8.0,BB
2313078,1,CS 111,2,9.0,AB
2313078,1,EC 101,4,8.0,BB
2313078,1,EC 111,2,10.0,AA
2313078,1,MA 101,4,7.0,BC
2313078,1,ME 111,2,10.0,AA
2313079,1,CE 102,3,9.0,AB
2313079,1,CH 101,4,10.0,AA
2313079,1,CH 111,2,9.0,AB
2313079,1,CS 101,4,8.0,BB
2313079,1,CS 111,2,10.0,AA
2313079,1,EC 101,4,9.0,AB
2313079,1,EC 111,2,10.0,AA
2313079,1,MA 101,4,7.0,BC
2313079,1,ME 111,2,10.0,AA
2313080,1,CE 102,3,8.0,BB
2313080,1,CH 101,4,8.0,BB
2313080,1,CH 111,2,10.0,AA
2313080,1,CS 101,4,6.0,CC
2313080,1,CS 111,2,10.0,AA
2313080,1,EC 101,4,8.0,BB
2313080,1,EC 111,2,10.0,AA
2313080,1,MA 101,4,6.0,CC
2313080,1,ME 111,2,9.0,AB
2313081,1,CE 102,3,7.0,BC
2313081,1,CH 101,4,5.0,CD
2313081,1,CH 111,2,8.0,BB
2313081,1,CS 101,4,4.0,DD
2313081,1,CS 111,2,8.0,BB
2313081,1,EC 101,4,0.0,F
2313081,1,EC 111,2,9.0,AB
2313081,1,MA 101,4,0.0,F
2313081,1,ME 111,2,8.0,BB
2313082,1,CE 102,3,8.0,BB
2313082,1,CH 101,4,6.0,CC
2313082,1,CH 111,2,10.0,AA
2313082,1,CS 101,4,4.0,DD
2313082,1,CS 111,2,9.0,AB
2313082,1,EC 101,4,4.0,DD
2313082,1,EC 111,2,9.0,AB
2313082,1,MA 101,4,6.0,CC
2313082,1,ME 111,2,9.0,AB
2313083,1,CE 102,3,9.0,AB
2313083,1,CH 101,4,8.0,BB
2313083,1,CH 111,2,10.0,AA
2313083,1,CS 101,4,8.0,BB
2313083,1,CS 111,2,10.0,AA
2313083,1,EC 101,4,8.0,BB
2313083,1,EC 111,2,10.0,AA
2313083,1,MA 101,4,9.0,AB
2313083,1,ME 111,2,10.0,AA
2313084,1,CE 102,3,7.0,BC
2313084,1,CH 101,4,5.0,CD
2313084,1,CH 111,2,8.0,BB
2313084,1,CS 101,4,4.0,DD
2313084,1,CS 111,2,7.0,BC
2313084,1,EC 101,4,4.0,DD
2313084,1,EC 111,2,8.0,BB
2313084,1,MA 101,4,4.0,DD
2313084,1,ME 111,2,8.0,BB
2313085,1,CE 102,3,7.0,BC
2313085,1,CH 101,4,7.0,BC
2313085,1,CH 111,2,8.0,BB
2313085,1,CS 101,4,5.0,CD
2313085,1,CS 111,2,9.0,AB
2313085,1,EC 101,4,4.0,DD
2313085,1,EC 111,2,8.0,BB
2313085,1,MA 101,4,6.0,CC
2313085,1,ME 111,2,8.0,BB
2313086,1,CE 102,3,8.0,BB
2313086,1,CH 101,4,8.0,BB
2313086,1,CH 111,2,9.0,AB
2313086,1,CS 101,4,9.0,AB
2313086,1,CS 111,2,10.0,AA
2313086,1,EC 101,4,8.0,BB
2313086,1,EC 111,2,9.0,AB
2313086,1,MA 101,4,9.0,AB
2313086,1,ME 111,2,9.0,AB
2313087,1,CE 102,3,9.0,AB
2313087,1,CH 101,4,8.0,BB
2313087,1,CH 111,2,9.0,AB
2313087,1,CS 101,4,9.0,AB
2313087,1,CS 111,2,9.0,AB
2313087,1,EC 101,4,6.0,CC
2313087,1,EC 111,2,10.0,AA
2313087,1,MA 101,4,8.0,BB
2313087,1,ME 111,2,10.0,AA
2313089,1,CE 102,3,9.0,AB
2313089,1,CH 101,4,7.0,BC
2313089,1,CH 111,2,9.0,AB
2313089,1,CS 101,4,6.0,CC
2313089,1,CS 111,2,8.0,BB
2313089,1,EC 101,4,6.0,CC
2313089,1,EC 111,2,9.0,AB
2313089,1,MA 101,4,5.0,CD
2313089,1,ME 111,2,9.0,AB
2313090,1,CE 102,3,9.0,AB
2313090,1,CH 101,4,9.0,AB
2313090,1,CH 111,2,9.0,AB
2313090,1,CS 101,4,8.0,BB
2313090,1,CS 111,2,8.0,BB
2313090,1,EC 101,4,6.0,CC
2313090,1,EC 111,2,10.0,AA
2313090,1,MA 101,4,8.0,BB
2313090,1,ME 111,2,8.0,BB
2313091,1,CE 102,3,8.0,BB
2313091,1,CH 101,4,7.0,BC
2313091,1,CH 111,2,9.0,AB
2313091,1,CS 101,4,6.0,CC
2313091,1,CS 111,2,8.0,BB
2313091,1,EC 101,4,5.0,CD
2313091,1,EC 111,2,10.0,AA
2313091,1,MA 101,4,7.0,BC
2313091,1,ME 111,2,9.0,AB
2313092,1,CE 102,3,9.0,AB
2313092,1,CH 101,4,7.0,BC
2313092,1,CH 111,2,9.0,AB
2313092,1,CS 101,4,8.0,BB
2313092,1,CS 111,2,7.0,BC
2313092,1,EC 101,4,6.0,CC
2313092,1,EC 111,2,9.0,AB
2313092,1,MA 101,4,5.0,CD
2313092,1,ME 111,2,8.0,BB
2313093,1,CE 102,3,8.0,BB
2313093,1,CH 101,4,6.0,CC
2313093,1,CH 111,2,8.0,BB
2313093,1,CS 101,4,5.0,CD
2313093,1,CS 111,2,8.0,BB
2313093,1,EC 101,4,4.0,DD
2313093,1,EC 111,2,9.0,AB
2313093,1,MA 101,4,5.0,CD
2313093,1,ME 111,2,8.0,BB
2313094,1,CE 102,3,7.0,BC
2313094,1,CH 101,4,7.0,BC
2313094,1,CH 111,2,9.0,AB
2313094,1,CS 101,4,4.0,DD
2313094,1,CS 111,2,4.0,DD
2313094,1,EC 101,4,5.0,CD
2313094,1,EC 111,2,9.0,AB
2313094,1,MA 101,4,5.0,CD
2313094,1,ME 111,2,8.0,BB
2313095,1,CE 102,3,9.0,AB
2313095,1,CH 101,4,9.0,AB
2313095,1,CH 111,2,9.0,AB
2313095,1,CS 101,4,9.0,AB
2313095,1,CS 111,2,8.0,BB
2313095,1,EC 101,4,6.0,CC
2313095,1,EC 111,2,9.0,AB
2313095,1,MA 101,4,7.0,BC
2313095,1,ME 111,2,8.0,BB
2313096,1,CE 102,3,7.0,BC
2313096,1,CH 101,4,7.0,BC
2313096,1,CH 111,2,9.0,AB
2313096,1,CS 101,4,5.0,CD
2313096,1,CS 111,2,6.0,CC
2313096,1,EC 101,4,4.0,DD
2313096,1,EC 111,2,10.0,AA
2313096,1,MA 101,4,6.0,CC
2313096,1,ME 111,2,9.0,AB
2313097,1,CE 102,3,9.0,AB
2313097,1,CH 101,4,6.0,CC
2313097,1,CH 111,2,10.0,AA
2313097,1,CS 101,4,5.0,CD
2313097,1,CS 111,2,6.0,CC
2313097,1,EC 101,4,4.0,DD
2313097,1,EC 111,2,10.0,AA
2313097,1,MA 101,4,5.0,CD
2313097,1,ME 111,2,9.0,AB
2313098,1,CE 102,3,9.0,AB
2313098,1,CH 101,4,10.0,AA
2313098,1,CH 111,2,9.0,AB
2313098,1,CS 101,4,7.0,BC
2313098,1,CS 111,2,8.0,BB
2313098,1,EC 101,4,8.0,BB
2313098,1,EC 111,2,9.0,AB
2313098,1,MA 101,4,9.0,AB
2313098,1,ME 111,2,8.0,BB
2313099,1,CE 102,3,8.0,BB
2313099,1,CH 101,4,8.0,BB
2313099,1,CH 111,2,9.0,AB
2313099,1,CS 101,4,8.0,BB
2313099,1,CS 111,2,10.0,AA
2313099,1,EC 101,4,7.0,BC
2313099,1,EC 111,2,9.0,AB
2313099,1,MA 101,4,8.0,BB
2313099,1,ME 111,2,8.0,BB
2313100,1,CE 102,3,8.0,BB
2313100,1,CH 101,4,8.0,BB
2313100,1,CH 111,2,9.0,AB
2313100,1,CS 101,4,6.0,CC
2313100,1,CS 111,2,8.0,BB
2313100,1,EC 101,4,6.0,CC
2313100,1,EC 111,2,10.0,AA
2313100,1,MA 101,4,6.0,CC
2313100,1,ME 111,2,8.0,BB
2313101,1,CE 102,3,9.0,AB
2313101,1,CH 101,4,5.0,CD
2313101,1,CH 111,2,9.0,AB
2313101,1,CS 101,4,4.0,DD
2313101,1,CS 111,2,6.0,CC
2313101,1,EC 101,4,4.0,DD
2313101,1,EC 111,2,9.0,AB
2313101,1,MA 101,4,5.0,CD
2313101,1,ME 111,2,7.0,BC
2313102,1,CE 102,3,8.0,BB
2313102,1,CH 101,4,9.0,AB
2313102,1,CH 111,2,9.0,AB
2313102,1,CS 101,4,6.0,CC
2313102,1,CS 111,2,7.0,BC
2313102,1,EC 101,4,7.0,BC
2313102,1,EC 111,2,9.0,AB
2313102,1,MA 101,4,9.0,AB
2313102,1,ME 111,2,8.0,BB
2313103,1,CE 102,3,8.0,BB
2313103,1,CH 101,4,7.0,BC
2313103,1,CH 111,2,9.0,AB
2313103,1,CS 101,4,4.0,DD
2313103,1,CS 111,2,7.0,BC
2313103,1,EC 101,4,4.0,DD
2313103,1,EC 111,2,10.0,AA
2313103,1,MA 101,4,4.0,DD
2313103,1,ME 111,2,7.0,BC
2313104,1,CE 102,3,7.0,BC
2313104,1,CH 101,4,6.0,CC
2313104,1,CH 111,2,8.0,BB
2313104,1,CS 101,4,4.0,DD
2313104,1,CS 111,2,6.0,CC
2313104,1,EC 101,4,6.0,CC
2313104,1,EC 111,2,9.0,AB
2313104,1,MA 101,4,5.0,CD
2313104,1,ME 111,2,7.0,BC
2313105,1,CE 102,3,8.0,BB
2313105,1,CH 101,4,6.0,CC
2313105,1,CH 111,2,8.0,BB
2313105,1,CS 101,4,5.0,CD
2313105,1,CS 111,2,10.0,AA
2313105,1,EC 101,4,5.0,CD
2313105,1,EC 111,2,9.0,AB
2313105,1,MA 101,4,6.0,CC
2313105,1,ME 111,2,8.0,BB
2313106,1,CE 102,3,8.0,BB
2313106,1,CH 101,4,7.0,BC
2313106,1,CH 111,2,8.0,BB
2313106,1,CS 101,4,7.0,BC
2313106,1,CS 111,2,7.0,BC
2313106,1,EC 101,4,6.0,CC
2313106,1,EC 111,2,9.0,AB
2313106,1,MA 101,4,8.0,BB
2313106,1,ME 111,2,9.0,AB
2313107,1,CE 102,3,8.0,BB
2313107,1,CH 101,4,7.0,BC
2313107,1,CH 111,2,8.0,BB
2313107,1,CS 101,4,5.0,CD
2313107,1,CS 111,2,6.0,CC
2313107,1,EC 101,4,5.0,CD
2313107,1,EC 111,2,9.0,AB
2313107,1,MA 101,4,6.0,CC
2313107,1,ME 111,2,8.0,BB
2313108,1,CE 102,3,9.0,AB
2313108,1,CH 101,4,10.0,AA
2313108,1,CH 111,2,9.0,AB
2313108,1,CS 101,4,10.0,AA
2313108,1,CS 111,2,10.0,AA
2313108,1,EC 101,4,8.0,BB
2313108,1,EC 111,2,9.0,AB
2313108,1,MA 101,4,9.0,AB
2313108,1,ME 111,2,9.0,AB
2313109,1,CE 102,3,8.0,BB
2313109,1,CH 101,4,7.0,BC
2313109,1,CH 111,2,8.0,BB
2313109,1,CS 101,4,9.0,AB
2313109,1,CS 111,2,8.0,BB
2313109,1,EC 101,4,7.0,BC
2313109,1,EC 111,2,10.0,AA
2313109,1,MA 101,4,8.0,BB
2313109,1,ME 111,2,10.0,AA
2313110,1,CE 102,3,6.0,CC
2313110,1,CH 101,4,6.0,CC
2313110,1,CH 111,2,9.0,AB
2313110,1,CS 101,4,6.0,CC
2313110,1,CS 111,2,7.0,BC
2313110,1,EC 101,4,6.0,CC
2313110,1,EC 111,2,9.0,AB
2313110,1,MA 101,4,7.0,BC
2313110,1,ME 111,2,8.0,BB
2313111,1,CE 102,3,8.0,BB
2313111,1,CH 101,4,7.0,BC
2313111,1,CH 111,2,8.0,BB
2313111,1,CS 101,4,7.0,BC
2313111,1,CS 111,2,8.0,BB
2313111,1,EC 101,4,5.0,CD
2313111,1,EC 111,2,9.0,AB
2313111,1,MA 101,4,8.0,BB
2313111,1,ME 111,2,8.0,BB
2313112,1,CE 102,3,6.0,CC
2313112,1,CH 101,4,6.0,CC
2313112,1,CH 111,2,8.0,BB
2313112,1,CS 101,4,4.0,DD
2313112,1,CS 111,2,6.0,CC
2313112,1,EC 101,4,5.0,CD
2313112,1,EC 111,2,10.0,AA
2313112,1,MA 101,4,9.0,AB
2313112,1,ME 111,2,6.0,CC
2313113,1,CE 102,3,9.0,AB
2313113,1,CH 101,4,9.0,AB
2313113,1,CH 111,2,9.0,AB
2313113,1,CS 101,4,9.0,AB
2313113,1,CS 111,2,10.0,AA
2313113,1,EC 101,4,8.0,BB
2313113,1,EC 111,2,10.0,AA
2313113,1,MA 101,4,9.0,AB
2313113,1,ME 111,2,9.0,AB
2313114,1,CE 102,3,7.0,BC
2313114,1,CH 101,4,5.0,CD
2313114,1,CH 111,2,8.0,BB
2313114,1,CS 101,4,6.0,CC
2313114,1,CS 111,2,9.0,AB
2313114,1,EC 101,4,4.0,DD
2313114,1,EC 111,2,9.0,AB
2313114,1,MA 101,4,4.0,DD
2313114,1,ME 111,2,9.0,AB
2313115,1,CE 102,3,8.0,BB
2313115,1,CH 101,4,7.0,BC
2313115,1,CH 111,2,8.0,BB
2313115,1,CS 101,4,9.0,AB
2313115,1,CS 111,2,10.0,AA
2313115,1,EC 101,4,7.0,BC
2313115,1,EC 111,2,10.0,AA
2313115,1,MA 101,4,6.0,CC
2313115,1,ME 111,2,8.0,BB
2313116,1,CE 102,3,9.0,AB
2313116,1,CH 101,4,9.0,AB
2313116,1,CH 111,2,9.0,AB
2313116,1,CS 101,4,8.0,BB
2313116,1,CS 111,2,9.0,AB
2313116,1,EC 101,4,6.0,CC
2313116,1,EC 111,2,9.0,AB
2313116,1,MA 101,4,8.0,BB
2313116,1,ME 111,2,8.0,BB
2313117,1,CE 102,3,10.0,AA
2313117,1,CH 101,4,9.0,AB
2313117,1,CH 111,2,9.0,AB
2313117,1,CS 101,4,10.0,AA
2313117,1,CS 111,2,10.0,AA
2313117,1,EC 101,4,9.0,AB
2313117,1,EC 111,2,10.0,AA
2313117,1,MA 101,4,10.0,AA
2313117,1,ME 111,2,10.0,AA
2313118,1,CE 102,3,8.0,BB
2313118,1,CH 101,4,10.0,AA
2313118,1,CH 111,2,10.0,AA
2313118,1,CS 101,4,9.0,AB
2313118,1,CS 111,2,7.0,BC
2313118,1,EC 101,4,8.0,BB
2313118,1,EC 111,2,10.0,AA
2313118,1,MA 101,4,8.0,BB
2313118,1,ME 111,2,10.0,AA
2313119,1,CE 102,3,10.0,AA
2313119,1,CH 101,4,10.0,AA
2313119,1,CH 111,2,10.0,AA
2313119,1,CS 101,4,9.0,AB
2313119,1,CS 111,2,9.0,AB
2313119,1,EC 101,4,7.0,BC
2313119,1,EC 111,2,10.0,AA
2313119,1,MA 101,4,9.0,AB
2313119,1,ME 111,2,8.0,BB
2313120,1,CE 102,3,8.0,BB
2313120,1,CH 101,4,8.0,BB
2313120,1,CH 111,2,9.0,AB
2313120,1,CS 101,4,6.0,CC
2313120,1,CS 111,2,9.0,AB
2313120,1,EC 101,4,5.0,CD
2313120,1,EC 111,2,9.0,AB
2313120,1,MA 101,4,7.0,BC
2313120,1,ME 111,2,9.0,AB
2313121,1,CE 102,3,8.0,BB
2313121,1,CH 101,4,9.0,AB
2313121,1,CH 111,2,9.0,AB
2313121,1,CS 101,4,7.0,BC
2313121,1,CS 111,2,8.0,BB
2313121,1,EC 101,4,7.0,BC
2313121,1,EC 111,2,9.0,AB
2313121,1,MA 101,4,9.0,AB
2313121,1,ME 111,2,9.0,AB
2313122,1,CE 102,3,6.0,CC
2313122,1,CH 101,4,4.0,DD
2313122,1,CH 111,2,8.0,BB
2313122,1,CS 101,4,4.0,DD
2313122,1,CS 111,2,6.0,CC
2313122,1,EC 101,4,0.0,F
2313122,1,EC 111,2,10.0,AA
2313122,1,MA 101,4,4.0,DD
2313122,1,ME 111,2,7.0,BC
2313123,1,CE 102,3,6.0,CC
2313123,1,CH 101,4,5.0,CD
2313123,1,CH 111,2,8.0,BB
2313123,1,CS 101,4,5.0,CD
2313123,1,CS 111,2,6.0,CC
2313123,1,EC 101,4,4.0,DD
2313123,1,EC 111,2,9.0,AB
2313123,1,MA 101,4,6.0,CC
2313123,1,ME 111,2,8.0,BB
2313124,1,CE 102,3,7.0,BC
2313124,1,CH 101,4,7.0,BC
2313124,1,CH 111,2,9.0,AB
2313124,1,CS 101,4,7.0,BC
2313124,1,CS 111,2,9.0,AB
2313124,1,EC 101,4,6.0,CC
2313124,1,EC 111,2,9.0,AB
2313124,1,MA 101,4,7.0,BC
2313124,1,ME 111,2,9.0,AB
2313125,1,CE 102,3,8.0,BB
2313125,1,CH 101,4,5.0,CD
2313125,1,CH 111,2,8.0,BB
2313125,1,CS 101,4,4.0,DD
2313125,1,CS 111,2,5.0,CD
2313125,1,EC 101,4,4.0,DD
2313125,1,EC 111,2,8.0,BB
2313125,1,MA 101,4,5.0,CD
2313125,1,ME 111,2,7.0,BC
2313126,1,CE 102,3,9.0,AB
2313126,1,CH 101,4,7.0,BC
2313126,1,CH 111,2,8.0,BB
2313126,1,CS 101,4,9.0,AB
2313126,1,CS 111,2,8.0,BB
2313126,1,EC 101,4,5.0,CD
2313126,1,EC 111,2,9.0,AB
2313126,1,MA 101,4,6.0,CC
2313126,1,ME 111,2,8.0,BB
2313127,1,CE 102,3,7.0,BC
2313127,1,CH 101,4,4.0,DD
2313127,1,CH 111,2,8.0,BB
2313127,1,CS 101,4,4.0,DD
2313127,1,CS 111,2,6.0,CC
2313127,1,EC 101,4,0.0,F
2313127,1,EC 111,2,8.0,BB
2313127,1,MA 101,4,4.0,DD
2313127,1,ME 111,2,8.0,BB
2313128,1,CE 102,3,8.0,BB
2313128,1,CH 101,4,7.0,BC
2313128,1,CH 111,2,9.0,AB
2313128,1,CS 101,4,6.0,CC
2313128,1,CS 111,2,8.0,BB
2313128,1,EC 101,4,6.0,CC
2313128,1,EC 111,2,8.0,BB
2313128,1,MA 101,4,5.0,CD
2313128,1,ME 111,2,8.0,BB
2313129,1,CE 102,3,8.0,BB
2313129,1,CH 101,4,6.0,CC
2313129,1,CH 111,2,9.0,AB
2313129,1,CS 101,4,5.0,CD
2313129,1,CS 111,2,7.0,BC
2313129,1,EC 101,4,4.0,DD
2313129,1,EC 111,2,7.0,BC
2313129,1,MA 101,4,6.0,CC
2313129,1,ME 111,2,6.0,CC
2313130,1,CE 102,3,8.0,BB
2313130,1,CH 101,4,7.0,BC
2313130,1,CH 111,2,9.0,AB
2313130,1,CS 101,4,6.0,CC
2313130,1,CS 111,2,6.0,CC
2313130,1,EC 101,4,4.0,DD
2313130,1,EC 111,2,10.0,AA
2313130,1,MA 101,4,5.0,CD
2313130,1,ME 111,2,10.0,AA
2313131,1,CE 102,3,0.0,F
2313131,1,CH 101,4,0.0,F
2313131,1,CH 111,2,0.0,F
2313131,1,CS 101,4,0.0,F
2313131,1,CS 111,2,0.0,F
2313131,1,EC 101,4,0.0,F
2313131,1,EC 111,2,0.0,F
2313131,1,MA 101,4,0.0,F
2313131,1,ME 111,2,0.0,F
2313132,1,CE 102,3,6.0,CC
2313132,1,CH 101,4,5.0,CD
2313132,1,CH 111,2,8.0,BB
2313132,1,CS 101,4,6.0,CC
2313132,1,CS 111,2,8.0,BB
2313132,1,EC 101,4,4.0,DD
2313132,1,EC 111,2,7.0,BC
2313132,1,MA 101,4,5.0,CD
2313132,1,ME 111,2,7.0,BC
2313133,1,CE 102,3,6.0,CC
2313133,1,CH 101,4,6.0,CC
2313133,1,CH 111,2,9.0,AB
2313133,1,CS 101,4,7.0,BC
2313133,1,CS 111,2,9.0,AB
2313133,1,EC 101,4,5.0,CD
2313133,1,EC 111,2,7.0,BC
2313133,1,MA 101,4,5.0,CD
2313133,1,ME 111,2,8.0,BB
2313134,1,CE 102,3,6.0,CC
2313134,1,CH 101,4,5.0,CD
2313134,1,CH 111,2,8.0,BB
2313134,1,CS 101,4,4.0,DD
2313134,1,CS 111,2,7.0,BC
2313134,1,EC 101,4,0.0,F
2313134,1,EC 111,2,9.0,AB
2313134,1,MA 101,4,5.0,CD
2313134,1,ME 111,2,8.0,BB
2313135,1,CE 102,3,6.0,CC
2313135,1,CH 101,4,4.0,DD
2313135,1,CH 111,2,8.0,BB
2313135,1,CS 101,4,4.0,DD
2313135,1,CS 111,2,5.0,CD
2313135,1,EC 101,4,5.0,CD
2313135,1,EC 111,2,7.0,BC
2313135,1,MA 101,4,4.0,DD
2313135,1,ME 111,2,8.0,BB
2313136,1,CE 102,3,9.0,AB
2313136,1,CH 101,4,7.0,BC
2313136,1,CH 111,2,8.0,BB
2313136,1,CS 101,4,6.0,CC
2313136,1,CS 111,2,7.0,BC
2313136,1,EC 101,4,5.0,CD
2313136,1,EC 111,2,9.0,AB
2313136,1,MA 101,4,5.0,CD
2313136,1,ME 111,2,8.0,BB
2313137,1,CE 102,3,6.0,CC
2313137,1,CH 101,4,5.0,CD
2313137,1,CH 111,2,8.0,BB
2313137,1,CS 101,4,4.0,DD
2313137,1,CS 111,2,5.0,CD
2313137,1,EC 101,4,4.0,DD
2313137,1,EC 111,2,7.0,BC
2313137,1,MA 101,4,4.0,DD
2313137,1,ME 111,2,7.0,BC
2313138,1,CE 102,3,8.0,BB
2313138,1,CH 101,4,10.0,AA
2313138,1,CH 111,2,9.0,AB
2313138,1,CS 101,4,9.0,AB
2313138,1,CS 111,2,10.0,AA
2313138,1,EC 101,4,7.0,BC
2313138,1,EC 111,2,10.0,AA
2313138,1,MA 101,4,9.0,AB
2313138,1,ME 111,2,10.0,AA
2313139,1,CE 102,3,6.0,CC
2313139,1,CH 101,4,6.0,CC
2313139,1,CH 111,2,8.0,BB
2313139,1,CS 101,4,7.0,BC
2313139,1,CS 111,2,8.0,BB
2313139,1,EC 101,4,5.0,CD
2313139,1,EC 111,2,7.0,BC
2313139,1,MA 101,4,5.0,CD
2313139,1,ME 111,2,8.0,BB
2313140,1,CE 102,3,8.0,BB
2313140,1,CH 101,4,7.0,BC
2313140,1,CH 111,2,8.0,BB
2313140,1,CS 101,4,7.0,BC
2313140,1,CS 111,2,7.0,BC
2313140,1,EC 101,4,5.0,CD
2313140,1,EC 111,2,9.0,AB
2313140,1,MA 101,4,5.0,CD
2313140,1,ME 111,2,9.0,AB
2313141,1,CE 102,3,7.0,BC
2313141,1,CH 101,4,9.0,AB
2313141,1,CH 111,2,9.0,AB
2313141,1,CS 101,4,9.0,AB
2313141,1,CS 111,2,9.0,AB
2313141,1,EC 101,4,6.0,CC
2313141,1,EC 111,2,8.0,BB
2313141,1,MA 101,4,9.0,AB
2313141,1,ME 111,2,9.0,AB
2313142,1,CE 102,3,9.0,AB
2313142,1,CH 101,4,9.0,AB
2313142,1,CH 111,2,8.0,BB
2313142,1,CS 101,4,8.0,BB
2313142,1,CS 111,2,7.0,BC
2313142,1,EC 101,4,6.0,CC
2313142,1,EC 111,2,10.0,AA
2313142,1,MA 101,4,9.0,AB
2313142,1,ME 111,2,7.0,BC
2313143,1,CE 102,3,9.0,AB
2313143,1,CH 101,4,9.0,AB
2313143,1,CH 111,2,9.0,AB
2313143,1,CS 101,4,10.0,AA
2313143,1,CS 111,2,7.0,BC
2313143,1,EC 101,4,8.0,BB
2313143,1,EC 111,2,10.0,AA
2313143,1,MA 101,4,9.0,AB
2313143,1,ME 111,2,7.0,BC
2313144,1,CE 102,3,9.0,AB
2313144,1,CH 101,4,6.0,CC
2313144,1,CH 111,2,8.0,BB
2313144,1,CS 101,4,7.0,BC
2313144,1,CS 111,2,10.0,AA
2313144,1,EC 101,4,4.0,DD
2313144,1,EC 111,2,9.0,AB
2313144,1,MA 101,4,5.0,CD
2313144,1,ME 111,2,9.0,AB
2313145,1,CE 102,3,8.0,BB
2313145,1,CH 101,4,7.0,BC
2313145,1,CH 111,2,8.0,BB
2313145,1,CS 101,4,7.0,BC
2313145,1,CS 111,2,9.0,AB
2313145,1,EC 101,4,7.0,BC
2313145,1,EC 111,2,9.0,AB
2313145,1,MA 101,4,8.0,BB
2313145,1,ME 111,2,8.0,BB
2313146,1,CE 102,3,7.0,BC
2313146,1,CH 101,4,8.0,BB
2313146,1,CH 111,2,8.0,BB
2313146,1,CS 101,4,7.0,BC
2313146,1,CS 111,2,7.0,BC
2313146,1,EC 101,4,7.0,BC
2313146,1,EC 111,2,7.0,BC
2313146,1,MA 101,4,6.0,CC
2313146,1,ME 111,2,5.0,CD
2313147,1,CE 102,3,9.0,AB
2313147,1,CH 101,4,10.0,AA
2313147,1,CH 111,2,10.0,AA
2313147,1,CS 101,4,8.0,BB
2313147,1,CS 111,2,8.0,BB
2313147,1,EC 101,4,7.0,BC
2313147,1,EC 111,2,10.0,AA
2313147,1,MA 101,4,7.0,BC
2313147,1,ME 111,2,10.0,AA
2313148,1,CE 102,3,9.0,AB
2313148,1,CH 101,4,9.0,AB
2313148,1,CH 111,2,10.0,AA
2313148,1,CS 101,4,9.0,AB
2313148,1,CS 111,2,9.0,AB
2313148,1,EC 101,4,8.0,BB
2313148,1,EC 111,2,10.0,AA
2313148,1,MA 101,4,8.0,BB
2313148,1,ME 111,2,9.0,AB
2313149,1,CE 102,3,9.0,AB
2313149,1,CH 101,4,9.0,AB
2313149,1,CH 111,2,10.0,AA
2313149,1,CS 101,4,8.0,BB
2313149,1,CS 111,2,10.0,AA
2313149,1,EC 101,4,6.0,CC
2313149,1,EC 111,2,10.0,AA
2313149,1,MA 101,4,6.0,CC
2313149,1,ME 111,2,9.0,AB
2313150,1,CE 102,3,8.0,BB
2313150,1,CH 101,4,6.0,CC
2313150,1,CH 111,2,9.0,AB
2313150,1,CS 101,4,6.0,CC
2313150,1,CS 111,2,5.0,CD
2313150,1,EC 101,4,5.0,CD
2313150,1,EC 111,2,7.0,BC
2313150,1,MA 101,4,5.0,CD
2313150,1,ME 111,2,7.0,BC
2313151,1,CE 102,3,8.0,BB
2313151,1,CH 101,4,7.0,BC
2313151,1,CH 111,2,9.0,AB
2313151,1,CS 101,4,7.0,BC
2313151,1,CS 111,2,7.0,BC
2313151,1,EC 101,4,6.0,CC
2313151,1,EC 111,2,9.0,AB
2313151,1,MA 101,4,6.0,CC
2313151,1,ME 111,2,8.0,BB
2313152,1,CE 102,3,7.0,BC
2313152,1,CH 101,4,5.0,CD
2313152,1,CH 111,2,8.0,BB
2313152,1,CS 101,4,4.0,DD
2313152,1,CS 111,2,5.0,CD
2313152,1,EC 101,4,4.0,DD
2313152,1,EC 111,2,8.0,BB
2313152,1,MA 101,4,5.0,CD
2313152,1,ME 111,2,9.0,AB
2313153,1,CE 102,3,8.0,BB
2313153,1,CH 101,4,8.0,BB
2313153,1,CH 111,2,9.0,AB
2313153,1,CS 101,4,6.0,CC
2313153,1,CS 111,2,10.0,AA
2313153,1,EC 101,4,8.0,BB
2313153,1,EC 111,2,9.0,AB
2313153,1,MA 101,4,7.0,BC
2313153,1,ME 111,2,8.0,BB
2313154,1,CE 102,3,9.0,AB
2313154,1,CH 101,4,9.0,AB
2313154,1,CH 111,2,9.0,AB
2313154,1,CS 101,4,7.0,BC
2313154,1,CS 111,2,7.0,BC
2313154,1,EC 101,4,8.0,BB
2313154,1,EC 111,2,10.0,AA
2313154,1,MA 101,4,7.0,BC
2313154,1,ME 111,2,9.0,AB
2313155,1,CE 102,3,9.0,AB
2313155,1,CH 101,4,5.0,CD
2313155,1,CH 111,2,9.0,AB
2313155,1,CS 101,4,8.0,BB
2313155,1,CS 111,2,10.0,AA
2313155,1,EC 101,4,4.0,DD
2313155,1,EC 111,2,10.0,AA
2313155,1,MA 101,4,6.0,CC
2313155,1,ME 111,2,7.0,BC
2313156,1,CE 102,3,8.0,BB
2313156,1,CH 101,4,8.0,BB
2313156,1,CH 111,2,9.0,AB
2313156,1,CS 101,4,4.0,DD
2313156,1,CS 111,2,6.0,CC
2313156,1,EC 101,4,6.0,CC
2313156,1,EC 111,2,8.0,BB
2313156,1,MA 101,4,7.0,BC
2313156,1,ME 111,2,7.0,BC
2313157,1,CE 102,3,5.0,CD
2313157,1,CH 101,4,5.0,CD
2313157,1,CH 111,2,8.0,BB
2313157,1,CS 101,4,4.0,DD
2313157,1,CS 111,2,7.0,BC
2313157,1,EC 101,4,4.0,DD
2313157,1,EC 111,2,7.0,BC
2313157,1,MA 101,4,5.0,CD
2313157,1,ME 111,2,6.0,CC
2313158,1,CE 102,3,0.0,F
2313158,1,CH 101,4,0.0,F
2313158,1,CH 111,2,0.0,F
2313158,1,CS 101,4,4.0,DD
2313158,1,CS 111,2,0.0,F
2313158,1,EC 101,4,0.0,F
2313158,1,EC 111,2,5.0,CD
2313158,1,MA 101,4,0.0,F
2313158,1,ME 111,2,0.0,F
2313159,1,CE 102,3,7.0,BC
2313159,1,CH 101,4,7.0,BC
2313159,1,CH 111,2,8.0,BB
2313159,1,CS 101,4,7.0,BC
2313159,1,CS 111,2,9.0,AB
2313159,1,EC 101,4,7.0,BC
2313159,1,EC 111,2,9.0,AB
2313159,1,MA 101,4,8.0,BB
2313159,1,ME 111,2,8.0,BB
2313160,1,CE 102,3,7.0,BC
2313160,1,CH 101,4,6.0,CC
2313160,1,CH 111,2,8.0,BB
2313160,1,CS 101,4,8.0,BB
2313160,1,CS 111,2,9.0,AB
2313160,1,EC 101,4,7.0,BC
2313160,1,EC 111,2,7.0,BC
2313160,1,MA 101,4,7.0,BC
2313160,1,ME 111,2,8.0,BB
2313161,1,CE 102,3,8.0,BB
2313161,1,CH 101,4,5.0,CD
2313161,1,CH 111,2,8.0,BB
2313161,1,CS 101,4,5.0,CD
2313161,1,CS 111,2,0.0,F
2313161,1,EC 101,4,4.0,DD
2313161,1,EC 111,2,7.0,BC
2313161,1,MA 101,4,5.0,CD
2313161,1,ME 111,2,7.0,BC
2313162,1,CE 102,3,5.0,CD
2313162,1,CH 101,4,0.0,F
2313162,1,CH 111,2,8.0,BB
2313162,1,CS 101,4,4.0,DD
2313162,1,CS 111,2,5.0,CD
2313162,1,EC 101,4,0.0,F
2313162,1,EC 111,2,0.0,F
2313162,1,MA 101,4,0.0,F
2313162,1,ME 111,2,6.0,CC
2313163,1,CE 102,3,7.0,BC
2313163,1,CH 101,4,4.0,DD
2313163,1,CH 111,2,8.0,BB
2313163,1,CS 101,4,4.0,DD
2313163,1,CS 111,2,5.0,CD
2313163,1,EC 101,4,0.0,F
2313163,1,EC 111,2,5.0,CD
2313163,1,MA 101,4,0.0,F
2313163,1,ME 111,2,4.0,DD
2313164,1,CE 102,3,6.0,CC
2313164,1,CH 101,4,0.0,F
2313164,1,CH 111,2,8.0,BB
2313164,1,CS 101,4,4.0,DD
2313164,1,CS 111,2,6.0,CC
2313164,1,EC 101,4,0.0,F
2313164,1,EC 111,2,5.0,CD
2313164,1,MA 101,4,0.0,F
2313164,1,ME 111,2,4.0,DD
2114023,1,CE 102,3,7.0,BC
2114023,1,CH 101,4,7.0,BC
2114023,1,CH 111,2,9.0,AB
2114023,1,CS 101,4,6.0,CC
2114023,1,CS 111,2,9.0,AB
2114023,1,EC 101,4,7.0,BC
2114023,1,EC 111,2,9.0,AB
2114023,1,MA 101,4,5.0,CD
2114023,1,ME 111,2,0.0,F
2214086,1,CE 102,NA,,NA
2214086,1,CH 101,4,0.0,F
2214086,1,CH 111,NA,,NA
2214086,1,CS 101,4,0.0,F
2214086,1,CS 111,2,5.0,CD
2214086,1,EC 101,4,0.0,F
2214086,1,EC 111,2,0.0,F
2214086,1,MA 101,4,0.0,F
2214086,1,ME 111,NA,,NA
2314001,1,CE 102,3,9.0,AB
2314001,1,CH 101,4,7.0,BC
2314001,1,CH 111,2,10.0,AA
2314001,1,CS 101,4,8.0,BB
2314001,1,CS 111,2,10.0,AA
2314001,1,EC 101,4,7.0,BC
2314001,1,EC 111,2,10.0,AA
2314001,1,MA 101,4,7.0,BC
2314001,1,ME 111,2,8.0,BB
2314002,1,CE 102,3,8.0,BB
2314002,1,CH 101,4,7.0,BC
2314002,1,CH 111,2,8.0,BB
2314002,1,CS 101,4,6.0,CC
2314002,1,CS 111,2,9.0,AB
2314002,1,EC 101,4,0.0,F
2314002,1,EC 111,2,9.0,AB
2314002,1,MA 101,4,5.0,CD
2314002,1,ME 111,2,8.0,BB
2314003,1,CE 102,3,7.0,BC
2314003,1,CH 101,4,5.0,CD
2314003,1,CH 111,2,10.0,AA
2314003,1,CS 101,4,7.0,BC
2314003,1,CS 111,2,9.0,AB
2314003,1,EC 101,4,4.0,DD
2314003,1,EC 111,2,9.0,AB
2314003,1,MA 101,4,6.0,CC
2314003,1,ME 111,2,7.0,BC
2314004,1,CE 102,3,9.0,AB
2314004,1,CH 101,4,8.0,BB
2314004,1,CH 111,2,9.0,AB
2314004,1,CS 101,4,7.0,BC
2314004,1,CS 111,2,10.0,AA
2314004,1,EC 101,4,8.0,BB
2314004,1,EC 111,2,9.0,AB
2314004,1,MA 101,4,8.0,BB
2314004,1,ME 111,2,8.0,BB
2314005,1,CE 102,3,8.0,BB
2314005,1,CH 101,4,6.0,CC
2314005,1,CH 111,2,10.0,AA
2314005,1,CS 101,4,7.0,BC
2314005,1,CS 111,2,9.0,AB
2314005,1,EC 101,4,4.0,DD
2314005,1,EC 111,2,9.0,AB
2314005,1,MA 101,4,5.0,CD
2314005,1,ME 111,2,8.0,BB
2314006,1,CE 102,3,8.0,BB
2314006,1,CH 101,4,6.0,CC
2314006,1,CH 111,2,9.0,AB
2314006,1,CS 101,4,7.0,BC
2314006,1,CS 111,2,9.0,AB
2314006,1,EC 101,4,6.0,CC
2314006,1,EC 111,2,9.0,AB
2314006,1,MA 101,4,7.0,BC
2314006,1,ME 111,2,8.0,BB
2314007,1,CE 102,3,8.0,BB
2314007,1,CH 101,4,7.0,BC
2314007,1,CH 111,2,9.0,AB
2314007,1,CS 101,4,6.0,CC
2314007,1,CS 111,2,8.0,BB
2314007,1,EC 101,4,5.0,CD
2314007,1,EC 111,2,8.0,BB
2314007,1,MA 101,4,8.0,BB
2314007,1,ME 111,2,8.0,BB
2314008,1,CE 102,3,7.0,BC
2314008,1,CH 101,4,4.0,DD
2314008,1,CH 111,2,9.0,AB
2314008,1,CS 101,4,7.0,BC
2314008,1,CS 111,2,9.0,AB
2314008,1,EC 101,4,4.0,DD
2314008,1,EC 111,2,9.0,AB
2314008,1,MA 101,4,4.0,DD
2314008,1,ME 111,2,8.0,BB
2314009,1,CE 102,3,7.0,BC
2314009,1,CH 101,4,6.0,CC
2314009,1,CH 111,2,9.0,AB
2314009,1,CS 101,4,6.0,CC
2314009,1,CS 111,2,8.0,BB
2314009,1,EC 101,4,4.0,DD
2314009,1,EC 111,2,10.0,AA
2314009,1,MA 101,4,6.0,CC
2314009,1,ME 111,2,9.0,AB
2314010,1,CE 102,3,10.0,AA
2314010,1,CH 101,4,8.0,BB
2314010,1,CH 111,2,10.0,AA
2314010,1,CS 101,4,7.0,BC
2314010,1,CS 111,2,10.0,AA
2314010,1,EC 101,4,5.0,CD
2314010,1,EC 111,2,10.0,AA
2314010,1,MA 101,4,4.0,DD
2314010,1,ME 111,2,9.0,AB
2314011,1,CE 102,3,7.0,BC
2314011,1,CH 101,4,4.0,DD
2314011,1,CH 111,2,9.0,AB
2314011,1,CS 101,4,6.0,CC
2314011,1,CS 111,2,6.0,CC
2314011,1,EC 101,4,0.0,F
2314011,1,EC 111,2,8.0,BB
2314011,1,MA 101,4,0.0,F
2314011,1,ME 111,2,5.0,CD
2314012,1,CE 102,3,9.0,AB
2314012,1,CH 101,4,9.0,AB
2314012,1,CH 111,2,10.0,AA
2314012,1,CS 101,4,8.0,BB
2314012,1,CS 111,2,9.0,AB
2314012,1,EC 101,4,6.0,CC
2314012,1,EC 111,2,8.0,BB
2314012,1,MA 101,4,7.0,BC
2314012,1,ME 111,2,9.0,AB
2314013,1,CE 102,3,9.0,AB
2314013,1,CH 101,4,8.0,BB
2314013,1,CH 111,2,10.0,AA
2314013,1,CS 101,4,8.0,BB
2314013,1,CS 111,2,8.0,BB
2314013,1,EC 101,4,5.0,CD
2314013,1,EC 111,2,8.0,BB
2314013,1,MA 101,4,8.0,BB
2314013,1,ME 111,2,8.0,BB
2314014,1,CE 102,3,9.0,AB
2314014,1,CH 101,4,8.0,BB
2314014,1,CH 111,2,10.0,AA
2314014,1,CS 101,4,8.0,BB
2314014,1,CS 111,2,9.0,AB
2314014,1,EC 101,4,8.0,BB
2314014,1,EC 111,2,8.0,BB
2314014,1,MA 101,4,9.0,AB
2314014,1,ME 111,2,7.0,BC
2314015,1,CE 102,3,10.0,AA
2314015,1,CH 101,4,8.0,BB
2314015,1,CH 111,2,10.0,AA
2314015,1,CS 101,4,9.0,AB
2314015,1,CS 111,2,10.0,AA
2314015,1,EC 101,4,6.0,CC
2314015,1,EC 111,2,8.0,BB
2314015,1,MA 101,4,7.0,BC
2314015,1,ME 111,2,8.0,BB
2314016,1,CE 102,3,9.0,AB
2314016,1,CH 101,4,9.0,AB
2314016,1,CH 111,2,10.0,AA
2314016,1,CS 101,4,8.0,BB
2314016,1,CS 111,2,10.0,AA
2314016,1,EC 101,4,8.0,BB
2314016,1,EC 111,2,8.0,BB
2314016,1,MA 101,4,7.0,BC
2314016,1,ME 111,2,8.0,BB
2314017,1,CE 102,3,8.0,BB
2314017,1,CH 101,4,9.0,AB
2314017,1,CH 111,2,10.0,AA
2314017,1,CS 101,4,8.0,BB
2314017,1,CS 111,2,10.0,AA
2314017,1,EC 101,4,7.0,BC
2314017,1,EC 111,2,8.0,BB
2314017,1,MA 101,4,8.0,BB
2314017,1,ME 111,2,7.0,BC
2314018,1,CE 102,3,9.0,AB
2314018,1,CH 101,4,7.0,BC
2314018,1,CH 111,2,10.0,AA
2314018,1,CS 101,4,8.0,BB
2314018,1,CS 111,2,10.0,AA
2314018,1,EC 101,4,4.0,DD
2314018,1,EC 111,2,8.0,BB
2314018,1,MA 101,4,4.0,DD
2314018,1,ME 111,2,8.0,BB
2314019,1,CE 102,3,8.0,BB
2314019,1,CH 101,4,8.0,BB
2314019,1,CH 111,2,9.0,AB
2314019,1,CS 101,4,6.0,CC
2314019,1,CS 111,2,9.0,AB
2314019,1,EC 101,4,5.0,CD
2314019,1,EC 111,2,8.0,BB
2314019,1,MA 101,4,5.0,CD
2314019,1,ME 111,2,8.0,BB
2314020,1,CE 102,3,9.0,AB
2314020,1,CH 101,4,8.0,BB
2314020,1,CH 111,2,10.0,AA
2314020,1,CS 101,4,9.0,AB
2314020,1,CS 111,2,10.0,AA
2314020,1,EC 101,4,7.0,BC
2314020,1,EC 111,2,8.0,BB
2314020,1,MA 101,4,8.0,BB
2314020,1,ME 111,2,8.0,BB
2314021,1,CE 102,3,5.0,CD
2314021,1,CH 101,4,4.0,DD
2314021,1,CH 111,2,8.0,BB
2314021,1,CS 101,4,6.0,CC
2314021,1,CS 111,2,8.0,BB
2314021,1,EC 101,4,0.0,F
2314021,1,EC 111,2,8.0,BB
2314021,1,MA 101,4,0.0,F
2314021,1,ME 111,2,7.0,BC
2314022,1,CE 102,3,5.0,CD
2314022,1,CH 101,4,5.0,CD
2314022,1,CH 111,2,10.0,AA
2314022,1,CS 101,4,6.0,CC
2314022,1,CS 111,2,10.0,AA
2314022,1,EC 101,4,4.0,DD
2314022,1,EC 111,2,8.0,BB
2314022,1,MA 101,4,4.0,DD
2314022,1,ME 111,2,9.0,AB
2314023,1,CE 102,3,9.0,AB
2314023,1,CH 101,4,8.0,BB
2314023,1,CH 111,2,9.0,AB
2314023,1,CS 101,4,7.0,BC
2314023,1,CS 111,2,9.0,AB
2314023,1,EC 101,4,6.0,CC
2314023,1,EC 111,2,10.0,AA
2314023,1,MA 101,4,5.0,CD
2314023,1,ME 111,2,9.0,AB
2314024,1,CE 102,3,10.0,AA
2314024,1,CH 101,4,9.0,AB
2314024,1,CH 111,2,10.0,AA
2314024,1,CS 101,4,9.0,AB
2314024,1,CS 111,2,10.0,AA
2314024,1,EC 101,4,7.0,BC
2314024,1,EC 111,2,8.0,BB
2314024,1,MA 101,4,9.0,AB
2314024,1,ME 111,2,9.0,AB
2314025,1,CE 102,3,9.0,AB
2314025,1,CH 101,4,9.0,AB
2314025,1,CH 111,2,10.0,AA
2314025,1,CS 101,4,8.0,BB
2314025,1,CS 111,2,10.0,AA
2314025,1,EC 101,4,7.0,BC
2314025,1,EC 111,2,9.0,AB
2314025,1,MA 101,4,7.0,BC
2314025,1,ME 111,2,10.0,AA
2314026,1,CE 102,3,9.0,AB
2314026,1,CH 101,4,8.0,BB
2314026,1,CH 111,2,10.0,AA
2314026,1,CS 101,4,9.0,AB
2314026,1,CS 111,2,10.0,AA
2314026,1,EC 101,4,8.0,BB
2314026,1,EC 111,2,8.0,BB
2314026,1,MA 101,4,7.0,BC
2314026,1,ME 111,2,10.0,AA
2314027,1,CE 102,3,9.0,AB
2314027,1,CH 101,4,6.0,CC
2314027,1,CH 111,2,10.0,AA
2314027,1,CS 101,4,6.0,CC
2314027,1,CS 111,2,9.0,AB
2314027,1,EC 101,4,4.0,DD
2314027,1,EC 111,2,9.0,AB
2314027,1,MA 101,4,6.0,CC
2314027,1,ME 111,2,8.0,BB
2314028,1,CE 102,3,8.0,BB
2314028,1,CH 101,4,7.0,BC
2314028,1,CH 111,2,10.0,AA
2314028,1,CS 101,4,9.0,AB
2314028,1,CS 111,2,10.0,AA
2314028,1,EC 101,4,5.0,CD
2314028,1,EC 111,2,9.0,AB
2314028,1,MA 101,4,4.0,DD
2314028,1,ME 111,2,7.0,BC
2314029,1,CE 102,3,9.0,AB
2314029,1,CH 101,4,7.0,BC
2314029,1,CH 111,2,10.0,AA
2314029,1,CS 101,4,8.0,BB
2314029,1,CS 111,2,10.0,AA
2314029,1,EC 101,4,5.0,CD
2314029,1,EC 111,2,10.0,AA
2314029,1,MA 101,4,4.0,DD
2314029,1,ME 111,2,9.0,AB
2314030,1,CE 102,3,10.0,AA
2314030,1,CH 101,4,10.0,AA
2314030,1,CH 111,2,10.0,AA
2314030,1,CS 101,4,8.0,BB
2314030,1,CS 111,2,10.0,AA
2314030,1,EC 101,4,8.0,BB
2314030,1,EC 111,2,9.0,AB
2314030,1,MA 101,4,9.0,AB
2314030,1,ME 111,2,8.0,BB
2314031,1,CE 102,3,9.0,AB
2314031,1,CH 101,4,9.0,AB
2314031,1,CH 111,2,10.0,AA
2314031,1,CS 101,4,6.0,CC
2314031,1,CS 111,2,10.0,AA
2314031,1,EC 101,4,5.0,CD
2314031,1,EC 111,2,8.0,BB
2314031,1,MA 101,4,7.0,BC
2314031,1,ME 111,2,8.0,BB
2314032,1,CE 102,3,10.0,AA
2314032,1,CH 101,4,8.0,BB
2314032,1,CH 111,2,9.0,AB
2314032,1,CS 101,4,8.0,BB
2314032,1,CS 111,2,10.0,AA
2314032,1,EC 101,4,7.0,BC
2314032,1,EC 111,2,9.0,AB
2314032,1,MA 101,4,6.0,CC
2314032,1,ME 111,2,9.0,AB
2314033,1,CE 102,3,7.0,BC
2314033,1,CH 101,4,6.0,CC
2314033,1,CH 111,2,10.0,AA
2314033,1,CS 101,4,6.0,CC
2314033,1,CS 111,2,10.0,AA
2314033,1,EC 101,4,6.0,CC
2314033,1,EC 111,2,9.0,AB
2314033,1,MA 101,4,6.0,CC
2314033,1,ME 111,2,9.0,AB
2314034,1,CE 102,3,10.0,AA
2314034,1,CH 101,4,9.0,AB
2314034,1,CH 111,2,10.0,AA
2314034,1,CS 101,4,9.0,AB
2314034,1,CS 111,2,10.0,AA
2314034,1,EC 101,4,6.0,CC
2314034,1,EC 111,2,9.0,AB
2314034,1,MA 101,4,4.0,DD
2314034,1,ME 111,2,10.0,AA
2314035,1,CE 102,3,9.0,AB
2314035,1,CH 101,4,7.0,BC
2314035,1,CH 111,2,10.0,AA
2314035,1,CS 101,4,9.0,AB
2314035,1,CS 111,2,10.0,AA
2314035,1,EC 101,4,6.0,CC
2314035,1,EC 111,2,8.0,BB
2314035,1,MA 101,4,7.0,BC
2314035,1,ME 111,2,7.0,BC
2314036,1,CE 102,3,9.0,AB
2314036,1,CH 101,4,10.0,AA
2314036,1,CH 111,2,10.0,AA
2314036,1,CS 101,4,9.0,AB
2314036,1,CS 111,2,10.0,AA
2314036,1,EC 101,4,9.0,AB
2314036,1,EC 111,2,9.0,AB
2314036,1,MA 101,4,6.0,CC
2314036,1,ME 111,2,8.0,BB
2314037,1,CE 102,3,9.0,AB
2314037,1,CH 101,4,10.0,AA
2314037,1,CH 111,2,10.0,AA
2314037,1,CS 101,4,10.0,AA
2314037,1,CS 111,2,10.0,AA
2314037,1,EC 101,4,7.0,BC
2314037,1,EC 111,2,9.0,AB
2314037,1,MA 101,4,6.0,CC
2314037,1,ME 111,2,10.0,AA
2314038,1,CE 102,3,9.0,AB
2314038,1,CH 101,4,9.0,AB
2314038,1,CH 111,2,10.0,AA
2314038,1,CS 101,4,10.0,AA
2314038,1,CS 111,2,10.0,AA
2314038,1,EC 101,4,9.0,AB
2314038,1,EC 111,2,10.0,AA
2314038,1,MA 101,4,7.0,BC
2314038,1,ME 111,2,10.0,AA
2314039,1,CE 102,3,0.0,F
2314039,1,CH 101,4,0.0,F
2314039,1,CH 111,2,0.0,F
2314039,1,CS 101,4,0.0,F
2314039,1,CS 111,2,0.0,F
2314039,1,EC 101,4,0.0,F
2314039,1,EC 111,2,0.0,F
2314039,1,MA 101,4,0.0,F
2314039,1,ME 111,2,0.0,F
2314040,1,CE 102,3,9.0,AB
2314040,1,CH 101,4,7.0,BC
2314040,1,CH 111,2,10.0,AA
2314040,1,CS 101,4,7.0,BC
2314040,1,CS 111,2,10.0,AA
2314040,1,EC 101,4,6.0,CC
2314040,1,EC 111,2,9.0,AB
2314040,1,MA 101,4,4.0,DD
2314040,1,ME 111,2,8.0,BB
2314041,1,CE 102,3,8.0,BB
2314041,1,CH 101,4,8.0,BB
2314041,1,CH 111,2,10.0,AA
2314041,1,CS 101,4,9.0,AB
2314041,1,CS 111,2,10.0,AA
2314041,1,EC 101,4,6.0,CC
2314041,1,EC 111,2,8.0,BB
2314041,1,MA 101,4,6.0,CC
2314041,1,ME 111,2,7.0,BC
2314042,1,CE 102,3,7.0,BC
2314042,1,CH 101,4,5.0,CD
2314042,1,CH 111,2,10.0,AA
2314042,1,CS 101,4,6.0,CC
2314042,1,CS 111,2,8.0,BB
2314042,1,EC 101,4,0.0,F
2314042,1,EC 111,2,9.0,AB
2314042,1,MA 101,4,0.0,F
2314042,1,ME 111,2,8.0,BB
2314043,1,CE 102,3,9.0,AB
2314043,1,CH 101,4,6.0,CC
2314043,1,CH 111,2,9.0,AB
2314043,1,CS 101,4,8.0,BB
2314043,1,CS 111,2,10.0,AA
2314043,1,EC 101,4,5.0,CD
2314043,1,EC 111,2,8.0,BB
2314043,1,MA 101,4,5.0,CD
2314043,1,ME 111,2,8.0,BB
2314044,1,CE 102,3,9.0,AB
2314044,1,CH 101,4,10.0,AA
2314044,1,CH 111,2,10.0,AA
2314044,1,CS 101,4,9.0,AB
2314044,1,CS 111,2,10.0,AA
2314044,1,EC 101,4,8.0,BB
2314044,1,EC 111,2,9.0,AB
2314044,1,MA 101,4,8.0,BB
2314044,1,ME 111,2,10.0,AA
2314045,1,CE 102,3,9.0,AB
2314045,1,CH 101,4,9.0,AB
2314045,1,CH 111,2,10.0,AA
2314045,1,CS 101,4,8.0,BB
2314045,1,CS 111,2,10.0,AA
2314045,1,EC 101,4,7.0,BC
2314045,1,EC 111,2,10.0,AA
2314045,1,MA 101,4,8.0,BB
2314045,1,ME 111,2,9.0,AB
2314046,1,CE 102,3,8.0,BB
2314046,1,CH 101,4,9.0,AB
2314046,1,CH 111,2,10.0,AA
2314046,1,CS 101,4,8.0,BB
2314046,1,CS 111,2,10.0,AA
2314046,1,EC 101,4,7.0,BC
2314046,1,EC 111,2,10.0,AA
2314046,1,MA 101,4,9.0,AB
2314046,1,ME 111,2,9.0,AB
2314047,1,CE 102,3,9.0,AB
2314047,1,CH 101,4,8.0,BB
2314047,1,CH 111,2,9.0,AB
2314047,1,CS 101,4,7.0,BC
2314047,1,CS 111,2,10.0,AA
2314047,1,EC 101,4,7.0,BC
2314047,1,EC 111,2,10.0,AA
2314047,1,MA 101,4,5.0,CD
2314047,1,ME 111,2,9.0,AB
2314048,1,CE 102,3,9.0,AB
2314048,1,CH 101,4,7.0,BC
2314048,1,CH 111,2,10.0,AA
2314048,1,CS 101,4,7.0,BC
2314048,1,CS 111,2,10.0,AA
2314048,1,EC 101,4,8.0,BB
2314048,1,EC 111,2,10.0,AA
2314048,1,MA 101,4,6.0,CC
2314048,1,ME 111,2,9.0,AB
2314049,1,CE 102,3,9.0,AB
2314049,1,CH 101,4,8.0,BB
2314049,1,CH 111,2,9.0,AB
2314049,1,CS 101,4,8.0,BB
2314049,1,CS 111,2,10.0,AA
2314049,1,EC 101,4,7.0,BC
2314049,1,EC 111,2,9.0,AB
2314049,1,MA 101,4,6.0,CC
2314049,1,ME 111,2,10.0,AA
2314050,1,CE 102,3,9.0,AB
2314050,1,CH 101,4,9.0,AB
2314050,1,CH 111,2,10.0,AA
2314050,1,CS 101,4,8.0,BB
2314050,1,CS 111,2,9.0,AB
2314050,1,EC 101,4,6.0,CC
2314050,1,EC 111,2,10.0,AA
2314050,1,MA 101,4,7.0,BC
2314050,1,ME 111,2,8.0,BB
2314051,1,CE 102,3,9.0,AB
2314051,1,CH 101,4,9.0,AB
2314051,1,CH 111,2,9.0,AB
2314051,1,CS 101,4,10.0,AA
2314051,1,CS 111,2,10.0,AA
2314051,1,EC 101,4,6.0,CC
2314051,1,EC 111,2,10.0,AA
2314051,1,MA 101,4,6.0,CC
2314051,1,ME 111,2,9.0,AB
2314052,1,CE 102,3,9.0,AB
2314052,1,CH 101,4,7.0,BC
2314052,1,CH 111,2,9.0,AB
2314052,1,CS 101,4,8.0,BB
2314052,1,CS 111,2,10.0,AA
2314052,1,EC 101,4,4.0,DD
2314052,1,EC 111,2,10.0,AA
2314052,1,MA 101,4,4.0,DD
2314052,1,ME 111,2,8.0,BB
2314054,1,CE 102,3,9.0,AB
2314054,1,CH 101,4,9.0,AB
2314054,1,CH 111,2,10.0,AA
2314054,1,CS 101,4,6.0,CC
2314054,1,CS 111,2,10.0,AA
2314054,1,EC 101,4,8.0,BB
2314054,1,EC 111,2,9.0,AB
2314054,1,MA 101,4,8.0,BB
2314054,1,ME 111,2,8.0,BB
2314055,1,CE 102,3,9.0,AB
2314055,1,CH 101,4,8.0,BB
2314055,1,CH 111,2,10.0,AA
2314055,1,CS 101,4,8.0,BB
2314055,1,CS 111,2,8.0,BB
2314055,1,EC 101,4,6.0,CC
2314055,1,EC 111,2,9.0,AB
2314055,1,MA 101,4,8.0,BB
2314055,1,ME 111,2,6.0,CC
2314056,1,CE 102,3,9.0,AB
2314056,1,CH 101,4,6.0,CC
2314056,1,CH 111,2,10.0,AA
2314056,1,CS 101,4,8.0,BB
2314056,1,CS 111,2,10.0,AA
2314056,1,EC 101,4,5.0,CD
2314056,1,EC 111,2,9.0,AB
2314056,1,MA 101,4,4.0,DD
2314056,1,ME 111,2,9.0,AB
2314057,1,CE 102,3,8.0,BB
2314057,1,CH 101,4,7.0,BC
2314057,1,CH 111,2,10.0,AA
2314057,1,CS 101,4,7.0,BC
2314057,1,CS 111,2,10.0,AA
2314057,1,EC 101,4,4.0,DD
2314057,1,EC 111,2,8.0,BB
2314057,1,MA 101,4,5.0,CD
2314057,1,ME 111,2,8.0,BB
2314058,1,CE 102,3,8.0,BB
2314058,1,CH 101,4,9.0,AB
2314058,1,CH 111,2,9.0,AB
2314058,1,CS 101,4,8.0,BB
2314058,1,CS 111,2,10.0,AA
2314058,1,EC 101,4,8.0,BB
2314058,1,EC 111,2,8.0,BB
2314058,1,MA 101,4,9.0,AB
2314058,1,ME 111,2,6.0,CC
2314059,1,CE 102,3,9.0,AB
2314059,1,CH 101,4,9.0,AB
2314059,1,CH 111,2,10.0,AA
2314059,1,CS 101,4,10.0,AA
2314059,1,CS 111,2,9.0,AB
2314059,1,EC 101,4,6.0,CC
2314059,1,EC 111,2,10.0,AA
2314059,1,MA 101,4,9.0,AB
2314059,1,ME 111,2,9.0,AB
2314060,1,CE 102,3,8.0,BB
2314060,1,CH 101,4,8.0,BB
2314060,1,CH 111,2,9.0,AB
2314060,1,CS 101,4,8.0,BB
2314060,1,CS 111,2,9.0,AB
2314060,1,EC 101,4,4.0,DD
2314060,1,EC 111,2,8.0,BB
2314060,1,MA 101,4,6.0,CC
2314060,1,ME 111,2,8.0,BB
2314061,1,CE 102,3,8.0,BB
2314061,1,CH 101,4,6.0,CC
2314061,1,CH 111,2,9.0,AB
2314061,1,CS 101,4,8.0,BB
2314061,1,CS 111,2,10.0,AA
2314061,1,EC 101,4,4.0,DD
2314061,1,EC 111,2,9.0,AB
2314061,1,MA 101,4,4.0,DD
2314061,1,ME 111,2,8.0,BB
2314062,1,CE 102,3,10.0,AA
2314062,1,CH 101,4,9.0,AB
2314062,1,CH 111,2,10.0,AA
2314062,1,CS 101,4,10.0,AA
2314062,1,CS 111,2,10.0,AA
2314062,1,EC 101,4,8.0,BB
2314062,1,EC 111,2,10.0,AA
2314062,1,MA 101,4,9.0,AB
2314062,1,ME 111,2,10.0,AA
2314063,1,CE 102,3,10.0,AA
2314063,1,CH 101,4,9.0,AB
2314063,1,CH 111,2,10.0,AA
2314063,1,CS 101,4,10.0,AA
2314063,1,CS 111,2,10.0,AA
2314063,1,EC 101,4,5.0,CD
2314063,1,EC 111,2,10.0,AA
2314063,1,MA 101,4,8.0,BB
2314063,1,ME 111,2,10.0,AA
2314064,1,CE 102,3,9.0,AB
2314064,1,CH 101,4,10.0,AA
2314064,1,CH 111,2,10.0,AA
2314064,1,CS 101,4,8.0,BB
2314064,1,CS 111,2,10.0,AA
2314064,1,EC 101,4,8.0,BB
2314064,1,EC 111,2,10.0,AA
2314064,1,MA 101,4,9.0,AB
2314064,1,ME 111,2,10.0,AA
2314065,1,CE 102,3,7.0,BC
2314065,1,CH 101,4,5.0,CD
2314065,1,CH 111,2,9.0,AB
2314065,1,CS 101,4,6.0,CC
2314065,1,CS 111,2,9.0,AB
2314065,1,EC 101,4,4.0,DD
2314065,1,EC 111,2,9.0,AB
2314065,1,MA 101,4,0.0,F
2314065,1,ME 111,2,8.0,BB
2314066,1,CE 102,3,9.0,AB
2314066,1,CH 101,4,9.0,AB
2314066,1,CH 111,2,10.0,AA
2314066,1,CS 101,4,9.0,AB
2314066,1,CS 111,2,10.0,AA
2314066,1,EC 101,4,7.0,BC
2314066,1,EC 111,2,10.0,AA
2314066,1,MA 101,4,6.0,CC
2314066,1,ME 111,2,8.0,BB
2314067,1,CE 102,3,9.0,AB
2314067,1,CH 101,4,8.0,BB
2314067,1,CH 111,2,10.0,AA
2314067,1,CS 101,4,10.0,AA
2314067,1,CS 111,2,10.0,AA
2314067,1,EC 101,4,6.0,CC
2314067,1,EC 111,2,9.0,AB
2314067,1,MA 101,4,8.0,BB
2314067,1,ME 111,2,9.0,AB
2314068,1,CE 102,3,9.0,AB
2314068,1,CH 101,4,8.0,BB
2314068,1,CH 111,2,10.0,AA
2314068,1,CS 101,4,8.0,BB
2314068,1,CS 111,2,10.0,AA
2314068,1,EC 101,4,7.0,BC
2314068,1,EC 111,2,10.0,AA
2314068,1,MA 101,4,6.0,CC
2314068,1,ME 111,2,9.0,AB
2314069,1,CE 102,3,9.0,AB
2314069,1,CH 101,4,10.0,AA
2314069,1,CH 111,2,10.0,AA
2314069,1,CS 101,4,6.0,CC
2314069,1,CS 111,2,10.0,AA
2314069,1,EC 101,4,7.0,BC
2314069,1,EC 111,2,10.0,AA
2314069,1,MA 101,4,8.0,BB
2314069,1,ME 111,2,8.0,BB
2314070,1,CE 102,3,5.0,CD
2314070,1,CH 101,4,6.0,CC
2314070,1,CH 111,2,10.0,AA
2314070,1,CS 101,4,7.0,BC
2314070,1,CS 111,2,10.0,AA
2314070,1,EC 101,4,6.0,CC
2314070,1,EC 111,2,9.0,AB
2314070,1,MA 101,4,7.0,BC
2314070,1,ME 111,2,10.0,AA
2314071,1,CE 102,3,8.0,BB
2314071,1,CH 101,4,9.0,AB
2314071,1,CH 111,2,10.0,AA
2314071,1,CS 101,4,7.0,BC
2314071,1,CS 111,2,10.0,AA
2314071,1,EC 101,4,7.0,BC
2314071,1,EC 111,2,10.0,AA
2314071,1,MA 101,4,7.0,BC
2314071,1,ME 111,2,8.0,BB
2314072,1,CE 102,3,9.0,AB
2314072,1,CH 101,4,5.0,CD
2314072,1,CH 111,2,9.0,AB
2314072,1,CS 101,4,6.0,CC
2314072,1,CS 111,2,10.0,AA
2314072,1,EC 101,4,0.0,F
2314072,1,EC 111,2,9.0,AB
2314072,1,MA 101,4,0.0,F
2314072,1,ME 111,2,9.0,AB
2314073,1,CE 102,3,8.0,BB
2314073,1,CH 101,4,8.0,BB
2314073,1,CH 111,2,9.0,AB
2314073,1,CS 101,4,9.0,AB
2314073,1,CS 111,2,10.0,AA
2314073,1,EC 101,4,5.0,CD
2314073,1,EC 111,2,10.0,AA
2314073,1,MA 101,4,8.0,BB
2314073,1,ME 111,2,9.0,AB
2314074,1,CE 102,3,7.0,BC
2314074,1,CH 101,4,6.0,CC
2314074,1,CH 111,2,9.0,AB
2314074,1,CS 101,4,7.0,BC
2314074,1,CS 111,2,10.0,AA
2314074,1,EC 101,4,4.0,DD
2314074,1,EC 111,2,9.0,AB
2314074,1,MA 101,4,4.0,DD
2314074,1,ME 111,2,8.0,BB
2314075,1,CE 102,3,9.0,AB
2314075,1,CH 101,4,7.0,BC
2314075,1,CH 111,2,9.0,AB
2314075,1,CS 101,4,7.0,BC
2314075,1,CS 111,2,10.0,AA
2314075,1,EC 101,4,4.0,DD
2314075,1,EC 111,2,9.0,AB
2314075,1,MA 101,4,4.0,DD
2314075,1,ME 111,2,9.0,AB
2314076,1,CE 102,3,9.0,AB
2314076,1,CH 101,4,7.0,BC
2314076,1,CH 111,2,10.0,AA
2314076,1,CS 101,4,10.0,AA
2314076,1,CS 111,2,10.0,AA
2314076,1,EC 101,4,7.0,BC
2314076,1,EC 111,2,9.0,AB
2314076,1,MA 101,4,8.0,BB
2314076,1,ME 111,2,6.0,CC
2314077,1,CE 102,3,10.0,AA
2314077,1,CH 101,4,9.0,AB
2314077,1,CH 111,2,10.0,AA
2314077,1,CS 101,4,8.0,BB
2314077,1,CS 111,2,10.0,AA
2314077,1,EC 101,4,7.0,BC
2314077,1,EC 111,2,9.0,AB
2314077,1,MA 101,4,6.0,CC
2314077,1,ME 111,2,9.0,AB
2314078,1,CE 102,3,9.0,AB
2314078,1,CH 101,4,6.0,CC
2314078,1,CH 111,2,9.0,AB
2314078,1,CS 101,4,7.0,BC
2314078,1,CS 111,2,10.0,AA
2314078,1,EC 101,4,4.0,DD
2314078,1,EC 111,2,8.0,BB
2314078,1,MA 101,4,6.0,CC
2314078,1,ME 111,2,9.0,AB
2314079,1,CE 102,3,9.0,AB
2314079,1,CH 101,4,10.0,AA
2314079,1,CH 111,2,10.0,AA
2314079,1,CS 101,4,9.0,AB
2314079,1,CS 111,2,10.0,AA
2314079,1,EC 101,4,9.0,AB
2314079,1,EC 111,2,10.0,AA
2314079,1,MA 101,4,7.0,BC
2314079,1,ME 111,2,10.0,AA
2314080,1,CE 102,3,8.0,BB
2314080,1,CH 101,4,6.0,CC
2314080,1,CH 111,2,10.0,AA
2314080,1,CS 101,4,8.0,BB
2314080,1,CS 111,2,10.0,AA
2314080,1,EC 101,4,6.0,CC
2314080,1,EC 111,2,9.0,AB
2314080,1,MA 101,4,5.0,CD
2314080,1,ME 111,2,7.0,BC
2314081,1,CE 102,3,7.0,BC
2314081,1,CH 101,4,6.0,CC
2314081,1,CH 111,2,9.0,AB
2314081,1,CS 101,4,6.0,CC
2314081,1,CS 111,2,8.0,BB
2314081,1,EC 101,4,0.0,F
2314081,1,EC 111,2,8.0,BB
2314081,1,MA 101,4,0.0,F
2314081,1,ME 111,2,8.0,BB
2314082,1,CE 102,3,9.0,AB
2314082,1,CH 101,4,7.0,BC
2314082,1,CH 111,2,9.0,AB
2314082,1,CS 101,4,8.0,BB
2314082,1,CS 111,2,10.0,AA
2314082,1,EC 101,4,6.0,CC
2314082,1,EC 111,2,9.0,AB
2314082,1,MA 101,4,5.0,CD
2314082,1,ME 111,2,8.0,BB
2314083,1,CE 102,3,10.0,AA
2314083,1,CH 101,4,9.0,AB
2314083,1,CH 111,2,10.0,AA
2314083,1,CS 101,4,10.0,AA
2314083,1,CS 111,2,10.0,AA
2314083,1,EC 101,4,7.0,BC
2314083,1,EC 111,2,9.0,AB
2314083,1,MA 101,4,6.0,CC
2314083,1,ME 111,2,9.0,AB
2314084,1,CE 102,3,9.0,AB
2314084,1,CH 101,4,7.0,BC
2314084,1,CH 111,2,10.0,AA
2314084,1,CS 101,4,8.0,BB
2314084,1,CS 111,2,10.0,AA
2314084,1,EC 101,4,4.0,DD
2314084,1,EC 111,2,8.0,BB
2314084,1,MA 101,4,7.0,BC
2314084,1,ME 111,2,8.0,BB
2314085,1,CE 102,3,10.0,AA
2314085,1,CH 101,4,10.0,AA
2314085,1,CH 111,2,10.0,AA
2314085,1,CS 101,4,10.0,AA
2314085,1,CS 111,2,8.0,BB
2314085,1,EC 101,4,5.0,CD
2314085,1,EC 111,2,9.0,AB
2314085,1,MA 101,4,6.0,CC
2314085,1,ME 111,2,8.0,BB
2314086,1,CE 102,3,9.0,AB
2314086,1,CH 101,4,8.0,BB
2314086,1,CH 111,2,9.0,AB
2314086,1,CS 101,4,6.0,CC
2314086,1,CS 111,2,7.0,BC
2314086,1,EC 101,4,8.0,BB
2314086,1,EC 111,2,9.0,AB
2314086,1,MA 101,4,5.0,CD
2314086,1,ME 111,2,8.0,BB
2314087,1,CE 102,3,8.0,BB
2314087,1,CH 101,4,7.0,BC
2314087,1,CH 111,2,9.0,AB
2314087,1,CS 101,4,5.0,CD
2314087,1,CS 111,2,7.0,BC
2314087,1,EC 101,4,7.0,BC
2314087,1,EC 111,2,9.0,AB
2314087,1,MA 101,4,6.0,CC
2314087,1,ME 111,2,9.0,AB
2314088,1,CE 102,3,8.0,BB
2314088,1,CH 101,4,9.0,AB
2314088,1,CH 111,2,9.0,AB
2314088,1,CS 101,4,7.0,BC
2314088,1,CS 111,2,8.0,BB
2314088,1,EC 101,4,7.0,BC
2314088,1,EC 111,2,9.0,AB
2314088,1,MA 101,4,6.0,CC
2314088,1,ME 111,2,9.0,AB
2314089,1,CE 102,3,8.0,BB
2314089,1,CH 101,4,8.0,BB
2314089,1,CH 111,2,9.0,AB
2314089,1,CS 101,4,7.0,BC
2314089,1,CS 111,2,8.0,BB
2314089,1,EC 101,4,6.0,CC
2314089,1,EC 111,2,8.0,BB
2314089,1,MA 101,4,5.0,CD
2314089,1,ME 111,2,9.0,AB
2314090,1,CE 102,3,6.0,CC
2314090,1,CH 101,4,6.0,CC
2314090,1,CH 111,2,9.0,AB
2314090,1,CS 101,4,5.0,CD
2314090,1,CS 111,2,5.0,CD
2314090,1,EC 101,4,7.0,BC
2314090,1,EC 111,2,9.0,AB
2314090,1,MA 101,4,5.0,CD
2314090,1,ME 111,2,8.0,BB
2314091,1,CE 102,3,8.0,BB
2314091,1,CH 101,4,6.0,CC
2314091,1,CH 111,2,8.0,BB
2314091,1,CS 101,4,8.0,BB
2314091,1,CS 111,2,8.0,BB
2314091,1,EC 101,4,8.0,BB
2314091,1,EC 111,2,9.0,AB
2314091,1,MA 101,4,0.0,F
2314091,1,ME 111,2,6.0,CC
2314092,1,CE 102,3,8.0,BB
2314092,1,CH 101,4,9.0,AB
2314092,1,CH 111,2,9.0,AB
2314092,1,CS 101,4,7.0,BC
2314092,1,CS 111,2,8.0,BB
2314092,1,EC 101,4,10.0,AA
2314092,1,EC 111,2,9.0,AB
2314092,1,MA 101,4,7.0,BC
2314092,1,ME 111,2,8.0,BB
2314093,1,CE 102,3,9.0,AB
2314093,1,CH 101,4,9.0,AB
2314093,1,CH 111,2,8.0,BB
2314093,1,CS 101,4,7.0,BC
2314093,1,CS 111,2,9.0,AB
2314093,1,EC 101,4,9.0,AB
2314093,1,EC 111,2,9.0,AB
2314093,1,MA 101,4,6.0,CC
2314093,1,ME 111,2,8.0,BB
2314094,1,CE 102,3,9.0,AB
2314094,1,CH 101,4,10.0,AA
2314094,1,CH 111,2,10.0,AA
2314094,1,CS 101,4,7.0,BC
2314094,1,CS 111,2,8.0,BB
2314094,1,EC 101,4,8.0,BB
2314094,1,EC 111,2,9.0,AB
2314094,1,MA 101,4,7.0,BC
2314094,1,ME 111,2,9.0,AB
2314095,1,CE 102,3,9.0,AB
2314095,1,CH 101,4,8.0,BB
2314095,1,CH 111,2,9.0,AB
2314095,1,CS 101,4,8.0,BB
2314095,1,CS 111,2,9.0,AB
2314095,1,EC 101,4,7.0,BC
2314095,1,EC 111,2,9.0,AB
2314095,1,MA 101,4,6.0,CC
2314095,1,ME 111,2,9.0,AB
2314096,1,CE 102,3,9.0,AB
2314096,1,CH 101,4,10.0,AA
2314096,1,CH 111,2,9.0,AB
2314096,1,CS 101,4,8.0,BB
2314096,1,CS 111,2,8.0,BB
2314096,1,EC 101,4,8.0,BB
2314096,1,EC 111,2,10.0,AA
2314096,1,MA 101,4,6.0,CC
2314096,1,ME 111,2,9.0,AB
2314097,1,CE 102,3,9.0,AB
2314097,1,CH 101,4,8.0,BB
2314097,1,CH 111,2,10.0,AA
2314097,1,CS 101,4,7.0,BC
2314097,1,CS 111,2,9.0,AB
2314097,1,EC 101,4,8.0,BB
2314097,1,EC 111,2,10.0,AA
2314097,1,MA 101,4,8.0,BB
2314097,1,ME 111,2,9.0,AB
2314098,1,CE 102,3,10.0,AA
2314098,1,CH 101,4,10.0,AA
2314098,1,CH 111,2,9.0,AB
2314098,1,CS 101,4,7.0,BC
2314098,1,CS 111,2,9.0,AB
2314098,1,EC 101,4,8.0,BB
2314098,1,EC 111,2,10.0,AA
2314098,1,MA 101,4,8.0,BB
2314098,1,ME 111,2,9.0,AB
2314099,1,CE 102,3,9.0,AB
2314099,1,CH 101,4,5.0,CD
2314099,1,CH 111,2,8.0,BB
2314099,1,CS 101,4,5.0,CD
2314099,1,CS 111,2,8.0,BB
2314099,1,EC 101,4,4.0,DD
2314099,1,EC 111,2,9.0,AB
2314099,1,MA 101,4,0.0,F
2314099,1,ME 111,2,8.0,BB
2314100,1,CE 102,3,9.0,AB
2314100,1,CH 101,4,9.0,AB
2314100,1,CH 111,2,8.0,BB
2314100,1,CS 101,4,5.0,CD
2314100,1,CS 111,2,8.0,BB
2314100,1,EC 101,4,6.0,CC
2314100,1,EC 111,2,10.0,AA
2314100,1,MA 101,4,6.0,CC
2314100,1,ME 111,2,8.0,BB
2314101,1,CE 102,3,9.0,AB
2314101,1,CH 101,4,9.0,AB
2314101,1,CH 111,2,10.0,AA
2314101,1,CS 101,4,8.0,BB
2314101,1,CS 111,2,10.0,AA
2314101,1,EC 101,4,10.0,AA
2314101,1,EC 111,2,9.0,AB
2314101,1,MA 101,4,10.0,AA
2314101,1,ME 111,2,10.0,AA
2314102,1,CE 102,3,6.0,CC
2314102,1,CH 101,4,5.0,CD
2314102,1,CH 111,2,9.0,AB
2314102,1,CS 101,4,4.0,DD
2314102,1,CS 111,2,7.0,BC
2314102,1,EC 101,4,5.0,CD
2314102,1,EC 111,2,9.0,AB
2314102,1,MA 101,4,0.0,F
2314102,1,ME 111,2,9.0,AB
2314103,1,CE 102,3,6.0,CC
2314103,1,CH 101,4,4.0,DD
2314103,1,CH 111,2,9.0,AB
2314103,1,CS 101,4,5.0,CD
2314103,1,CS 111,2,8.0,BB
2314103,1,EC 101,4,5.0,CD
2314103,1,EC 111,2,8.0,BB
2314103,1,MA 101,4,5.0,CD
2314103,1,ME 111,2,8.0,BB
2314104,1,CE 102,3,9.0,AB
2314104,1,CH 101,4,8.0,BB
2314104,1,CH 111,2,10.0,AA
2314104,1,CS 101,4,7.0,BC
2314104,1,CS 111,2,8.0,BB
2314104,1,EC 101,4,7.0,BC
2314104,1,EC 111,2,9.0,AB
2314104,1,MA 101,4,8.0,BB
2314104,1,ME 111,2,8.0,BB
2314105,1,CE 102,3,7.0,BC
2314105,1,CH 101,4,6.0,CC
2314105,1,CH 111,2,9.0,AB
2314105,1,CS 101,4,6.0,CC
2314105,1,CS 111,2,8.0,BB
2314105,1,EC 101,4,7.0,BC
2314105,1,EC 111,2,9.0,AB
2314105,1,MA 101,4,6.0,CC
2314105,1,ME 111,2,8.0,BB
2314106,1,CE 102,3,8.0,BB
2314106,1,CH 101,4,9.0,AB
2314106,1,CH 111,2,9.0,AB
2314106,1,CS 101,4,8.0,BB
2314106,1,CS 111,2,9.0,AB
2314106,1,EC 101,4,9.0,AB
2314106,1,EC 111,2,10.0,AA
2314106,1,MA 101,4,9.0,AB
2314106,1,ME 111,2,9.0,AB
2314107,1,CE 102,3,8.0,BB
2314107,1,CH 101,4,8.0,BB
2314107,1,CH 111,2,10.0,AA
2314107,1,CS 101,4,6.0,CC
2314107,1,CS 111,2,8.0,BB
2314107,1,EC 101,4,9.0,AB
2314107,1,EC 111,2,9.0,AB
2314107,1,MA 101,4,6.0,CC
2314107,1,ME 111,2,8.0,BB
2314108,1,CE 102,3,8.0,BB
2314108,1,CH 101,4,9.0,AB
2314108,1,CH 111,2,10.0,AA
2314108,1,CS 101,4,5.0,CD
2314108,1,CS 111,2,8.0,BB
2314108,1,EC 101,4,8.0,BB
2314108,1,EC 111,2,9.0,AB
2314108,1,MA 101,4,8.0,BB
2314108,1,ME 111,2,9.0,AB
2314109,1,CE 102,3,7.0,BC
2314109,1,CH 101,4,5.0,CD
2314109,1,CH 111,2,8.0,BB
2314109,1,CS 101,4,4.0,DD
2314109,1,CS 111,2,8.0,BB
2314109,1,EC 101,4,5.0,CD
2314109,1,EC 111,2,9.0,AB
2314109,1,MA 101,4,4.0,DD
2314109,1,ME 111,2,8.0,BB
2314110,1,CE 102,3,9.0,AB
2314110,1,CH 101,4,10.0,AA
2314110,1,CH 111,2,9.0,AB
2314110,1,CS 101,4,6.0,CC
2314110,1,CS 111,2,7.0,BC
2314110,1,EC 101,4,9.0,AB
2314110,1,EC 111,2,9.0,AB
2314110,1,MA 101,4,9.0,AB
2314110,1,ME 111,2,9.0,AB
2314111,1,CE 102,3,9.0,AB
2314111,1,CH 101,4,9.0,AB
2314111,1,CH 111,2,10.0,AA
2314111,1,CS 101,4,7.0,BC
2314111,1,CS 111,2,8.0,BB
2314111,1,EC 101,4,8.0,BB
2314111,1,EC 111,2,9.0,AB
2314111,1,MA 101,4,9.0,AB
2314111,1,ME 111,2,8.0,BB
2314112,1,CE 102,3,9.0,AB
2314112,1,CH 101,4,8.0,BB
2314112,1,CH 111,2,10.0,AA
2314112,1,CS 101,4,7.0,BC
2314112,1,CS 111,2,8.0,BB
2314112,1,EC 101,4,9.0,AB
2314112,1,EC 111,2,9.0,AB
2314112,1,MA 101,4,7.0,BC
2314112,1,ME 111,2,9.0,AB
2314113,1,CE 102,3,7.0,BC
2314113,1,CH 101,4,7.0,BC
2314113,1,CH 111,2,9.0,AB
2314113,1,CS 101,4,6.0,CC
2314113,1,CS 111,2,8.0,BB
2314113,1,EC 101,4,7.0,BC
2314113,1,EC 111,2,9.0,AB
2314113,1,MA 101,4,8.0,BB
2314113,1,ME 111,2,8.0,BB
2314114,1,CE 102,3,7.0,BC
2314114,1,CH 101,4,7.0,BC
2314114,1,CH 111,2,10.0,AA
2314114,1,CS 101,4,6.0,CC
2314114,1,CS 111,2,9.0,AB
2314114,1,EC 101,4,7.0,BC
2314114,1,EC 111,2,9.0,AB
2314114,1,MA 101,4,6.0,CC
2314114,1,ME 111,2,8.0,BB
2314115,1,CE 102,3,9.0,AB
2314115,1,CH 101,4,9.0,AB
2314115,1,CH 111,2,10.0,AA
2314115,1,CS 101,4,7.0,BC
2314115,1,CS 111,2,8.0,BB
2314115,1,EC 101,4,8.0,BB
2314115,1,EC 111,2,9.0,AB
2314115,1,MA 101,4,5.0,CD
2314115,1,ME 111,2,7.0,BC
2314116,1,CE 102,3,8.0,BB
2314116,1,CH 101,4,7.0,BC
2314116,1,CH 111,2,9.0,AB
2314116,1,CS 101,4,5.0,CD
2314116,1,CS 111,2,7.0,BC
2314116,1,EC 101,4,5.0,CD
2314116,1,EC 111,2,9.0,AB
2314116,1,MA 101,4,4.0,DD
2314116,1,ME 111,2,8.0,BB
2314117,1,CE 102,3,8.0,BB
2314117,1,CH 101,4,6.0,CC
2314117,1,CH 111,2,8.0,BB
2314117,1,CS 101,4,5.0,CD
2314117,1,CS 111,2,7.0,BC
2314117,1,EC 101,4,5.0,CD
2314117,1,EC 111,2,9.0,AB
2314117,1,MA 101,4,4.0,DD
2314117,1,ME 111,2,9.0,AB
2314118,1,CE 102,3,8.0,BB
2314118,1,CH 101,4,8.0,BB
2314118,1,CH 111,2,8.0,BB
2314118,1,CS 101,4,7.0,BC
2314118,1,CS 111,2,7.0,BC
2314118,1,EC 101,4,8.0,BB
2314118,1,EC 111,2,9.0,AB
2314118,1,MA 101,4,8.0,BB
2314118,1,ME 111,2,8.0,BB
2314119,1,CE 102,3,5.0,CD
2314119,1,CH 101,4,4.0,DD
2314119,1,CH 111,2,8.0,BB
2314119,1,CS 101,4,4.0,DD
2314119,1,CS 111,2,8.0,BB
2314119,1,EC 101,4,4.0,DD
2314119,1,EC 111,2,9.0,AB
2314119,1,MA 101,4,4.0,DD
2314119,1,ME 111,2,7.0,BC
2314120,1,CE 102,3,7.0,BC
2314120,1,CH 101,4,6.0,CC
2314120,1,CH 111,2,10.0,AA
2314120,1,CS 101,4,5.0,CD
2314120,1,CS 111,2,7.0,BC
2314120,1,EC 101,4,7.0,BC
2314120,1,EC 111,2,9.0,AB
2314120,1,MA 101,4,7.0,BC
2314120,1,ME 111,2,9.0,AB
2314121,1,CE 102,3,8.0,BB
2314121,1,CH 101,4,7.0,BC
2314121,1,CH 111,2,9.0,AB
2314121,1,CS 101,4,6.0,CC
2314121,1,CS 111,2,7.0,BC
2314121,1,EC 101,4,6.0,CC
2314121,1,EC 111,2,9.0,AB
2314121,1,MA 101,4,4.0,DD
2314121,1,ME 111,2,8.0,BB
2314122,1,CE 102,3,9.0,AB
2314122,1,CH 101,4,9.0,AB
2314122,1,CH 111,2,8.0,BB
2314122,1,CS 101,4,9.0,AB
2314122,1,CS 111,2,10.0,AA
2314122,1,EC 101,4,8.0,BB
2314122,1,EC 111,2,9.0,AB
2314122,1,MA 101,4,9.0,AB
2314122,1,ME 111,2,7.0,BC
2314123,1,CE 102,3,8.0,BB
2314123,1,CH 101,4,5.0,CD
2314123,1,CH 111,2,8.0,BB
2314123,1,CS 101,4,6.0,CC
2314123,1,CS 111,2,7.0,BC
2314123,1,EC 101,4,6.0,CC
2314123,1,EC 111,2,9.0,AB
2314123,1,MA 101,4,5.0,CD
2314123,1,ME 111,2,6.0,CC
2314124,1,CE 102,3,10.0,AA
2314124,1,CH 101,4,9.0,AB
2314124,1,CH 111,2,8.0,BB
2314124,1,CS 101,4,9.0,AB
2314124,1,CS 111,2,9.0,AB
2314124,1,EC 101,4,9.0,AB
2314124,1,EC 111,2,9.0,AB
2314124,1,MA 101,4,9.0,AB
2314124,1,ME 111,2,9.0,AB
2314125,1,CE 102,3,8.0,BB
2314125,1,CH 101,4,8.0,BB
2314125,1,CH 111,2,8.0,BB
2314125,1,CS 101,4,7.0,BC
2314125,1,CS 111,2,10.0,AA
2314125,1,EC 101,4,5.0,CD
2314125,1,EC 111,2,10.0,AA
2314125,1,MA 101,4,6.0,CC
2314125,1,ME 111,2,9.0,AB
2314126,1,CE 102,3,8.0,BB
2314126,1,CH 101,4,9.0,AB
2314126,1,CH 111,2,9.0,AB
2314126,1,CS 101,4,7.0,BC
2314126,1,CS 111,2,9.0,AB
2314126,1,EC 101,4,8.0,BB
2314126,1,EC 111,2,8.0,BB
2314126,1,MA 101,4,5.0,CD
2314126,1,ME 111,2,9.0,AB
2314127,1,CE 102,3,7.0,BC
2314127,1,CH 101,4,8.0,BB
2314127,1,CH 111,2,9.0,AB
2314127,1,CS 101,4,7.0,BC
2314127,1,CS 111,2,9.0,AB
2314127,1,EC 101,4,7.0,BC
2314127,1,EC 111,2,8.0,BB
2314127,1,MA 101,4,9.0,AB
2314127,1,ME 111,2,8.0,BB
2314128,1,CE 102,3,8.0,BB
2314128,1,CH 101,4,8.0,BB
2314128,1,CH 111,2,9.0,AB
2314128,1,CS 101,4,6.0,CC
2314128,1,CS 111,2,9.0,AB
2314128,1,EC 101,4,5.0,CD
2314128,1,EC 111,2,8.0,BB
2314128,1,MA 101,4,5.0,CD
2314128,1,ME 111,2,8.0,BB
2314129,1,CE 102,3,8.0,BB
2314129,1,CH 101,4,7.0,BC
2314129,1,CH 111,2,9.0,AB
2314129,1,CS 101,4,6.0,CC
2314129,1,CS 111,2,7.0,BC
2314129,1,EC 101,4,7.0,BC
2314129,1,EC 111,2,8.0,BB
2314129,1,MA 101,4,6.0,CC
2314129,1,ME 111,2,9.0,AB
2314130,1,CE 102,3,9.0,AB
2314130,1,CH 101,4,8.0,BB
2314130,1,CH 111,2,10.0,AA
2314130,1,CS 101,4,6.0,CC
2314130,1,CS 111,2,9.0,AB
2314130,1,EC 101,4,6.0,CC
2314130,1,EC 111,2,9.0,AB
2314130,1,MA 101,4,5.0,CD
2314130,1,ME 111,2,9.0,AB
2314131,1,CE 102,3,7.0,BC
2314131,1,CH 101,4,8.0,BB
2314131,1,CH 111,2,9.0,AB
2314131,1,CS 101,4,9.0,AB
2314131,1,CS 111,2,9.0,AB
2314131,1,EC 101,4,6.0,CC
2314131,1,EC 111,2,10.0,AA
2314131,1,MA 101,4,7.0,BC
2314131,1,ME 111,2,8.0,BB
2314132,1,CE 102,3,5.0,CD
2314132,1,CH 101,4,4.0,DD
2314132,1,CH 111,2,9.0,AB
2314132,1,CS 101,4,4.0,DD
2314132,1,CS 111,2,7.0,BC
2314132,1,EC 101,4,4.0,DD
2314132,1,EC 111,2,8.0,BB
2314132,1,MA 101,4,0.0,F
2314132,1,ME 111,2,8.0,BB
2314133,1,CE 102,3,6.0,CC
2314133,1,CH 101,4,7.0,BC
2314133,1,CH 111,2,9.0,AB
2314133,1,CS 101,4,7.0,BC
2314133,1,CS 111,2,9.0,AB
2314133,1,EC 101,4,8.0,BB
2314133,1,EC 111,2,10.0,AA
2314133,1,MA 101,4,8.0,BB
2314133,1,ME 111,2,10.0,AA
2314134,1,CE 102,3,8.0,BB
2314134,1,CH 101,4,7.0,BC
2314134,1,CH 111,2,10.0,AA
2314134,1,CS 101,4,7.0,BC
2314134,1,CS 111,2,7.0,BC
2314134,1,EC 101,4,6.0,CC
2314134,1,EC 111,2,9.0,AB
2314134,1,MA 101,4,6.0,CC
2314134,1,ME 111,2,9.0,AB
2314135,1,CE 102,3,9.0,AB
2314135,1,CH 101,4,9.0,AB
2314135,1,CH 111,2,10.0,AA
2314135,1,CS 101,4,9.0,AB
2314135,1,CS 111,2,10.0,AA
2314135,1,EC 101,4,9.0,AB
2314135,1,EC 111,2,10.0,AA
2314135,1,MA 101,4,9.0,AB
2314135,1,ME 111,2,10.0,AA
2314136,1,CE 102,3,8.0,BB
2314136,1,CH 101,4,8.0,BB
2314136,1,CH 111,2,9.0,AB
2314136,1,CS 101,4,5.0,CD
2314136,1,CS 111,2,8.0,BB
2314136,1,EC 101,4,6.0,CC
2314136,1,EC 111,2,8.0,BB
2314136,1,MA 101,4,5.0,CD
2314136,1,ME 111,2,8.0,BB
2314137,1,CE 102,3,8.0,BB
2314137,1,CH 101,4,6.0,CC
2314137,1,CH 111,2,10.0,AA
2314137,1,CS 101,4,4.0,DD
2314137,1,CS 111,2,7.0,BC
2314137,1,EC 101,4,5.0,CD
2314137,1,EC 111,2,8.0,BB
2314137,1,MA 101,4,0.0,F
2314137,1,ME 111,2,8.0,BB
2314138,1,CE 102,3,7.0,BC
2314138,1,CH 101,4,7.0,BC
2314138,1,CH 111,2,9.0,AB
2314138,1,CS 101,4,4.0,DD
2314138,1,CS 111,2,8.0,BB
2314138,1,EC 101,4,5.0,CD
2314138,1,EC 111,2,8.0,BB
2314138,1,MA 101,4,5.0,CD
2314138,1,ME 111,2,8.0,BB
2314139,1,CE 102,3,7.0,BC
2314139,1,CH 101,4,8.0,BB
2314139,1,CH 111,2,9.0,AB
2314139,1,CS 101,4,7.0,BC
2314139,1,CS 111,2,8.0,BB
2314139,1,EC 101,4,8.0,BB
2314139,1,EC 111,2,8.0,BB
2314139,1,MA 101,4,7.0,BC
2314139,1,ME 111,2,8.0,BB
2314140,1,CE 102,3,8.0,BB
2314140,1,CH 101,4,7.0,BC
2314140,1,CH 111,2,9.0,AB
2314140,1,CS 101,4,5.0,CD
2314140,1,CS 111,2,6.0,CC
2314140,1,EC 101,4,4.0,DD
2314140,1,EC 111,2,10.0,AA
2314140,1,MA 101,4,4.0,DD
2314140,1,ME 111,2,7.0,BC
2314141,1,CE 102,3,9.0,AB
2314141,1,CH 101,4,9.0,AB
2314141,1,CH 111,2,10.0,AA
2314141,1,CS 101,4,8.0,BB
2314141,1,CS 111,2,9.0,AB
2314141,1,EC 101,4,10.0,AA
2314141,1,EC 111,2,10.0,AA
2314141,1,MA 101,4,7.0,BC
2314141,1,ME 111,2,9.0,AB
2314142,1,CE 102,3,9.0,AB
2314142,1,CH 101,4,8.0,BB
2314142,1,CH 111,2,10.0,AA
2314142,1,CS 101,4,8.0,BB
2314142,1,CS 111,2,9.0,AB
2314142,1,EC 101,4,9.0,AB
2314142,1,EC 111,2,9.0,AB
2314142,1,MA 101,4,8.0,BB
2314142,1,ME 111,2,8.0,BB
2314143,1,CE 102,3,8.0,BB
2314143,1,CH 101,4,7.0,BC
2314143,1,CH 111,2,9.0,AB
2314143,1,CS 101,4,8.0,BB
2314143,1,CS 111,2,9.0,AB
2314143,1,EC 101,4,6.0,CC
2314143,1,EC 111,2,8.0,BB
2314143,1,MA 101,4,7.0,BC
2314143,1,ME 111,2,9.0,AB
2314144,1,CE 102,3,9.0,AB
2314144,1,CH 101,4,10.0,AA
2314144,1,CH 111,2,9.0,AB
2314144,1,CS 101,4,6.0,CC
2314144,1,CS 111,2,9.0,AB
2314144,1,EC 101,4,8.0,BB
2314144,1,EC 111,2,9.0,AB
2314144,1,MA 101,4,9.0,AB
2314144,1,ME 111,2,10.0,AA
2314145,1,CE 102,3,8.0,BB
2314145,1,CH 101,4,8.0,BB
2314145,1,CH 111,2,8.0,BB
2314145,1,CS 101,4,7.0,BC
2314145,1,CS 111,2,7.0,BC
2314145,1,EC 101,4,5.0,CD
2314145,1,EC 111,2,8.0,BB
2314145,1,MA 101,4,4.0,DD
2314145,1,ME 111,2,7.0,BC
2314146,1,CE 102,3,9.0,AB
2314146,1,CH 101,4,8.0,BB
2314146,1,CH 111,2,9.0,AB
2314146,1,CS 101,4,7.0,BC
2314146,1,CS 111,2,9.0,AB
2314146,1,EC 101,4,10.0,AA
2314146,1,EC 111,2,10.0,AA
2314146,1,MA 101,4,7.0,BC
2314146,1,ME 111,2,9.0,AB
2314147,1,CE 102,3,9.0,AB
2314147,1,CH 101,4,8.0,BB
2314147,1,CH 111,2,10.0,AA
2314147,1,CS 101,4,8.0,BB
2314147,1,CS 111,2,9.0,AB
2314147,1,EC 101,4,8.0,BB
2314147,1,EC 111,2,10.0,AA
2314147,1,MA 101,4,8.0,BB
2314147,1,ME 111,2,9.0,AB
2314148,1,CE 102,3,7.0,BC
2314148,1,CH 101,4,8.0,BB
2314148,1,CH 111,2,10.0,AA
2314148,1,CS 101,4,7.0,BC
2314148,1,CS 111,2,9.0,AB
2314148,1,EC 101,4,7.0,BC
2314148,1,EC 111,2,9.0,AB
2314148,1,MA 101,4,7.0,BC
2314148,1,ME 111,2,9.0,AB
2314149,1,CE 102,3,8.0,BB
2314149,1,CH 101,4,9.0,AB
2314149,1,CH 111,2,9.0,AB
2314149,1,CS 101,4,6.0,CC
2314149,1,CS 111,2,8.0,BB
2314149,1,EC 101,4,6.0,CC
2314149,1,EC 111,2,8.0,BB
2314149,1,MA 101,4,7.0,BC
2314149,1,ME 111,2,8.0,BB
2314150,1,CE 102,3,0.0,F
2314150,1,CH 101,4,0.0,F
2314150,1,CH 111,2,9.0,AB
2314150,1,CS 101,4,0.0,F
2314150,1,CS 111,2,5.0,CD
2314150,1,EC 101,4,0.0,F
2314150,1,EC 111,2,0.0,F
2314150,1,MA 101,4,0.0,F
2314150,1,ME 111,2,0.0,F
2314151,1,CE 102,3,9.0,AB
2314151,1,CH 101,4,9.0,AB
2314151,1,CH 111,2,10.0,AA
2314151,1,CS 101,4,7.0,BC
2314151,1,CS 111,2,9.0,AB
2314151,1,EC 101,4,8.0,BB
2314151,1,EC 111,2,9.0,AB
2314151,1,MA 101,4,8.0,BB
2314151,1,ME 111,2,8.0,BB
2314152,1,CE 102,3,8.0,BB
2314152,1,CH 101,4,8.0,BB
2314152,1,CH 111,2,9.0,AB
2314152,1,CS 101,4,6.0,CC
2314152,1,CS 111,2,8.0,BB
2314152,1,EC 101,4,8.0,BB
2314152,1,EC 111,2,8.0,BB
2314152,1,MA 101,4,6.0,CC
2314152,1,ME 111,2,8.0,BB
2314153,1,CE 102,3,8.0,BB
2314153,1,CH 101,4,7.0,BC
2314153,1,CH 111,2,10.0,AA
2314153,1,CS 101,4,7.0,BC
2314153,1,CS 111,2,8.0,BB
2314153,1,EC 101,4,6.0,CC
2314153,1,EC 111,2,8.0,BB
2314153,1,MA 101,4,5.0,CD
2314153,1,ME 111,2,8.0,BB
2314154,1,CE 102,3,10.0,AA
2314154,1,CH 101,4,10.0,AA
2314154,1,CH 111,2,9.0,AB
2314154,1,CS 101,4,7.0,BC
2314154,1,CS 111,2,9.0,AB
2314154,1,EC 101,4,9.0,AB
2314154,1,EC 111,2,9.0,AB
2314154,1,MA 101,4,7.0,BC
2314154,1,ME 111,2,8.0,BB
2314155,1,CE 102,3,7.0,BC
2314155,1,CH 101,4,7.0,BC
2314155,1,CH 111,2,9.0,AB
2314155,1,CS 101,4,6.0,CC
2314155,1,CS 111,2,7.0,BC
2314155,1,EC 101,4,6.0,CC
2314155,1,EC 111,2,10.0,AA
2314155,1,MA 101,4,6.0,CC
2314155,1,ME 111,2,9.0,AB
2314156,1,CE 102,3,8.0,BB
2314156,1,CH 101,4,6.0,CC
2314156,1,CH 111,2,9.0,AB
2314156,1,CS 101,4,4.0,DD
2314156,1,CS 111,2,8.0,BB
2314156,1,EC 101,4,4.0,DD
2314156,1,EC 111,2,10.0,AA
2314156,1,MA 101,4,0.0,F
2314156,1,ME 111,2,9.0,AB
2314157,1,CE 102,3,9.0,AB
2314157,1,CH 101,4,8.0,BB
2314157,1,CH 111,2,9.0,AB
2314157,1,CS 101,4,4.0,DD
2314157,1,CS 111,2,7.0,BC
2314157,1,EC 101,4,7.0,BC
2314157,1,EC 111,2,9.0,AB
2314157,1,MA 101,4,6.0,CC
2314157,1,ME 111,2,9.0,AB
2314158,1,CE 102,3,9.0,AB
2314158,1,CH 101,4,5.0,CD
2314158,1,CH 111,2,10.0,AA
2314158,1,CS 101,4,4.0,DD
2314158,1,CS 111,2,8.0,BB
2314158,1,EC 101,4,4.0,DD
2314158,1,EC 111,2,8.0,BB
2314158,1,MA 101,4,4.0,DD
2314158,1,ME 111,2,9.0,AB
2314159,1,CE 102,3,8.0,BB
2314159,1,CH 101,4,7.0,BC
2314159,1,CH 111,2,9.0,AB
2314159,1,CS 101,4,4.0,DD
2314159,1,CS 111,2,7.0,BC
2314159,1,EC 101,4,4.0,DD
2314159,1,EC 111,2,8.0,BB
2314159,1,MA 101,4,6.0,CC
2314159,1,ME 111,2,8.0,BB
2314160,1,CE 102,3,9.0,AB
2314160,1,CH 101,4,10.0,AA
2314160,1,CH 111,2,10.0,AA
2314160,1,CS 101,4,7.0,BC
2314160,1,CS 111,2,9.0,AB
2314160,1,EC 101,4,9.0,AB
2314160,1,EC 111,2,10.0,AA
2314160,1,MA 101,4,9.0,AB
2314160,1,ME 111,2,10.0,AA
2314161,1,CE 102,3,6.0,CC
2314161,1,CH 101,4,5.0,CD
2314161,1,CH 111,2,9.0,AB
2314161,1,CS 101,4,4.0,DD
2314161,1,CS 111,2,8.0,BB
2314161,1,EC 101,4,4.0,DD
2314161,1,EC 111,2,9.0,AB
2314161,1,MA 101,4,0.0,F
2314161,1,ME 111,2,8.0,BB
2314162,1,CE 102,3,5.0,CD
2314162,1,CH 101,4,4.0,DD
2314162,1,CH 111,2,10.0,AA
2314162,1,CS 101,4,4.0,DD
2314162,1,CS 111,2,6.0,CC
2314162,1,EC 101,4,4.0,DD
2314162,1,EC 111,2,9.0,AB
2314162,1,MA 101,4,0.0,F
2314162,1,ME 111,2,6.0,CC
2314163,1,CE 102,3,5.0,CD
2314163,1,CH 101,4,4.0,DD
2314163,1,CH 111,2,9.0,AB
2314163,1,CS 101,4,4.0,DD
2314163,1,CS 111,2,7.0,BC
2314163,1,EC 101,4,4.0,DD
2314163,1,EC 111,2,8.0,BB
2314163,1,MA 101,4,0.0,F
2314163,1,ME 111,2,8.0,BB
2314164,1,CE 102,3,6.0,CC
2314164,1,CH 101,4,4.0,DD
2314164,1,CH 111,2,9.0,AB
2314164,1,CS 101,4,4.0,DD
2314164,1,CS 111,2,6.0,CC
2314164,1,EC 101,4,7.0,BC
2314164,1,EC 111,2,8.0,BB
2314164,1,MA 101,4,0.0,F
2314164,1,ME 111,2,5.0,CD
2315001,1,CE 101,3,9.0,AB
2315001,1,EE 101,4,9.0,AB
2315001,1,EE 111,2,10.0,AA
2315001,1,HS 101,3,7.0,BC
2315001,1,HS 111,2,7.0,BC
2315001,1,MA 101,4,9.0,AB
2315001,1,ME 101,4,9.0,AB
2315001,1,PH 101,4,10.0,AA
2315001,1,PH 111,2,10.0,AA
2315002,1,CE 101,3,10.0,AA
2315002,1,EE 101,4,9.0,AB
2315002,1,EE 111,2,10.0,AA
2315002,1,HS 101,3,4.0,DD
2315002,1,HS 111,2,8.0,BB
2315002,1,MA 101,4,9.0,AB
2315002,1,ME 101,4,8.0,BB
2315002,1,PH 101,4,10.0,AA
2315002,1,PH 111,2,9.0,AB
2315003,1,CE 101,3,7.0,BC
2315003,1,EE 101,4,7.0,BC
2315003,1,EE 111,2,8.0,BB
2315003,1,HS 101,3,8.0,BB
2315003,1,HS 111,2,5.0,CD
2315003,1,MA 101,4,6.0,CC
2315003,1,ME 101,4,6.0,CC
2315003,1,PH 101,4,7.0,BC
2315003,1,PH 111,2,9.0,AB
2315004,1,CE 101,3,6.0,CC
2315004,1,EE 101,4,5.0,CD
2315004,1,EE 111,2,9.0,AB
2315004,1,HS 101,3,6.0,CC
2315004,1,HS 111,2,5.0,CD
2315004,1,MA 101,4,4.0,DD
2315004,1,ME 101,4,0.0,F
2315004,1,PH 101,4,4.0,DD
2315004,1,PH 111,2,5.0,CD
2315005,1,CE 101,3,9.0,AB
2315005,1,EE 101,4,9.0,AB
2315005,1,EE 111,2,10.0,AA
2315005,1,HS 101,3,8.0,BB
2315005,1,HS 111,2,7.0,BC
2315005,1,MA 101,4,7.0,BC
2315005,1,ME 101,4,6.0,CC
2315005,1,PH 101,4,8.0,BB
2315005,1,PH 111,2,9.0,AB
2315006,1,CE 101,3,9.0,AB
2315006,1,EE 101,4,5.0,CD
2315006,1,EE 111,2,8.0,BB
2315006,1,HS 101,3,4.0,DD
2315006,1,HS 111,2,8.0,BB
2315006,1,MA 101,4,4.0,DD
2315006,1,ME 101,4,4.0,DD
2315006,1,PH 101,4,5.0,CD
2315006,1,PH 111,2,6.0,CC
2315007,1,CE 101,3,9.0,AB
2315007,1,EE 101,4,8.0,BB
2315007,1,EE 111,2,9.0,AB
2315007,1,HS 101,3,9.0,AB
2315007,1,HS 111,2,8.0,BB
2315007,1,MA 101,4,8.0,BB
2315007,1,ME 101,4,8.0,BB
2315007,1,PH 101,4,7.0,BC
2315007,1,PH 111,2,9.0,AB
2315008,1,CE 101,3,10.0,AA
2315008,1,EE 101,4,8.0,BB
2315008,1,EE 111,2,9.0,AB
2315008,1,HS 101,3,8.0,BB
2315008,1,HS 111,2,9.0,AB
2315008,1,MA 101,4,9.0,AB
2315008,1,ME 101,4,7.0,BC
2315008,1,PH 101,4,10.0,AA
2315008,1,PH 111,2,8.0,BB
2315009,1,CE 101,3,6.0,CC
2315009,1,EE 101,4,7.0,BC
2315009,1,EE 111,2,9.0,AB
2315009,1,HS 101,3,10.0,AA
2315009,1,HS 111,2,9.0,AB
2315009,1,MA 101,4,6.0,CC
2315009,1,ME 101,4,8.0,BB
2315009,1,PH 101,4,8.0,BB
2315009,1,PH 111,2,8.0,BB
2315010,1,CE 101,3,8.0,BB
2315010,1,EE 101,4,8.0,BB
2315010,1,EE 111,2,10.0,AA
2315010,1,HS 101,3,7.0,BC
2315010,1,HS 111,2,9.0,AB
2315010,1,MA 101,4,10.0,AA
2315010,1,ME 101,4,8.0,BB
2315010,1,PH 101,4,8.0,BB
2315010,1,PH 111,2,9.0,AB
2315011,1,CE 101,3,9.0,AB
2315011,1,EE 101,4,8.0,BB
2315011,1,EE 111,2,10.0,AA
2315011,1,HS 101,3,7.0,BC
2315011,1,HS 111,2,9.0,AB
2315011,1,MA 101,4,7.0,BC
2315011,1,ME 101,4,7.0,BC
2315011,1,PH 101,4,7.0,BC
2315011,1,PH 111,2,9.0,AB
2315012,1,CE 101,3,10.0,AA
2315012,1,EE 101,4,7.0,BC
2315012,1,EE 111,2,9.0,AB
2315012,1,HS 101,3,4.0,DD
2315012,1,HS 111,2,7.0,BC
2315012,1,MA 101,4,8.0,BB
2315012,1,ME 101,4,6.0,CC
2315012,1,PH 101,4,7.0,BC
2315012,1,PH 111,2,8.0,BB
2315013,1,CE 101,3,8.0,BB
2315013,1,EE 101,4,10.0,AA
2315013,1,EE 111,2,9.0,AB
2315013,1,HS 101,3,7.0,BC
2315013,1,HS 111,2,9.0,AB
2315013,1,MA 101,4,10.0,AA
2315013,1,ME 101,4,9.0,AB
2315013,1,PH 101,4,9.0,AB
2315013,1,PH 111,2,9.0,AB
2315014,1,CE 101,3,8.0,BB
2315014,1,EE 101,4,7.0,BC
2315014,1,EE 111,2,9.0,AB
2315014,1,HS 101,3,8.0,BB
2315014,1,HS 111,2,9.0,AB
2315014,1,MA 101,4,6.0,CC
2315014,1,ME 101,4,8.0,BB
2315014,1,PH 101,4,5.0,CD
2315014,1,PH 111,2,8.0,BB
2315015,1,CE 101,3,8.0,BB
2315015,1,EE 101,4,8.0,BB
2315015,1,EE 111,2,10.0,AA
2315015,1,HS 101,3,5.0,CD
2315015,1,HS 111,2,9.0,AB
2315015,1,MA 101,4,9.0,AB
2315015,1,ME 101,4,6.0,CC
2315015,1,PH 101,4,6.0,CC
2315015,1,PH 111,2,7.0,BC
2315016,1,CE 101,3,10.0,AA
2315016,1,EE 101,4,8.0,BB
2315016,1,EE 111,2,9.0,AB
2315016,1,HS 101,3,9.0,AB
2315016,1,HS 111,2,9.0,AB
2315016,1,MA 101,4,6.0,CC
2315016,1,ME 101,4,5.0,CD
2315016,1,PH 101,4,7.0,BC
2315016,1,PH 111,2,8.0,BB
2315017,1,CE 101,3,5.0,CD
2315017,1,EE 101,4,7.0,BC
2315017,1,EE 111,2,10.0,AA
2315017,1,HS 101,3,6.0,CC
2315017,1,HS 111,2,6.0,CC
2315017,1,MA 101,4,7.0,BC
2315017,1,ME 101,4,8.0,BB
2315017,1,PH 101,4,6.0,CC
2315017,1,PH 111,2,8.0,BB
2315018,1,CE 101,3,6.0,CC
2315018,1,EE 101,4,5.0,CD
2315018,1,EE 111,2,8.0,BB
2315018,1,HS 101,3,8.0,BB
2315018,1,HS 111,2,9.0,AB
2315018,1,MA 101,4,5.0,CD
2315018,1,ME 101,4,6.0,CC
2315018,1,PH 101,4,5.0,CD
2315018,1,PH 111,2,8.0,BB
2315019,1,CE 101,3,8.0,BB
2315019,1,EE 101,4,8.0,BB
2315019,1,EE 111,2,10.0,AA
2315019,1,HS 101,3,6.0,CC
2315019,1,HS 111,2,9.0,AB
2315019,1,MA 101,4,8.0,BB
2315019,1,ME 101,4,7.0,BC
2315019,1,PH 101,4,9.0,AB
2315019,1,PH 111,2,7.0,BC
2315020,1,CE 101,3,9.0,AB
2315020,1,EE 101,4,8.0,BB
2315020,1,EE 111,2,9.0,AB
2315020,1,HS 101,3,8.0,BB
2315020,1,HS 111,2,9.0,AB
2315020,1,MA 101,4,7.0,BC
2315020,1,ME 101,4,6.0,CC
2315020,1,PH 101,4,6.0,CC
2315020,1,PH 111,2,8.0,BB
2315021,1,CE 101,3,9.0,AB
2315021,1,EE 101,4,8.0,BB
2315021,1,EE 111,2,9.0,AB
2315021,1,HS 101,3,8.0,BB
2315021,1,HS 111,2,9.0,AB
2315021,1,MA 101,4,8.0,BB
2315021,1,ME 101,4,8.0,BB
2315021,1,PH 101,4,5.0,CD
2315021,1,PH 111,2,8.0,BB
2315022,1,CE 101,3,9.0,AB
2315022,1,EE 101,4,7.0,BC
2315022,1,EE 111,2,9.0,AB
2315022,1,HS 101,3,8.0,BB
2315022,1,HS 111,2,8.0,BB
2315022,1,MA 101,4,7.0,BC
2315022,1,ME 101,4,5.0,CD
2315022,1,PH 101,4,6.0,CC
2315022,1,PH 111,2,6.0,CC
2315023,1,CE 101,3,8.0,BB
2315023,1,EE 101,4,7.0,BC
2315023,1,EE 111,2,9.0,AB
2315023,1,HS 101,3,8.0,BB
2315023,1,HS 111,2,9.0,AB
2315023,1,MA 101,4,5.0,CD
2315023,1,ME 101,4,6.0,CC
2315023,1,PH 101,4,7.0,BC
2315023,1,PH 111,2,6.0,CC
2315024,1,CE 101,3,8.0,BB
2315024,1,EE 101,4,6.0,CC
2315024,1,EE 111,2,9.0,AB
2315024,1,HS 101,3,7.0,BC
2315024,1,HS 111,2,9.0,AB
2315024,1,MA 101,4,5.0,CD
2315024,1,ME 101,4,5.0,CD
2315024,1,PH 101,4,6.0,CC
2315024,1,PH 111,2,7.0,BC
2315025,1,CE 101,3,9.0,AB
2315025,1,EE 101,4,9.0,AB
2315025,1,EE 111,2,8.0,BB
2315025,1,HS 101,3,7.0,BC
2315025,1,HS 111,2,9.0,AB
2315025,1,MA 101,4,8.0,BB
2315025,1,ME 101,4,7.0,BC
2315025,1,PH 101,4,8.0,BB
2315025,1,PH 111,2,7.0,BC
2315026,1,CE 101,3,9.0,AB
2315026,1,EE 101,4,5.0,CD
2315026,1,EE 111,2,8.0,BB
2315026,1,HS 101,3,5.0,CD
2315026,1,HS 111,2,8.0,BB
2315026,1,MA 101,4,4.0,DD
2315026,1,ME 101,4,4.0,DD
2315026,1,PH 101,4,0.0,F
2315026,1,PH 111,2,6.0,CC
2315027,1,CE 101,3,8.0,BB
2315027,1,EE 101,4,5.0,CD
2315027,1,EE 111,2,9.0,AB
2315027,1,HS 101,3,6.0,CC
2315027,1,HS 111,2,9.0,AB
2315027,1,MA 101,4,6.0,CC
2315027,1,ME 101,4,6.0,CC
2315027,1,PH 101,4,6.0,CC
2315027,1,PH 111,2,7.0,BC
2315028,1,CE 101,3,7.0,BC
2315028,1,EE 101,4,7.0,BC
2315028,1,EE 111,2,9.0,AB
2315028,1,HS 101,3,9.0,AB
2315028,1,HS 111,2,9.0,AB
2315028,1,MA 101,4,7.0,BC
2315028,1,ME 101,4,8.0,BB
2315028,1,PH 101,4,7.0,BC
2315028,1,PH 111,2,9.0,AB
2315029,1,CE 101,3,8.0,BB
2315029,1,EE 101,4,7.0,BC
2315029,1,EE 111,2,10.0,AA
2315029,1,HS 101,3,7.0,BC
2315029,1,HS 111,2,9.0,AB
2315029,1,MA 101,4,6.0,CC
2315029,1,ME 101,4,7.0,BC
2315029,1,PH 101,4,6.0,CC
2315029,1,PH 111,2,6.0,CC
2315030,1,CE 101,3,7.0,BC
2315030,1,EE 101,4,5.0,CD
2315030,1,EE 111,2,9.0,AB
2315030,1,HS 101,3,9.0,AB
2315030,1,HS 111,2,9.0,AB
2315030,1,MA 101,4,5.0,CD
2315030,1,ME 101,4,4.0,DD
2315030,1,PH 101,4,5.0,CD
2315030,1,PH 111,2,5.0,CD
2315031,1,CE 101,3,10.0,AA
2315031,1,EE 101,4,8.0,BB
2315031,1,EE 111,2,9.0,AB
2315031,1,HS 101,3,8.0,BB
2315031,1,HS 111,2,9.0,AB
2315031,1,MA 101,4,8.0,BB
2315031,1,ME 101,4,8.0,BB
2315031,1,PH 101,4,9.0,AB
2315031,1,PH 111,2,9.0,AB
2315032,1,CE 101,3,9.0,AB
2315032,1,EE 101,4,9.0,AB
2315032,1,EE 111,2,9.0,AB
2315032,1,HS 101,3,8.0,BB
2315032,1,HS 111,2,9.0,AB
2315032,1,MA 101,4,8.0,BB
2315032,1,ME 101,4,6.0,CC
2315032,1,PH 101,4,8.0,BB
2315032,1,PH 111,2,9.0,AB
2315033,1,CE 101,3,8.0,BB
2315033,1,EE 101,4,5.0,CD
2315033,1,EE 111,2,8.0,BB
2315033,1,HS 101,3,7.0,BC
2315033,1,HS 111,2,8.0,BB
2315033,1,MA 101,4,4.0,DD
2315033,1,ME 101,4,5.0,CD
2315033,1,PH 101,4,6.0,CC
2315033,1,PH 111,2,6.0,CC
2315034,1,CE 101,3,9.0,AB
2315034,1,EE 101,4,9.0,AB
2315034,1,EE 111,2,9.0,AB
2315034,1,HS 101,3,7.0,BC
2315034,1,HS 111,2,9.0,AB
2315034,1,MA 101,4,9.0,AB
2315034,1,ME 101,4,7.0,BC
2315034,1,PH 101,4,9.0,AB
2315034,1,PH 111,2,10.0,AA
2315035,1,CE 101,3,8.0,BB
2315035,1,EE 101,4,7.0,BC
2315035,1,EE 111,2,8.0,BB
2315035,1,HS 101,3,8.0,BB
2315035,1,HS 111,2,9.0,AB
2315035,1,MA 101,4,6.0,CC
2315035,1,ME 101,4,5.0,CD
2315035,1,PH 101,4,7.0,BC
2315035,1,PH 111,2,8.0,BB
2315036,1,CE 101,3,9.0,AB
2315036,1,EE 101,4,8.0,BB
2315036,1,EE 111,2,9.0,AB
2315036,1,HS 101,3,8.0,BB
2315036,1,HS 111,2,9.0,AB
2315036,1,MA 101,4,5.0,CD
2315036,1,ME 101,4,5.0,CD
2315036,1,PH 101,4,8.0,BB
2315036,1,PH 111,2,8.0,BB
2315037,1,CE 101,3,7.0,BC
2315037,1,EE 101,4,8.0,BB
2315037,1,EE 111,2,9.0,AB
2315037,1,HS 101,3,7.0,BC
2315037,1,HS 111,2,9.0,AB
2315037,1,MA 101,4,8.0,BB
2315037,1,ME 101,4,5.0,CD
2315037,1,PH 101,4,8.0,BB
2315037,1,PH 111,2,8.0,BB
2315038,1,CE 101,3,7.0,BC
2315038,1,EE 101,4,8.0,BB
2315038,1,EE 111,2,9.0,AB
2315038,1,HS 101,3,8.0,BB
2315038,1,HS 111,2,9.0,AB
2315038,1,MA 101,4,6.0,CC
2315038,1,ME 101,4,7.0,BC
2315038,1,PH 101,4,8.0,BB
2315038,1,PH 111,2,8.0,BB
2315039,1,CE 101,3,7.0,BC
2315039,1,EE 101,4,10.0,AA
2315039,1,EE 111,2,9.0,AB
2315039,1,HS 101,3,10.0,AA
2315039,1,HS 111,2,9.0,AB
2315039,1,MA 101,4,9.0,AB
2315039,1,ME 101,4,8.0,BB
2315039,1,PH 101,4,10.0,AA
2315039,1,PH 111,2,10.0,AA
2315040,1,CE 101,3,8.0,BB
2315040,1,EE 101,4,9.0,AB
2315040,1,EE 111,2,9.0,AB
2315040,1,HS 101,3,8.0,BB
2315040,1,HS 111,2,9.0,AB
2315040,1,MA 101,4,9.0,AB
2315040,1,ME 101,4,8.0,BB
2315040,1,PH 101,4,8.0,BB
2315040,1,PH 111,2,9.0,AB
2315041,1,CE 101,3,0.0,I
2315041,1,EE 101,4,0.0,I
2315041,1,EE 111,2,0.0,I
2315041,1,HS 101,3,0.0,F
2315041,1,HS 111,2,7.0,BC
2315041,1,MA 101,4,0.0,I
2315041,1,ME 101,4,0.0,I
2315041,1,PH 101,4,0.0,F
2315041,1,PH 111,2,0.0,F
2315042,1,CE 101,3,9.0,AB
2315042,1,EE 101,4,7.0,BC
2315042,1,EE 111,2,8.0,BB
2315042,1,HS 101,3,8.0,BB
2315042,1,HS 111,2,7.0,BC
2315042,1,MA 101,4,7.0,BC
2315042,1,ME 101,4,5.0,CD
2315042,1,PH 101,4,6.0,CC
2315042,1,PH 111,2,7.0,BC
2315043,1,CE 101,3,8.0,BB
2315043,1,EE 101,4,10.0,AA
2315043,1,EE 111,2,9.0,AB
2315043,1,HS 101,3,8.0,BB
2315043,1,HS 111,2,7.0,BC
2315043,1,MA 101,4,10.0,AA
2315043,1,ME 101,4,6.0,CC
2315043,1,PH 101,4,9.0,AB
2315043,1,PH 111,2,8.0,BB
2315044,1,CE 101,3,8.0,BB
2315044,1,EE 101,4,5.0,CD
2315044,1,EE 111,2,9.0,AB
2315044,1,HS 101,3,5.0,CD
2315044,1,HS 111,2,0.0,F
2315044,1,MA 101,4,4.0,DD
2315044,1,ME 101,4,4.0,DD
2315044,1,PH 101,4,4.0,DD
2315044,1,PH 111,2,7.0,BC
2315045,1,CE 101,3,8.0,BB
2315045,1,EE 101,4,8.0,BB
2315045,1,EE 111,2,10.0,AA
2315045,1,HS 101,3,8.0,BB
2315045,1,HS 111,2,7.0,BC
2315045,1,MA 101,4,6.0,CC
2315045,1,ME 101,4,6.0,CC
2315045,1,PH 101,4,7.0,BC
2315045,1,PH 111,2,8.0,BB
2315046,1,CE 101,3,7.0,BC
2315046,1,EE 101,4,7.0,BC
2315046,1,EE 111,2,10.0,AA
2315046,1,HS 101,3,8.0,BB
2315046,1,HS 111,2,7.0,BC
2315046,1,MA 101,4,7.0,BC
2315046,1,ME 101,4,6.0,CC
2315046,1,PH 101,4,8.0,BB
2315046,1,PH 111,2,8.0,BB
2315047,1,CE 101,3,7.0,BC
2315047,1,EE 101,4,5.0,CD
2315047,1,EE 111,2,9.0,AB
2315047,1,HS 101,3,6.0,CC
2315047,1,HS 111,2,8.0,BB
2315047,1,MA 101,4,7.0,BC
2315047,1,ME 101,4,5.0,CD
2315047,1,PH 101,4,5.0,CD
2315047,1,PH 111,2,7.0,BC
2315048,1,CE 101,3,8.0,BB
2315048,1,EE 101,4,6.0,CC
2315048,1,EE 111,2,9.0,AB
2315048,1,HS 101,3,5.0,CD
2315048,1,HS 111,2,8.0,BB
2315048,1,MA 101,4,7.0,BC
2315048,1,ME 101,4,8.0,BB
2315048,1,PH 101,4,8.0,BB
2315048,1,PH 111,2,7.0,BC
2315049,1,CE 101,3,8.0,BB
2315049,1,EE 101,4,6.0,CC
2315049,1,EE 111,2,9.0,AB
2315049,1,HS 101,3,8.0,BB
2315049,1,HS 111,2,8.0,BB
2315049,1,MA 101,4,0.0,F
2315049,1,ME 101,4,4.0,DD
2315049,1,PH 101,4,5.0,CD
2315049,1,PH 111,2,6.0,CC
2315050,1,CE 101,3,9.0,AB
2315050,1,EE 101,4,8.0,BB
2315050,1,EE 111,2,9.0,AB
2315050,1,HS 101,3,7.0,BC
2315050,1,HS 111,2,10.0,AA
2315050,1,MA 101,4,7.0,BC
2315050,1,ME 101,4,9.0,AB
2315050,1,PH 101,4,7.0,BC
2315050,1,PH 111,2,6.0,CC
2315051,1,CE 101,3,8.0,BB
2315051,1,EE 101,4,8.0,BB
2315051,1,EE 111,2,10.0,AA
2315051,1,HS 101,3,8.0,BB
2315051,1,HS 111,2,8.0,BB
2315051,1,MA 101,4,9.0,AB
2315051,1,ME 101,4,9.0,AB
2315051,1,PH 101,4,9.0,AB
2315051,1,PH 111,2,10.0,AA
2315052,1,CE 101,3,10.0,AA
2315052,1,EE 101,4,9.0,AB
2315052,1,EE 111,2,10.0,AA
2315052,1,HS 101,3,9.0,AB
2315052,1,HS 111,2,10.0,AA
2315052,1,MA 101,4,8.0,BB
2315052,1,ME 101,4,7.0,BC
2315052,1,PH 101,4,10.0,AA
2315052,1,PH 111,2,10.0,AA
2315053,1,CE 101,3,9.0,AB
2315053,1,EE 101,4,7.0,BC
2315053,1,EE 111,2,9.0,AB
2315053,1,HS 101,3,8.0,BB
2315053,1,HS 111,2,10.0,AA
2315053,1,MA 101,4,4.0,DD
2315053,1,ME 101,4,5.0,CD
2315053,1,PH 101,4,5.0,CD
2315053,1,PH 111,2,5.0,CD
2315054,1,CE 101,3,7.0,BC
2315054,1,EE 101,4,6.0,CC
2315054,1,EE 111,2,9.0,AB
2315054,1,HS 101,3,8.0,BB
2315054,1,HS 111,2,10.0,AA
2315054,1,MA 101,4,5.0,CD
2315054,1,ME 101,4,5.0,CD
2315054,1,PH 101,4,5.0,CD
2315054,1,PH 111,2,8.0,BB
2315055,1,CE 101,3,7.0,BC
2315055,1,EE 101,4,8.0,BB
2315055,1,EE 111,2,10.0,AA
2315055,1,HS 101,3,9.0,AB
2315055,1,HS 111,2,10.0,AA
2315055,1,MA 101,4,8.0,BB
2315055,1,ME 101,4,9.0,AB
2315055,1,PH 101,4,8.0,BB
2315055,1,PH 111,2,10.0,AA
2315056,1,CE 101,3,8.0,BB
2315056,1,EE 101,4,8.0,BB
2315056,1,EE 111,2,9.0,AB
2315056,1,HS 101,3,8.0,BB
2315056,1,HS 111,2,10.0,AA
2315056,1,MA 101,4,6.0,CC
2315056,1,ME 101,4,6.0,CC
2315056,1,PH 101,4,8.0,BB
2315056,1,PH 111,2,10.0,AA
2315057,1,CE 101,3,9.0,AB
2315057,1,EE 101,4,9.0,AB
2315057,1,EE 111,2,9.0,AB
2315057,1,HS 101,3,6.0,CC
2315057,1,HS 111,2,10.0,AA
2315057,1,MA 101,4,7.0,BC
2315057,1,ME 101,4,6.0,CC
2315057,1,PH 101,4,7.0,BC
2315057,1,PH 111,2,9.0,AB
2315058,1,CE 101,3,9.0,AB
2315058,1,EE 101,4,8.0,BB
2315058,1,EE 111,2,9.0,AB
2315058,1,HS 101,3,7.0,BC
2315058,1,HS 111,2,10.0,AA
2315058,1,MA 101,4,7.0,BC
2315058,1,ME 101,4,7.0,BC
2315058,1,PH 101,4,6.0,CC
2315058,1,PH 111,2,9.0,AB
2315059,1,CE 101,3,9.0,AB
2315059,1,EE 101,4,8.0,BB
2315059,1,EE 111,2,9.0,AB
2315059,1,HS 101,3,9.0,AB
2315059,1,HS 111,2,10.0,AA
2315059,1,MA 101,4,7.0,BC
2315059,1,ME 101,4,4.0,DD
2315059,1,PH 101,4,6.0,CC
2315059,1,PH 111,2,7.0,BC
2315060,1,CE 101,3,7.0,BC
2315060,1,EE 101,4,8.0,BB
2315060,1,EE 111,2,9.0,AB
2315060,1,HS 101,3,8.0,BB
2315060,1,HS 111,2,10.0,AA
2315060,1,MA 101,4,7.0,BC
2315060,1,ME 101,4,6.0,CC
2315060,1,PH 101,4,5.0,CD
2315060,1,PH 111,2,9.0,AB
2315061,1,CE 101,3,9.0,AB
2315061,1,EE 101,4,8.0,BB
2315061,1,EE 111,2,10.0,AA
2315061,1,HS 101,3,7.0,BC
2315061,1,HS 111,2,8.0,BB
2315061,1,MA 101,4,7.0,BC
2315061,1,ME 101,4,6.0,CC
2315061,1,PH 101,4,7.0,BC
2315061,1,PH 111,2,8.0,BB
2315062,1,CE 101,3,7.0,BC
2315062,1,EE 101,4,4.0,DD
2315062,1,EE 111,2,9.0,AB
2315062,1,HS 101,3,8.0,BB
2315062,1,HS 111,2,10.0,AA
2315062,1,MA 101,4,4.0,DD
2315062,1,ME 101,4,5.0,CD
2315062,1,PH 101,4,0.0,F
2315062,1,PH 111,2,6.0,CC
2315063,1,CE 101,3,7.0,BC
2315063,1,EE 101,4,7.0,BC
2315063,1,EE 111,2,8.0,BB
2315063,1,HS 101,3,9.0,AB
2315063,1,HS 111,2,10.0,AA
2315063,1,MA 101,4,8.0,BB
2315063,1,ME 101,4,6.0,CC
2315063,1,PH 101,4,7.0,BC
2315063,1,PH 111,2,9.0,AB
2315064,1,CE 101,3,7.0,BC
2315064,1,EE 101,4,9.0,AB
2315064,1,EE 111,2,9.0,AB
2315064,1,HS 101,3,9.0,AB
2315064,1,HS 111,2,10.0,AA
2315064,1,MA 101,4,7.0,BC
2315064,1,ME 101,4,7.0,BC
2315064,1,PH 101,4,10.0,AA
2315064,1,PH 111,2,9.0,AB
2315065,1,CE 101,3,8.0,BB
2315065,1,EE 101,4,7.0,BC
2315065,1,EE 111,2,9.0,AB
2315065,1,HS 101,3,8.0,BB
2315065,1,HS 111,2,10.0,AA
2315065,1,MA 101,4,6.0,CC
2315065,1,ME 101,4,7.0,BC
2315065,1,PH 101,4,5.0,CD
2315065,1,PH 111,2,9.0,AB
2315066,1,CE 101,3,8.0,BB
2315066,1,EE 101,4,8.0,BB
2315066,1,EE 111,2,10.0,AA
2315066,1,HS 101,3,8.0,BB
2315066,1,HS 111,2,9.0,AB
2315066,1,MA 101,4,7.0,BC
2315066,1,ME 101,4,6.0,CC
2315066,1,PH 101,4,7.0,BC
2315066,1,PH 111,2,10.0,AA
2315067,1,CE 101,3,6.0,CC
2315067,1,EE 101,4,7.0,BC
2315067,1,EE 111,2,8.0,BB
2315067,1,HS 101,3,7.0,BC
2315067,1,HS 111,2,9.0,AB
2315067,1,MA 101,4,8.0,BB
2315067,1,ME 101,4,6.0,CC
2315067,1,PH 101,4,6.0,CC
2315067,1,PH 111,2,9.0,AB
2315068,1,CE 101,3,6.0,CC
2315068,1,EE 101,4,6.0,CC
2315068,1,EE 111,2,8.0,BB
2315068,1,HS 101,3,5.0,CD
2315068,1,HS 111,2,10.0,AA
2315068,1,MA 101,4,4.0,DD
2315068,1,ME 101,4,5.0,CD
2315068,1,PH 101,4,5.0,CD
2315068,1,PH 111,2,8.0,BB
2315069,1,CE 101,3,8.0,BB
2315069,1,EE 101,4,7.0,BC
2315069,1,EE 111,2,9.0,AB
2315069,1,HS 101,3,6.0,CC
2315069,1,HS 111,2,10.0,AA
2315069,1,MA 101,4,7.0,BC
2315069,1,ME 101,4,6.0,CC
2315069,1,PH 101,4,4.0,DD
2315069,1,PH 111,2,10.0,AA
2315070,1,CE 101,3,10.0,AA
2315070,1,EE 101,4,9.0,AB
2315070,1,EE 111,2,8.0,BB
2315070,1,HS 101,3,10.0,AA
2315070,1,HS 111,2,10.0,AA
2315070,1,MA 101,4,7.0,BC
2315070,1,ME 101,4,7.0,BC
2315070,1,PH 101,4,8.0,BB
2315070,1,PH 111,2,10.0,AA
2315072,1,CE 101,3,6.0,CC
2315072,1,EE 101,4,5.0,CD
2315072,1,EE 111,2,8.0,BB
2315072,1,HS 101,3,8.0,BB
2315072,1,HS 111,2,9.0,AB
2315072,1,MA 101,4,4.0,DD
2315072,1,ME 101,4,5.0,CD
2315072,1,PH 101,4,4.0,DD
2315072,1,PH 111,2,9.0,AB
2315073,1,CE 101,3,7.0,BC
2315073,1,EE 101,4,6.0,CC
2315073,1,EE 111,2,8.0,BB
2315073,1,HS 101,3,7.0,BC
2315073,1,HS 111,2,9.0,AB
2315073,1,MA 101,4,0.0,F
2315073,1,ME 101,4,4.0,DD
2315073,1,PH 101,4,6.0,CC
2315073,1,PH 111,2,8.0,BB
2315074,1,CE 101,3,8.0,BB
2315074,1,EE 101,4,7.0,BC
2315074,1,EE 111,2,10.0,AA
2315074,1,HS 101,3,8.0,BB
2315074,1,HS 111,2,10.0,AA
2315074,1,MA 101,4,7.0,BC
2315074,1,ME 101,4,7.0,BC
2315074,1,PH 101,4,5.0,CD
2315074,1,PH 111,2,8.0,BB
2315075,1,CE 101,3,8.0,BB
2315075,1,EE 101,4,8.0,BB
2315075,1,EE 111,2,8.0,BB
2315075,1,HS 101,3,7.0,BC
2315075,1,HS 111,2,10.0,AA
2315075,1,MA 101,4,6.0,CC
2315075,1,ME 101,4,5.0,CD
2315075,1,PH 101,4,6.0,CC
2315075,1,PH 111,2,8.0,BB
2315076,1,CE 101,3,7.0,BC
2315076,1,EE 101,4,6.0,CC
2315076,1,EE 111,2,9.0,AB
2315076,1,HS 101,3,6.0,CC
2315076,1,HS 111,2,9.0,AB
2315076,1,MA 101,4,6.0,CC
2315076,1,ME 101,4,5.0,CD
2315076,1,PH 101,4,7.0,BC
2315076,1,PH 111,2,9.0,AB
2315077,1,CE 101,3,10.0,AA
2315077,1,EE 101,4,8.0,BB
2315077,1,EE 111,2,9.0,AB
2315077,1,HS 101,3,6.0,CC
2315077,1,HS 111,2,9.0,AB
2315077,1,MA 101,4,7.0,BC
2315077,1,ME 101,4,7.0,BC
2315077,1,PH 101,4,6.0,CC
2315077,1,PH 111,2,9.0,AB
2315078,1,CE 101,3,8.0,BB
2315078,1,EE 101,4,8.0,BB
2315078,1,EE 111,2,9.0,AB
2315078,1,HS 101,3,8.0,BB
2315078,1,HS 111,2,10.0,AA
2315078,1,MA 101,4,7.0,BC
2315078,1,ME 101,4,7.0,BC
2315078,1,PH 101,4,8.0,BB
2315078,1,PH 111,2,9.0,AB
2315079,1,CE 101,3,8.0,BB
2315079,1,EE 101,4,6.0,CC
2315079,1,EE 111,2,8.0,BB
2315079,1,HS 101,3,7.0,BC
2315079,1,HS 111,2,9.0,AB
2315079,1,MA 101,4,6.0,CC
2315079,1,ME 101,4,6.0,CC
2315079,1,PH 101,4,4.0,DD
2315079,1,PH 111,2,8.0,BB
2315080,1,CE 101,3,6.0,CC
2315080,1,EE 101,4,5.0,CD
2315080,1,EE 111,2,8.0,BB
2315080,1,HS 101,3,7.0,BC
2315080,1,HS 111,2,8.0,BB
2315080,1,MA 101,4,6.0,CC
2315080,1,ME 101,4,5.0,CD
2315080,1,PH 101,4,6.0,CC
2315080,1,PH 111,2,7.0,BC
2315081,1,CE 101,3,7.0,BC
2315081,1,EE 101,4,7.0,BC
2315081,1,EE 111,2,9.0,AB
2315081,1,HS 101,3,9.0,AB
2315081,1,HS 111,2,9.0,AB
2315081,1,MA 101,4,8.0,BB
2315081,1,ME 101,4,8.0,BB
2315081,1,PH 101,4,5.0,CD
2315081,1,PH 111,2,9.0,AB
2315082,1,CE 101,3,7.0,BC
2315082,1,EE 101,4,6.0,CC
2315082,1,EE 111,2,9.0,AB
2315082,1,HS 101,3,6.0,CC
2315082,1,HS 111,2,9.0,AB
2315082,1,MA 101,4,4.0,DD
2315082,1,ME 101,4,5.0,CD
2315082,1,PH 101,4,0.0,F
2315082,1,PH 111,2,7.0,BC
2315083,1,CE 101,3,8.0,BB
2315083,1,EE 101,4,8.0,BB
2315083,1,EE 111,2,10.0,AA
2315083,1,HS 101,3,8.0,BB
2315083,1,HS 111,2,6.0,CC
2315083,1,MA 101,4,9.0,AB
2315083,1,ME 101,4,9.0,AB
2315083,1,PH 101,4,8.0,BB
2315083,1,PH 111,2,10.0,AA
2315084,1,CE 101,3,8.0,BB
2315084,1,EE 101,4,6.0,CC
2315084,1,EE 111,2,8.0,BB
2315084,1,HS 101,3,6.0,CC
2315084,1,HS 111,2,9.0,AB
2315084,1,MA 101,4,6.0,CC
2315084,1,ME 101,4,6.0,CC
2315084,1,PH 101,4,5.0,CD
2315084,1,PH 111,2,9.0,AB
2315085,1,CE 101,3,8.0,BB
2315085,1,EE 101,4,8.0,BB
2315085,1,EE 111,2,9.0,AB
2315085,1,HS 101,3,8.0,BB
2315085,1,HS 111,2,9.0,AB
2315085,1,MA 101,4,7.0,BC
2315085,1,ME 101,4,7.0,BC
2315085,1,PH 101,4,8.0,BB
2315085,1,PH 111,2,8.0,BB
2315086,1,CE 101,3,9.0,AB
2315086,1,EE 101,4,6.0,CC
2315086,1,EE 111,2,9.0,AB
2315086,1,HS 101,3,8.0,BB
2315086,1,HS 111,2,10.0,AA
2315086,1,MA 101,4,4.0,DD
2315086,1,ME 101,4,5.0,CD
2315086,1,PH 101,4,6.0,CC
2315086,1,PH 111,2,9.0,AB
2315087,1,CE 101,3,7.0,BC
2315087,1,EE 101,4,6.0,CC
2315087,1,EE 111,2,9.0,AB
2315087,1,HS 101,3,9.0,AB
2315087,1,HS 111,2,9.0,AB
2315087,1,MA 101,4,5.0,CD
2315087,1,ME 101,4,4.0,DD
2315087,1,PH 101,4,5.0,CD
2315087,1,PH 111,2,7.0,BC
2315088,1,CE 101,3,7.0,BC
2315088,1,EE 101,4,6.0,CC
2315088,1,EE 111,2,9.0,AB
2315088,1,HS 101,3,8.0,BB
2315088,1,HS 111,2,9.0,AB
2315088,1,MA 101,4,8.0,BB
2315088,1,ME 101,4,8.0,BB
2315088,1,PH 101,4,6.0,CC
2315088,1,PH 111,2,7.0,BC
2315089,1,CE 101,3,9.0,AB
2315089,1,EE 101,4,5.0,CD
2315089,1,EE 111,2,9.0,AB
2315089,1,HS 101,3,6.0,CC
2315089,1,HS 111,2,10.0,AA
2315089,1,MA 101,4,5.0,CD
2315089,1,ME 101,4,4.0,DD
2315089,1,PH 101,4,5.0,CD
2315089,1,PH 111,2,5.0,CD
2315090,1,CE 101,3,9.0,AB
2315090,1,EE 101,4,9.0,AB
2315090,1,EE 111,2,9.0,AB
2315090,1,HS 101,3,7.0,BC
2315090,1,HS 111,2,10.0,AA
2315090,1,MA 101,4,7.0,BC
2315090,1,ME 101,4,6.0,CC
2315090,1,PH 101,4,6.0,CC
2315090,1,PH 111,2,9.0,AB
2315091,1,CE 101,3,7.0,BC
2315091,1,EE 101,4,7.0,BC
2315091,1,EE 111,2,9.0,AB
2315091,1,HS 101,3,8.0,BB
2315091,1,HS 111,2,10.0,AA
2315091,1,MA 101,4,6.0,CC
2315091,1,ME 101,4,6.0,CC
2315091,1,PH 101,4,7.0,BC
2315091,1,PH 111,2,9.0,AB
2315092,1,CE 101,3,8.0,BB
2315092,1,EE 101,4,7.0,BC
2315092,1,EE 111,2,9.0,AB
2315092,1,HS 101,3,9.0,AB
2315092,1,HS 111,2,10.0,AA
2315092,1,MA 101,4,5.0,CD
2315092,1,ME 101,4,7.0,BC
2315092,1,PH 101,4,6.0,CC
2315092,1,PH 111,2,7.0,BC
2315093,1,CE 101,3,6.0,CC
2315093,1,EE 101,4,7.0,BC
2315093,1,EE 111,2,9.0,AB
2315093,1,HS 101,3,7.0,BC
2315093,1,HS 111,2,10.0,AA
2315093,1,MA 101,4,6.0,CC
2315093,1,ME 101,4,7.0,BC
2315093,1,PH 101,4,5.0,CD
2315093,1,PH 111,2,9.0,AB
2315094,1,CE 101,3,8.0,BB
2315094,1,EE 101,4,6.0,CC
2315094,1,EE 111,2,9.0,AB
2315094,1,HS 101,3,9.0,AB
2315094,1,HS 111,2,9.0,AB
2315094,1,MA 101,4,5.0,CD
2315094,1,ME 101,4,8.0,BB
2315094,1,PH 101,4,5.0,CD
2315094,1,PH 111,2,8.0,BB
2315095,1,CE 101,3,8.0,BB
2315095,1,EE 101,4,7.0,BC
2315095,1,EE 111,2,9.0,AB
2315095,1,HS 101,3,9.0,AB
2315095,1,HS 111,2,8.0,BB
2315095,1,MA 101,4,8.0,BB
2315095,1,ME 101,4,7.0,BC
2315095,1,PH 101,4,8.0,BB
2315095,1,PH 111,2,9.0,AB
2315096,1,CE 101,3,8.0,BB
2315096,1,EE 101,4,10.0,AA
2315096,1,EE 111,2,10.0,AA
2315096,1,HS 101,3,9.0,AB
2315096,1,HS 111,2,9.0,AB
2315096,1,MA 101,4,9.0,AB
2315096,1,ME 101,4,7.0,BC
2315096,1,PH 101,4,9.0,AB
2315096,1,PH 111,2,10.0,AA
2315097,1,CE 101,3,8.0,BB
2315097,1,EE 101,4,8.0,BB
2315097,1,EE 111,2,9.0,AB
2315097,1,HS 101,3,8.0,BB
2315097,1,HS 111,2,10.0,AA
2315097,1,MA 101,4,8.0,BB
2315097,1,ME 101,4,7.0,BC
2315097,1,PH 101,4,8.0,BB
2315097,1,PH 111,2,10.0,AA
2315098,1,CE 101,3,7.0,BC
2315098,1,EE 101,4,7.0,BC
2315098,1,EE 111,2,9.0,AB
2315098,1,HS 101,3,8.0,BB
2315098,1,HS 111,2,9.0,AB
2315098,1,MA 101,4,8.0,BB
2315098,1,ME 101,4,6.0,CC
2315098,1,PH 101,4,7.0,BC
2315098,1,PH 111,2,8.0,BB
2315099,1,CE 101,3,7.0,BC
2315099,1,EE 101,4,6.0,CC
2315099,1,EE 111,2,8.0,BB
2315099,1,HS 101,3,7.0,BC
2315099,1,HS 111,2,10.0,AA
2315099,1,MA 101,4,5.0,CD
2315099,1,ME 101,4,6.0,CC
2315099,1,PH 101,4,4.0,DD
2315099,1,PH 111,2,8.0,BB
2315100,1,CE 101,3,7.0,BC
2315100,1,EE 101,4,0.0,F
2315100,1,EE 111,2,9.0,AB
2315100,1,HS 101,3,5.0,CD
2315100,1,HS 111,2,8.0,BB
2315100,1,MA 101,4,0.0,F
2315100,1,ME 101,4,0.0,F
2315100,1,PH 101,4,0.0,F
2315100,1,PH 111,2,7.0,BC
2316001,1,CE 101,3,7.0,BC
2316001,1,EE 101,4,6.0,CC
2316001,1,EE 111,2,9.0,AB
2316001,1,HS 101,3,7.0,BC
2316001,1,HS 111,2,6.0,CC
2316001,1,MA 101,4,7.0,BC
2316001,1,ME 101,4,6.0,CC
2316001,1,PH 101,4,7.0,BC
2316001,1,PH 111,2,5.0,CD
2316002,1,CE 101,3,7.0,BC
2316002,1,EE 101,4,7.0,BC
2316002,1,EE 111,2,10.0,AA
2316002,1,HS 101,3,8.0,BB
2316002,1,HS 111,2,5.0,CD
2316002,1,MA 101,4,7.0,BC
2316002,1,ME 101,4,6.0,CC
2316002,1,PH 101,4,5.0,CD
2316002,1,PH 111,2,6.0,CC
2316003,1,CE 101,3,8.0,BB
2316003,1,EE 101,4,7.0,BC
2316003,1,EE 111,2,9.0,AB
2316003,1,HS 101,3,9.0,AB
2316003,1,HS 111,2,6.0,CC
2316003,1,MA 101,4,8.0,BB
2316003,1,ME 101,4,5.0,CD
2316003,1,PH 101,4,6.0,CC
2316003,1,PH 111,2,9.0,AB
2316004,1,CE 101,3,8.0,BB
2316004,1,EE 101,4,7.0,BC
2316004,1,EE 111,2,9.0,AB
2316004,1,HS 101,3,7.0,BC
2316004,1,HS 111,2,6.0,CC
2316004,1,MA 101,4,7.0,BC
2316004,1,ME 101,4,7.0,BC
2316004,1,PH 101,4,7.0,BC
2316004,1,PH 111,2,8.0,BB
2316005,1,CE 101,3,8.0,BB
2316005,1,EE 101,4,5.0,CD
2316005,1,EE 111,2,8.0,BB
2316005,1,HS 101,3,5.0,CD
2316005,1,HS 111,2,6.0,CC
2316005,1,MA 101,4,6.0,CC
2316005,1,ME 101,4,5.0,CD
2316005,1,PH 101,4,6.0,CC
2316005,1,PH 111,2,7.0,BC
2316006,1,CE 101,3,4.0,DD
2316006,1,EE 101,4,0.0,F
2316006,1,EE 111,2,9.0,AB
2316006,1,HS 101,3,6.0,CC
2316006,1,HS 111,2,4.0,DD
2316006,1,MA 101,4,0.0,F
2316006,1,ME 101,4,0.0,F
2316006,1,PH 101,4,0.0,F
2316006,1,PH 111,2,5.0,CD
2316007,1,CE 101,3,8.0,BB
2316007,1,EE 101,4,8.0,BB
2316007,1,EE 111,2,9.0,AB
2316007,1,HS 101,3,8.0,BB
2316007,1,HS 111,2,0.0,F
2316007,1,MA 101,4,7.0,BC
2316007,1,ME 101,4,8.0,BB
2316007,1,PH 101,4,8.0,BB
2316007,1,PH 111,2,9.0,AB
2316008,1,CE 101,3,8.0,BB
2316008,1,EE 101,4,7.0,BC
2316008,1,EE 111,2,9.0,AB
2316008,1,HS 101,3,7.0,BC
2316008,1,HS 111,2,8.0,BB
2316008,1,MA 101,4,10.0,AA
2316008,1,ME 101,4,8.0,BB
2316008,1,PH 101,4,9.0,AB
2316008,1,PH 111,2,8.0,BB
2316009,1,CE 101,3,7.0,BC
2316009,1,EE 101,4,6.0,CC
2316009,1,EE 111,2,9.0,AB
2316009,1,HS 101,3,8.0,BB
2316009,1,HS 111,2,8.0,BB
2316009,1,MA 101,4,8.0,BB
2316009,1,ME 101,4,6.0,CC
2316009,1,PH 101,4,7.0,BC
2316009,1,PH 111,2,7.0,BC
2316010,1,CE 101,3,9.0,AB
2316010,1,EE 101,4,8.0,BB
2316010,1,EE 111,2,9.0,AB
2316010,1,HS 101,3,9.0,AB
2316010,1,HS 111,2,7.0,BC
2316010,1,MA 101,4,10.0,AA
2316010,1,ME 101,4,8.0,BB
2316010,1,PH 101,4,8.0,BB
2316010,1,PH 111,2,8.0,BB
2316011,1,CE 101,3,8.0,BB
2316011,1,EE 101,4,7.0,BC
2316011,1,EE 111,2,10.0,AA
2316011,1,HS 101,3,9.0,AB
2316011,1,HS 111,2,8.0,BB
2316011,1,MA 101,4,8.0,BB
2316011,1,ME 101,4,4.0,DD
2316011,1,PH 101,4,7.0,BC
2316011,1,PH 111,2,9.0,AB
2316012,1,CE 101,3,7.0,BC
2316012,1,EE 101,4,5.0,CD
2316012,1,EE 111,2,9.0,AB
2316012,1,HS 101,3,7.0,BC
2316012,1,HS 111,2,6.0,CC
2316012,1,MA 101,4,5.0,CD
2316012,1,ME 101,4,7.0,BC
2316012,1,PH 101,4,5.0,CD
2316012,1,PH 111,2,8.0,BB
2316013,1,CE 101,3,8.0,BB
2316013,1,EE 101,4,7.0,BC
2316013,1,EE 111,2,10.0,AA
2316013,1,HS 101,3,10.0,AA
2316013,1,HS 111,2,9.0,AB
2316013,1,MA 101,4,7.0,BC
2316013,1,ME 101,4,7.0,BC
2316013,1,PH 101,4,9.0,AB
2316013,1,PH 111,2,9.0,AB
2316014,1,CE 101,3,6.0,CC
2316014,1,EE 101,4,4.0,DD
2316014,1,EE 111,2,8.0,BB
2316014,1,HS 101,3,5.0,CD
2316014,1,HS 111,2,7.0,BC
2316014,1,MA 101,4,5.0,CD
2316014,1,ME 101,4,4.0,DD
2316014,1,PH 101,4,5.0,CD
2316014,1,PH 111,2,6.0,CC
2316015,1,CE 101,3,8.0,BB
2316015,1,EE 101,4,6.0,CC
2316015,1,EE 111,2,9.0,AB
2316015,1,HS 101,3,5.0,CD
2316015,1,HS 111,2,9.0,AB
2316015,1,MA 101,4,8.0,BB
2316015,1,ME 101,4,4.0,DD
2316015,1,PH 101,4,7.0,BC
2316015,1,PH 111,2,8.0,BB
2316016,1,CE 101,3,0.0,F
2316016,1,EE 101,4,0.0,F
2316016,1,EE 111,2,0.0,F
2316016,1,HS 101,3,0.0,F
2316016,1,HS 111,2,0.0,F
2316016,1,MA 101,4,0.0,F
2316016,1,ME 101,4,0.0,F
2316016,1,PH 101,4,0.0,F
2316016,1,PH 111,2,0.0,F
2316017,1,CE 101,3,8.0,BB
2316017,1,EE 101,4,8.0,BB
2316017,1,EE 111,2,10.0,AA
2316017,1,HS 101,3,9.0,AB
2316017,1,HS 111,2,9.0,AB
2316017,1,MA 101,4,8.0,BB
2316017,1,ME 101,4,6.0,CC
2316017,1,PH 101,4,10.0,AA
2316017,1,PH 111,2,9.0,AB
2316018,1,CE 101,3,7.0,BC
2316018,1,EE 101,4,6.0,CC
2316018,1,EE 111,2,9.0,AB
2316018,1,HS 101,3,6.0,CC
2316018,1,HS 111,2,9.0,AB
2316018,1,MA 101,4,8.0,BB
2316018,1,ME 101,4,7.0,BC
2316018,1,PH 101,4,8.0,BB
2316018,1,PH 111,2,8.0,BB
2316019,1,CE 101,3,8.0,BB
2316019,1,EE 101,4,6.0,CC
2316019,1,EE 111,2,9.0,AB
2316019,1,HS 101,3,6.0,CC
2316019,1,HS 111,2,8.0,BB
2316019,1,MA 101,4,8.0,BB
2316019,1,ME 101,4,5.0,CD
2316019,1,PH 101,4,8.0,BB
2316019,1,PH 111,2,8.0,BB
2316020,1,CE 101,3,9.0,AB
2316020,1,EE 101,4,8.0,BB
2316020,1,EE 111,2,10.0,AA
2316020,1,HS 101,3,8.0,BB
2316020,1,HS 111,2,9.0,AB
2316020,1,MA 101,4,9.0,AB
2316020,1,ME 101,4,7.0,BC
2316020,1,PH 101,4,10.0,AA
2316020,1,PH 111,2,8.0,BB
2316021,1,CE 101,3,8.0,BB
2316021,1,EE 101,4,7.0,BC
2316021,1,EE 111,2,9.0,AB
2316021,1,HS 101,3,9.0,AB
2316021,1,HS 111,2,8.0,BB
2316021,1,MA 101,4,5.0,CD
2316021,1,ME 101,4,4.0,DD
2316021,1,PH 101,4,8.0,BB
2316021,1,PH 111,2,8.0,BB
2316022,1,CE 101,3,8.0,BB
2316022,1,EE 101,4,9.0,AB
2316022,1,EE 111,2,9.0,AB
2316022,1,HS 101,3,9.0,AB
2316022,1,HS 111,2,8.0,BB
2316022,1,MA 101,4,8.0,BB
2316022,1,ME 101,4,9.0,AB
2316022,1,PH 101,4,10.0,AA
2316022,1,PH 111,2,10.0,AA
2316023,1,CE 101,3,6.0,CC
2316023,1,EE 101,4,7.0,BC
2316023,1,EE 111,2,9.0,AB
2316023,1,HS 101,3,7.0,BC
2316023,1,HS 111,2,7.0,BC
2316023,1,MA 101,4,6.0,CC
2316023,1,ME 101,4,6.0,CC
2316023,1,PH 101,4,7.0,BC
2316023,1,PH 111,2,7.0,BC
2316024,1,CE 101,3,8.0,BB
2316024,1,EE 101,4,6.0,CC
2316024,1,EE 111,2,9.0,AB
2316024,1,HS 101,3,6.0,CC
2316024,1,HS 111,2,5.0,CD
2316024,1,MA 101,4,8.0,BB
2316024,1,ME 101,4,5.0,CD
2316024,1,PH 101,4,9.0,AB
2316024,1,PH 111,2,8.0,BB
2316025,1,CE 101,3,7.0,BC
2316025,1,EE 101,4,4.0,DD
2316025,1,EE 111,2,9.0,AB
2316025,1,HS 101,3,6.0,CC
2316025,1,HS 111,2,6.0,CC
2316025,1,MA 101,4,0.0,F
2316025,1,ME 101,4,0.0,F
2316025,1,PH 101,4,0.0,F
2316025,1,PH 111,2,6.0,CC
2316026,1,CE 101,3,8.0,BB
2316026,1,EE 101,4,8.0,BB
2316026,1,EE 111,2,9.0,AB
2316026,1,HS 101,3,7.0,BC
2316026,1,HS 111,2,6.0,CC
2316026,1,MA 101,4,7.0,BC
2316026,1,ME 101,4,5.0,CD
2316026,1,PH 101,4,9.0,AB
2316026,1,PH 111,2,6.0,CC
2316027,1,CE 101,3,6.0,CC
2316027,1,EE 101,4,5.0,CD
2316027,1,EE 111,2,9.0,AB
2316027,1,HS 101,3,7.0,BC
2316027,1,HS 111,2,7.0,BC
2316027,1,MA 101,4,7.0,BC
2316027,1,ME 101,4,5.0,CD
2316027,1,PH 101,4,8.0,BB
2316027,1,PH 111,2,7.0,BC
2316028,1,CE 101,3,8.0,BB
2316028,1,EE 101,4,8.0,BB
2316028,1,EE 111,2,9.0,AB
2316028,1,HS 101,3,7.0,BC
2316028,1,HS 111,2,6.0,CC
2316028,1,MA 101,4,8.0,BB
2316028,1,ME 101,4,6.0,CC
2316028,1,PH 101,4,8.0,BB
2316028,1,PH 111,2,8.0,BB
2316029,1,CE 101,3,8.0,BB
2316029,1,EE 101,4,6.0,CC
2316029,1,EE 111,2,10.0,AA
2316029,1,HS 101,3,8.0,BB
2316029,1,HS 111,2,6.0,CC
2316029,1,MA 101,4,5.0,CD
2316029,1,ME 101,4,4.0,DD
2316029,1,PH 101,4,5.0,CD
2316029,1,PH 111,2,8.0,BB
2316030,1,CE 101,3,8.0,BB
2316030,1,EE 101,4,7.0,BC
2316030,1,EE 111,2,9.0,AB
2316030,1,HS 101,3,6.0,CC
2316030,1,HS 111,2,6.0,CC
2316030,1,MA 101,4,9.0,AB
2316030,1,ME 101,4,7.0,BC
2316030,1,PH 101,4,7.0,BC
2316030,1,PH 111,2,9.0,AB
2316031,1,CE 101,3,8.0,BB
2316031,1,EE 101,4,8.0,BB
2316031,1,EE 111,2,9.0,AB
2316031,1,HS 101,3,9.0,AB
2316031,1,HS 111,2,7.0,BC
2316031,1,MA 101,4,6.0,CC
2316031,1,ME 101,4,6.0,CC
2316031,1,PH 101,4,9.0,AB
2316031,1,PH 111,2,7.0,BC
2316032,1,CE 101,3,7.0,BC
2316032,1,EE 101,4,4.0,DD
2316032,1,EE 111,2,8.0,BB
2316032,1,HS 101,3,8.0,BB
2316032,1,HS 111,2,7.0,BC
2316032,1,MA 101,4,5.0,CD
2316032,1,ME 101,4,4.0,DD
2316032,1,PH 101,4,6.0,CC
2316032,1,PH 111,2,9.0,AB
2316033,1,CE 101,3,8.0,BB
2316033,1,EE 101,4,4.0,DD
2316033,1,EE 111,2,9.0,AB
2316033,1,HS 101,3,9.0,AB
2316033,1,HS 111,2,7.0,BC
2316033,1,MA 101,4,7.0,BC
2316033,1,ME 101,4,8.0,BB
2316033,1,PH 101,4,5.0,CD
2316033,1,PH 111,2,8.0,BB
2316034,1,CE 101,3,8.0,BB
2316034,1,EE 101,4,5.0,CD
2316034,1,EE 111,2,9.0,AB
2316034,1,HS 101,3,8.0,BB
2316034,1,HS 111,2,7.0,BC
2316034,1,MA 101,4,7.0,BC
2316034,1,ME 101,4,6.0,CC
2316034,1,PH 101,4,5.0,CD
2316034,1,PH 111,2,7.0,BC
2316035,1,CE 101,3,8.0,BB
2316035,1,EE 101,4,6.0,CC
2316035,1,EE 111,2,9.0,AB
2316035,1,HS 101,3,9.0,AB
2316035,1,HS 111,2,7.0,BC
2316035,1,MA 101,4,6.0,CC
2316035,1,ME 101,4,4.0,DD
2316035,1,PH 101,4,6.0,CC
2316035,1,PH 111,2,8.0,BB
2316036,1,CE 101,3,8.0,BB
2316036,1,EE 101,4,7.0,BC
2316036,1,EE 111,2,9.0,AB
2316036,1,HS 101,3,8.0,BB
2316036,1,HS 111,2,7.0,BC
2316036,1,MA 101,4,8.0,BB
2316036,1,ME 101,4,6.0,CC
2316036,1,PH 101,4,9.0,AB
2316036,1,PH 111,2,7.0,BC
2316037,1,CE 101,3,8.0,BB
2316037,1,EE 101,4,4.0,DD
2316037,1,EE 111,2,9.0,AB
2316037,1,HS 101,3,9.0,AB
2316037,1,HS 111,2,7.0,BC
2316037,1,MA 101,4,0.0,F
2316037,1,ME 101,4,0.0,F
2316037,1,PH 101,4,4.0,DD
2316037,1,PH 111,2,6.0,CC
2316038,1,CE 101,3,7.0,BC
2316038,1,EE 101,4,7.0,BC
2316038,1,EE 111,2,10.0,AA
2316038,1,HS 101,3,8.0,BB
2316038,1,HS 111,2,7.0,BC
2316038,1,MA 101,4,8.0,BB
2316038,1,ME 101,4,5.0,CD
2316038,1,PH 101,4,8.0,BB
2316038,1,PH 111,2,7.0,BC
2316039,1,CE 101,3,8.0,BB
2316039,1,EE 101,4,7.0,BC
2316039,1,EE 111,2,9.0,AB
2316039,1,HS 101,3,6.0,CC
2316039,1,HS 111,2,7.0,BC
2316039,1,MA 101,4,7.0,BC
2316039,1,ME 101,4,6.0,CC
2316039,1,PH 101,4,6.0,CC
2316039,1,PH 111,2,6.0,CC
2316040,1,CE 101,3,6.0,CC
2316040,1,EE 101,4,4.0,DD
2316040,1,EE 111,2,9.0,AB
2316040,1,HS 101,3,7.0,BC
2316040,1,HS 111,2,5.0,CD
2316040,1,MA 101,4,0.0,F
2316040,1,ME 101,4,0.0,F
2316040,1,PH 101,4,0.0,F
2316040,1,PH 111,2,5.0,CD
2316041,1,CE 101,3,8.0,BB
2316041,1,EE 101,4,4.0,DD
2316041,1,EE 111,2,9.0,AB
2316041,1,HS 101,3,7.0,BC
2316041,1,HS 111,2,6.0,CC
2316041,1,MA 101,4,4.0,DD
2316041,1,ME 101,4,7.0,BC
2316041,1,PH 101,4,4.0,DD
2316041,1,PH 111,2,6.0,CC
2316042,1,CE 101,3,7.0,BC
2316042,1,EE 101,4,7.0,BC
2316042,1,EE 111,2,10.0,AA
2316042,1,HS 101,3,9.0,AB
2316042,1,HS 111,2,7.0,BC
2316042,1,MA 101,4,8.0,BB
2316042,1,ME 101,4,6.0,CC
2316042,1,PH 101,4,9.0,AB
2316042,1,PH 111,2,10.0,AA
2316043,1,CE 101,3,8.0,BB
2316043,1,EE 101,4,4.0,DD
2316043,1,EE 111,2,8.0,BB
2316043,1,HS 101,3,7.0,BC
2316043,1,HS 111,2,7.0,BC
2316043,1,MA 101,4,7.0,BC
2316043,1,ME 101,4,6.0,CC
2316043,1,PH 101,4,5.0,CD
2316043,1,PH 111,2,9.0,AB
2316044,1,CE 101,3,7.0,BC
2316044,1,EE 101,4,6.0,CC
2316044,1,EE 111,2,7.0,BC
2316044,1,HS 101,3,8.0,BB
2316044,1,HS 111,2,6.0,CC
2316044,1,MA 101,4,6.0,CC
2316044,1,ME 101,4,6.0,CC
2316044,1,PH 101,4,7.0,BC
2316044,1,PH 111,2,8.0,BB
2316045,1,CE 101,3,8.0,BB
2316045,1,EE 101,4,10.0,AA
2316045,1,EE 111,2,9.0,AB
2316045,1,HS 101,3,9.0,AB
2316045,1,HS 111,2,10.0,AA
2316045,1,MA 101,4,9.0,AB
2316045,1,ME 101,4,7.0,BC
2316045,1,PH 101,4,10.0,AA
2316045,1,PH 111,2,9.0,AB
2316046,1,CE 101,3,7.0,BC
2316046,1,EE 101,4,7.0,BC
2316046,1,EE 111,2,9.0,AB
2316046,1,HS 101,3,8.0,BB
2316046,1,HS 111,2,10.0,AA
2316046,1,MA 101,4,8.0,BB
2316046,1,ME 101,4,8.0,BB
2316046,1,PH 101,4,8.0,BB
2316046,1,PH 111,2,8.0,BB
2316047,1,CE 101,3,9.0,AB
2316047,1,EE 101,4,8.0,BB
2316047,1,EE 111,2,8.0,BB
2316047,1,HS 101,3,8.0,BB
2316047,1,HS 111,2,10.0,AA
2316047,1,MA 101,4,8.0,BB
2316047,1,ME 101,4,7.0,BC
2316047,1,PH 101,4,8.0,BB
2316047,1,PH 111,2,9.0,AB
2316048,1,CE 101,3,7.0,BC
2316048,1,EE 101,4,6.0,CC
2316048,1,EE 111,2,8.0,BB
2316048,1,HS 101,3,8.0,BB
2316048,1,HS 111,2,10.0,AA
2316048,1,MA 101,4,8.0,BB
2316048,1,ME 101,4,6.0,CC
2316048,1,PH 101,4,9.0,AB
2316048,1,PH 111,2,8.0,BB
2316049,1,CE 101,3,8.0,BB
2316049,1,EE 101,4,6.0,CC
2316049,1,EE 111,2,9.0,AB
2316049,1,HS 101,3,8.0,BB
2316049,1,HS 111,2,9.0,AB
2316049,1,MA 101,4,6.0,CC
2316049,1,ME 101,4,7.0,BC
2316049,1,PH 101,4,6.0,CC
2316049,1,PH 111,2,8.0,BB
2316050,1,CE 101,3,8.0,BB
2316050,1,EE 101,4,5.0,CD
2316050,1,EE 111,2,8.0,BB
2316050,1,HS 101,3,7.0,BC
2316050,1,HS 111,2,9.0,AB
2316050,1,MA 101,4,6.0,CC
2316050,1,ME 101,4,5.0,CD
2316050,1,PH 101,4,4.0,DD
2316050,1,PH 111,2,9.0,AB
2316051,1,CE 101,3,8.0,BB
2316051,1,EE 101,4,6.0,CC
2316051,1,EE 111,2,8.0,BB
2316051,1,HS 101,3,9.0,AB
2316051,1,HS 111,2,8.0,BB
2316051,1,MA 101,4,10.0,AA
2316051,1,ME 101,4,5.0,CD
2316051,1,PH 101,4,8.0,BB
2316051,1,PH 111,2,8.0,BB
2316052,1,CE 101,3,7.0,BC
2316052,1,EE 101,4,8.0,BB
2316052,1,EE 111,2,8.0,BB
2316052,1,HS 101,3,8.0,BB
2316052,1,HS 111,2,8.0,BB
2316052,1,MA 101,4,7.0,BC
2316052,1,ME 101,4,5.0,CD
2316052,1,PH 101,4,8.0,BB
2316052,1,PH 111,2,8.0,BB
2316053,1,CE 101,3,8.0,BB
2316053,1,EE 101,4,6.0,CC
2316053,1,EE 111,2,9.0,AB
2316053,1,HS 101,3,10.0,AA
2316053,1,HS 111,2,9.0,AB
2316053,1,MA 101,4,6.0,CC
2316053,1,ME 101,4,6.0,CC
2316053,1,PH 101,4,9.0,AB
2316053,1,PH 111,2,9.0,AB
2316054,1,CE 101,3,8.0,BB
2316054,1,EE 101,4,6.0,CC
2316054,1,EE 111,2,9.0,AB
2316054,1,HS 101,3,10.0,AA
2316054,1,HS 111,2,9.0,AB
2316054,1,MA 101,4,8.0,BB
2316054,1,ME 101,4,5.0,CD
2316054,1,PH 101,4,8.0,BB
2316054,1,PH 111,2,9.0,AB
2316055,1,CE 101,3,7.0,BC
2316055,1,EE 101,4,6.0,CC
2316055,1,EE 111,2,7.0,BC
2316055,1,HS 101,3,9.0,AB
2316055,1,HS 111,2,9.0,AB
2316055,1,MA 101,4,8.0,BB
2316055,1,ME 101,4,5.0,CD
2316055,1,PH 101,4,8.0,BB
2316055,1,PH 111,2,8.0,BB
2316056,1,CE 101,3,8.0,BB
2316056,1,EE 101,4,8.0,BB
2316056,1,EE 111,2,9.0,AB
2316056,1,HS 101,3,10.0,AA
2316056,1,HS 111,2,9.0,AB
2316056,1,MA 101,4,7.0,BC
2316056,1,ME 101,4,8.0,BB
2316056,1,PH 101,4,7.0,BC
2316056,1,PH 111,2,10.0,AA
2316057,1,CE 101,3,8.0,BB
2316057,1,EE 101,4,5.0,CD
2316057,1,EE 111,2,8.0,BB
2316057,1,HS 101,3,8.0,BB
2316057,1,HS 111,2,9.0,AB
2316057,1,MA 101,4,5.0,CD
2316057,1,ME 101,4,4.0,DD
2316057,1,PH 101,4,6.0,CC
2316057,1,PH 111,2,8.0,BB
2316058,1,CE 101,3,8.0,BB
2316058,1,EE 101,4,7.0,BC
2316058,1,EE 111,2,9.0,AB
2316058,1,HS 101,3,9.0,AB
2316058,1,HS 111,2,7.0,BC
2316058,1,MA 101,4,8.0,BB
2316058,1,ME 101,4,5.0,CD
2316058,1,PH 101,4,7.0,BC
2316058,1,PH 111,2,9.0,AB
2316060,1,CE 101,3,8.0,BB
2316060,1,EE 101,4,8.0,BB
2316060,1,EE 111,2,10.0,AA
2316060,1,HS 101,3,10.0,AA
2316060,1,HS 111,2,7.0,BC
2316060,1,MA 101,4,9.0,AB
2316060,1,ME 101,4,8.0,BB
2316060,1,PH 101,4,10.0,AA
2316060,1,PH 111,2,10.0,AA
2316061,1,CE 101,3,6.0,CC
2316061,1,EE 101,4,4.0,DD
2316061,1,EE 111,2,7.0,BC
2316061,1,HS 101,3,5.0,CD
2316061,1,HS 111,2,6.0,CC
2316061,1,MA 101,4,4.0,DD
2316061,1,ME 101,4,0.0,F
2316061,1,PH 101,4,4.0,DD
2316061,1,PH 111,2,7.0,BC
2316062,1,CE 101,3,7.0,BC
2316062,1,EE 101,4,7.0,BC
2316062,1,EE 111,2,9.0,AB
2316062,1,HS 101,3,8.0,BB
2316062,1,HS 111,2,6.0,CC
2316062,1,MA 101,4,8.0,BB
2316062,1,ME 101,4,7.0,BC
2316062,1,PH 101,4,8.0,BB
2316062,1,PH 111,2,8.0,BB
2316063,1,CE 101,3,8.0,BB
2316063,1,EE 101,4,8.0,BB
2316063,1,EE 111,2,9.0,AB
2316063,1,HS 101,3,8.0,BB
2316063,1,HS 111,2,6.0,CC
2316063,1,MA 101,4,6.0,CC
2316063,1,ME 101,4,8.0,BB
2316063,1,PH 101,4,8.0,BB
2316063,1,PH 111,2,10.0,AA
2316064,1,CE 101,3,9.0,AB
2316064,1,EE 101,4,7.0,BC
2316064,1,EE 111,2,8.0,BB
2316064,1,HS 101,3,10.0,AA
2316064,1,HS 111,2,6.0,CC
2316064,1,MA 101,4,7.0,BC
2316064,1,ME 101,4,5.0,CD
2316064,1,PH 101,4,7.0,BC
2316064,1,PH 111,2,10.0,AA
2316065,1,CE 101,3,8.0,BB
2316065,1,EE 101,4,7.0,BC
2316065,1,EE 111,2,9.0,AB
2316065,1,HS 101,3,10.0,AA
2316065,1,HS 111,2,7.0,BC
2316065,1,MA 101,4,8.0,BB
2316065,1,ME 101,4,4.0,DD
2316065,1,PH 101,4,9.0,AB
2316065,1,PH 111,2,8.0,BB
2316066,1,CE 101,3,9.0,AB
2316066,1,EE 101,4,8.0,BB
2316066,1,EE 111,2,9.0,AB
2316066,1,HS 101,3,9.0,AB
2316066,1,HS 111,2,9.0,AB
2316066,1,MA 101,4,7.0,BC
2316066,1,ME 101,4,6.0,CC
2316066,1,PH 101,4,10.0,AA
2316066,1,PH 111,2,9.0,AB
2316067,1,CE 101,3,8.0,BB
2316067,1,EE 101,4,5.0,CD
2316067,1,EE 111,2,9.0,AB
2316067,1,HS 101,3,9.0,AB
2316067,1,HS 111,2,9.0,AB
2316067,1,MA 101,4,4.0,DD
2316067,1,ME 101,4,4.0,DD
2316067,1,PH 101,4,5.0,CD
2316067,1,PH 111,2,8.0,BB
2316068,1,CE 101,3,9.0,AB
2316068,1,EE 101,4,6.0,CC
2316068,1,EE 111,2,8.0,BB
2316068,1,HS 101,3,7.0,BC
2316068,1,HS 111,2,9.0,AB
2316068,1,MA 101,4,6.0,CC
2316068,1,ME 101,4,4.0,DD
2316068,1,PH 101,4,9.0,AB
2316068,1,PH 111,2,7.0,BC
2316069,1,CE 101,3,5.0,CD
2316069,1,EE 101,4,6.0,CC
2316069,1,EE 111,2,8.0,BB
2316069,1,HS 101,3,7.0,BC
2316069,1,HS 111,2,9.0,AB
2316069,1,MA 101,4,6.0,CC
2316069,1,ME 101,4,4.0,DD
2316069,1,PH 101,4,6.0,CC
2316069,1,PH 111,2,5.0,CD
2316070,1,CE 101,3,8.0,BB
2316070,1,EE 101,4,5.0,CD
2316070,1,EE 111,2,9.0,AB
2316070,1,HS 101,3,8.0,BB
2316070,1,HS 111,2,9.0,AB
2316070,1,MA 101,4,4.0,DD
2316070,1,ME 101,4,0.0,F
2316070,1,PH 101,4,4.0,DD
2316070,1,PH 111,2,8.0,BB
2316071,1,CE 101,3,7.0,BC
2316071,1,EE 101,4,6.0,CC
2316071,1,EE 111,2,7.0,BC
2316071,1,HS 101,3,7.0,BC
2316071,1,HS 111,2,9.0,AB
2316071,1,MA 101,4,7.0,BC
2316071,1,ME 101,4,4.0,DD
2316071,1,PH 101,4,6.0,CC
2316071,1,PH 111,2,8.0,BB
2316072,1,CE 101,3,7.0,BC
2316072,1,EE 101,4,7.0,BC
2316072,1,EE 111,2,9.0,AB
2316072,1,HS 101,3,9.0,AB
2316072,1,HS 111,2,9.0,AB
2316072,1,MA 101,4,6.0,CC
2316072,1,ME 101,4,5.0,CD
2316072,1,PH 101,4,7.0,BC
2316072,1,PH 111,2,9.0,AB
2316073,1,CE 101,3,8.0,BB
2316073,1,EE 101,4,7.0,BC
2316073,1,EE 111,2,9.0,AB
2316073,1,HS 101,3,9.0,AB
2316073,1,HS 111,2,10.0,AA
2316073,1,MA 101,4,7.0,BC
2316073,1,ME 101,4,5.0,CD
2316073,1,PH 101,4,7.0,BC
2316073,1,PH 111,2,9.0,AB
2316074,1,CE 101,3,7.0,BC
2316074,1,EE 101,4,6.0,CC
2316074,1,EE 111,2,9.0,AB
2316074,1,HS 101,3,9.0,AB
2316074,1,HS 111,2,10.0,AA
2316074,1,MA 101,4,7.0,BC
2316074,1,ME 101,4,5.0,CD
2316074,1,PH 101,4,9.0,AB
2316074,1,PH 111,2,9.0,AB
2316075,1,CE 101,3,7.0,BC
2316075,1,EE 101,4,7.0,BC
2316075,1,EE 111,2,9.0,AB
2316075,1,HS 101,3,9.0,AB
2316075,1,HS 111,2,10.0,AA
2316075,1,MA 101,4,7.0,BC
2316075,1,ME 101,4,4.0,DD
2316075,1,PH 101,4,7.0,BC
2316075,1,PH 111,2,9.0,AB
2316076,1,CE 101,3,8.0,BB
2316076,1,EE 101,4,7.0,BC
2316076,1,EE 111,2,8.0,BB
2316076,1,HS 101,3,8.0,BB
2316076,1,HS 111,2,10.0,AA
2316076,1,MA 101,4,8.0,BB
2316076,1,ME 101,4,6.0,CC
2316076,1,PH 101,4,7.0,BC
2316076,1,PH 111,2,8.0,BB
2316077,1,CE 101,3,8.0,BB
2316077,1,EE 101,4,8.0,BB
2316077,1,EE 111,2,9.0,AB
2316077,1,HS 101,3,10.0,AA
2316077,1,HS 111,2,10.0,AA
2316077,1,MA 101,4,7.0,BC
2316077,1,ME 101,4,9.0,AB
2316077,1,PH 101,4,7.0,BC
2316077,1,PH 111,2,10.0,AA
2316078,1,CE 101,3,7.0,BC
2316078,1,EE 101,4,6.0,CC
2316078,1,EE 111,2,8.0,BB
2316078,1,HS 101,3,8.0,BB
2316078,1,HS 111,2,10.0,AA
2316078,1,MA 101,4,7.0,BC
2316078,1,ME 101,4,5.0,CD
2316078,1,PH 101,4,7.0,BC
2316078,1,PH 111,2,7.0,BC
2316079,1,CE 101,3,8.0,BB
2316079,1,EE 101,4,6.0,CC
2316079,1,EE 111,2,8.0,BB
2316079,1,HS 101,3,7.0,BC
2316079,1,HS 111,2,10.0,AA
2316079,1,MA 101,4,9.0,AB
2316079,1,ME 101,4,4.0,DD
2316079,1,PH 101,4,7.0,BC
2316079,1,PH 111,2,7.0,BC
2316080,1,CE 101,3,9.0,AB
2316080,1,EE 101,4,8.0,BB
2316080,1,EE 111,2,8.0,BB
2316080,1,HS 101,3,7.0,BC
2316080,1,HS 111,2,9.0,AB
2316080,1,MA 101,4,8.0,BB
2316080,1,ME 101,4,8.0,BB
2316080,1,PH 101,4,9.0,AB
2316080,1,PH 111,2,9.0,AB
2316081,1,CE 101,3,7.0,BC
2316081,1,EE 101,4,9.0,AB
2316081,1,EE 111,2,8.0,BB
2316081,1,HS 101,3,10.0,AA
2316081,1,HS 111,2,8.0,BB
2316081,1,MA 101,4,9.0,AB
2316081,1,ME 101,4,7.0,BC
2316081,1,PH 101,4,10.0,AA
2316081,1,PH 111,2,9.0,AB
2316082,1,CE 101,3,8.0,BB
2316082,1,EE 101,4,7.0,BC
2316082,1,EE 111,2,9.0,AB
2316082,1,HS 101,3,9.0,AB
2316082,1,HS 111,2,9.0,AB
2316082,1,MA 101,4,8.0,BB
2316082,1,ME 101,4,6.0,CC
2316082,1,PH 101,4,9.0,AB
2316082,1,PH 111,2,9.0,AB
2316083,1,CE 101,3,8.0,BB
2316083,1,EE 101,4,8.0,BB
2316083,1,EE 111,2,10.0,AA
2316083,1,HS 101,3,7.0,BC
2316083,1,HS 111,2,8.0,BB
2316083,1,MA 101,4,7.0,BC
2316083,1,ME 101,4,7.0,BC
2316083,1,PH 101,4,7.0,BC
2316083,1,PH 111,2,9.0,AB
2316084,1,CE 101,3,9.0,AB
2316084,1,EE 101,4,8.0,BB
2316084,1,EE 111,2,9.0,AB
2316084,1,HS 101,3,9.0,AB
2316084,1,HS 111,2,8.0,BB
2316084,1,MA 101,4,5.0,CD
2316084,1,ME 101,4,7.0,BC
2316084,1,PH 101,4,6.0,CC
2316084,1,PH 111,2,9.0,AB
2316085,1,CE 101,3,9.0,AB
2316085,1,EE 101,4,9.0,AB
2316085,1,EE 111,2,9.0,AB
2316085,1,HS 101,3,9.0,AB
2316085,1,HS 111,2,8.0,BB
2316085,1,MA 101,4,7.0,BC
2316085,1,ME 101,4,5.0,CD
2316085,1,PH 101,4,9.0,AB
2316085,1,PH 111,2,9.0,AB
2316086,1,CE 101,3,7.0,BC
2316086,1,EE 101,4,8.0,BB
2316086,1,EE 111,2,10.0,AA
2316086,1,HS 101,3,9.0,AB
2316086,1,HS 111,2,8.0,BB
2316086,1,MA 101,4,9.0,AB
2316086,1,ME 101,4,8.0,BB
2316086,1,PH 101,4,8.0,BB
2316086,1,PH 111,2,10.0,AA
2316087,1,CE 101,3,7.0,BC
2316087,1,EE 101,4,7.0,BC
2316087,1,EE 111,2,9.0,AB
2316087,1,HS 101,3,7.0,BC
2316087,1,HS 111,2,9.0,AB
2316087,1,MA 101,4,5.0,CD
2316087,1,ME 101,4,5.0,CD
2316087,1,PH 101,4,7.0,BC
2316087,1,PH 111,2,10.0,AA
2316088,1,CE 101,3,8.0,BB
2316088,1,EE 101,4,5.0,CD
2316088,1,EE 111,2,10.0,AA
2316088,1,HS 101,3,5.0,CD
2316088,1,HS 111,2,9.0,AB
2316088,1,MA 101,4,4.0,DD
2316088,1,ME 101,4,4.0,DD
2316088,1,PH 101,4,4.0,DD
2316088,1,PH 111,2,9.0,AB
2316089,1,CE 101,3,7.0,BC
2316089,1,EE 101,4,6.0,CC
2316089,1,EE 111,2,9.0,AB
2316089,1,HS 101,3,8.0,BB
2316089,1,HS 111,2,9.0,AB
2316089,1,MA 101,4,4.0,DD
2316089,1,ME 101,4,4.0,DD
2316089,1,PH 101,4,5.0,CD
2316089,1,PH 111,2,10.0,AA
2316090,1,CE 101,3,5.0,CD
2316090,1,EE 101,4,5.0,CD
2316090,1,EE 111,2,9.0,AB
2316090,1,HS 101,3,8.0,BB
2316090,1,HS 111,2,8.0,BB
2316090,1,MA 101,4,9.0,AB
2316090,1,ME 101,4,6.0,CC
2316090,1,PH 101,4,7.0,BC
2316090,1,PH 111,2,9.0,AB
2316091,1,CE 101,3,7.0,BC
2316091,1,EE 101,4,8.0,BB
2316091,1,EE 111,2,10.0,AA
2316091,1,HS 101,3,7.0,BC
2316091,1,HS 111,2,9.0,AB
2316091,1,MA 101,4,7.0,BC
2316091,1,ME 101,4,7.0,BC
2316091,1,PH 101,4,7.0,BC
2316091,1,PH 111,2,9.0,AB
2316092,1,CE 101,3,8.0,BB
2316092,1,EE 101,4,9.0,AB
2316092,1,EE 111,2,10.0,AA
2316092,1,HS 101,3,8.0,BB
2316092,1,HS 111,2,8.0,BB
2316092,1,MA 101,4,9.0,AB
2316092,1,ME 101,4,5.0,CD
2316092,1,PH 101,4,10.0,AA
2316092,1,PH 111,2,10.0,AA
2316093,1,CE 101,3,5.0,CD
2316093,1,EE 101,4,8.0,BB
2316093,1,EE 111,2,9.0,AB
2316093,1,HS 101,3,8.0,BB
2316093,1,HS 111,2,5.0,CD
2316093,1,MA 101,4,7.0,BC
2316093,1,ME 101,4,0.0,F
2316093,1,PH 101,4,6.0,CC
2316093,1,PH 111,2,7.0,BC
2316094,1,CE 101,3,6.0,CC
2316094,1,EE 101,4,5.0,CD
2316094,1,EE 111,2,10.0,AA
2316094,1,HS 101,3,6.0,CC
2316094,1,HS 111,2,6.0,CC
2316094,1,MA 101,4,4.0,DD
2316094,1,ME 101,4,4.0,DD
2316094,1,PH 101,4,5.0,CD
2316094,1,PH 111,2,8.0,BB
2316095,1,CE 101,3,8.0,BB
2316095,1,EE 101,4,7.0,BC
2316095,1,EE 111,2,10.0,AA
2316095,1,HS 101,3,7.0,BC
2316095,1,HS 111,2,7.0,BC
2316095,1,MA 101,4,8.0,BB
2316095,1,ME 101,4,6.0,CC
2316095,1,PH 101,4,8.0,BB
2316095,1,PH 111,2,9.0,AB
2316096,1,CE 101,3,5.0,CD
2316096,1,EE 101,4,5.0,CD
2316096,1,EE 111,2,10.0,AA
2316096,1,HS 101,3,6.0,CC
2316096,1,HS 111,2,6.0,CC
2316096,1,MA 101,4,6.0,CC
2316096,1,ME 101,4,4.0,DD
2316096,1,PH 101,4,6.0,CC
2316096,1,PH 111,2,8.0,BB
2316097,1,CE 101,3,6.0,CC
2316097,1,EE 101,4,9.0,AB
2316097,1,EE 111,2,10.0,AA
2316097,1,HS 101,3,7.0,BC
2316097,1,HS 111,2,8.0,BB
2316097,1,MA 101,4,7.0,BC
2316097,1,ME 101,4,5.0,CD
2316097,1,PH 101,4,5.0,CD
2316097,1,PH 111,2,10.0,AA
2316098,1,CE 101,3,6.0,CC
2316098,1,EE 101,4,7.0,BC
2316098,1,EE 111,2,10.0,AA
2316098,1,HS 101,3,6.0,CC
2316098,1,HS 111,2,7.0,BC
2316098,1,MA 101,4,8.0,BB
2316098,1,ME 101,4,6.0,CC
2316098,1,PH 101,4,7.0,BC
2316098,1,PH 111,2,10.0,AA
2316099,1,CE 101,3,6.0,CC
2316099,1,EE 101,4,8.0,BB
2316099,1,EE 111,2,10.0,AA
2316099,1,HS 101,3,10.0,AA
2316099,1,HS 111,2,6.0,CC
2316099,1,MA 101,4,8.0,BB
2316099,1,ME 101,4,4.0,DD
2316099,1,PH 101,4,8.0,BB
2316099,1,PH 111,2,10.0,AA
2316100,1,CE 101,3,7.0,BC
2316100,1,EE 101,4,9.0,AB
2316100,1,EE 111,2,10.0,AA
2316100,1,HS 101,3,9.0,AB
2316100,1,HS 111,2,6.0,CC
2316100,1,MA 101,4,7.0,BC
2316100,1,ME 101,4,5.0,CD
2316100,1,PH 101,4,7.0,BC
2316100,1,PH 111,2,10.0,AA
2316101,1,CE 101,3,6.0,CC
2316101,1,EE 101,4,7.0,BC
2316101,1,EE 111,2,9.0,AB
2316101,1,HS 101,3,8.0,BB
2316101,1,HS 111,2,7.0,BC
2316101,1,MA 101,4,7.0,BC
2316101,1,ME 101,4,7.0,BC
2316101,1,PH 101,4,8.0,BB
2316101,1,PH 111,2,10.0,AA
2316102,1,CE 101,3,6.0,CC
2316102,1,EE 101,4,6.0,CC
2316102,1,EE 111,2,10.0,AA
2316102,1,HS 101,3,8.0,BB
2316102,1,HS 111,2,6.0,CC
2316102,1,MA 101,4,5.0,CD
2316102,1,ME 101,4,4.0,DD
2316102,1,PH 101,4,7.0,BC
2316102,1,PH 111,2,9.0,AB
2316103,1,CE 101,3,7.0,BC
2316103,1,EE 101,4,9.0,AB
2316103,1,EE 111,2,10.0,AA
2316103,1,HS 101,3,7.0,BC
2316103,1,HS 111,2,5.0,CD
2316103,1,MA 101,4,7.0,BC
2316103,1,ME 101,4,7.0,BC
2316103,1,PH 101,4,8.0,BB
2316103,1,PH 111,2,9.0,AB
2316104,1,CE 101,3,9.0,AB
2316104,1,EE 101,4,8.0,BB
2316104,1,EE 111,2,10.0,AA
2316104,1,HS 101,3,7.0,BC
2316104,1,HS 111,2,5.0,CD
2316104,1,MA 101,4,9.0,AB
2316104,1,ME 101,4,8.0,BB
2316104,1,PH 101,4,7.0,BC
2316104,1,PH 111,2,9.0,AB
2316105,1,CE 101,3,0.0,F
2316105,1,EE 101,4,0.0,F
2316105,1,EE 111,2,0.0,F
2316105,1,HS 101,3,0.0,F
2316105,1,HS 111,2,0.0,F
2316105,1,MA 101,4,0.0,F
2316105,1,ME 101,4,0.0,F
2316105,1,PH 101,4,0.0,F
2316105,1,PH 111,2,0.0,F
2316106,1,CE 101,3,9.0,AB
2316106,1,EE 101,4,9.0,AB
2316106,1,EE 111,2,10.0,AA
2316106,1,HS 101,3,8.0,BB
2316106,1,HS 111,2,6.0,CC
2316106,1,MA 101,4,7.0,BC
2316106,1,ME 101,4,7.0,BC
2316106,1,PH 101,4,7.0,BC
2316106,1,PH 111,2,10.0,AA
2316107,1,CE 101,3,9.0,AB
2316107,1,EE 101,4,8.0,BB
2316107,1,EE 111,2,10.0,AA
2316107,1,HS 101,3,10.0,AA
2316107,1,HS 111,2,8.0,BB
2316107,1,MA 101,4,7.0,BC
2316107,1,ME 101,4,6.0,CC
2316107,1,PH 101,4,9.0,AB
2316107,1,PH 111,2,10.0,AA
2316108,1,CE 101,3,9.0,AB
2316108,1,EE 101,4,7.0,BC
2316108,1,EE 111,2,9.0,AB
2316108,1,HS 101,3,7.0,BC
2316108,1,HS 111,2,8.0,BB
2316108,1,MA 101,4,7.0,BC
2316108,1,ME 101,4,4.0,DD
2316108,1,PH 101,4,6.0,CC
2316108,1,PH 111,2,9.0,AB
2316109,1,CE 101,3,7.0,BC
2316109,1,EE 101,4,6.0,CC
2316109,1,EE 111,2,10.0,AA
2316109,1,HS 101,3,6.0,CC
2316109,1,HS 111,2,8.0,BB
2316109,1,MA 101,4,7.0,BC
2316109,1,ME 101,4,4.0,DD
2316109,1,PH 101,4,6.0,CC
2316109,1,PH 111,2,10.0,AA
2316110,1,CE 101,3,6.0,CC
2316110,1,EE 101,4,4.0,DD
2316110,1,EE 111,2,10.0,AA
2316110,1,HS 101,3,6.0,CC
2316110,1,HS 111,2,8.0,BB
2316110,1,MA 101,4,0.0,F
2316110,1,ME 101,4,0.0,F
2316110,1,PH 101,4,0.0,F
2316110,1,PH 111,2,7.0,BC
2316111,1,CE 101,3,7.0,BC
2316111,1,EE 101,4,6.0,CC
2316111,1,EE 111,2,10.0,AA
2316111,1,HS 101,3,8.0,BB
2316111,1,HS 111,2,8.0,BB
2316111,1,MA 101,4,6.0,CC
2316111,1,ME 101,4,6.0,CC
2316111,1,PH 101,4,5.0,CD
2316111,1,PH 111,2,10.0,AA
2316112,1,CE 101,3,6.0,CC
2316112,1,EE 101,4,7.0,BC
2316112,1,EE 111,2,9.0,AB
2316112,1,HS 101,3,5.0,CD
2316112,1,HS 111,2,7.0,BC
2316112,1,MA 101,4,8.0,BB
2316112,1,ME 101,4,5.0,CD
2316112,1,PH 101,4,7.0,BC
2316112,1,PH 111,2,8.0,BB
2316113,1,CE 101,3,8.0,BB
2316113,1,EE 101,4,9.0,AB
2316113,1,EE 111,2,10.0,AA
2316113,1,HS 101,3,9.0,AB
2316113,1,HS 111,2,8.0,BB
2316113,1,MA 101,4,10.0,AA
2316113,1,ME 101,4,6.0,CC
2316113,1,PH 101,4,9.0,AB
2316113,1,PH 111,2,10.0,AA
2316114,1,CE 101,3,5.0,CD
2316114,1,EE 101,4,8.0,BB
2316114,1,EE 111,2,10.0,AA
2316114,1,HS 101,3,7.0,BC
2316114,1,HS 111,2,5.0,CD
2316114,1,MA 101,4,8.0,BB
2316114,1,ME 101,4,7.0,BC
2316114,1,PH 101,4,7.0,BC
2316114,1,PH 111,2,10.0,AA
2316115,1,CE 101,3,5.0,CD
2316115,1,EE 101,4,7.0,BC
2316115,1,EE 111,2,10.0,AA
2316115,1,HS 101,3,7.0,BC
2316115,1,HS 111,2,5.0,CD
2316115,1,MA 101,4,7.0,BC
2316115,1,ME 101,4,4.0,DD
2316115,1,PH 101,4,5.0,CD
2316115,1,PH 111,2,8.0,BB
2316116,1,CE 101,3,7.0,BC
2316116,1,EE 101,4,9.0,AB
2316116,1,EE 111,2,10.0,AA
2316116,1,HS 101,3,7.0,BC
2316116,1,HS 111,2,6.0,CC
2316116,1,MA 101,4,9.0,AB
2316116,1,ME 101,4,8.0,BB
2316116,1,PH 101,4,9.0,AB
2316116,1,PH 111,2,9.0,AB
2316117,1,CE 101,3,8.0,BB
2316117,1,EE 101,4,10.0,AA
2316117,1,EE 111,2,10.0,AA
2316117,1,HS 101,3,9.0,AB
2316117,1,HS 111,2,8.0,BB
2316117,1,MA 101,4,9.0,AB
2316117,1,ME 101,4,7.0,BC
2316117,1,PH 101,4,10.0,AA
2316117,1,PH 111,2,10.0,AA
2316118,1,CE 101,3,8.0,BB
2316118,1,EE 101,4,10.0,AA
2316118,1,EE 111,2,10.0,AA
2316118,1,HS 101,3,10.0,AA
2316118,1,HS 111,2,9.0,AB
2316118,1,MA 101,4,8.0,BB
2316118,1,ME 101,4,7.0,BC
2316118,1,PH 101,4,9.0,AB
2316118,1,PH 111,2,10.0,AA
2316119,1,CE 101,3,6.0,CC
2316119,1,EE 101,4,4.0,DD
2316119,1,EE 111,2,10.0,AA
2316119,1,HS 101,3,4.0,DD
2316119,1,HS 111,2,8.0,BB
2316119,1,MA 101,4,4.0,DD
2316119,1,ME 101,4,0.0,F
2316119,1,PH 101,4,4.0,DD
2316119,1,PH 111,2,7.0,BC
2316120,1,CE 101,3,5.0,CD
2316120,1,EE 101,4,5.0,CD
2316120,1,EE 111,2,10.0,AA
2316120,1,HS 101,3,6.0,CC
2316120,1,HS 111,2,7.0,BC
2316120,1,MA 101,4,4.0,DD
2316120,1,ME 101,4,0.0,F
2316120,1,PH 101,4,5.0,CD
2316120,1,PH 111,2,6.0,CC
2316121,1,CE 101,3,5.0,CD
2316121,1,EE 101,4,6.0,CC
2316121,1,EE 111,2,9.0,AB
2316121,1,HS 101,3,6.0,CC
2316121,1,HS 111,2,8.0,BB
2316121,1,MA 101,4,0.0,F
2316121,1,ME 101,4,0.0,F
2316121,1,PH 101,4,4.0,DD
2316121,1,PH 111,2,7.0,BC
2316122,1,CE 101,3,5.0,CD
2316122,1,EE 101,4,8.0,BB
2316122,1,EE 111,2,10.0,AA
2316122,1,HS 101,3,6.0,CC
2316122,1,HS 111,2,7.0,BC
2316122,1,MA 101,4,9.0,AB
2316122,1,ME 101,4,7.0,BC
2316122,1,PH 101,4,7.0,BC
2316122,1,PH 111,2,10.0,AA
2316123,1,CE 101,3,5.0,CD
2316123,1,EE 101,4,7.0,BC
2316123,1,EE 111,2,10.0,AA
2316123,1,HS 101,3,9.0,AB
2316123,1,HS 111,2,8.0,BB
2316123,1,MA 101,4,7.0,BC
2316123,1,ME 101,4,7.0,BC
2316123,1,PH 101,4,7.0,BC
2316123,1,PH 111,2,10.0,AA
2316124,1,CE 101,3,9.0,AB
2316124,1,EE 101,4,10.0,AA
2316124,1,EE 111,2,10.0,AA
2316124,1,HS 101,3,10.0,AA
2316124,1,HS 111,2,8.0,BB
2316124,1,MA 101,4,8.0,BB
2316124,1,ME 101,4,5.0,CD
2316124,1,PH 101,4,9.0,AB
2316124,1,PH 111,2,10.0,AA
2316125,1,CE 101,3,7.0,BC
2316125,1,EE 101,4,8.0,BB
2316125,1,EE 111,2,10.0,AA
2316125,1,HS 101,3,5.0,CD
2316125,1,HS 111,2,8.0,BB
2316125,1,MA 101,4,7.0,BC
2316125,1,ME 101,4,5.0,CD
2316125,1,PH 101,4,4.0,DD
2316125,1,PH 111,2,8.0,BB
2316126,1,CE 101,3,6.0,CC
2316126,1,EE 101,4,7.0,BC
2316126,1,EE 111,2,10.0,AA
2316126,1,HS 101,3,9.0,AB
2316126,1,HS 111,2,10.0,AA
2316126,1,MA 101,4,4.0,DD
2316126,1,ME 101,4,4.0,DD
2316126,1,PH 101,4,5.0,CD
2316126,1,PH 111,2,8.0,BB
2316127,1,CE 101,3,7.0,BC
2316127,1,EE 101,4,8.0,BB
2316127,1,EE 111,2,9.0,AB
2316127,1,HS 101,3,7.0,BC
2316127,1,HS 111,2,7.0,BC
2316127,1,MA 101,4,6.0,CC
2316127,1,ME 101,4,5.0,CD
2316127,1,PH 101,4,6.0,CC
2316127,1,PH 111,2,8.0,BB
2316128,1,CE 101,3,6.0,CC
2316128,1,EE 101,4,6.0,CC
2316128,1,EE 111,2,10.0,AA
2316128,1,HS 101,3,10.0,AA
2316128,1,HS 111,2,10.0,AA
2316128,1,MA 101,4,7.0,BC
2316128,1,ME 101,4,5.0,CD
2316128,1,PH 101,4,5.0,CD
2316128,1,PH 111,2,10.0,AA
2316129,1,CE 101,3,5.0,CD
2316129,1,EE 101,4,4.0,DD
2316129,1,EE 111,2,9.0,AB
2316129,1,HS 101,3,0.0,F
2316129,1,HS 111,2,7.0,BC
2316129,1,MA 101,4,0.0,F
2316129,1,ME 101,4,0.0,F
2316129,1,PH 101,4,0.0,F
2316129,1,PH 111,2,5.0,CD
2316130,1,CE 101,3,7.0,BC
2316130,1,EE 101,4,8.0,BB
2316130,1,EE 111,2,10.0,AA
2316130,1,HS 101,3,7.0,BC
2316130,1,HS 111,2,9.0,AB
2316130,1,MA 101,4,8.0,BB
2316130,1,ME 101,4,5.0,CD
2316130,1,PH 101,4,9.0,AB
2316130,1,PH 111,2,10.0,AA
2316131,1,CE 101,3,8.0,BB
2316131,1,EE 101,4,8.0,BB
2316131,1,EE 111,2,10.0,AA
2316131,1,HS 101,3,8.0,BB
2316131,1,HS 111,2,10.0,AA
2316131,1,MA 101,4,7.0,BC
2316131,1,ME 101,4,7.0,BC
2316131,1,PH 101,4,10.0,AA
2316131,1,PH 111,2,10.0,AA
2316132,1,CE 101,3,7.0,BC
2316132,1,EE 101,4,7.0,BC
2316132,1,EE 111,2,9.0,AB
2316132,1,HS 101,3,9.0,AB
2316132,1,HS 111,2,10.0,AA
2316132,1,MA 101,4,8.0,BB
2316132,1,ME 101,4,5.0,CD
2316132,1,PH 101,4,7.0,BC
2316132,1,PH 111,2,9.0,AB
2316133,1,CE 101,3,8.0,BB
2316133,1,EE 101,4,9.0,AB
2316133,1,EE 111,2,10.0,AA
2316133,1,HS 101,3,8.0,BB
2316133,1,HS 111,2,10.0,AA
2316133,1,MA 101,4,7.0,BC
2316133,1,ME 101,4,4.0,DD
2316133,1,PH 101,4,7.0,BC
2316133,1,PH 111,2,10.0,AA
2316134,1,CE 101,3,7.0,BC
2316134,1,EE 101,4,8.0,BB
2316134,1,EE 111,2,10.0,AA
2316134,1,HS 101,3,10.0,AA
2316134,1,HS 111,2,9.0,AB
2316134,1,MA 101,4,7.0,BC
2316134,1,ME 101,4,5.0,CD
2316134,1,PH 101,4,8.0,BB
2316134,1,PH 111,2,10.0,AA
2316135,1,CE 101,3,8.0,BB
2316135,1,EE 101,4,10.0,AA
2316135,1,EE 111,2,10.0,AA
2316135,1,HS 101,3,5.0,CD
2316135,1,HS 111,2,7.0,BC
2316135,1,MA 101,4,8.0,BB
2316135,1,ME 101,4,4.0,DD
2316135,1,PH 101,4,6.0,CC
2316135,1,PH 111,2,9.0,AB
2316136,1,CE 101,3,5.0,CD
2316136,1,EE 101,4,6.0,CC
2316136,1,EE 111,2,9.0,AB
2316136,1,HS 101,3,5.0,CD
2316136,1,HS 111,2,6.0,CC
2316136,1,MA 101,4,4.0,DD
2316136,1,ME 101,4,0.0,F
2316136,1,PH 101,4,4.0,DD
2316136,1,PH 111,2,9.0,AB
2316137,1,CE 101,3,8.0,BB
2316137,1,EE 101,4,8.0,BB
2316137,1,EE 111,2,10.0,AA
2316137,1,HS 101,3,9.0,AB
2316137,1,HS 111,2,7.0,BC
2316137,1,MA 101,4,9.0,AB
2316137,1,ME 101,4,7.0,BC
2316137,1,PH 101,4,9.0,AB
2316137,1,PH 111,2,9.0,AB
2316138,1,CE 101,3,7.0,BC
2316138,1,EE 101,4,9.0,AB
2316138,1,EE 111,2,10.0,AA
2316138,1,HS 101,3,7.0,BC
2316138,1,HS 111,2,5.0,CD
2316138,1,MA 101,4,7.0,BC
2316138,1,ME 101,4,4.0,DD
2316138,1,PH 101,4,6.0,CC
2316138,1,PH 111,2,10.0,AA
2316139,1,CE 101,3,8.0,BB
2316139,1,EE 101,4,6.0,CC
2316139,1,EE 111,2,9.0,AB
2316139,1,HS 101,3,8.0,BB
2316139,1,HS 111,2,7.0,BC
2316139,1,MA 101,4,5.0,CD
2316139,1,ME 101,4,4.0,DD
2316139,1,PH 101,4,6.0,CC
2316139,1,PH 111,2,7.0,BC
2316140,1,CE 101,3,5.0,CD
2316140,1,EE 101,4,5.0,CD
2316140,1,EE 111,2,9.0,AB
2316140,1,HS 101,3,4.0,DD
2316140,1,HS 111,2,6.0,CC
2316140,1,MA 101,4,0.0,F
2316140,1,ME 101,4,0.0,F
2316140,1,PH 101,4,0.0,F
2316140,1,PH 111,2,7.0,BC
2316141,1,CE 101,3,8.0,BB
2316141,1,EE 101,4,9.0,AB
2316141,1,EE 111,2,9.0,AB
2316141,1,HS 101,3,7.0,BC
2316141,1,HS 111,2,7.0,BC
2316141,1,MA 101,4,8.0,BB
2316141,1,ME 101,4,5.0,CD
2316141,1,PH 101,4,9.0,AB
2316141,1,PH 111,2,10.0,AA
2316142,1,CE 101,3,7.0,BC
2316142,1,EE 101,4,8.0,BB
2316142,1,EE 111,2,10.0,AA
2316142,1,HS 101,3,6.0,CC
2316142,1,HS 111,2,9.0,AB
2316142,1,MA 101,4,9.0,AB
2316142,1,ME 101,4,7.0,BC
2316142,1,PH 101,4,8.0,BB
2316142,1,PH 111,2,10.0,AA
2316143,1,CE 101,3,6.0,CC
2316143,1,EE 101,4,5.0,CD
2316143,1,EE 111,2,9.0,AB
2316143,1,HS 101,3,7.0,BC
2316143,1,HS 111,2,7.0,BC
2316143,1,MA 101,4,4.0,DD
2316143,1,ME 101,4,0.0,F
2316143,1,PH 101,4,5.0,CD
2316143,1,PH 111,2,8.0,BB
2316144,1,CE 101,3,8.0,BB
2316144,1,EE 101,4,9.0,AB
2316144,1,EE 111,2,10.0,AA
2316144,1,HS 101,3,9.0,AB
2316144,1,HS 111,2,8.0,BB
2316144,1,MA 101,4,8.0,BB
2316144,1,ME 101,4,6.0,CC
2316144,1,PH 101,4,8.0,BB
2316144,1,PH 111,2,10.0,AA
2316145,1,CE 101,3,6.0,CC
2316145,1,EE 101,4,8.0,BB
2316145,1,EE 111,2,9.0,AB
2316145,1,HS 101,3,8.0,BB
2316145,1,HS 111,2,7.0,BC
2316145,1,MA 101,4,7.0,BC
2316145,1,ME 101,4,5.0,CD
2316145,1,PH 101,4,5.0,CD
2316145,1,PH 111,2,9.0,AB
2316146,1,CE 101,3,5.0,CD
2316146,1,EE 101,4,4.0,DD
2316146,1,EE 111,2,10.0,AA
2316146,1,HS 101,3,4.0,DD
2316146,1,HS 111,2,0.0,F
2316146,1,MA 101,4,4.0,DD
2316146,1,ME 101,4,0.0,F
2316146,1,PH 101,4,4.0,DD
2316146,1,PH 111,2,8.0,BB
2316147,1,CE 101,3,7.0,BC
2316147,1,EE 101,4,8.0,BB
2316147,1,EE 111,2,10.0,AA
2316147,1,HS 101,3,7.0,BC
2316147,1,HS 111,2,8.0,BB
2316147,1,MA 101,4,6.0,CC
2316147,1,ME 101,4,0.0,F
2316147,1,PH 101,4,7.0,BC
2316147,1,PH 111,2,9.0,AB
2316148,1,CE 101,3,6.0,CC
2316148,1,EE 101,4,9.0,AB
2316148,1,EE 111,2,10.0,AA
2316148,1,HS 101,3,7.0,BC
2316148,1,HS 111,2,8.0,BB
2316148,1,MA 101,4,8.0,BB
2316148,1,ME 101,4,5.0,CD
2316148,1,PH 101,4,9.0,AB
2316148,1,PH 111,2,9.0,AB
2316149,1,CE 101,3,7.0,BC
2316149,1,EE 101,4,9.0,AB
2316149,1,EE 111,2,10.0,AA
2316149,1,HS 101,3,8.0,BB
2316149,1,HS 111,2,8.0,BB
2316149,1,MA 101,4,8.0,BB
2316149,1,ME 101,4,6.0,CC
2316149,1,PH 101,4,9.0,AB
2316149,1,PH 111,2,9.0,AB
2316150,1,CE 101,3,6.0,CC
2316150,1,EE 101,4,7.0,BC
2316150,1,EE 111,2,10.0,AA
2316150,1,HS 101,3,6.0,CC
2316150,1,HS 111,2,9.0,AB
2316150,1,MA 101,4,6.0,CC
2316150,1,ME 101,4,4.0,DD
2316150,1,PH 101,4,6.0,CC
2316150,1,PH 111,2,9.0,AB
2316151,1,CE 101,3,8.0,BB
2316151,1,EE 101,4,9.0,AB
2316151,1,EE 111,2,10.0,AA
2316151,1,HS 101,3,8.0,BB
2316151,1,HS 111,2,10.0,AA
2316151,1,MA 101,4,7.0,BC
2316151,1,ME 101,4,6.0,CC
2316151,1,PH 101,4,8.0,BB
2316151,1,PH 111,2,9.0,AB
2316152,1,CE 101,3,6.0,CC
2316152,1,EE 101,4,4.0,DD
2316152,1,EE 111,2,9.0,AB
2316152,1,HS 101,3,7.0,BC
2316152,1,HS 111,2,9.0,AB
2316152,1,MA 101,4,5.0,CD
2316152,1,ME 101,4,0.0,F
2316152,1,PH 101,4,0.0,F
2316152,1,PH 111,2,7.0,BC
2316153,1,CE 101,3,9.0,AB
2316153,1,EE 101,4,8.0,BB
2316153,1,EE 111,2,10.0,AA
2316153,1,HS 101,3,10.0,AA
2316153,1,HS 111,2,9.0,AB
2316153,1,MA 101,4,5.0,CD
2316153,1,ME 101,4,6.0,CC
2316153,1,PH 101,4,7.0,BC
2316153,1,PH 111,2,10.0,AA
2316154,1,CE 101,3,8.0,BB
2316154,1,EE 101,4,10.0,AA
2316154,1,EE 111,2,10.0,AA
2316154,1,HS 101,3,6.0,CC
2316154,1,HS 111,2,9.0,AB
2316154,1,MA 101,4,9.0,AB
2316154,1,ME 101,4,5.0,CD
2316154,1,PH 101,4,8.0,BB
2316154,1,PH 111,2,10.0,AA
2316155,1,CE 101,3,7.0,BC
2316155,1,EE 101,4,8.0,BB
2316155,1,EE 111,2,10.0,AA
2316155,1,HS 101,3,5.0,CD
2316155,1,HS 111,2,10.0,AA
2316155,1,MA 101,4,7.0,BC
2316155,1,ME 101,4,8.0,BB
2316155,1,PH 101,4,7.0,BC
2316155,1,PH 111,2,10.0,AA
2316156,1,CE 101,3,8.0,BB
2316156,1,EE 101,4,9.0,AB
2316156,1,EE 111,2,10.0,AA
2316156,1,HS 101,3,8.0,BB
2316156,1,HS 111,2,5.0,CD
2316156,1,MA 101,4,7.0,BC
2316156,1,ME 101,4,5.0,CD
2316156,1,PH 101,4,7.0,BC
2316156,1,PH 111,2,9.0,AB
2316157,1,CE 101,3,6.0,CC
2316157,1,EE 101,4,8.0,BB
2316157,1,EE 111,2,10.0,AA
2316157,1,HS 101,3,9.0,AB
2316157,1,HS 111,2,6.0,CC
2316157,1,MA 101,4,5.0,CD
2316157,1,ME 101,4,4.0,DD
2316157,1,PH 101,4,6.0,CC
2316157,1,PH 111,2,10.0,AA
2316158,1,CE 101,3,7.0,BC
2316158,1,EE 101,4,7.0,BC
2316158,1,EE 111,2,9.0,AB
2316158,1,HS 101,3,7.0,BC
2316158,1,HS 111,2,6.0,CC
2316158,1,MA 101,4,6.0,CC
2316158,1,ME 101,4,4.0,DD
2316158,1,PH 101,4,6.0,CC
2316158,1,PH 111,2,7.0,BC
2316159,1,CE 101,3,6.0,CC
2316159,1,EE 101,4,9.0,AB
2316159,1,EE 111,2,10.0,AA
2316159,1,HS 101,3,5.0,CD
2316159,1,HS 111,2,7.0,BC
2316159,1,MA 101,4,7.0,BC
2316159,1,ME 101,4,6.0,CC
2316159,1,PH 101,4,7.0,BC
2316159,1,PH 111,2,6.0,CC
2316160,1,CE 101,3,5.0,CD
2316160,1,EE 101,4,5.0,CD
2316160,1,EE 111,2,10.0,AA
2316160,1,HS 101,3,6.0,CC
2316160,1,HS 111,2,6.0,CC
2316160,1,MA 101,4,0.0,F
2316160,1,ME 101,4,0.0,F
2316160,1,PH 101,4,5.0,CD
2316160,1,PH 111,2,8.0,BB
2316161,1,CE 101,3,8.0,BB
2316161,1,EE 101,4,9.0,AB
2316161,1,EE 111,2,10.0,AA
2316161,1,HS 101,3,6.0,CC
2316161,1,HS 111,2,8.0,BB
2316161,1,MA 101,4,8.0,BB
2316161,1,ME 101,4,8.0,BB
2316161,1,PH 101,4,8.0,BB
2316161,1,PH 111,2,10.0,AA
2316162,1,CE 101,3,5.0,CD
2316162,1,EE 101,4,4.0,DD
2316162,1,EE 111,2,9.0,AB
2316162,1,HS 101,3,7.0,BC
2316162,1,HS 111,2,6.0,CC
2316162,1,MA 101,4,4.0,DD
2316162,1,ME 101,4,0.0,F
2316162,1,PH 101,4,0.0,F
2316162,1,PH 111,2,9.0,AB
2316163,1,CE 101,3,5.0,CD
2316163,1,EE 101,4,4.0,DD
2316163,1,EE 111,2,9.0,AB
2316163,1,HS 101,3,0.0,F
2316163,1,HS 111,2,5.0,CD
2316163,1,MA 101,4,4.0,DD
2316163,1,ME 101,4,0.0,F
2316163,1,PH 101,4,0.0,F
2316163,1,PH 111,2,8.0,BB
