regn_no,semester,subject_code,credits,grade_point,grade
2311001,3,CE 201,4,8.0,BB
2311001,3,CE 202,3,9.0,AB
2311001,3,CE 203,3,8.0,BB
2311001,3,CE 204,4,9.0,AB
2311001,3,CE 205,3,8.0,BB
2311001,3,CE 211,2,10.0,AA
2311001,3,CE 212,2,10.0,AA
2311001,3,CE 213,2,10.0,AA
2311001,3,MA 201,4,8.0,BB
2311002,3,CE 201,4,4.0,DD
2311002,3,CE 202,3,7.0,BC
2311002,3,CE 203,3,5.0,CD
2311002,3,CE 204,4,5.0,CD
2311002,3,CE 205,3,0.0,F
2311002,3,CE 211,2,8.0,BB
2311002,3,CE 212,2,9.0,AB
2311002,3,CE 213,2,9.0,AB
2311002,3,MA 201,4,0.0,F
2311003,3,CE 201,4,4.0,DD
2311003,3,CE 202,3,5.0,CD
2311003,3,CE 203,3,4.0,DD
2311003,3,CE 204,4,4.0,DD
2311003,3,CE 205,3,0.0,F
2311003,3,CE 211,2,9.0,AB
2311003,3,CE 212,2,9.0,AB
2311003,3,CE 213,2,8.0,BB
2311003,3,MA 201,4,4.0,DD
2311004,3,CE 201,4,4.0,DD
2311004,3,CE 202,3,5.0,CD
2311004,3,CE 203,3,6.0,CC
2311004,3,CE 204,4,7.0,BC
2311004,3,CE 205,3,0.0,F
2311004,3,CE 211,2,10.0,AA
2311004,3,CE 212,2,9.0,AB
2311004,3,CE 213,2,10.0,AA
2311004,3,MA 201,4,0.0,F
2311005,3,CE 201,4,8.0,BB
2311005,3,CE 202,3,8.0,BB
2311005,3,CE 203,3,7.0,BC
2311005,3,CE 204,4,8.0,BB
2311005,3,CE 205,3,6.0,CC
2311005,3,CE 211,2,10.0,AA
2311005,3,CE 212,2,9.0,AB
2311005,3,CE 213,2,9.0,AB
2311005,3,MA 201,4,4.0,DD
2311006,3,CE 201,4,7.0,BC
2311006,3,CE 202,3,7.0,BC
2311006,3,CE 203,3,5.0,CD
2311006,3,CE 204,4,7.0,BC
2311006,3,CE 205,3,4.0,DD
2311006,3,CE 211,2,9.0,AB
2311006,3,CE 212,2,9.0,AB
2311006,3,CE 213,2,8.0,BB
2311006,3,MA 201,4,0.0,F
2311007,3,CE 201,4,7.0,BC
2311007,3,CE 202,3,6.0,CC
2311007,3,CE 203,3,5.0,CD
2311007,3,CE 204,4,7.0,BC
2311007,3,CE 205,3,0.0,F
2311007,3,CE 211,2,10.0,AA
2311007,3,CE 212,2,10.0,AA
2311007,3,CE 213,2,10.0,AA
2311007,3,MA 201,4,6.0,CC
2311008,3,CE 201,4,8.0,BB
2311008,3,CE 202,3,9.0,AB
2311008,3,CE 203,3,10.0,AA
2311008,3,CE 204,4,9.0,AB
2311008,3,CE 205,3,8.0,BB
2311008,3,CE 211,2,10.0,AA
2311008,3,CE 212,2,9.0,AB
2311008,3,CE 213,2,9.0,AB
2311008,3,MA 201,4,5.0,CD
2311009,3,CE 201,4,6.0,CC
2311009,3,CE 202,3,6.0,CC
2311009,3,CE 203,3,6.0,CC
2311009,3,CE 204,4,7.0,BC
2311009,3,CE 205,3,4.0,DD
2311009,3,CE 211,2,10.0,AA
2311009,3,CE 212,2,9.0,AB
2311009,3,CE 213,2,9.0,AB
2311009,3,MA 201,4,4.0,DD
2311010,3,CE 201,4,7.0,BC
2311010,3,CE 202,3,8.0,BB
2311010,3,CE 203,3,8.0,BB
2311010,3,CE 204,4,10.0,AA
2311010,3,CE 205,3,8.0,BB
2311010,3,CE 211,2,10.0,AA
2311010,3,CE 212,2,9.0,AB
2311010,3,CE 213,2,10.0,AA
2311010,3,MA 201,4,7.0,BC
2311011,3,CE 201,4,8.0,BB
2311011,3,CE 202,3,9.0,AB
2311011,3,CE 203,3,10.0,AA
2311011,3,CE 204,4,9.0,AB
2311011,3,CE 205,3,8.0,BB
2311011,3,CE 211,2,10.0,AA
2311011,3,CE 212,2,9.0,AB
2311011,3,CE 213,2,8.0,BB
2311011,3,MA 201,4,5.0,CD
2311012,3,CE 201,4,7.0,BC
2311012,3,CE 202,3,9.0,AB
2311012,3,CE 203,3,8.0,BB
2311012,3,CE 204,4,10.0,AA
2311012,3,CE 205,3,7.0,BC
2311012,3,CE 211,2,10.0,AA
2311012,3,CE 212,2,9.0,AB
2311012,3,CE 213,2,10.0,AA
2311012,3,MA 201,4,6.0,CC
2311013,3,CE 201,4,8.0,BB
2311013,3,CE 202,3,9.0,AB
2311013,3,CE 203,3,8.0,BB
2311013,3,CE 204,4,9.0,AB
2311013,3,CE 205,3,5.0,CD
2311013,3,CE 211,2,10.0,AA
2311013,3,CE 212,2,9.0,AB
2311013,3,CE 213,2,9.0,AB
2311013,3,MA 201,4,6.0,CC
2311014,3,CE 201,4,6.0,CC
2311014,3,CE 202,3,9.0,AB
2311014,3,CE 203,3,10.0,AA
2311014,3,CE 204,4,9.0,AB
2311014,3,CE 205,3,7.0,BC
2311014,3,CE 211,2,10.0,AA
2311014,3,CE 212,2,10.0,AA
2311014,3,CE 213,2,9.0,AB
2311014,3,MA 201,4,7.0,BC
2311015,3,CE 201,4,5.0,CD
2311015,3,CE 202,3,6.0,CC
2311015,3,CE 203,3,6.0,CC
2311015,3,CE 204,4,7.0,BC
2311015,3,CE 205,3,0.0,F
2311015,3,CE 211,2,10.0,AA
2311015,3,CE 212,2,9.0,AB
2311015,3,CE 213,2,9.0,AB
2311015,3,MA 201,4,0.0,F
2311016,3,CE 201,4,0.0,F
2311016,3,CE 202,3,0.0,F
2311016,3,CE 203,3,0.0,F
2311016,3,CE 204,4,0.0,F
2311016,3,CE 205,3,0.0,F
2311016,3,CE 211,2,0.0,F
2311016,3,CE 212,2,0.0,F
2311016,3,CE 213,2,0.0,F
2311016,3,MA 201,4,0.0,F
2311017,3,CE 201,4,8.0,BB
2311017,3,CE 202,3,9.0,AB
2311017,3,CE 203,3,8.0,BB
2311017,3,CE 204,4,8.0,BB
2311017,3,CE 205,3,5.0,CD
2311017,3,CE 211,2,10.0,AA
2311017,3,CE 212,2,9.0,AB
2311017,3,CE 213,2,10.0,AA
2311017,3,MA 201,4,7.0,BC
2311018,3,CE 201,4,8.0,BB
2311018,3,CE 202,3,8.0,BB
2311018,3,CE 203,3,9.0,AB
2311018,3,CE 204,4,9.0,AB
2311018,3,CE 205,3,8.0,BB
2311018,3,CE 211,2,10.0,AA
2311018,3,CE 212,2,10.0,AA
2311018,3,CE 213,2,10.0,AA
2311018,3,MA 201,4,8.0,BB
2311019,3,CE 201,4,7.0,BC
2311019,3,CE 202,3,8.0,BB
2311019,3,CE 203,3,8.0,BB
2311019,3,CE 204,4,9.0,AB
2311019,3,CE 205,3,6.0,CC
2311019,3,CE 211,2,10.0,AA
2311019,3,CE 212,2,9.0,AB
2311019,3,CE 213,2,7.0,BC
2311019,3,MA 201,4,6.0,CC
2311020,3,CE 201,4,9.0,AB
2311020,3,CE 202,3,10.0,AA
2311020,3,CE 203,3,10.0,AA
2311020,3,CE 204,4,10.0,AA
2311020,3,CE 205,3,10.0,AA
2311020,3,CE 211,2,10.0,AA
2311020,3,CE 212,2,10.0,AA
2311020,3,CE 213,2,10.0,AA
2311020,3,MA 201,4,6.0,CC
2311021,3,CE 201,4,6.0,CC
2311021,3,CE 202,3,8.0,BB
2311021,3,CE 203,3,6.0,CC
2311021,3,CE 204,4,4.0,DD
2311021,3,CE 205,3,5.0,CD
2311021,3,CE 211,2,9.0,AB
2311021,3,CE 212,2,9.0,AB
2311021,3,CE 213,2,8.0,BB
2311021,3,MA 201,4,0.0,F
2311022,3,CE 201,4,8.0,BB
2311022,3,CE 202,3,10.0,AA
2311022,3,CE 203,3,8.0,BB
2311022,3,CE 204,4,9.0,AB
2311022,3,CE 205,3,7.0,BC
2311022,3,CE 211,2,10.0,AA
2311022,3,CE 212,2,10.0,AA
2311022,3,CE 213,2,9.0,AB
2311022,3,MA 201,4,6.0,CC
2311023,3,CE 201,4,7.0,BC
2311023,3,CE 202,3,9.0,AB
2311023,3,CE 203,3,7.0,BC
2311023,3,CE 204,4,9.0,AB
2311023,3,CE 205,3,6.0,CC
2311023,3,CE 211,2,10.0,AA
2311023,3,CE 212,2,9.0,AB
2311023,3,CE 213,2,8.0,BB
2311023,3,MA 201,4,6.0,CC
2311024,3,CE 201,4,7.0,BC
2311024,3,CE 202,3,8.0,BB
2311024,3,CE 203,3,8.0,BB
2311024,3,CE 204,4,8.0,BB
2311024,3,CE 205,3,5.0,CD
2311024,3,CE 211,2,10.0,AA
2311024,3,CE 212,2,9.0,AB
2311024,3,CE 213,2,8.0,BB
2311024,3,MA 201,4,6.0,CC
2311025,3,CE 201,4,0.0,F
2311025,3,CE 202,3,6.0,CC
2311025,3,CE 203,3,5.0,CD
2311025,3,CE 204,4,4.0,DD
2311025,3,CE 205,3,0.0,F
2311025,3,CE 211,2,10.0,AA
2311025,3,CE 212,2,9.0,AB
2311025,3,CE 213,2,8.0,BB
2311025,3,MA 201,4,0.0,F
2311026,3,CE 201,4,9.0,AB
2311026,3,CE 202,3,9.0,AB
2311026,3,CE 203,3,10.0,AA
2311026,3,CE 204,4,10.0,AA
2311026,3,CE 205,3,10.0,AA
2311026,3,CE 211,2,10.0,AA
2311026,3,CE 212,2,10.0,AA
2311026,3,CE 213,2,9.0,AB
2311026,3,MA 201,4,7.0,BC
2311027,3,CE 201,4,9.0,AB
2311027,3,CE 202,3,10.0,AA
2311027,3,CE 203,3,10.0,AA
2311027,3,CE 204,4,10.0,AA
2311027,3,CE 205,3,9.0,AB
2311027,3,CE 211,2,10.0,AA
2311027,3,CE 212,2,10.0,AA
2311027,3,CE 213,2,10.0,AA
2311027,3,MA 201,4,7.0,BC
2311028,3,CE 201,4,7.0,BC
2311028,3,CE 202,3,10.0,AA
2311028,3,CE 203,3,10.0,AA
2311028,3,CE 204,4,10.0,AA
2311028,3,CE 205,3,7.0,BC
2311028,3,CE 211,2,10.0,AA
2311028,3,CE 212,2,10.0,AA
2311028,3,CE 213,2,10.0,AA
2311028,3,MA 201,4,7.0,BC
2311029,3,CE 201,4,9.0,AB
2311029,3,CE 202,3,9.0,AB
2311029,3,CE 203,3,9.0,AB
2311029,3,CE 204,4,9.0,AB
2311029,3,CE 205,3,8.0,BB
2311029,3,CE 211,2,10.0,AA
2311029,3,CE 212,2,10.0,AA
2311029,3,CE 213,2,10.0,AA
2311029,3,MA 201,4,7.0,BC
2311030,3,CE 201,4,5.0,CD
2311030,3,CE 202,3,8.0,BB
2311030,3,CE 203,3,8.0,BB
2311030,3,CE 204,4,7.0,BC
2311030,3,CE 205,3,5.0,CD
2311030,3,CE 211,2,10.0,AA
2311030,3,CE 212,2,9.0,AB
2311030,3,CE 213,2,8.0,BB
2311030,3,MA 201,4,4.0,DD
2311032,3,CE 201,4,8.0,BB
2311032,3,CE 202,3,9.0,AB
2311032,3,CE 203,3,9.0,AB
2311032,3,CE 204,4,9.0,AB
2311032,3,CE 205,3,7.0,BC
2311032,3,CE 211,2,10.0,AA
2311032,3,CE 212,2,9.0,AB
2311032,3,CE 213,2,10.0,AA
2311032,3,MA 201,4,7.0,BC
2311034,3,CE 201,4,7.0,BC
2311034,3,CE 202,3,10.0,AA
2311034,3,CE 203,3,10.0,AA
2311034,3,CE 204,4,9.0,AB
2311034,3,CE 205,3,7.0,BC
2311034,3,CE 211,2,10.0,AA
2311034,3,CE 212,2,10.0,AA
2311034,3,CE 213,2,8.0,BB
2311034,3,MA 201,4,8.0,BB
2311035,3,CE 201,4,7.0,BC
2311035,3,CE 202,3,9.0,AB
2311035,3,CE 203,3,9.0,AB
2311035,3,CE 204,4,9.0,AB
2311035,3,CE 205,3,7.0,BC
2311035,3,CE 211,2,10.0,AA
2311035,3,CE 212,2,10.0,AA
2311035,3,CE 213,2,10.0,AA
2311035,3,MA 201,4,6.0,CC
2311036,3,CE 201,4,8.0,BB
2311036,3,CE 202,3,9.0,AB
2311036,3,CE 203,3,9.0,AB
2311036,3,CE 204,4,8.0,BB
2311036,3,CE 205,3,6.0,CC
2311036,3,CE 211,2,10.0,AA
2311036,3,CE 212,2,10.0,AA
2311036,3,CE 213,2,9.0,AB
2311036,3,MA 201,4,6.0,CC
2311037,3,CE 201,4,8.0,BB
2311037,3,CE 202,3,9.0,AB
2311037,3,CE 203,3,9.0,AB
2311037,3,CE 204,4,9.0,AB
2311037,3,CE 205,3,8.0,BB
2311037,3,CE 211,2,10.0,AA
2311037,3,CE 212,2,10.0,AA
2311037,3,CE 213,2,8.0,BB
2311037,3,MA 201,4,8.0,BB
2311038,3,CE 201,4,9.0,AB
2311038,3,CE 202,3,10.0,AA
2311038,3,CE 203,3,10.0,AA
2311038,3,CE 204,4,10.0,AA
2311038,3,CE 205,3,9.0,AB
2311038,3,CE 211,2,10.0,AA
2311038,3,CE 212,2,9.0,AB
2311038,3,CE 213,2,9.0,AB
2311038,3,MA 201,4,9.0,AB
2311039,3,CE 201,4,6.0,CC
2311039,3,CE 202,3,5.0,CD
2311039,3,CE 203,3,5.0,CD
2311039,3,CE 204,4,8.0,BB
2311039,3,CE 205,3,4.0,DD
2311039,3,CE 211,2,10.0,AA
2311039,3,CE 212,2,9.0,AB
2311039,3,CE 213,2,5.0,CD
2311039,3,MA 201,4,5.0,CD
2311040,3,CE 201,4,5.0,CD
2311040,3,CE 202,3,4.0,DD
2311040,3,CE 203,3,4.0,DD
2311040,3,CE 204,4,5.0,CD
2311040,3,CE 205,3,0.0,F
2311040,3,CE 211,2,10.0,AA
2311040,3,CE 212,2,9.0,AB
2311040,3,CE 213,2,8.0,BB
2311040,3,MA 201,4,0.0,F
2311042,3,CE 201,4,8.0,BB
2311042,3,CE 202,3,6.0,CC
2311042,3,CE 203,3,6.0,CC
2311042,3,CE 204,4,6.0,CC
2311042,3,CE 205,3,7.0,BC
2311042,3,CE 211,2,10.0,AA
2311042,3,CE 212,2,8.0,BB
2311042,3,CE 213,2,8.0,BB
2311042,3,MA 201,4,6.0,CC
2311043,3,CE 201,4,7.0,BC
2311043,3,CE 202,3,9.0,AB
2311043,3,CE 203,3,7.0,BC
2311043,3,CE 204,4,8.0,BB
2311043,3,CE 205,3,6.0,CC
2311043,3,CE 211,2,10.0,AA
2311043,3,CE 212,2,9.0,AB
2311043,3,CE 213,2,9.0,AB
2311043,3,MA 201,4,7.0,BC
2311044,3,CE 201,4,6.0,CC
2311044,3,CE 202,3,8.0,BB
2311044,3,CE 203,3,7.0,BC
2311044,3,CE 204,4,9.0,AB
2311044,3,CE 205,3,6.0,CC
2311044,3,CE 211,2,10.0,AA
2311044,3,CE 212,2,10.0,AA
2311044,3,CE 213,2,10.0,AA
2311044,3,MA 201,4,5.0,CD
2311045,3,CE 201,4,0.0,F
2311045,3,CE 202,3,6.0,CC
2311045,3,CE 203,3,4.0,DD
2311045,3,CE 204,4,5.0,CD
2311045,3,CE 205,3,0.0,F
2311045,3,CE 211,2,10.0,AA
2311045,3,CE 212,2,9.0,AB
2311045,3,CE 213,2,9.0,AB
2311045,3,MA 201,4,0.0,F
2311047,3,CE 201,4,7.0,BC
2311047,3,CE 202,3,7.0,BC
2311047,3,CE 203,3,8.0,BB
2311047,3,CE 204,4,7.0,BC
2311047,3,CE 205,3,6.0,CC
2311047,3,CE 211,2,10.0,AA
2311047,3,CE 212,2,9.0,AB
2311047,3,CE 213,2,8.0,BB
2311047,3,MA 201,4,6.0,CC
2311048,3,CE 201,4,7.0,BC
2311048,3,CE 202,3,8.0,BB
2311048,3,CE 203,3,9.0,AB
2311048,3,CE 204,4,10.0,AA
2311048,3,CE 205,3,7.0,BC
2311048,3,CE 211,2,10.0,AA
2311048,3,CE 212,2,9.0,AB
2311048,3,CE 213,2,9.0,AB
2311048,3,MA 201,4,5.0,CD
2311049,3,CE 201,4,6.0,CC
2311049,3,CE 202,3,6.0,CC
2311049,3,CE 203,3,7.0,BC
2311049,3,CE 204,4,5.0,CD
2311049,3,CE 205,3,6.0,CC
2311049,3,CE 211,2,10.0,AA
2311049,3,CE 212,2,5.0,CD
2311049,3,CE 213,2,7.0,BC
2311049,3,MA 201,4,4.0,DD
2311050,3,CE 201,4,7.0,BC
2311050,3,CE 202,3,6.0,CC
2311050,3,CE 203,3,7.0,BC
2311050,3,CE 204,4,7.0,BC
2311050,3,CE 205,3,7.0,BC
2311050,3,CE 211,2,10.0,AA
2311050,3,CE 212,2,9.0,AB
2311050,3,CE 213,2,9.0,AB
2311050,3,MA 201,4,8.0,BB
2311051,3,CE 201,4,7.0,BC
2311051,3,CE 202,3,7.0,BC
2311051,3,CE 203,3,7.0,BC
2311051,3,CE 204,4,9.0,AB
2311051,3,CE 205,3,6.0,CC
2311051,3,CE 211,2,10.0,AA
2311051,3,CE 212,2,9.0,AB
2311051,3,CE 213,2,9.0,AB
2311051,3,MA 201,4,5.0,CD
2311052,3,CE 201,4,6.0,CC
2311052,3,CE 202,3,7.0,BC
2311052,3,CE 203,3,7.0,BC
2311052,3,CE 204,4,8.0,BB
2311052,3,CE 205,3,7.0,BC
2311052,3,CE 211,2,10.0,AA
2311052,3,CE 212,2,9.0,AB
2311052,3,CE 213,2,9.0,AB
2311052,3,MA 201,4,7.0,BC
2311053,3,CE 201,4,6.0,CC
2311053,3,CE 202,3,7.0,BC
2311053,3,CE 203,3,6.0,CC
2311053,3,CE 204,4,7.0,BC
2311053,3,CE 205,3,5.0,CD
2311053,3,CE 211,2,10.0,AA
2311053,3,CE 212,2,9.0,AB
2311053,3,CE 213,2,8.0,BB
2311053,3,MA 201,4,4.0,DD
2311054,3,CE 201,4,8.0,BB
2311054,3,CE 202,3,10.0,AA
2311054,3,CE 203,3,6.0,CC
2311054,3,CE 204,4,9.0,AB
2311054,3,CE 205,3,7.0,BC
2311054,3,CE 211,2,10.0,AA
2311054,3,CE 212,2,9.0,AB
2311054,3,CE 213,2,9.0,AB
2311054,3,MA 201,4,7.0,BC
2311055,3,CE 201,4,7.0,BC
2311055,3,CE 202,3,9.0,AB
2311055,3,CE 203,3,10.0,AA
2311055,3,CE 204,4,9.0,AB
2311055,3,CE 205,3,7.0,BC
2311055,3,CE 211,2,10.0,AA
2311055,3,CE 212,2,9.0,AB
2311055,3,CE 213,2,9.0,AB
2311055,3,MA 201,4,6.0,CC
2311056,3,CE 201,4,6.0,CC
2311056,3,CE 202,3,7.0,BC
2311056,3,CE 203,3,8.0,BB
2311056,3,CE 204,4,7.0,BC
2311056,3,CE 205,3,8.0,BB
2311056,3,CE 211,2,10.0,AA
2311056,3,CE 212,2,7.0,BC
2311056,3,CE 213,2,8.0,BB
2311056,3,MA 201,4,8.0,BB
2311057,3,CE 201,4,6.0,CC
2311057,3,CE 202,3,9.0,AB
2311057,3,CE 203,3,8.0,BB
2311057,3,CE 204,4,9.0,AB
2311057,3,CE 205,3,7.0,BC
2311057,3,CE 211,2,10.0,AA
2311057,3,CE 212,2,8.0,BB
2311057,3,CE 213,2,9.0,AB
2311057,3,MA 201,4,6.0,CC
2311059,3,CE 201,4,7.0,BC
2311059,3,CE 202,3,9.0,AB
2311059,3,CE 203,3,10.0,AA
2311059,3,CE 204,4,9.0,AB
2311059,3,CE 205,3,8.0,BB
2311059,3,CE 211,2,10.0,AA
2311059,3,CE 212,2,9.0,AB
2311059,3,CE 213,2,9.0,AB
2311059,3,MA 201,4,7.0,BC
2311060,3,CE 201,4,7.0,BC
2311060,3,CE 202,3,10.0,AA
2311060,3,CE 203,3,9.0,AB
2311060,3,CE 204,4,9.0,AB
2311060,3,CE 205,3,8.0,BB
2311060,3,CE 211,2,10.0,AA
2311060,3,CE 212,2,9.0,AB
2311060,3,CE 213,2,9.0,AB
2311060,3,MA 201,4,7.0,BC
2311061,3,CE 201,4,8.0,BB
2311061,3,CE 202,3,5.0,CD
2311061,3,CE 203,3,7.0,BC
2311061,3,CE 204,4,8.0,BB
2311061,3,CE 205,3,7.0,BC
2311061,3,CE 211,2,10.0,AA
2311061,3,CE 212,2,9.0,AB
2311061,3,CE 213,2,9.0,AB
2311061,3,MA 201,4,6.0,CC
2311062,3,CE 201,4,8.0,BB
2311062,3,CE 202,3,10.0,AA
2311062,3,CE 203,3,9.0,AB
2311062,3,CE 204,4,9.0,AB
2311062,3,CE 205,3,9.0,AB
2311062,3,CE 211,2,10.0,AA
2311062,3,CE 212,2,9.0,AB
2311062,3,CE 213,2,10.0,AA
2311062,3,MA 201,4,5.0,CD
2311063,3,CE 201,4,8.0,BB
2311063,3,CE 202,3,8.0,BB
2311063,3,CE 203,3,10.0,AA
2311063,3,CE 204,4,9.0,AB
2311063,3,CE 205,3,9.0,AB
2311063,3,CE 211,2,10.0,AA
2311063,3,CE 212,2,9.0,AB
2311063,3,CE 213,2,9.0,AB
2311063,3,MA 201,4,8.0,BB
2311064,3,CE 201,4,7.0,BC
2311064,3,CE 202,3,7.0,BC
2311064,3,CE 203,3,8.0,BB
2311064,3,CE 204,4,8.0,BB
2311064,3,CE 205,3,6.0,CC
2311064,3,CE 211,2,10.0,AA
2311064,3,CE 212,2,9.0,AB
2311064,3,CE 213,2,9.0,AB
2311064,3,MA 201,4,7.0,BC
2311065,3,CE 201,4,6.0,CC
2311065,3,CE 202,3,7.0,BC
2311065,3,CE 203,3,5.0,CD
2311065,3,CE 204,4,6.0,CC
2311065,3,CE 205,3,4.0,DD
2311065,3,CE 211,2,10.0,AA
2311065,3,CE 212,2,8.0,BB
2311065,3,CE 213,2,8.0,BB
2311065,3,MA 201,4,5.0,CD
2311066,3,CE 201,4,7.0,BC
2311066,3,CE 202,3,9.0,AB
2311066,3,CE 203,3,10.0,AA
2311066,3,CE 204,4,9.0,AB
2311066,3,CE 205,3,9.0,AB
2311066,3,CE 211,2,10.0,AA
2311066,3,CE 212,2,9.0,AB
2311066,3,CE 213,2,10.0,AA
2311066,3,MA 201,4,7.0,BC
2311067,3,CE 201,4,6.0,CC
2311067,3,CE 202,3,6.0,CC
2311067,3,CE 203,3,8.0,BB
2311067,3,CE 204,4,8.0,BB
2311067,3,CE 205,3,4.0,DD
2311067,3,CE 211,2,10.0,AA
2311067,3,CE 212,2,9.0,AB
2311067,3,CE 213,2,9.0,AB
2311067,3,MA 201,4,5.0,CD
2311069,3,CE 201,4,7.0,BC
2311069,3,CE 202,3,7.0,BC
2311069,3,CE 203,3,5.0,CD
2311069,3,CE 204,4,8.0,BB
2311069,3,CE 205,3,4.0,DD
2311069,3,CE 211,2,10.0,AA
2311069,3,CE 212,2,9.0,AB
2311069,3,CE 213,2,8.0,BB
2311069,3,MA 201,4,4.0,DD
2311070,3,CE 201,4,8.0,BB
2311070,3,CE 202,3,9.0,AB
2311070,3,CE 203,3,8.0,BB
2311070,3,CE 204,4,9.0,AB
2311070,3,CE 205,3,8.0,BB
2311070,3,CE 211,2,10.0,AA
2311070,3,CE 212,2,9.0,AB
2311070,3,CE 213,2,10.0,AA
2311070,3,MA 201,4,8.0,BB
2311071,3,CE 201,4,7.0,BC
2311071,3,CE 202,3,8.0,BB
2311071,3,CE 203,3,7.0,BC
2311071,3,CE 204,4,9.0,AB
2311071,3,CE 205,3,7.0,BC
2311071,3,CE 211,2,10.0,AA
2311071,3,CE 212,2,9.0,AB
2311071,3,CE 213,2,9.0,AB
2311071,3,MA 201,4,6.0,CC
2311072,3,CE 201,4,9.0,AB
2311072,3,CE 202,3,10.0,AA
2311072,3,CE 203,3,9.0,AB
2311072,3,CE 204,4,9.0,AB
2311072,3,CE 205,3,8.0,BB
2311072,3,CE 211,2,10.0,AA
2311072,3,CE 212,2,9.0,AB
2311072,3,CE 213,2,9.0,AB
2311072,3,MA 201,4,7.0,BC
2311073,3,CE 201,4,8.0,BB
2311073,3,CE 202,3,9.0,AB
2311073,3,CE 203,3,9.0,AB
2311073,3,CE 204,4,8.0,BB
2311073,3,CE 205,3,7.0,BC
2311073,3,CE 211,2,10.0,AA
2311073,3,CE 212,2,9.0,AB
2311073,3,CE 213,2,8.0,BB
2311073,3,MA 201,4,5.0,CD
2311074,3,CE 201,4,8.0,BB
2311074,3,CE 202,3,10.0,AA
2311074,3,CE 203,3,8.0,BB
2311074,3,CE 204,4,8.0,BB
2311074,3,CE 205,3,7.0,BC
2311074,3,CE 211,2,10.0,AA
2311074,3,CE 212,2,9.0,AB
2311074,3,CE 213,2,9.0,AB
2311074,3,MA 201,4,6.0,CC
2311075,3,CE 201,4,8.0,BB
2311075,3,CE 202,3,9.0,AB
2311075,3,CE 203,3,8.0,BB
2311075,3,CE 204,4,8.0,BB
2311075,3,CE 205,3,7.0,BC
2311075,3,CE 211,2,10.0,AA
2311075,3,CE 212,2,9.0,AB
2311075,3,CE 213,2,9.0,AB
2311075,3,MA 201,4,5.0,CD
2311076,3,CE 201,4,6.0,CC
2311076,3,CE 202,3,8.0,BB
2311076,3,CE 203,3,8.0,BB
2311076,3,CE 204,4,6.0,CC
2311076,3,CE 205,3,4.0,DD
2311076,3,CE 211,2,10.0,AA
2311076,3,CE 212,2,8.0,BB
2311076,3,CE 213,2,8.0,BB
2311076,3,MA 201,4,4.0,DD
2311077,3,CE 201,4,7.0,BC
2311077,3,CE 202,3,9.0,AB
2311077,3,CE 203,3,9.0,AB
2311077,3,CE 204,4,10.0,AA
2311077,3,CE 205,3,8.0,BB
2311077,3,CE 211,2,10.0,AA
2311077,3,CE 212,2,9.0,AB
2311077,3,CE 213,2,9.0,AB
2311077,3,MA 201,4,6.0,CC
2311078,3,CE 201,4,8.0,BB
2311078,3,CE 202,3,9.0,AB
2311078,3,CE 203,3,6.0,CC
2311078,3,CE 204,4,9.0,AB
2311078,3,CE 205,3,8.0,BB
2311078,3,CE 211,2,10.0,AA
2311078,3,CE 212,2,9.0,AB
2311078,3,CE 213,2,9.0,AB
2311078,3,MA 201,4,7.0,BC
2311079,3,CE 201,4,8.0,BB
2311079,3,CE 202,3,9.0,AB
2311079,3,CE 203,3,10.0,AA
2311079,3,CE 204,4,10.0,AA
2311079,3,CE 205,3,10.0,AA
2311079,3,CE 211,2,10.0,AA
2311079,3,CE 212,2,9.0,AB
2311079,3,CE 213,2,8.0,BB
2311079,3,MA 201,4,8.0,BB
2311080,3,CE 201,4,6.0,CC
2311080,3,CE 202,3,9.0,AB
2311080,3,CE 203,3,9.0,AB
2311080,3,CE 204,4,9.0,AB
2311080,3,CE 205,3,7.0,BC
2311080,3,CE 211,2,10.0,AA
2311080,3,CE 212,2,9.0,AB
2311080,3,CE 213,2,9.0,AB
2311080,3,MA 201,4,7.0,BC
2311081,3,CE 201,4,7.0,BC
2311081,3,CE 202,3,8.0,BB
2311081,3,CE 203,3,8.0,BB
2311081,3,CE 204,4,10.0,AA
2311081,3,CE 205,3,6.0,CC
2311081,3,CE 211,2,10.0,AA
2311081,3,CE 212,2,10.0,AA
2311081,3,CE 213,2,5.0,CD
2311081,3,MA 201,4,6.0,CC
2311082,3,CE 201,4,8.0,BB
2311082,3,CE 202,3,9.0,AB
2311082,3,CE 203,3,9.0,AB
2311082,3,CE 204,4,10.0,AA
2311082,3,CE 205,3,7.0,BC
2311082,3,CE 211,2,10.0,AA
2311082,3,CE 212,2,10.0,AA
2311082,3,CE 213,2,8.0,BB
2311082,3,MA 201,4,8.0,BB
2311083,3,CE 201,4,6.0,CC
2311083,3,CE 202,3,7.0,BC
2311083,3,CE 203,3,7.0,BC
2311083,3,CE 204,4,10.0,AA
2311083,3,CE 205,3,6.0,CC
2311083,3,CE 211,2,10.0,AA
2311083,3,CE 212,2,10.0,AA
2311083,3,CE 213,2,9.0,AB
2311083,3,MA 201,4,5.0,CD
2311084,3,CE 201,4,6.0,CC
2311084,3,CE 202,3,9.0,AB
2311084,3,CE 203,3,8.0,BB
2311084,3,CE 204,4,9.0,AB
2311084,3,CE 205,3,7.0,BC
2311084,3,CE 211,2,10.0,AA
2311084,3,CE 212,2,10.0,AA
2311084,3,CE 213,2,10.0,AA
2311084,3,MA 201,4,6.0,CC
2311085,3,CE 201,4,6.0,CC
2311085,3,CE 202,3,8.0,BB
2311085,3,CE 203,3,9.0,AB
2311085,3,CE 204,4,9.0,AB
2311085,3,CE 205,3,7.0,BC
2311085,3,CE 211,2,10.0,AA
2311085,3,CE 212,2,9.0,AB
2311085,3,CE 213,2,8.0,BB
2311085,3,MA 201,4,5.0,CD
2311086,3,CE 201,4,4.0,DD
2311086,3,CE 202,3,8.0,BB
2311086,3,CE 203,3,6.0,CC
2311086,3,CE 204,4,10.0,AA
2311086,3,CE 205,3,5.0,CD
2311086,3,CE 211,2,10.0,AA
2311086,3,CE 212,2,10.0,AA
2311086,3,CE 213,2,8.0,BB
2311086,3,MA 201,4,6.0,CC
2311087,3,CE 201,4,5.0,CD
2311087,3,CE 202,3,8.0,BB
2311087,3,CE 203,3,6.0,CC
2311087,3,CE 204,4,8.0,BB
2311087,3,CE 205,3,6.0,CC
2311087,3,CE 211,2,10.0,AA
2311087,3,CE 212,2,9.0,AB
2311087,3,CE 213,2,5.0,CD
2311087,3,MA 201,4,5.0,CD
2311088,3,CE 201,4,4.0,DD
2311088,3,CE 202,3,9.0,AB
2311088,3,CE 203,3,5.0,CD
2311088,3,CE 204,4,9.0,AB
2311088,3,CE 205,3,5.0,CD
2311088,3,CE 211,2,10.0,AA
2311088,3,CE 212,2,10.0,AA
2311088,3,CE 213,2,6.0,CC
2311088,3,MA 201,4,4.0,DD
2311089,3,CE 201,4,0.0,F
2311089,3,CE 202,3,8.0,BB
2311089,3,CE 203,3,4.0,DD
2311089,3,CE 204,4,6.0,CC
2311089,3,CE 205,3,4.0,DD
2311089,3,CE 211,2,10.0,AA
2311089,3,CE 212,2,9.0,AB
2311089,3,CE 213,2,6.0,CC
2311089,3,MA 201,4,4.0,DD
2311090,3,CE 201,4,0.0,F
2311090,3,CE 202,3,6.0,CC
2311090,3,CE 203,3,5.0,CD
2311090,3,CE 204,4,4.0,DD
2311090,3,CE 205,3,0.0,F
2311090,3,CE 211,2,10.0,AA
2311090,3,CE 212,2,8.0,BB
2311090,3,CE 213,2,9.0,AB
2311090,3,MA 201,4,4.0,DD
2311091,3,CE 201,4,4.0,DD
2311091,3,CE 202,3,6.0,CC
2311091,3,CE 203,3,5.0,CD
2311091,3,CE 204,4,8.0,BB
2311091,3,CE 205,3,4.0,DD
2311091,3,CE 211,2,10.0,AA
2311091,3,CE 212,2,9.0,AB
2311091,3,CE 213,2,8.0,BB
2311091,3,MA 201,4,4.0,DD
2311092,3,CE 201,4,8.0,BB
2311092,3,CE 202,3,8.0,BB
2311092,3,CE 203,3,7.0,BC
2311092,3,CE 204,4,9.0,AB
2311092,3,CE 205,3,8.0,BB
2311092,3,CE 211,2,10.0,AA
2311092,3,CE 212,2,9.0,AB
2311092,3,CE 213,2,7.0,BC
2311092,3,MA 201,4,6.0,CC
2311093,3,CE 201,4,4.0,DD
2311093,3,CE 202,3,9.0,AB
2311093,3,CE 203,3,7.0,BC
2311093,3,CE 204,4,9.0,AB
2311093,3,CE 205,3,7.0,BC
2311093,3,CE 211,2,10.0,AA
2311093,3,CE 212,2,10.0,AA
2311093,3,CE 213,2,6.0,CC
2311093,3,MA 201,4,5.0,CD
2311094,3,CE 201,4,9.0,AB
2311094,3,CE 202,3,8.0,BB
2311094,3,CE 203,3,9.0,AB
2311094,3,CE 204,4,10.0,AA
2311094,3,CE 205,3,10.0,AA
2311094,3,CE 211,2,10.0,AA
2311094,3,CE 212,2,9.0,AB
2311094,3,CE 213,2,9.0,AB
2311094,3,MA 201,4,7.0,BC
2311095,3,CE 201,4,6.0,CC
2311095,3,CE 202,3,9.0,AB
2311095,3,CE 203,3,8.0,BB
2311095,3,CE 204,4,10.0,AA
2311095,3,CE 205,3,7.0,BC
2311095,3,CE 211,2,10.0,AA
2311095,3,CE 212,2,9.0,AB
2311095,3,CE 213,2,9.0,AB
2311095,3,MA 201,4,5.0,CD
2311096,3,CE 201,4,8.0,BB
2311096,3,CE 202,3,9.0,AB
2311096,3,CE 203,3,8.0,BB
2311096,3,CE 204,4,10.0,AA
2311096,3,CE 205,3,8.0,BB
2311096,3,CE 211,2,10.0,AA
2311096,3,CE 212,2,9.0,AB
2311096,3,CE 213,2,10.0,AA
2311096,3,MA 201,4,6.0,CC
2311097,3,CE 201,4,0.0,F
2311097,3,CE 202,3,6.0,CC
2311097,3,CE 203,3,4.0,DD
2311097,3,CE 204,4,5.0,CD
2311097,3,CE 205,3,0.0,F
2311097,3,CE 211,2,10.0,AA
2311097,3,CE 212,2,8.0,BB
2311097,3,CE 213,2,5.0,CD
2311097,3,MA 201,4,4.0,DD
2311098,3,CE 201,4,5.0,CD
2311098,3,CE 202,3,9.0,AB
2311098,3,CE 203,3,8.0,BB
2311098,3,CE 204,4,9.0,AB
2311098,3,CE 205,3,8.0,BB
2311098,3,CE 211,2,10.0,AA
2311098,3,CE 212,2,8.0,BB
2311098,3,CE 213,2,8.0,BB
2311098,3,MA 201,4,7.0,BC
2311100,3,CE 201,4,7.0,BC
2311100,3,CE 202,3,9.0,AB
2311100,3,CE 203,3,10.0,AA
2311100,3,CE 204,4,9.0,AB
2311100,3,CE 205,3,8.0,BB
2311100,3,CE 211,2,10.0,AA
2311100,3,CE 212,2,10.0,AA
2311100,3,CE 213,2,8.0,BB
2311100,3,MA 201,4,8.0,BB
2311101,3,CE 201,4,9.0,AB
2311101,3,CE 202,3,10.0,AA
2311101,3,CE 203,3,10.0,AA
2311101,3,CE 204,4,10.0,AA
2311101,3,CE 205,3,8.0,BB
2311101,3,CE 211,2,10.0,AA
2311101,3,CE 212,2,10.0,AA
2311101,3,CE 213,2,7.0,BC
2311101,3,MA 201,4,8.0,BB
2311102,3,CE 201,4,6.0,CC
2311102,3,CE 202,3,7.0,BC
2311102,3,CE 203,3,6.0,CC
2311102,3,CE 204,4,8.0,BB
2311102,3,CE 205,3,4.0,DD
2311102,3,CE 211,2,10.0,AA
2311102,3,CE 212,2,8.0,BB
2311102,3,CE 213,2,6.0,CC
2311102,3,MA 201,4,6.0,CC
2311103,3,CE 201,4,6.0,CC
2311103,3,CE 202,3,9.0,AB
2311103,3,CE 203,3,5.0,CD
2311103,3,CE 204,4,7.0,BC
2311103,3,CE 205,3,4.0,DD
2311103,3,CE 211,2,10.0,AA
2311103,3,CE 212,2,9.0,AB
2311103,3,CE 213,2,6.0,CC
2311103,3,MA 201,4,8.0,BB
2311104,3,CE 201,4,8.0,BB
2311104,3,CE 202,3,9.0,AB
2311104,3,CE 203,3,10.0,AA
2311104,3,CE 204,4,9.0,AB
2311104,3,CE 205,3,9.0,AB
2311104,3,CE 211,2,10.0,AA
2311104,3,CE 212,2,10.0,AA
2311104,3,CE 213,2,9.0,AB
2311104,3,MA 201,4,8.0,BB
2311106,3,CE 201,4,8.0,BB
2311106,3,CE 202,3,8.0,BB
2311106,3,CE 203,3,9.0,AB
2311106,3,CE 204,4,10.0,AA
2311106,3,CE 205,3,7.0,BC
2311106,3,CE 211,2,10.0,AA
2311106,3,CE 212,2,9.0,AB
2311106,3,CE 213,2,7.0,BC
2311106,3,MA 201,4,8.0,BB
2311107,3,CE 201,4,8.0,BB
2311107,3,CE 202,3,8.0,BB
2311107,3,CE 203,3,8.0,BB
2311107,3,CE 204,4,10.0,AA
2311107,3,CE 205,3,8.0,BB
2311107,3,CE 211,2,10.0,AA
2311107,3,CE 212,2,9.0,AB
2311107,3,CE 213,2,10.0,AA
2311107,3,MA 201,4,8.0,BB
2311108,3,CE 201,4,9.0,AB
2311108,3,CE 202,3,10.0,AA
2311108,3,CE 203,3,10.0,AA
2311108,3,CE 204,4,10.0,AA
2311108,3,CE 205,3,8.0,BB
2311108,3,CE 211,2,10.0,AA
2311108,3,CE 212,2,10.0,AA
2311108,3,CE 213,2,9.0,AB
2311108,3,MA 201,4,6.0,CC
2311109,3,CE 201,4,5.0,CD
2311109,3,CE 202,3,8.0,BB
2311109,3,CE 203,3,5.0,CD
2311109,3,CE 204,4,7.0,BC
2311109,3,CE 205,3,4.0,DD
2311109,3,CE 211,2,10.0,AA
2311109,3,CE 212,2,9.0,AB
2311109,3,CE 213,2,4.0,DD
2311109,3,MA 201,4,4.0,DD
2311110,3,CE 201,4,4.0,DD
2311110,3,CE 202,3,8.0,BB
2311110,3,CE 203,3,7.0,BC
2311110,3,CE 204,4,8.0,BB
2311110,3,CE 205,3,5.0,CD
2311110,3,CE 211,2,10.0,AA
2311110,3,CE 212,2,9.0,AB
2311110,3,CE 213,2,6.0,CC
2311110,3,MA 201,NA,,NA
2311111,3,CE 201,4,4.0,DD
2311111,3,CE 202,3,8.0,BB
2311111,3,CE 203,3,5.0,CD
2311111,3,CE 204,4,8.0,BB
2311111,3,CE 205,3,4.0,DD
2311111,3,CE 211,2,10.0,AA
2311111,3,CE 212,2,9.0,AB
2311111,3,CE 213,2,6.0,CC
2311111,3,MA 201,4,5.0,CD
2311112,3,CE 201,4,6.0,CC
2311112,3,CE 202,3,8.0,BB
2311112,3,CE 203,3,6.0,CC
2311112,3,CE 204,4,6.0,CC
2311112,3,CE 205,3,6.0,CC
2311112,3,CE 211,2,10.0,AA
2311112,3,CE 212,2,9.0,AB
2311112,3,CE 213,2,4.0,DD
2311112,3,MA 201,4,4.0,DD
2311113,3,CE 201,4,9.0,AB
2311113,3,CE 202,3,8.0,BB
2311113,3,CE 203,3,9.0,AB
2311113,3,CE 204,4,10.0,AA
2311113,3,CE 205,3,8.0,BB
2311113,3,CE 211,2,10.0,AA
2311113,3,CE 212,2,9.0,AB
2311113,3,CE 213,2,8.0,BB
2311113,3,MA 201,4,7.0,BC
2311114,3,CE 201,4,4.0,DD
2311114,3,CE 202,3,5.0,CD
2311114,3,CE 203,3,5.0,CD
2311114,3,CE 204,4,7.0,BC
2311114,3,CE 205,3,5.0,CD
2311114,3,CE 211,2,10.0,AA
2311114,3,CE 212,2,7.0,BC
2311114,3,CE 213,2,8.0,BB
2311114,3,MA 201,4,6.0,CC
2311115,3,CE 201,4,0.0,F
2311115,3,CE 202,3,7.0,BC
2311115,3,CE 203,3,5.0,CD
2311115,3,CE 204,4,6.0,CC
2311115,3,CE 205,3,0.0,F
2311115,3,CE 211,2,10.0,AA
2311115,3,CE 212,2,8.0,BB
2311115,3,CE 213,2,4.0,DD
2311115,3,MA 201,4,0.0,F
2311116,3,CE 201,4,4.0,DD
2311116,3,CE 202,3,8.0,BB
2311116,3,CE 203,3,7.0,BC
2311116,3,CE 204,4,8.0,BB
2311116,3,CE 205,3,6.0,CC
2311116,3,CE 211,2,9.0,AB
2311116,3,CE 212,2,9.0,AB
2311116,3,CE 213,2,5.0,CD
2311116,3,MA 201,4,5.0,CD
2311117,3,CE 201,4,8.0,BB
2311117,3,CE 202,3,8.0,BB
2311117,3,CE 203,3,7.0,BC
2311117,3,CE 204,4,9.0,AB
2311117,3,CE 205,3,9.0,AB
2311117,3,CE 211,2,10.0,AA
2311117,3,CE 212,2,10.0,AA
2311117,3,CE 213,2,8.0,BB
2311117,3,MA 201,4,6.0,CC
2311118,3,CE 201,4,5.0,CD
2311118,3,CE 202,3,6.0,CC
2311118,3,CE 203,3,5.0,CD
2311118,3,CE 204,4,7.0,BC
2311118,3,CE 205,3,7.0,BC
2311118,3,CE 211,2,10.0,AA
2311118,3,CE 212,2,8.0,BB
2311118,3,CE 213,2,5.0,CD
2311118,3,MA 201,4,5.0,CD
2311119,3,CE 201,4,8.0,BB
2311119,3,CE 202,3,9.0,AB
2311119,3,CE 203,3,10.0,AA
2311119,3,CE 204,4,10.0,AA
2311119,3,CE 205,3,8.0,BB
2311119,3,CE 211,2,10.0,AA
2311119,3,CE 212,2,10.0,AA
2311119,3,CE 213,2,10.0,AA
2311119,3,MA 201,4,9.0,AB
2311120,3,CE 201,4,8.0,BB
2311120,3,CE 202,3,9.0,AB
2311120,3,CE 203,3,10.0,AA
2311120,3,CE 204,4,10.0,AA
2311120,3,CE 205,3,10.0,AA
2311120,3,CE 211,2,10.0,AA
2311120,3,CE 212,2,9.0,AB
2311120,3,CE 213,2,7.0,BC
2311120,3,MA 201,4,8.0,BB
2311121,3,CE 201,4,5.0,CD
2311121,3,CE 202,3,9.0,AB
2311121,3,CE 203,3,10.0,AA
2311121,3,CE 204,4,10.0,AA
2311121,3,CE 205,3,7.0,BC
2311121,3,CE 211,2,10.0,AA
2311121,3,CE 212,2,10.0,AA
2311121,3,CE 213,2,8.0,BB
2311121,3,MA 201,4,5.0,CD
2311122,3,CE 201,4,8.0,BB
2311122,3,CE 202,3,8.0,BB
2311122,3,CE 203,3,8.0,BB
2311122,3,CE 204,4,10.0,AA
2311122,3,CE 205,3,7.0,BC
2311122,3,CE 211,2,10.0,AA
2311122,3,CE 212,2,9.0,AB
2311122,3,CE 213,2,8.0,BB
2311122,3,MA 201,4,6.0,CC
2311123,3,CE 201,4,8.0,BB
2311123,3,CE 202,3,9.0,AB
2311123,3,CE 203,3,8.0,BB
2311123,3,CE 204,4,8.0,BB
2311123,3,CE 205,3,4.0,DD
2311123,3,CE 211,2,9.0,AB
2311123,3,CE 212,2,9.0,AB
2311123,3,CE 213,2,8.0,BB
2311123,3,MA 201,4,5.0,CD
2311124,3,CE 201,4,4.0,DD
2311124,3,CE 202,3,7.0,BC
2311124,3,CE 203,3,4.0,DD
2311124,3,CE 204,4,7.0,BC
2311124,3,CE 205,3,5.0,CD
2311124,3,CE 211,2,9.0,AB
2311124,3,CE 212,2,10.0,AA
2311124,3,CE 213,2,9.0,AB
2311124,3,MA 201,4,6.0,CC
2311125,3,CE 201,4,7.0,BC
2311125,3,CE 202,3,9.0,AB
2311125,3,CE 203,3,8.0,BB
2311125,3,CE 204,4,9.0,AB
2311125,3,CE 205,3,7.0,BC
2311125,3,CE 211,2,10.0,AA
2311125,3,CE 212,2,10.0,AA
2311125,3,CE 213,2,8.0,BB
2311125,3,MA 201,4,7.0,BC
2311126,3,CE 201,4,7.0,BC
2311126,3,CE 202,3,9.0,AB
2311126,3,CE 203,3,8.0,BB
2311126,3,CE 204,4,9.0,AB
2311126,3,CE 205,3,7.0,BC
2311126,3,CE 211,2,10.0,AA
2311126,3,CE 212,2,10.0,AA
2311126,3,CE 213,2,8.0,BB
2311126,3,MA 201,4,5.0,CD
2311127,3,CE 201,4,7.0,BC
2311127,3,CE 202,3,9.0,AB
2311127,3,CE 203,3,8.0,BB
2311127,3,CE 204,4,8.0,BB
2311127,3,CE 205,3,6.0,CC
2311127,3,CE 211,2,10.0,AA
2311127,3,CE 212,2,10.0,AA
2311127,3,CE 213,2,9.0,AB
2311127,3,MA 201,4,5.0,CD
2311128,3,CE 201,4,10.0,AA
2311128,3,CE 202,3,10.0,AA
2311128,3,CE 203,3,10.0,AA
2311128,3,CE 204,4,10.0,AA
2311128,3,CE 205,3,10.0,AA
2311128,3,CE 211,2,10.0,AA
2311128,3,CE 212,2,10.0,AA
2311128,3,CE 213,2,9.0,AB
2311128,3,MA 201,4,9.0,AB
2311129,3,CE 201,4,0.0,F
2311129,3,CE 202,3,0.0,F
2311129,3,CE 203,3,0.0,F
2311129,3,CE 204,4,0.0,F
2311129,3,CE 205,3,0.0,F
2311129,3,CE 211,2,0.0,F
2311129,3,CE 212,2,0.0,F
2311129,3,CE 213,2,0.0,F
2311129,3,MA 201,4,0.0,F
2311130,3,CE 201,4,7.0,BC
2311130,3,CE 202,3,7.0,BC
2311130,3,CE 203,3,8.0,BB
2311130,3,CE 204,4,9.0,AB
2311130,3,CE 205,3,5.0,CD
2311130,3,CE 211,2,10.0,AA
2311130,3,CE 212,2,10.0,AA
2311130,3,CE 213,2,9.0,AB
2311130,3,MA 201,4,6.0,CC
2311131,3,CE 201,4,6.0,CC
2311131,3,CE 202,3,8.0,BB
2311131,3,CE 203,3,6.0,CC
2311131,3,CE 204,4,8.0,BB
2311131,3,CE 205,3,4.0,DD
2311131,3,CE 211,2,10.0,AA
2311131,3,CE 212,2,9.0,AB
2311131,3,CE 213,2,8.0,BB
2311131,3,MA 201,4,5.0,CD
2311132,3,CE 201,4,6.0,CC
2311132,3,CE 202,3,9.0,AB
2311132,3,CE 203,3,7.0,BC
2311132,3,CE 204,4,8.0,BB
2311132,3,CE 205,3,5.0,CD
2311132,3,CE 211,2,10.0,AA
2311132,3,CE 212,2,10.0,AA
2311132,3,CE 213,2,9.0,AB
2311132,3,MA 201,4,6.0,CC
2311133,3,CE 201,4,10.0,AA
2311133,3,CE 202,3,8.0,BB
2311133,3,CE 203,3,10.0,AA
2311133,3,CE 204,4,10.0,AA
2311133,3,CE 205,3,10.0,AA
2311133,3,CE 211,2,10.0,AA
2311133,3,CE 212,2,10.0,AA
2311133,3,CE 213,2,10.0,AA
2311133,3,MA 201,4,10.0,AA
2311134,3,CE 201,4,7.0,BC
2311134,3,CE 202,3,8.0,BB
2311134,3,CE 203,3,9.0,AB
2311134,3,CE 204,4,10.0,AA
2311134,3,CE 205,3,7.0,BC
2311134,3,CE 211,2,10.0,AA
2311134,3,CE 212,2,10.0,AA
2311134,3,CE 213,2,9.0,AB
2311134,3,MA 201,4,7.0,BC
2311135,3,CE 201,4,6.0,CC
2311135,3,CE 202,3,8.0,BB
2311135,3,CE 203,3,7.0,BC
2311135,3,CE 204,4,8.0,BB
2311135,3,CE 205,3,5.0,CD
2311135,3,CE 211,2,9.0,AB
2311135,3,CE 212,2,9.0,AB
2311135,3,CE 213,2,9.0,AB
2311135,3,MA 201,NA,,NA
2311136,3,CE 201,4,6.0,CC
2311136,3,CE 202,3,8.0,BB
2311136,3,CE 203,3,8.0,BB
2311136,3,CE 204,4,8.0,BB
2311136,3,CE 205,3,7.0,BC
2311136,3,CE 211,2,9.0,AB
2311136,3,CE 212,2,8.0,BB
2311136,3,CE 213,2,9.0,AB
2311136,3,MA 201,4,6.0,CC
2311137,3,CE 201,4,10.0,AA
2311137,3,CE 202,3,8.0,BB
2311137,3,CE 203,3,9.0,AB
2311137,3,CE 204,4,10.0,AA
2311137,3,CE 205,3,9.0,AB
2311137,3,CE 211,2,10.0,AA
2311137,3,CE 212,2,10.0,AA
2311137,3,CE 213,2,10.0,AA
2311137,3,MA 201,4,8.0,BB
2311138,3,CE 201,4,8.0,BB
2311138,3,CE 202,3,8.0,BB
2311138,3,CE 203,3,10.0,AA
2311138,3,CE 204,4,10.0,AA
2311138,3,CE 205,3,9.0,AB
2311138,3,CE 211,2,10.0,AA
2311138,3,CE 212,2,10.0,AA
2311138,3,CE 213,2,9.0,AB
2311138,3,MA 201,4,7.0,BC
2311139,3,CE 201,4,0.0,F
2311139,3,CE 202,3,4.0,DD
2311139,3,CE 203,3,4.0,DD
2311139,3,CE 204,4,5.0,CD
2311139,3,CE 205,3,0.0,F
2311139,3,CE 211,2,9.0,AB
2311139,3,CE 212,2,8.0,BB
2311139,3,CE 213,2,8.0,BB
2311139,3,MA 201,4,4.0,DD
2311141,3,CE 201,4,8.0,BB
2311141,3,CE 202,3,8.0,BB
2311141,3,CE 203,3,9.0,AB
2311141,3,CE 204,4,10.0,AA
2311141,3,CE 205,3,8.0,BB
2311141,3,CE 211,2,10.0,AA
2311141,3,CE 212,2,9.0,AB
2311141,3,CE 213,2,10.0,AA
2311141,3,MA 201,4,6.0,CC
2311142,3,CE 201,4,10.0,AA
2311142,3,CE 202,3,9.0,AB
2311142,3,CE 203,3,10.0,AA
2311142,3,CE 204,4,10.0,AA
2311142,3,CE 205,3,8.0,BB
2311142,3,CE 211,2,10.0,AA
2311142,3,CE 212,2,10.0,AA
2311142,3,CE 213,2,10.0,AA
2311142,3,MA 201,4,8.0,BB
2311143,3,CE 201,4,8.0,BB
2311143,3,CE 202,3,9.0,AB
2311143,3,CE 203,3,10.0,AA
2311143,3,CE 204,4,10.0,AA
2311143,3,CE 205,3,9.0,AB
2311143,3,CE 211,2,10.0,AA
2311143,3,CE 212,2,10.0,AA
2311143,3,CE 213,2,9.0,AB
2311143,3,MA 201,4,7.0,BC
2311144,3,CE 201,4,8.0,BB
2311144,3,CE 202,3,8.0,BB
2311144,3,CE 203,3,8.0,BB
2311144,3,CE 204,4,10.0,AA
2311144,3,CE 205,3,6.0,CC
2311144,3,CE 211,2,10.0,AA
2311144,3,CE 212,2,10.0,AA
2311144,3,CE 213,2,9.0,AB
2311144,3,MA 201,4,7.0,BC
2311145,3,CE 201,4,7.0,BC
2311145,3,CE 202,3,8.0,BB
2311145,3,CE 203,3,7.0,BC
2311145,3,CE 204,4,10.0,AA
2311145,3,CE 205,3,7.0,BC
2311145,3,CE 211,2,10.0,AA
2311145,3,CE 212,2,9.0,AB
2311145,3,CE 213,2,9.0,AB
2311145,3,MA 201,4,7.0,BC
2311146,3,CE 201,4,9.0,AB
2311146,3,CE 202,3,9.0,AB
2311146,3,CE 203,3,9.0,AB
2311146,3,CE 204,4,10.0,AA
2311146,3,CE 205,3,8.0,BB
2311146,3,CE 211,2,10.0,AA
2311146,3,CE 212,2,10.0,AA
2311146,3,CE 213,2,10.0,AA
2311146,3,MA 201,4,7.0,BC
2311147,3,CE 201,4,9.0,AB
2311147,3,CE 202,3,8.0,BB
2311147,3,CE 203,3,9.0,AB
2311147,3,CE 204,4,10.0,AA
2311147,3,CE 205,3,7.0,BC
2311147,3,CE 211,2,10.0,AA
2311147,3,CE 212,2,9.0,AB
2311147,3,CE 213,2,10.0,AA
2311147,3,MA 201,4,8.0,BB
2311149,3,CE 201,4,7.0,BC
2311149,3,CE 202,3,9.0,AB
2311149,3,CE 203,3,9.0,AB
2311149,3,CE 204,4,10.0,AA
2311149,3,CE 205,3,8.0,BB
2311149,3,CE 211,2,10.0,AA
2311149,3,CE 212,2,9.0,AB
2311149,3,CE 213,2,9.0,AB
2311149,3,MA 201,4,6.0,CC
2311150,3,CE 201,4,9.0,AB
2311150,3,CE 202,3,10.0,AA
2311150,3,CE 203,3,10.0,AA
2311150,3,CE 204,4,10.0,AA
2311150,3,CE 205,3,10.0,AA
2311150,3,CE 211,2,10.0,AA
2311150,3,CE 212,2,10.0,AA
2311150,3,CE 213,2,10.0,AA
2311150,3,MA 201,4,7.0,BC
2311151,3,CE 201,4,4.0,DD
2311151,3,CE 202,3,7.0,BC
2311151,3,CE 203,3,6.0,CC
2311151,3,CE 204,4,6.0,CC
2311151,3,CE 205,3,0.0,F
2311151,3,CE 211,2,9.0,AB
2311151,3,CE 212,2,8.0,BB
2311151,3,CE 213,2,8.0,BB
2311151,3,MA 201,4,4.0,DD
2311152,3,CE 201,4,0.0,F
2311152,3,CE 202,3,7.0,BC
2311152,3,CE 203,3,0.0,F
2311152,3,CE 204,4,4.0,DD
2311152,3,CE 205,3,0.0,F
2311152,3,CE 211,2,9.0,AB
2311152,3,CE 212,2,9.0,AB
2311152,3,CE 213,2,8.0,BB
2311152,3,MA 201,4,4.0,DD
2311153,3,CE 201,4,5.0,CD
2311153,3,CE 202,3,7.0,BC
2311153,3,CE 203,3,5.0,CD
2311153,3,CE 204,4,7.0,BC
2311153,3,CE 205,3,5.0,CD
2311153,3,CE 211,2,9.0,AB
2311153,3,CE 212,2,9.0,AB
2311153,3,CE 213,2,8.0,BB
2311153,3,MA 201,4,4.0,DD
2311154,3,CE 201,4,5.0,CD
2311154,3,CE 202,3,9.0,AB
2311154,3,CE 203,3,8.0,BB
2311154,3,CE 204,4,9.0,AB
2311154,3,CE 205,3,4.0,DD
2311154,3,CE 211,2,10.0,AA
2311154,3,CE 212,2,10.0,AA
2311154,3,CE 213,2,8.0,BB
2311154,3,MA 201,4,4.0,DD
2311155,3,CE 201,4,0.0,F
2311155,3,CE 202,3,5.0,CD
2311155,3,CE 203,3,5.0,CD
2311155,3,CE 204,4,5.0,CD
2311155,3,CE 205,3,0.0,F
2311155,3,CE 211,2,9.0,AB
2311155,3,CE 212,2,9.0,AB
2311155,3,CE 213,2,8.0,BB
2311155,3,MA 201,4,0.0,F
2311156,3,CE 201,4,0.0,F
2311156,3,CE 202,3,7.0,BC
2311156,3,CE 203,3,5.0,CD
2311156,3,CE 204,4,7.0,BC
2311156,3,CE 205,3,0.0,F
2311156,3,CE 211,2,9.0,AB
2311156,3,CE 212,2,9.0,AB
2311156,3,CE 213,2,9.0,AB
2311156,3,MA 201,4,5.0,CD
2312001,3,CS 201,4,8.0,BB
2312001,3,CS 202,4,9.0,AB
2312001,3,CS 211,2,10.0,AA
2312001,3,EC 221,4,8.0,BB
2312001,3,EC 222,2,10.0,AA
2312001,3,EE 223,4,9.0,AB
2312001,3,EE 224,2,10.0,AA
2312001,3,MA 201,4,9.0,AB
2312002,3,CS 201,4,7.0,BC
2312002,3,CS 202,4,8.0,BB
2312002,3,CS 211,2,10.0,AA
2312002,3,EC 221,4,6.0,CC
2312002,3,EC 222,2,10.0,AA
2312002,3,EE 223,4,7.0,BC
2312002,3,EE 224,2,9.0,AB
2312002,3,MA 201,4,4.0,DD
2312003,3,CS 201,4,10.0,AA
2312003,3,CS 202,4,10.0,AA
2312003,3,CS 211,2,10.0,AA
2312003,3,EC 221,4,10.0,AA
2312003,3,EC 222,2,10.0,AA
2312003,3,EE 223,4,10.0,AA
2312003,3,EE 224,2,10.0,AA
2312003,3,MA 201,4,9.0,AB
2312004,3,CS 201,4,9.0,AB
2312004,3,CS 202,4,9.0,AB
2312004,3,CS 211,2,9.0,AB
2312004,3,EC 221,4,10.0,AA
2312004,3,EC 222,2,10.0,AA
2312004,3,EE 223,4,9.0,AB
2312004,3,EE 224,2,10.0,AA
2312004,3,MA 201,4,8.0,BB
2312005,3,CS 201,4,7.0,BC
2312005,3,CS 202,4,7.0,BC
2312005,3,CS 211,2,9.0,AB
2312005,3,EC 221,4,8.0,BB
2312005,3,EC 222,2,10.0,AA
2312005,3,EE 223,4,7.0,BC
2312005,3,EE 224,2,9.0,AB
2312005,3,MA 201,4,7.0,BC
2312006,3,CS 201,4,7.0,BC
2312006,3,CS 202,4,6.0,CC
2312006,3,CS 211,2,9.0,AB
2312006,3,EC 221,4,6.0,CC
2312006,3,EC 222,2,10.0,AA
2312006,3,EE 223,4,6.0,CC
2312006,3,EE 224,2,9.0,AB
2312006,3,MA 201,4,5.0,CD
2312007,3,CS 201,4,7.0,BC
2312007,3,CS 202,4,7.0,BC
2312007,3,CS 211,2,9.0,AB
2312007,3,EC 221,4,8.0,BB
2312007,3,EC 222,2,10.0,AA
2312007,3,EE 223,4,8.0,BB
2312007,3,EE 224,2,9.0,AB
2312007,3,MA 201,4,6.0,CC
2312008,3,CS 201,4,7.0,BC
2312008,3,CS 202,4,7.0,BC
2312008,3,CS 211,2,8.0,BB
2312008,3,EC 221,4,7.0,BC
2312008,3,EC 222,2,10.0,AA
2312008,3,EE 223,4,8.0,BB
2312008,3,EE 224,2,9.0,AB
2312008,3,MA 201,4,7.0,BC
2312009,3,CS 201,4,6.0,CC
2312009,3,CS 202,4,7.0,BC
2312009,3,CS 211,2,9.0,AB
2312009,3,EC 221,4,6.0,CC
2312009,3,EC 222,2,10.0,AA
2312009,3,EE 223,4,7.0,BC
2312009,3,EE 224,2,9.0,AB
2312009,3,MA 201,4,6.0,CC
2312010,3,CS 201,4,7.0,BC
2312010,3,CS 202,4,6.0,CC
2312010,3,CS 211,2,9.0,AB
2312010,3,EC 221,4,8.0,BB
2312010,3,EC 222,2,10.0,AA
2312010,3,EE 223,4,8.0,BB
2312010,3,EE 224,2,10.0,AA
2312010,3,MA 201,4,6.0,CC
2312011,3,CS 201,4,9.0,AB
2312011,3,CS 202,4,8.0,BB
2312011,3,CS 211,2,10.0,AA
2312011,3,EC 221,4,7.0,BC
2312011,3,EC 222,2,10.0,AA
2312011,3,EE 223,4,8.0,BB
2312011,3,EE 224,2,10.0,AA
2312011,3,MA 201,4,8.0,BB
2312012,3,CS 201,4,8.0,BB
2312012,3,CS 202,4,8.0,BB
2312012,3,CS 211,2,10.0,AA
2312012,3,EC 221,4,9.0,AB
2312012,3,EC 222,2,10.0,AA
2312012,3,EE 223,4,8.0,BB
2312012,3,EE 224,2,10.0,AA
2312012,3,MA 201,4,6.0,CC
2312013,3,CS 201,4,6.0,CC
2312013,3,CS 202,4,7.0,BC
2312013,3,CS 211,2,10.0,AA
2312013,3,EC 221,4,6.0,CC
2312013,3,EC 222,2,10.0,AA
2312013,3,EE 223,4,8.0,BB
2312013,3,EE 224,2,9.0,AB
2312013,3,MA 201,4,6.0,CC
2312014,3,CS 201,4,8.0,BB
2312014,3,CS 202,4,8.0,BB
2312014,3,CS 211,2,9.0,AB
2312014,3,EC 221,4,7.0,BC
2312014,3,EC 222,2,10.0,AA
2312014,3,EE 223,4,7.0,BC
2312014,3,EE 224,2,8.0,BB
2312014,3,MA 201,4,8.0,BB
2312015,3,CS 201,4,7.0,BC
2312015,3,CS 202,4,7.0,BC
2312015,3,CS 211,2,9.0,AB
2312015,3,EC 221,4,6.0,CC
2312015,3,EC 222,2,10.0,AA
2312015,3,EE 223,4,6.0,CC
2312015,3,EE 224,2,10.0,AA
2312015,3,MA 201,4,6.0,CC
2312016,3,CS 201,4,5.0,CD
2312016,3,CS 202,4,5.0,CD
2312016,3,CS 211,2,8.0,BB
2312016,3,EC 221,4,5.0,CD
2312016,3,EC 222,2,10.0,AA
2312016,3,EE 223,4,6.0,CC
2312016,3,EE 224,2,8.0,BB
2312016,3,MA 201,4,4.0,DD
2312017,3,CS 201,4,5.0,CD
2312017,3,CS 202,4,0.0,I
2312017,3,CS 211,2,8.0,BB
2312017,3,EC 221,4,0.0,F
2312017,3,EC 222,2,10.0,AA
2312017,3,EE 223,4,0.0,F
2312017,3,EE 224,2,7.0,BC
2312017,3,MA 201,4,5.0,CD
2312018,3,CS 201,4,4.0,DD
2312018,3,CS 202,4,4.0,DD
2312018,3,CS 211,2,9.0,AB
2312018,3,EC 221,4,4.0,DD
2312018,3,EC 222,2,10.0,AA
2312018,3,EE 223,4,5.0,CD
2312018,3,EE 224,2,9.0,AB
2312018,3,MA 201,4,4.0,DD
2312019,3,CS 201,4,9.0,AB
2312019,3,CS 202,4,9.0,AB
2312019,3,CS 211,2,9.0,AB
2312019,3,EC 221,4,9.0,AB
2312019,3,EC 222,2,10.0,AA
2312019,3,EE 223,4,10.0,AA
2312019,3,EE 224,2,9.0,AB
2312019,3,MA 201,4,9.0,AB
2312020,3,CS 201,4,10.0,AA
2312020,3,CS 202,4,10.0,AA
2312020,3,CS 211,2,10.0,AA
2312020,3,EC 221,4,9.0,AB
2312020,3,EC 222,2,10.0,AA
2312020,3,EE 223,4,8.0,BB
2312020,3,EE 224,2,9.0,AB
2312020,3,MA 201,4,9.0,AB
2312021,3,CS 201,4,9.0,AB
2312021,3,CS 202,4,10.0,AA
2312021,3,CS 211,2,10.0,AA
2312021,3,EC 221,4,10.0,AA
2312021,3,EC 222,2,10.0,AA
2312021,3,EE 223,4,10.0,AA
2312021,3,EE 224,2,10.0,AA
2312021,3,MA 201,4,10.0,AA
2312022,3,CS 201,4,5.0,CD
2312022,3,CS 202,4,5.0,CD
2312022,3,CS 211,2,9.0,AB
2312022,3,EC 221,4,6.0,CC
2312022,3,EC 222,2,10.0,AA
2312022,3,EE 223,4,6.0,CC
2312022,3,EE 224,2,9.0,AB
2312022,3,MA 201,4,6.0,CC
2312023,3,CS 201,4,6.0,CC
2312023,3,CS 202,4,7.0,BC
2312023,3,CS 211,2,8.0,BB
2312023,3,EC 221,4,7.0,BC
2312023,3,EC 222,2,10.0,AA
2312023,3,EE 223,4,5.0,CD
2312023,3,EE 224,2,10.0,AA
2312023,3,MA 201,4,7.0,BC
2312024,3,CS 201,4,7.0,BC
2312024,3,CS 202,4,8.0,BB
2312024,3,CS 211,2,10.0,AA
2312024,3,EC 221,4,8.0,BB
2312024,3,EC 222,2,10.0,AA
2312024,3,EE 223,4,8.0,BB
2312024,3,EE 224,2,10.0,AA
2312024,3,MA 201,4,6.0,CC
2312025,3,CS 201,4,9.0,AB
2312025,3,CS 202,4,10.0,AA
2312025,3,CS 211,2,10.0,AA
2312025,3,EC 221,4,9.0,AB
2312025,3,EC 222,2,10.0,AA
2312025,3,EE 223,4,10.0,AA
2312025,3,EE 224,2,10.0,AA
2312025,3,MA 201,4,10.0,AA
2312026,3,CS 201,4,8.0,BB
2312026,3,CS 202,4,8.0,BB
2312026,3,CS 211,2,8.0,BB
2312026,3,EC 221,4,6.0,CC
2312026,3,EC 222,2,10.0,AA
2312026,3,EE 223,4,8.0,BB
2312026,3,EE 224,2,10.0,AA
2312026,3,MA 201,4,7.0,BC
2312027,3,CS 201,4,6.0,CC
2312027,3,CS 202,4,6.0,CC
2312027,3,CS 211,2,9.0,AB
2312027,3,EC 221,4,5.0,CD
2312027,3,EC 222,2,10.0,AA
2312027,3,EE 223,4,5.0,CD
2312027,3,EE 224,2,9.0,AB
2312027,3,MA 201,4,0.0,F
2312028,3,CS 201,4,8.0,BB
2312028,3,CS 202,4,9.0,AB
2312028,3,CS 211,2,9.0,AB
2312028,3,EC 221,4,9.0,AB
2312028,3,EC 222,2,10.0,AA
2312028,3,EE 223,4,9.0,AB
2312028,3,EE 224,2,10.0,AA
2312028,3,MA 201,4,7.0,BC
2312029,3,CS 201,4,8.0,BB
2312029,3,CS 202,4,10.0,AA
2312029,3,CS 211,2,10.0,AA
2312029,3,EC 221,4,10.0,AA
2312029,3,EC 222,2,10.0,AA
2312029,3,EE 223,4,8.0,BB
2312029,3,EE 224,2,10.0,AA
2312029,3,MA 201,4,9.0,AB
2312030,3,CS 201,4,7.0,BC
2312030,3,CS 202,4,8.0,BB
2312030,3,CS 211,2,10.0,AA
2312030,3,EC 221,4,7.0,BC
2312030,3,EC 222,2,10.0,AA
2312030,3,EE 223,4,9.0,AB
2312030,3,EE 224,2,10.0,AA
2312030,3,MA 201,4,8.0,BB
2312031,3,CS 201,4,7.0,BC
2312031,3,CS 202,4,8.0,BB
2312031,3,CS 211,2,10.0,AA
2312031,3,EC 221,4,8.0,BB
2312031,3,EC 222,2,10.0,AA
2312031,3,EE 223,4,8.0,BB
2312031,3,EE 224,2,9.0,AB
2312031,3,MA 201,4,7.0,BC
2312032,3,CS 201,4,7.0,BC
2312032,3,CS 202,4,9.0,AB
2312032,3,CS 211,2,10.0,AA
2312032,3,EC 221,4,9.0,AB
2312032,3,EC 222,2,10.0,AA
2312032,3,EE 223,4,10.0,AA
2312032,3,EE 224,2,10.0,AA
2312032,3,MA 201,4,7.0,BC
2312033,3,CS 201,4,10.0,AA
2312033,3,CS 202,4,10.0,AA
2312033,3,CS 211,2,10.0,AA
2312033,3,EC 221,4,10.0,AA
2312033,3,EC 222,2,10.0,AA
2312033,3,EE 223,4,10.0,AA
2312033,3,EE 224,2,10.0,AA
2312033,3,MA 201,4,9.0,AB
2312034,3,CS 201,4,8.0,BB
2312034,3,CS 202,4,7.0,BC
2312034,3,CS 211,2,9.0,AB
2312034,3,EC 221,4,9.0,AB
2312034,3,EC 222,2,10.0,AA
2312034,3,EE 223,4,8.0,BB
2312034,3,EE 224,2,9.0,AB
2312034,3,MA 201,4,7.0,BC
2312035,3,CS 201,4,7.0,BC
2312035,3,CS 202,4,9.0,AB
2312035,3,CS 211,2,9.0,AB
2312035,3,EC 221,4,8.0,BB
2312035,3,EC 222,2,10.0,AA
2312035,3,EE 223,4,8.0,BB
2312035,3,EE 224,2,10.0,AA
2312035,3,MA 201,4,9.0,AB
2312036,3,CS 201,4,8.0,BB
2312036,3,CS 202,4,8.0,BB
2312036,3,CS 211,2,9.0,AB
2312036,3,EC 221,4,7.0,BC
2312036,3,EC 222,2,10.0,AA
2312036,3,EE 223,4,9.0,AB
2312036,3,EE 224,2,10.0,AA
2312036,3,MA 201,4,7.0,BC
2312037,3,CS 201,4,9.0,AB
2312037,3,CS 202,4,8.0,BB
2312037,3,CS 211,2,10.0,AA
2312037,3,EC 221,4,9.0,AB
2312037,3,EC 222,2,10.0,AA
2312037,3,EE 223,4,9.0,AB
2312037,3,EE 224,2,10.0,AA
2312037,3,MA 201,4,9.0,AB
2312038,3,CS 201,4,8.0,BB
2312038,3,CS 202,4,10.0,AA
2312038,3,CS 211,2,10.0,AA
2312038,3,EC 221,4,7.0,BC
2312038,3,EC 222,2,10.0,AA
2312038,3,EE 223,4,8.0,BB
2312038,3,EE 224,2,9.0,AB
2312038,3,MA 201,4,9.0,AB
2312039,3,CS 201,4,7.0,BC
2312039,3,CS 202,4,8.0,BB
2312039,3,CS 211,2,10.0,AA
2312039,3,EC 221,4,7.0,BC
2312039,3,EC 222,2,10.0,AA
2312039,3,EE 223,4,7.0,BC
2312039,3,EE 224,2,10.0,AA
2312039,3,MA 201,4,9.0,AB
2312040,3,CS 201,4,8.0,BB
2312040,3,CS 202,4,7.0,BC
2312040,3,CS 211,2,10.0,AA
2312040,3,EC 221,4,7.0,BC
2312040,3,EC 222,2,10.0,AA
2312040,3,EE 223,4,7.0,BC
2312040,3,EE 224,2,8.0,BB
2312040,3,MA 201,4,6.0,CC
2312041,3,CS 201,4,10.0,AA
2312041,3,CS 202,4,9.0,AB
2312041,3,CS 211,2,9.0,AB
2312041,3,EC 221,4,8.0,BB
2312041,3,EC 222,2,10.0,AA
2312041,3,EE 223,4,8.0,BB
2312041,3,EE 224,2,10.0,AA
2312041,3,MA 201,4,8.0,BB
2312042,3,CS 201,4,8.0,BB
2312042,3,CS 202,4,9.0,AB
2312042,3,CS 211,2,9.0,AB
2312042,3,EC 221,4,7.0,BC
2312042,3,EC 222,2,10.0,AA
2312042,3,EE 223,4,6.0,CC
2312042,3,EE 224,2,9.0,AB
2312042,3,MA 201,4,9.0,AB
2312043,3,CS 201,4,8.0,BB
2312043,3,CS 202,4,8.0,BB
2312043,3,CS 211,2,10.0,AA
2312043,3,EC 221,4,9.0,AB
2312043,3,EC 222,2,10.0,AA
2312043,3,EE 223,4,8.0,BB
2312043,3,EE 224,2,10.0,AA
2312043,3,MA 201,4,7.0,BC
2312044,3,CS 201,4,8.0,BB
2312044,3,CS 202,4,8.0,BB
2312044,3,CS 211,2,9.0,AB
2312044,3,EC 221,4,9.0,AB
2312044,3,EC 222,2,10.0,AA
2312044,3,EE 223,4,10.0,AA
2312044,3,EE 224,2,10.0,AA
2312044,3,MA 201,4,8.0,BB
2312045,3,CS 201,4,9.0,AB
2312045,3,CS 202,4,8.0,BB
2312045,3,CS 211,2,9.0,AB
2312045,3,EC 221,4,9.0,AB
2312045,3,EC 222,2,10.0,AA
2312045,3,EE 223,4,9.0,AB
2312045,3,EE 224,2,10.0,AA
2312045,3,MA 201,4,8.0,BB
2312046,3,CS 201,4,7.0,BC
2312046,3,CS 202,4,7.0,BC
2312046,3,CS 211,2,8.0,BB
2312046,3,EC 221,4,6.0,CC
2312046,3,EC 222,2,10.0,AA
2312046,3,EE 223,4,5.0,CD
2312046,3,EE 224,2,10.0,AA
2312046,3,MA 201,4,5.0,CD
2312047,3,CS 201,4,10.0,AA
2312047,3,CS 202,4,9.0,AB
2312047,3,CS 211,2,10.0,AA
2312047,3,EC 221,4,9.0,AB
2312047,3,EC 222,2,10.0,AA
2312047,3,EE 223,4,9.0,AB
2312047,3,EE 224,2,10.0,AA
2312047,3,MA 201,4,7.0,BC
2312048,3,CS 201,4,7.0,BC
2312048,3,CS 202,4,7.0,BC
2312048,3,CS 211,2,10.0,AA
2312048,3,EC 221,4,7.0,BC
2312048,3,EC 222,2,10.0,AA
2312048,3,EE 223,4,8.0,BB
2312048,3,EE 224,2,10.0,AA
2312048,3,MA 201,4,7.0,BC
2312049,3,CS 201,4,5.0,CD
2312049,3,CS 202,4,6.0,CC
2312049,3,CS 211,2,7.0,BC
2312049,3,EC 221,4,7.0,BC
2312049,3,EC 222,2,10.0,AA
2312049,3,EE 223,4,6.0,CC
2312049,3,EE 224,2,8.0,BB
2312049,3,MA 201,4,4.0,DD
2312050,3,CS 201,4,6.0,CC
2312050,3,CS 202,4,4.0,DD
2312050,3,CS 211,2,8.0,BB
2312050,3,EC 221,4,4.0,DD
2312050,3,EC 222,2,9.0,AB
2312050,3,EE 223,4,4.0,DD
2312050,3,EE 224,2,10.0,AA
2312050,3,MA 201,4,0.0,F
2312051,3,CS 201,4,8.0,BB
2312051,3,CS 202,4,7.0,BC
2312051,3,CS 211,2,8.0,BB
2312051,3,EC 221,4,8.0,BB
2312051,3,EC 222,2,10.0,AA
2312051,3,EE 223,4,8.0,BB
2312051,3,EE 224,2,10.0,AA
2312051,3,MA 201,4,8.0,BB
2312052,3,CS 201,4,8.0,BB
2312052,3,CS 202,4,8.0,BB
2312052,3,CS 211,2,10.0,AA
2312052,3,EC 221,4,8.0,BB
2312052,3,EC 222,2,10.0,AA
2312052,3,EE 223,4,9.0,AB
2312052,3,EE 224,2,10.0,AA
2312052,3,MA 201,4,9.0,AB
2312053,3,CS 201,4,9.0,AB
2312053,3,CS 202,4,10.0,AA
2312053,3,CS 211,2,10.0,AA
2312053,3,EC 221,4,9.0,AB
2312053,3,EC 222,2,10.0,AA
2312053,3,EE 223,4,10.0,AA
2312053,3,EE 224,2,10.0,AA
2312053,3,MA 201,4,8.0,BB
2312054,3,CS 201,4,9.0,AB
2312054,3,CS 202,4,8.0,BB
2312054,3,CS 211,2,10.0,AA
2312054,3,EC 221,4,7.0,BC
2312054,3,EC 222,2,10.0,AA
2312054,3,EE 223,4,9.0,AB
2312054,3,EE 224,2,10.0,AA
2312054,3,MA 201,4,8.0,BB
2312055,3,CS 201,4,7.0,BC
2312055,3,CS 202,4,7.0,BC
2312055,3,CS 211,2,10.0,AA
2312055,3,EC 221,4,7.0,BC
2312055,3,EC 222,2,10.0,AA
2312055,3,EE 223,4,9.0,AB
2312055,3,EE 224,2,9.0,AB
2312055,3,MA 201,4,7.0,BC
2312056,3,CS 201,4,9.0,AB
2312056,3,CS 202,4,9.0,AB
2312056,3,CS 211,2,9.0,AB
2312056,3,EC 221,4,9.0,AB
2312056,3,EC 222,2,10.0,AA
2312056,3,EE 223,4,10.0,AA
2312056,3,EE 224,2,9.0,AB
2312056,3,MA 201,4,8.0,BB
2312057,3,CS 201,4,9.0,AB
2312057,3,CS 202,4,8.0,BB
2312057,3,CS 211,2,9.0,AB
2312057,3,EC 221,4,7.0,BC
2312057,3,EC 222,2,10.0,AA
2312057,3,EE 223,4,9.0,AB
2312057,3,EE 224,2,10.0,AA
2312057,3,MA 201,4,7.0,BC
2312058,3,CS 201,4,6.0,CC
2312058,3,CS 202,4,8.0,BB
2312058,3,CS 211,2,8.0,BB
2312058,3,EC 221,4,7.0,BC
2312058,3,EC 222,2,10.0,AA
2312058,3,EE 223,4,7.0,BC
2312058,3,EE 224,2,8.0,BB
2312058,3,MA 201,4,7.0,BC
2312059,3,CS 201,4,10.0,AA
2312059,3,CS 202,4,8.0,BB
2312059,3,CS 211,2,10.0,AA
2312059,3,EC 221,4,7.0,BC
2312059,3,EC 222,2,10.0,AA
2312059,3,EE 223,4,8.0,BB
2312059,3,EE 224,2,10.0,AA
2312059,3,MA 201,4,8.0,BB
2312060,3,CS 201,4,8.0,BB
2312060,3,CS 202,4,9.0,AB
2312060,3,CS 211,2,10.0,AA
2312060,3,EC 221,4,8.0,BB
2312060,3,EC 222,2,10.0,AA
2312060,3,EE 223,4,9.0,AB
2312060,3,EE 224,2,10.0,AA
2312060,3,MA 201,4,8.0,BB
2312061,3,CS 201,4,8.0,BB
2312061,3,CS 202,4,9.0,AB
2312061,3,CS 211,2,10.0,AA
2312061,3,EC 221,4,8.0,BB
2312061,3,EC 222,2,10.0,AA
2312061,3,EE 223,4,8.0,BB
2312061,3,EE 224,2,10.0,AA
2312061,3,MA 201,4,9.0,AB
2312062,3,CS 201,4,8.0,BB
2312062,3,CS 202,4,6.0,CC
2312062,3,CS 211,2,9.0,AB
2312062,3,EC 221,4,6.0,CC
2312062,3,EC 222,2,10.0,AA
2312062,3,EE 223,4,6.0,CC
2312062,3,EE 224,2,9.0,AB
2312062,3,MA 201,4,5.0,CD
2312063,3,CS 201,4,7.0,BC
2312063,3,CS 202,4,8.0,BB
2312063,3,CS 211,2,10.0,AA
2312063,3,EC 221,4,7.0,BC
2312063,3,EC 222,2,10.0,AA
2312063,3,EE 223,4,8.0,BB
2312063,3,EE 224,2,10.0,AA
2312063,3,MA 201,4,7.0,BC
2312064,3,CS 201,4,8.0,BB
2312064,3,CS 202,4,9.0,AB
2312064,3,CS 211,2,10.0,AA
2312064,3,EC 221,4,9.0,AB
2312064,3,EC 222,2,10.0,AA
2312064,3,EE 223,4,10.0,AA
2312064,3,EE 224,2,9.0,AB
2312064,3,MA 201,4,8.0,BB
2312065,3,CS 201,4,6.0,CC
2312065,3,CS 202,4,8.0,BB
2312065,3,CS 211,2,10.0,AA
2312065,3,EC 221,4,6.0,CC
2312065,3,EC 222,2,10.0,AA
2312065,3,EE 223,4,7.0,BC
2312065,3,EE 224,2,10.0,AA
2312065,3,MA 201,4,8.0,BB
2312066,3,CS 201,4,7.0,BC
2312066,3,CS 202,4,8.0,BB
2312066,3,CS 211,2,10.0,AA
2312066,3,EC 221,4,8.0,BB
2312066,3,EC 222,2,10.0,AA
2312066,3,EE 223,4,8.0,BB
2312066,3,EE 224,2,9.0,AB
2312066,3,MA 201,4,9.0,AB
2312067,3,CS 201,4,7.0,BC
2312067,3,CS 202,4,8.0,BB
2312067,3,CS 211,2,10.0,AA
2312067,3,EC 221,4,7.0,BC
2312067,3,EC 222,2,10.0,AA
2312067,3,EE 223,4,0.0,F
2312067,3,EE 224,2,10.0,AA
2312067,3,MA 201,4,8.0,BB
2312068,3,CS 201,4,8.0,BB
2312068,3,CS 202,4,9.0,AB
2312068,3,CS 211,2,10.0,AA
2312068,3,EC 221,4,8.0,BB
2312068,3,EC 222,2,10.0,AA
2312068,3,EE 223,4,8.0,BB
2312068,3,EE 224,2,10.0,AA
2312068,3,MA 201,4,7.0,BC
2312069,3,CS 201,4,8.0,BB
2312069,3,CS 202,4,10.0,AA
2312069,3,CS 211,2,10.0,AA
2312069,3,EC 221,4,10.0,AA
2312069,3,EC 222,2,10.0,AA
2312069,3,EE 223,4,10.0,AA
2312069,3,EE 224,2,10.0,AA
2312069,3,MA 201,4,9.0,AB
2312070,3,CS 201,4,6.0,CC
2312070,3,CS 202,4,8.0,BB
2312070,3,CS 211,2,8.0,BB
2312070,3,EC 221,4,7.0,BC
2312070,3,EC 222,2,10.0,AA
2312070,3,EE 223,4,8.0,BB
2312070,3,EE 224,2,9.0,AB
2312070,3,MA 201,4,8.0,BB
2312071,3,CS 201,4,8.0,BB
2312071,3,CS 202,4,9.0,AB
2312071,3,CS 211,2,9.0,AB
2312071,3,EC 221,4,7.0,BC
2312071,3,EC 222,2,10.0,AA
2312071,3,EE 223,4,8.0,BB
2312071,3,EE 224,2,10.0,AA
2312071,3,MA 201,4,7.0,BC
2312072,3,CS 201,4,10.0,AA
2312072,3,CS 202,4,9.0,AB
2312072,3,CS 211,2,10.0,AA
2312072,3,EC 221,4,10.0,AA
2312072,3,EC 222,2,10.0,AA
2312072,3,EE 223,4,9.0,AB
2312072,3,EE 224,2,10.0,AA
2312072,3,MA 201,4,10.0,AA
2312073,3,CS 201,4,10.0,AA
2312073,3,CS 202,4,10.0,AA
2312073,3,CS 211,2,10.0,AA
2312073,3,EC 221,4,9.0,AB
2312073,3,EC 222,2,10.0,AA
2312073,3,EE 223,4,9.0,AB
2312073,3,EE 224,2,10.0,AA
2312073,3,MA 201,4,8.0,BB
2312074,3,CS 201,4,7.0,BC
2312074,3,CS 202,4,9.0,AB
2312074,3,CS 211,2,10.0,AA
2312074,3,EC 221,4,9.0,AB
2312074,3,EC 222,2,10.0,AA
2312074,3,EE 223,4,9.0,AB
2312074,3,EE 224,2,9.0,AB
2312074,3,MA 201,4,7.0,BC
2312075,3,CS 201,4,8.0,BB
2312075,3,CS 202,4,9.0,AB
2312075,3,CS 211,2,10.0,AA
2312075,3,EC 221,4,9.0,AB
2312075,3,EC 222,2,10.0,AA
2312075,3,EE 223,4,8.0,BB
2312075,3,EE 224,2,10.0,AA
2312075,3,MA 201,4,9.0,AB
2312076,3,CS 201,4,10.0,AA
2312076,3,CS 202,4,10.0,AA
2312076,3,CS 211,2,9.0,AB
2312076,3,EC 221,4,10.0,AA
2312076,3,EC 222,2,10.0,AA
2312076,3,EE 223,4,10.0,AA
2312076,3,EE 224,2,9.0,AB
2312076,3,MA 201,4,9.0,AB
2312077,3,CS 201,4,7.0,BC
2312077,3,CS 202,4,8.0,BB
2312077,3,CS 211,2,10.0,AA
2312077,3,EC 221,4,7.0,BC
2312077,3,EC 222,2,10.0,AA
2312077,3,EE 223,4,7.0,BC
2312077,3,EE 224,2,10.0,AA
2312077,3,MA 201,4,7.0,BC
2312078,3,CS 201,4,9.0,AB
2312078,3,CS 202,4,9.0,AB
2312078,3,CS 211,2,10.0,AA
2312078,3,EC 221,4,10.0,AA
2312078,3,EC 222,2,10.0,AA
2312078,3,EE 223,4,8.0,BB
2312078,3,EE 224,2,9.0,AB
2312078,3,MA 201,4,8.0,BB
2312079,3,CS 201,4,8.0,BB
2312079,3,CS 202,4,8.0,BB
2312079,3,CS 211,2,10.0,AA
2312079,3,EC 221,4,7.0,BC
2312079,3,EC 222,2,10.0,AA
2312079,3,EE 223,4,8.0,BB
2312079,3,EE 224,2,10.0,AA
2312079,3,MA 201,4,7.0,BC
2312080,3,CS 201,4,9.0,AB
2312080,3,CS 202,4,10.0,AA
2312080,3,CS 211,2,10.0,AA
2312080,3,EC 221,4,9.0,AB
2312080,3,EC 222,2,10.0,AA
2312080,3,EE 223,4,10.0,AA
2312080,3,EE 224,2,10.0,AA
2312080,3,MA 201,4,9.0,AB
2312081,3,CS 201,4,9.0,AB
2312081,3,CS 202,4,0.0,I
2312081,3,CS 211,2,10.0,AA
2312081,3,EC 221,4,0.0,F
2312081,3,EC 222,2,10.0,AA
2312081,3,EE 223,4,0.0,I
2312081,3,EE 224,2,9.0,AB
2312081,3,MA 201,4,8.0,BB
2312082,3,CS 201,4,6.0,CC
2312082,3,CS 202,4,8.0,BB
2312082,3,CS 211,2,9.0,AB
2312082,3,EC 221,4,6.0,CC
2312082,3,EC 222,2,10.0,AA
2312082,3,EE 223,4,6.0,CC
2312082,3,EE 224,2,10.0,AA
2312082,3,MA 201,4,8.0,BB
2312083,3,CS 201,4,9.0,AB
2312083,3,CS 202,4,9.0,AB
2312083,3,CS 211,2,10.0,AA
2312083,3,EC 221,4,8.0,BB
2312083,3,EC 222,2,10.0,AA
2312083,3,EE 223,4,8.0,BB
2312083,3,EE 224,2,10.0,AA
2312083,3,MA 201,4,8.0,BB
2312084,3,CS 201,4,8.0,BB
2312084,3,CS 202,4,8.0,BB
2312084,3,CS 211,2,10.0,AA
2312084,3,EC 221,4,8.0,BB
2312084,3,EC 222,2,10.0,AA
2312084,3,EE 223,4,9.0,AB
2312084,3,EE 224,2,9.0,AB
2312084,3,MA 201,4,9.0,AB
2312085,3,CS 201,4,6.0,CC
2312085,3,CS 202,4,8.0,BB
2312085,3,CS 211,2,9.0,AB
2312085,3,EC 221,4,6.0,CC
2312085,3,EC 222,2,10.0,AA
2312085,3,EE 223,4,5.0,CD
2312085,3,EE 224,2,9.0,AB
2312085,3,MA 201,4,7.0,BC
2312086,3,CS 201,4,5.0,CD
2312086,3,CS 202,4,7.0,BC
2312086,3,CS 211,2,7.0,BC
2312086,3,EC 221,4,6.0,CC
2312086,3,EC 222,2,10.0,AA
2312086,3,EE 223,4,7.0,BC
2312086,3,EE 224,2,10.0,AA
2312086,3,MA 201,4,6.0,CC
2312087,3,CS 201,4,9.0,AB
2312087,3,CS 202,4,9.0,AB
2312087,3,CS 211,2,9.0,AB
2312087,3,EC 221,4,8.0,BB
2312087,3,EC 222,2,10.0,AA
2312087,3,EE 223,4,9.0,AB
2312087,3,EE 224,2,10.0,AA
2312087,3,MA 201,4,8.0,BB
2312088,3,CS 201,4,8.0,BB
2312088,3,CS 202,4,9.0,AB
2312088,3,CS 211,2,9.0,AB
2312088,3,EC 221,4,8.0,BB
2312088,3,EC 222,2,10.0,AA
2312088,3,EE 223,4,8.0,BB
2312088,3,EE 224,2,9.0,AB
2312088,3,MA 201,4,7.0,BC
2312089,3,CS 201,4,6.0,CC
2312089,3,CS 202,4,8.0,BB
2312089,3,CS 211,2,8.0,BB
2312089,3,EC 221,4,5.0,CD
2312089,3,EC 222,2,10.0,AA
2312089,3,EE 223,4,6.0,CC
2312089,3,EE 224,2,10.0,AA
2312089,3,MA 201,4,6.0,CC
2312090,3,CS 201,4,9.0,AB
2312090,3,CS 202,4,9.0,AB
2312090,3,CS 211,2,10.0,AA
2312090,3,EC 221,4,10.0,AA
2312090,3,EC 222,2,10.0,AA
2312090,3,EE 223,4,9.0,AB
2312090,3,EE 224,2,9.0,AB
2312090,3,MA 201,4,9.0,AB
2312091,3,CS 201,4,6.0,CC
2312091,3,CS 202,4,6.0,CC
2312091,3,CS 211,2,10.0,AA
2312091,3,EC 221,4,8.0,BB
2312091,3,EC 222,2,8.0,BB
2312091,3,EE 223,4,8.0,BB
2312091,3,EE 224,2,8.0,BB
2312091,3,MA 201,4,4.0,DD
2312092,3,CS 201,4,9.0,AB
2312092,3,CS 202,4,8.0,BB
2312092,3,CS 211,2,10.0,AA
2312092,3,EC 221,4,10.0,AA
2312092,3,EC 222,2,10.0,AA
2312092,3,EE 223,4,9.0,AB
2312092,3,EE 224,2,10.0,AA
2312092,3,MA 201,4,7.0,BC
2312093,3,CS 201,4,4.0,DD
2312093,3,CS 202,4,7.0,BC
2312093,3,CS 211,2,7.0,BC
2312093,3,EC 221,4,7.0,BC
2312093,3,EC 222,2,9.0,AB
2312093,3,EE 223,4,9.0,AB
2312093,3,EE 224,2,8.0,BB
2312093,3,MA 201,4,5.0,CD
2312094,3,CS 201,4,4.0,DD
2312094,3,CS 202,4,5.0,CD
2312094,3,CS 211,2,9.0,AB
2312094,3,EC 221,4,0.0,F
2312094,3,EC 222,2,9.0,AB
2312094,3,EE 223,4,6.0,CC
2312094,3,EE 224,2,10.0,AA
2312094,3,MA 201,4,0.0,F
2312095,3,CS 201,4,7.0,BC
2312095,3,CS 202,4,7.0,BC
2312095,3,CS 211,2,10.0,AA
2312095,3,EC 221,4,9.0,AB
2312095,3,EC 222,2,10.0,AA
2312095,3,EE 223,4,9.0,AB
2312095,3,EE 224,2,10.0,AA
2312095,3,MA 201,4,7.0,BC
2312096,3,CS 201,4,9.0,AB
2312096,3,CS 202,4,7.0,BC
2312096,3,CS 211,2,10.0,AA
2312096,3,EC 221,4,9.0,AB
2312096,3,EC 222,2,10.0,AA
2312096,3,EE 223,4,9.0,AB
2312096,3,EE 224,2,9.0,AB
2312096,3,MA 201,4,7.0,BC
2312097,3,CS 201,4,9.0,AB
2312097,3,CS 202,4,9.0,AB
2312097,3,CS 211,2,10.0,AA
2312097,3,EC 221,4,10.0,AA
2312097,3,EC 222,2,10.0,AA
2312097,3,EE 223,4,8.0,BB
2312097,3,EE 224,2,9.0,AB
2312097,3,MA 201,4,7.0,BC
2312098,3,CS 201,4,9.0,AB
2312098,3,CS 202,4,9.0,AB
2312098,3,CS 211,2,10.0,AA
2312098,3,EC 221,4,10.0,AA
2312098,3,EC 222,2,10.0,AA
2312098,3,EE 223,4,9.0,AB
2312098,3,EE 224,2,10.0,AA
2312098,3,MA 201,4,9.0,AB
2312099,3,CS 201,4,8.0,BB
2312099,3,CS 202,4,9.0,AB
2312099,3,CS 211,2,10.0,AA
2312099,3,EC 221,4,10.0,AA
2312099,3,EC 222,2,10.0,AA
2312099,3,EE 223,4,10.0,AA
2312099,3,EE 224,2,10.0,AA
2312099,3,MA 201,4,7.0,BC
2312100,3,CS 201,4,8.0,BB
2312100,3,CS 202,4,9.0,AB
2312100,3,CS 211,2,10.0,AA
2312100,3,EC 221,4,8.0,BB
2312100,3,EC 222,2,10.0,AA
2312100,3,EE 223,4,9.0,AB
2312100,3,EE 224,2,10.0,AA
2312100,3,MA 201,4,6.0,CC
2312101,3,CS 201,4,4.0,DD
2312101,3,CS 202,4,5.0,CD
2312101,3,CS 211,2,8.0,BB
2312101,3,EC 221,4,6.0,CC
2312101,3,EC 222,2,9.0,AB
2312101,3,EE 223,4,8.0,BB
2312101,3,EE 224,2,8.0,BB
2312101,3,MA 201,4,4.0,DD
2312102,3,CS 201,4,8.0,BB
2312102,3,CS 202,4,8.0,BB
2312102,3,CS 211,2,10.0,AA
2312102,3,EC 221,4,10.0,AA
2312102,3,EC 222,2,10.0,AA
2312102,3,EE 223,4,9.0,AB
2312102,3,EE 224,2,9.0,AB
2312102,3,MA 201,4,6.0,CC
2312103,3,CS 201,4,8.0,BB
2312103,3,CS 202,4,9.0,AB
2312103,3,CS 211,2,10.0,AA
2312103,3,EC 221,4,10.0,AA
2312103,3,EC 222,2,9.0,AB
2312103,3,EE 223,4,9.0,AB
2312103,3,EE 224,2,9.0,AB
2312103,3,MA 201,4,8.0,BB
2312104,3,CS 201,4,5.0,CD
2312104,3,CS 202,4,7.0,BC
2312104,3,CS 211,2,9.0,AB
2312104,3,EC 221,4,6.0,CC
2312104,3,EC 222,2,8.0,BB
2312104,3,EE 223,4,6.0,CC
2312104,3,EE 224,2,8.0,BB
2312104,3,MA 201,4,4.0,DD
2312105,3,CS 201,4,8.0,BB
2312105,3,CS 202,4,8.0,BB
2312105,3,CS 211,2,10.0,AA
2312105,3,EC 221,4,10.0,AA
2312105,3,EC 222,2,10.0,AA
2312105,3,EE 223,4,9.0,AB
2312105,3,EE 224,2,9.0,AB
2312105,3,MA 201,4,8.0,BB
2312106,3,CS 201,4,8.0,BB
2312106,3,CS 202,4,8.0,BB
2312106,3,CS 211,2,10.0,AA
2312106,3,EC 221,4,8.0,BB
2312106,3,EC 222,2,9.0,AB
2312106,3,EE 223,4,9.0,AB
2312106,3,EE 224,2,10.0,AA
2312106,3,MA 201,4,7.0,BC
2312107,3,CS 201,4,9.0,AB
2312107,3,CS 202,4,9.0,AB
2312107,3,CS 211,2,10.0,AA
2312107,3,EC 221,4,10.0,AA
2312107,3,EC 222,2,10.0,AA
2312107,3,EE 223,4,8.0,BB
2312107,3,EE 224,2,10.0,AA
2312107,3,MA 201,4,9.0,AB
2312108,3,CS 201,4,6.0,CC
2312108,3,CS 202,4,7.0,BC
2312108,3,CS 211,2,10.0,AA
2312108,3,EC 221,4,10.0,AA
2312108,3,EC 222,2,10.0,AA
2312108,3,EE 223,4,7.0,BC
2312108,3,EE 224,2,9.0,AB
2312108,3,MA 201,4,6.0,CC
2312109,3,CS 201,4,9.0,AB
2312109,3,CS 202,4,8.0,BB
2312109,3,CS 211,2,10.0,AA
2312109,3,EC 221,4,10.0,AA
2312109,3,EC 222,2,9.0,AB
2312109,3,EE 223,4,9.0,AB
2312109,3,EE 224,2,9.0,AB
2312109,3,MA 201,4,8.0,BB
2312110,3,CS 201,4,4.0,DD
2312110,3,CS 202,4,7.0,BC
2312110,3,CS 211,2,9.0,AB
2312110,3,EC 221,4,7.0,BC
2312110,3,EC 222,2,10.0,AA
2312110,3,EE 223,4,9.0,AB
2312110,3,EE 224,2,9.0,AB
2312110,3,MA 201,4,5.0,CD
2312111,3,CS 201,4,7.0,BC
2312111,3,CS 202,4,8.0,BB
2312111,3,CS 211,2,10.0,AA
2312111,3,EC 221,4,9.0,AB
2312111,3,EC 222,2,10.0,AA
2312111,3,EE 223,4,9.0,AB
2312111,3,EE 224,2,10.0,AA
2312111,3,MA 201,4,6.0,CC
2312112,3,CS 201,4,10.0,AA
2312112,3,CS 202,4,9.0,AB
2312112,3,CS 211,2,10.0,AA
2312112,3,EC 221,4,10.0,AA
2312112,3,EC 222,2,9.0,AB
2312112,3,EE 223,4,9.0,AB
2312112,3,EE 224,2,10.0,AA
2312112,3,MA 201,4,8.0,BB
2312113,3,CS 201,4,6.0,CC
2312113,3,CS 202,4,9.0,AB
2312113,3,CS 211,2,9.0,AB
2312113,3,EC 221,4,7.0,BC
2312113,3,EC 222,2,9.0,AB
2312113,3,EE 223,4,10.0,AA
2312113,3,EE 224,2,9.0,AB
2312113,3,MA 201,4,6.0,CC
2312114,3,CS 201,4,8.0,BB
2312114,3,CS 202,4,9.0,AB
2312114,3,CS 211,2,10.0,AA
2312114,3,EC 221,4,10.0,AA
2312114,3,EC 222,2,10.0,AA
2312114,3,EE 223,4,10.0,AA
2312114,3,EE 224,2,10.0,AA
2312114,3,MA 201,4,8.0,BB
2312115,3,CS 201,4,8.0,BB
2312115,3,CS 202,4,9.0,AB
2312115,3,CS 211,2,10.0,AA
2312115,3,EC 221,4,10.0,AA
2312115,3,EC 222,2,9.0,AB
2312115,3,EE 223,4,9.0,AB
2312115,3,EE 224,2,9.0,AB
2312115,3,MA 201,4,10.0,AA
2312116,3,CS 201,4,6.0,CC
2312116,3,CS 202,4,9.0,AB
2312116,3,CS 211,2,9.0,AB
2312116,3,EC 221,4,8.0,BB
2312116,3,EC 222,2,9.0,AB
2312116,3,EE 223,4,10.0,AA
2312116,3,EE 224,2,9.0,AB
2312116,3,MA 201,4,7.0,BC
2312117,3,CS 201,4,9.0,AB
2312117,3,CS 202,4,10.0,AA
2312117,3,CS 211,2,9.0,AB
2312117,3,EC 221,4,10.0,AA
2312117,3,EC 222,2,9.0,AB
2312117,3,EE 223,4,9.0,AB
2312117,3,EE 224,2,9.0,AB
2312117,3,MA 201,4,10.0,AA
2312118,3,CS 201,4,8.0,BB
2312118,3,CS 202,4,8.0,BB
2312118,3,CS 211,2,10.0,AA
2312118,3,EC 221,4,9.0,AB
2312118,3,EC 222,2,9.0,AB
2312118,3,EE 223,4,8.0,BB
2312118,3,EE 224,2,10.0,AA
2312118,3,MA 201,4,6.0,CC
2312119,3,CS 201,4,10.0,AA
2312119,3,CS 202,4,9.0,AB
2312119,3,CS 211,2,10.0,AA
2312119,3,EC 221,4,10.0,AA
2312119,3,EC 222,2,10.0,AA
2312119,3,EE 223,4,9.0,AB
2312119,3,EE 224,2,10.0,AA
2312119,3,MA 201,4,8.0,BB
2312120,3,CS 201,4,9.0,AB
2312120,3,CS 202,4,10.0,AA
2312120,3,CS 211,2,10.0,AA
2312120,3,EC 221,4,10.0,AA
2312120,3,EC 222,2,10.0,AA
2312120,3,EE 223,4,10.0,AA
2312120,3,EE 224,2,10.0,AA
2312120,3,MA 201,4,8.0,BB
2312121,3,CS 201,4,9.0,AB
2312121,3,CS 202,4,8.0,BB
2312121,3,CS 211,2,10.0,AA
2312121,3,EC 221,4,9.0,AB
2312121,3,EC 222,2,10.0,AA
2312121,3,EE 223,4,8.0,BB
2312121,3,EE 224,2,10.0,AA
2312121,3,MA 201,4,7.0,BC
2312122,3,CS 201,4,10.0,AA
2312122,3,CS 202,4,9.0,AB
2312122,3,CS 211,2,10.0,AA
2312122,3,EC 221,4,10.0,AA
2312122,3,EC 222,2,10.0,AA
2312122,3,EE 223,4,10.0,AA
2312122,3,EE 224,2,10.0,AA
2312122,3,MA 201,4,10.0,AA
2312123,3,CS 201,4,9.0,AB
2312123,3,CS 202,4,10.0,AA
2312123,3,CS 211,2,10.0,AA
2312123,3,EC 221,4,10.0,AA
2312123,3,EC 222,2,10.0,AA
2312123,3,EE 223,4,9.0,AB
2312123,3,EE 224,2,10.0,AA
2312123,3,MA 201,4,7.0,BC
2312124,3,CS 201,4,10.0,AA
2312124,3,CS 202,4,10.0,AA
2312124,3,CS 211,2,10.0,AA
2312124,3,EC 221,4,9.0,AB
2312124,3,EC 222,2,10.0,AA
2312124,3,EE 223,4,10.0,AA
2312124,3,EE 224,2,10.0,AA
2312124,3,MA 201,4,7.0,BC
2312125,3,CS 201,4,7.0,BC
2312125,3,CS 202,4,8.0,BB
2312125,3,CS 211,2,10.0,AA
2312125,3,EC 221,4,9.0,AB
2312125,3,EC 222,2,9.0,AB
2312125,3,EE 223,4,9.0,AB
2312125,3,EE 224,2,10.0,AA
2312125,3,MA 201,4,6.0,CC
2312126,3,CS 201,4,10.0,AA
2312126,3,CS 202,4,9.0,AB
2312126,3,CS 211,2,10.0,AA
2312126,3,EC 221,4,10.0,AA
2312126,3,EC 222,2,10.0,AA
2312126,3,EE 223,4,10.0,AA
2312126,3,EE 224,2,10.0,AA
2312126,3,MA 201,4,9.0,AB
2312127,3,CS 201,4,4.0,DD
2312127,3,CS 202,4,7.0,BC
2312127,3,CS 211,2,9.0,AB
2312127,3,EC 221,4,7.0,BC
2312127,3,EC 222,2,10.0,AA
2312127,3,EE 223,4,7.0,BC
2312127,3,EE 224,2,9.0,AB
2312127,3,MA 201,4,0.0,F
2312128,3,CS 201,4,5.0,CD
2312128,3,CS 202,4,7.0,BC
2312128,3,CS 211,2,9.0,AB
2312128,3,EC 221,4,9.0,AB
2312128,3,EC 222,2,10.0,AA
2312128,3,EE 223,4,7.0,BC
2312128,3,EE 224,2,10.0,AA
2312128,3,MA 201,4,8.0,BB
2312129,3,CS 201,4,9.0,AB
2312129,3,CS 202,4,9.0,AB
2312129,3,CS 211,2,10.0,AA
2312129,3,EC 221,4,10.0,AA
2312129,3,EC 222,2,10.0,AA
2312129,3,EE 223,4,10.0,AA
2312129,3,EE 224,2,10.0,AA
2312129,3,MA 201,4,9.0,AB
2312130,3,CS 201,4,7.0,BC
2312130,3,CS 202,4,8.0,BB
2312130,3,CS 211,2,10.0,AA
2312130,3,EC 221,4,10.0,AA
2312130,3,EC 222,2,10.0,AA
2312130,3,EE 223,4,9.0,AB
2312130,3,EE 224,2,10.0,AA
2312130,3,MA 201,4,8.0,BB
2312131,3,CS 201,4,9.0,AB
2312131,3,CS 202,4,10.0,AA
2312131,3,CS 211,2,10.0,AA
2312131,3,EC 221,4,10.0,AA
2312131,3,EC 222,2,10.0,AA
2312131,3,EE 223,4,9.0,AB
2312131,3,EE 224,2,10.0,AA
2312131,3,MA 201,4,10.0,AA
2312132,3,CS 201,4,6.0,CC
2312132,3,CS 202,4,8.0,BB
2312132,3,CS 211,2,10.0,AA
2312132,3,EC 221,4,9.0,AB
2312132,3,EC 222,2,9.0,AB
2312132,3,EE 223,4,9.0,AB
2312132,3,EE 224,2,10.0,AA
2312132,3,MA 201,4,8.0,BB
2312133,3,CS 201,4,9.0,AB
2312133,3,CS 202,4,9.0,AB
2312133,3,CS 211,2,10.0,AA
2312133,3,EC 221,4,9.0,AB
2312133,3,EC 222,2,10.0,AA
2312133,3,EE 223,4,10.0,AA
2312133,3,EE 224,2,10.0,AA
2312133,3,MA 201,4,7.0,BC
2312134,3,CS 201,4,6.0,CC
2312134,3,CS 202,4,7.0,BC
2312134,3,CS 211,2,10.0,AA
2312134,3,EC 221,4,7.0,BC
2312134,3,EC 222,2,9.0,AB
2312134,3,EE 223,4,8.0,BB
2312134,3,EE 224,2,9.0,AB
2312134,3,MA 201,4,8.0,BB
2312135,3,CS 201,4,8.0,BB
2312135,3,CS 202,4,9.0,AB
2312135,3,CS 211,2,9.0,AB
2312135,3,EC 221,4,9.0,AB
2312135,3,EC 222,2,9.0,AB
2312135,3,EE 223,4,9.0,AB
2312135,3,EE 224,2,10.0,AA
2312135,3,MA 201,4,7.0,BC
2312136,3,CS 201,4,6.0,CC
2312136,3,CS 202,4,8.0,BB
2312136,3,CS 211,2,9.0,AB
2312136,3,EC 221,4,8.0,BB
2312136,3,EC 222,2,9.0,AB
2312136,3,EE 223,4,9.0,AB
2312136,3,EE 224,2,10.0,AA
2312136,3,MA 201,4,8.0,BB
2312137,3,CS 201,4,8.0,BB
2312137,3,CS 202,4,8.0,BB
2312137,3,CS 211,2,9.0,AB
2312137,3,EC 221,4,9.0,AB
2312137,3,EC 222,2,9.0,AB
2312137,3,EE 223,4,8.0,BB
2312137,3,EE 224,2,10.0,AA
2312137,3,MA 201,4,7.0,BC
2312138,3,CS 201,4,6.0,CC
2312138,3,CS 202,4,8.0,BB
2312138,3,CS 211,2,9.0,AB
2312138,3,EC 221,4,7.0,BC
2312138,3,EC 222,2,9.0,AB
2312138,3,EE 223,4,8.0,BB
2312138,3,EE 224,2,9.0,AB
2312138,3,MA 201,4,7.0,BC
2312139,3,CS 201,4,4.0,DD
2312139,3,CS 202,4,4.0,DD
2312139,3,CS 211,2,9.0,AB
2312139,3,EC 221,4,8.0,BB
2312139,3,EC 222,2,9.0,AB
2312139,3,EE 223,4,8.0,BB
2312139,3,EE 224,2,9.0,AB
2312139,3,MA 201,4,0.0,F
2312140,3,CS 201,4,0.0,F
2312140,3,CS 202,4,4.0,DD
2312140,3,CS 211,2,9.0,AB
2312140,3,EC 221,4,7.0,BC
2312140,3,EC 222,2,9.0,AB
2312140,3,EE 223,4,7.0,BC
2312140,3,EE 224,2,9.0,AB
2312140,3,MA 201,4,5.0,CD
2312141,3,CS 201,4,8.0,BB
2312141,3,CS 202,4,10.0,AA
2312141,3,CS 211,2,10.0,AA
2312141,3,EC 221,4,10.0,AA
2312141,3,EC 222,2,9.0,AB
2312141,3,EE 223,4,10.0,AA
2312141,3,EE 224,2,10.0,AA
2312141,3,MA 201,4,7.0,BC
2312142,3,CS 201,4,9.0,AB
2312142,3,CS 202,4,9.0,AB
2312142,3,CS 211,2,10.0,AA
2312142,3,EC 221,4,10.0,AA
2312142,3,EC 222,2,10.0,AA
2312142,3,EE 223,4,9.0,AB
2312142,3,EE 224,2,10.0,AA
2312142,3,MA 201,4,9.0,AB
2312143,3,CS 201,4,9.0,AB
2312143,3,CS 202,4,9.0,AB
2312143,3,CS 211,2,10.0,AA
2312143,3,EC 221,4,10.0,AA
2312143,3,EC 222,2,9.0,AB
2312143,3,EE 223,4,8.0,BB
2312143,3,EE 224,2,9.0,AB
2312143,3,MA 201,4,7.0,BC
2312144,3,CS 201,4,5.0,CD
2312144,3,CS 202,4,7.0,BC
2312144,3,CS 211,2,10.0,AA
2312144,3,EC 221,4,7.0,BC
2312144,3,EC 222,2,9.0,AB
2312144,3,EE 223,4,8.0,BB
2312144,3,EE 224,2,10.0,AA
2312144,3,MA 201,4,6.0,CC
2312145,3,CS 201,4,7.0,BC
2312145,3,CS 202,4,8.0,BB
2312145,3,CS 211,2,9.0,AB
2312145,3,EC 221,4,9.0,AB
2312145,3,EC 222,2,9.0,AB
2312145,3,EE 223,4,9.0,AB
2312145,3,EE 224,2,9.0,AB
2312145,3,MA 201,4,7.0,BC
2312146,3,CS 201,4,5.0,CD
2312146,3,CS 202,4,10.0,AA
2312146,3,CS 211,2,10.0,AA
2312146,3,EC 221,4,8.0,BB
2312146,3,EC 222,2,9.0,AB
2312146,3,EE 223,4,10.0,AA
2312146,3,EE 224,2,9.0,AB
2312146,3,MA 201,4,7.0,BC
2312147,3,CS 201,4,8.0,BB
2312147,3,CS 202,4,10.0,AA
2312147,3,CS 211,2,10.0,AA
2312147,3,EC 221,4,9.0,AB
2312147,3,EC 222,2,9.0,AB
2312147,3,EE 223,4,9.0,AB
2312147,3,EE 224,2,9.0,AB
2312147,3,MA 201,4,8.0,BB
2312148,3,CS 201,4,0.0,F
2312148,3,CS 202,4,0.0,F
2312148,3,CS 211,2,0.0,F
2312148,3,EC 221,4,0.0,F
2312148,3,EC 222,2,0.0,F
2312148,3,EE 223,4,0.0,F
2312148,3,EE 224,2,0.0,F
2312148,3,MA 201,4,0.0,F
2312149,3,CS 201,4,8.0,BB
2312149,3,CS 202,4,8.0,BB
2312149,3,CS 211,2,10.0,AA
2312149,3,EC 221,4,8.0,BB
2312149,3,EC 222,2,9.0,AB
2312149,3,EE 223,4,8.0,BB
2312149,3,EE 224,2,9.0,AB
2312149,3,MA 201,4,8.0,BB
2312150,3,CS 201,4,9.0,AB
2312150,3,CS 202,4,8.0,BB
2312150,3,CS 211,2,10.0,AA
2312150,3,EC 221,4,9.0,AB
2312150,3,EC 222,2,10.0,AA
2312150,3,EE 223,4,9.0,AB
2312150,3,EE 224,2,10.0,AA
2312150,3,MA 201,4,5.0,CD
2312151,3,CS 201,4,5.0,CD
2312151,3,CS 202,4,7.0,BC
2312151,3,CS 211,2,10.0,AA
2312151,3,EC 221,4,9.0,AB
2312151,3,EC 222,2,8.0,BB
2312151,3,EE 223,4,5.0,CD
2312151,3,EE 224,2,9.0,AB
2312151,3,MA 201,4,6.0,CC
2312152,3,CS 201,4,7.0,BC
2312152,3,CS 202,4,8.0,BB
2312152,3,CS 211,2,10.0,AA
2312152,3,EC 221,4,8.0,BB
2312152,3,EC 222,2,9.0,AB
2312152,3,EE 223,4,9.0,AB
2312152,3,EE 224,2,10.0,AA
2312152,3,MA 201,4,7.0,BC
2312153,3,CS 201,4,4.0,DD
2312153,3,CS 202,4,7.0,BC
2312153,3,CS 211,2,9.0,AB
2312153,3,EC 221,4,7.0,BC
2312153,3,EC 222,2,8.0,BB
2312153,3,EE 223,4,9.0,AB
2312153,3,EE 224,2,9.0,AB
2312153,3,MA 201,4,4.0,DD
2312154,3,CS 201,4,9.0,AB
2312154,3,CS 202,4,9.0,AB
2312154,3,CS 211,2,10.0,AA
2312154,3,EC 221,4,10.0,AA
2312154,3,EC 222,2,9.0,AB
2312154,3,EE 223,4,9.0,AB
2312154,3,EE 224,2,10.0,AA
2312154,3,MA 201,4,7.0,BC
2312155,3,CS 201,4,7.0,BC
2312155,3,CS 202,4,8.0,BB
2312155,3,CS 211,2,10.0,AA
2312155,3,EC 221,4,8.0,BB
2312155,3,EC 222,2,9.0,AB
2312155,3,EE 223,4,8.0,BB
2312155,3,EE 224,2,10.0,AA
2312155,3,MA 201,4,5.0,CD
2312156,3,CS 201,4,5.0,CD
2312156,3,CS 202,4,8.0,BB
2312156,3,CS 211,2,9.0,AB
2312156,3,EC 221,4,10.0,AA
2312156,3,EC 222,2,9.0,AB
2312156,3,EE 223,4,9.0,AB
2312156,3,EE 224,2,9.0,AB
2312156,3,MA 201,4,8.0,BB
2312157,3,CS 201,4,5.0,CD
2312157,3,CS 202,4,9.0,AB
2312157,3,CS 211,2,8.0,BB
2312157,3,EC 221,4,8.0,BB
2312157,3,EC 222,2,9.0,AB
2312157,3,EE 223,NA,,NA
2312157,3,EE 224,2,8.0,BB
2312157,3,MA 201,4,5.0,CD
2312158,3,CS 201,4,4.0,DD
2312158,3,CS 202,4,7.0,BC
2312158,3,CS 211,2,9.0,AB
2312158,3,EC 221,4,6.0,CC
2312158,3,EC 222,2,8.0,BB
2312158,3,EE 223,4,5.0,CD
2312158,3,EE 224,2,8.0,BB
2312158,3,MA 201,4,0.0,F
2312159,3,CS 201,4,0.0,F
2312159,3,CS 202,4,6.0,CC
2312159,3,CS 211,2,7.0,BC
2312159,3,EC 221,4,6.0,CC
2312159,3,EC 222,2,8.0,BB
2312159,3,EE 223,4,7.0,BC
2312159,3,EE 224,2,8.0,BB
2312159,3,MA 201,4,0.0,F
2312160,3,CS 201,4,5.0,CD
2312160,3,CS 202,4,8.0,BB
2312160,3,CS 211,2,9.0,AB
2312160,3,EC 221,4,7.0,BC
2312160,3,EC 222,2,9.0,AB
2312160,3,EE 223,4,8.0,BB
2312160,3,EE 224,2,9.0,AB
2312160,3,MA 201,4,8.0,BB
2312161,3,CS 201,4,9.0,AB
2312161,3,CS 202,4,7.0,BC
2312161,3,CS 211,2,10.0,AA
2312161,3,EC 221,4,9.0,AB
2312161,3,EC 222,2,10.0,AA
2312161,3,EE 223,4,9.0,AB
2312161,3,EE 224,2,10.0,AA
2312161,3,MA 201,4,6.0,CC
2312162,3,CS 201,4,0.0,F
2312162,3,CS 202,4,5.0,CD
2312162,3,CS 211,2,7.0,BC
2312162,3,EC 221,4,5.0,CD
2312162,3,EC 222,2,9.0,AB
2312162,3,EE 223,4,7.0,BC
2312162,3,EE 224,2,9.0,AB
2312162,3,MA 201,4,0.0,F
2312163,3,CS 201,4,9.0,AB
2312163,3,CS 202,4,7.0,BC
2312163,3,CS 211,2,10.0,AA
2312163,3,EC 221,4,9.0,AB
2312163,3,EC 222,2,9.0,AB
2312163,3,EE 223,4,9.0,AB
2312163,3,EE 224,2,9.0,AB
2312163,3,MA 201,4,7.0,BC
2312164,3,CS 201,4,8.0,BB
2312164,3,CS 202,4,7.0,BC
2312164,3,CS 211,2,10.0,AA
2312164,3,EC 221,4,9.0,AB
2312164,3,EC 222,2,9.0,AB
2312164,3,EE 223,4,9.0,AB
2312164,3,EE 224,2,9.0,AB
2312164,3,MA 201,4,8.0,BB
2312165,3,CS 201,4,5.0,CD
2312165,3,CS 202,4,7.0,BC
2312165,3,CS 211,2,9.0,AB
2312165,3,EC 221,4,7.0,BC
2312165,3,EC 222,2,10.0,AA
2312165,3,EE 223,4,6.0,CC
2312165,3,EE 224,2,8.0,BB
2312165,3,MA 201,4,5.0,CD
2312166,3,CS 201,4,9.0,AB
2312166,3,CS 202,4,10.0,AA
2312166,3,CS 211,2,10.0,AA
2312166,3,EC 221,4,10.0,AA
2312166,3,EC 222,2,9.0,AB
2312166,3,EE 223,4,10.0,AA
2312166,3,EE 224,2,10.0,AA
2312166,3,MA 201,4,8.0,BB
2312167,3,CS 201,4,9.0,AB
2312167,3,CS 202,4,9.0,AB
2312167,3,CS 211,2,10.0,AA
2312167,3,EC 221,4,10.0,AA
2312167,3,EC 222,2,10.0,AA
2312167,3,EE 223,4,9.0,AB
2312167,3,EE 224,2,10.0,AA
2312167,3,MA 201,4,8.0,BB
2312168,3,CS 201,4,8.0,BB
2312168,3,CS 202,4,9.0,AB
2312168,3,CS 211,2,10.0,AA
2312168,3,EC 221,4,8.0,BB
2312168,3,EC 222,2,9.0,AB
2312168,3,EE 223,4,9.0,AB
2312168,3,EE 224,2,9.0,AB
2312168,3,MA 201,4,7.0,BC
2312169,3,CS 201,4,8.0,BB
2312169,3,CS 202,4,9.0,AB
2312169,3,CS 211,2,10.0,AA
2312169,3,EC 221,4,9.0,AB
2312169,3,EC 222,2,9.0,AB
2312169,3,EE 223,4,7.0,BC
2312169,3,EE 224,2,8.0,BB
2312169,3,MA 201,4,6.0,CC
2312170,3,CS 201,4,0.0,F
2312170,3,CS 202,4,5.0,CD
2312170,3,CS 211,2,7.0,BC
2312170,3,EC 221,4,0.0,F
2312170,3,EC 222,2,8.0,BB
2312170,3,EE 223,4,5.0,CD
2312170,3,EE 224,2,7.0,BC
2312170,3,MA 201,4,0.0,F
2312171,3,CS 201,4,4.0,DD
2312171,3,CS 202,4,6.0,CC
2312171,3,CS 211,2,10.0,AA
2312171,3,EC 221,4,6.0,CC
2312171,3,EC 222,2,9.0,AB
2312171,3,EE 223,4,9.0,AB
2312171,3,EE 224,2,7.0,BC
2312171,3,MA 201,4,0.0,F
2312172,3,CS 201,4,8.0,BB
2312172,3,CS 202,4,9.0,AB
2312172,3,CS 211,2,9.0,AB
2312172,3,EC 221,4,9.0,AB
2312172,3,EC 222,2,9.0,AB
2312172,3,EE 223,4,9.0,AB
2312172,3,EE 224,2,9.0,AB
2312172,3,MA 201,4,6.0,CC
2312173,3,CS 201,4,0.0,F
2312173,3,CS 202,4,5.0,CD
2312173,3,CS 211,2,9.0,AB
2312173,3,EC 221,4,5.0,CD
2312173,3,EC 222,2,9.0,AB
2312173,3,EE 223,4,6.0,CC
2312173,3,EE 224,2,8.0,BB
2312173,3,MA 201,4,0.0,F
2312174,3,CS 201,4,0.0,F
2312174,3,CS 202,4,5.0,CD
2312174,3,CS 211,2,9.0,AB
2312174,3,EC 221,4,4.0,DD
2312174,3,EC 222,2,8.0,BB
2312174,3,EE 223,4,7.0,BC
2312174,3,EE 224,2,7.0,BC
2312174,3,MA 201,4,0.0,F
2312175,3,CS 201,4,0.0,F
2312175,3,CS 202,4,5.0,CD
2312175,3,CS 211,2,9.0,AB
2312175,3,EC 221,4,7.0,BC
2312175,3,EC 222,2,8.0,BB
2312175,3,EE 223,4,8.0,BB
2312175,3,EE 224,2,8.0,BB
2312175,3,MA 201,4,0.0,F
2312176,3,CS 201,4,10.0,AA
2312176,3,CS 202,4,9.0,AB
2312176,3,CS 211,2,10.0,AA
2312176,3,EC 221,4,9.0,AB
2312176,3,EC 222,2,10.0,AA
2312176,3,EE 223,4,10.0,AA
2312176,3,EE 224,2,10.0,AA
2312176,3,MA 201,4,9.0,AB
2312177,3,CS 201,4,9.0,AB
2312177,3,CS 202,4,10.0,AA
2312177,3,CS 211,2,10.0,AA
2312177,3,EC 221,4,10.0,AA
2312177,3,EC 222,2,10.0,AA
2312177,3,EE 223,4,10.0,AA
2312177,3,EE 224,2,10.0,AA
2312177,3,MA 201,4,10.0,AA
2312178,3,CS 201,4,9.0,AB
2312178,3,CS 202,4,10.0,AA
2312178,3,CS 211,2,10.0,AA
2312178,3,EC 221,4,10.0,AA
2312178,3,EC 222,2,10.0,AA
2312178,3,EE 223,4,10.0,AA
2312178,3,EE 224,2,10.0,AA
2312178,3,MA 201,4,10.0,AA
2312179,3,CS 201,4,7.0,BC
2312179,3,CS 202,4,10.0,AA
2312179,3,CS 211,2,10.0,AA
2312179,3,EC 221,4,9.0,AB
2312179,3,EC 222,2,10.0,AA
2312179,3,EE 223,4,8.0,BB
2312179,3,EE 224,2,10.0,AA
2312179,3,MA 201,4,8.0,BB
2312180,3,CS 201,4,8.0,BB
2312180,3,CS 202,4,9.0,AB
2312180,3,CS 211,2,10.0,AA
2312180,3,EC 221,4,10.0,AA
2312180,3,EC 222,2,10.0,AA
2312180,3,EE 223,4,10.0,AA
2312180,3,EE 224,2,10.0,AA
2312180,3,MA 201,4,9.0,AB
2312181,3,CS 201,4,10.0,AA
2312181,3,CS 202,4,9.0,AB
2312181,3,CS 211,2,9.0,AB
2312181,3,EC 221,4,10.0,AA
2312181,3,EC 222,2,10.0,AA
2312181,3,EE 223,4,10.0,AA
2312181,3,EE 224,2,10.0,AA
2312181,3,MA 201,4,10.0,AA
2312182,3,CS 201,4,10.0,AA
2312182,3,CS 202,4,9.0,AB
2312182,3,CS 211,2,10.0,AA
2312182,3,EC 221,4,10.0,AA
2312182,3,EC 222,2,10.0,AA
2312182,3,EE 223,4,9.0,AB
2312182,3,EE 224,2,9.0,AB
2312182,3,MA 201,4,8.0,BB
2312183,3,CS 201,4,10.0,AA
2312183,3,CS 202,4,10.0,AA
2312183,3,CS 211,2,10.0,AA
2312183,3,EC 221,4,10.0,AA
2312183,3,EC 222,2,10.0,AA
2312183,3,EE 223,4,10.0,AA
2312183,3,EE 224,2,10.0,AA
2312183,3,MA 201,4,10.0,AA
2312184,3,CS 201,4,9.0,AB
2312184,3,CS 202,4,9.0,AB
2312184,3,CS 211,2,10.0,AA
2312184,3,EC 221,4,9.0,AB
2312184,3,EC 222,2,10.0,AA
2312184,3,EE 223,4,10.0,AA
2312184,3,EE 224,2,10.0,AA
2312184,3,MA 201,4,9.0,AB
2312185,3,CS 201,4,10.0,AA
2312185,3,CS 202,4,10.0,AA
2312185,3,CS 211,2,10.0,AA
2312185,3,EC 221,4,10.0,AA
2312185,3,EC 222,2,10.0,AA
2312185,3,EE 223,4,10.0,AA
2312185,3,EE 224,2,9.0,AB
2312185,3,MA 201,4,9.0,AB
2312186,3,CS 201,4,10.0,AA
2312186,3,CS 202,4,10.0,AA
2312186,3,CS 211,2,10.0,AA
2312186,3,EC 221,4,10.0,AA
2312186,3,EC 222,2,10.0,AA
2312186,3,EE 223,4,10.0,AA
2312186,3,EE 224,2,10.0,AA
2312186,3,MA 201,4,9.0,AB
2312187,3,CS 201,4,9.0,AB
2312187,3,CS 202,4,9.0,AB
2312187,3,CS 211,2,10.0,AA
2312187,3,EC 221,4,9.0,AB
2312187,3,EC 222,2,10.0,AA
2312187,3,EE 223,4,10.0,AA
2312187,3,EE 224,2,10.0,AA
2312187,3,MA 201,4,9.0,AB
2312188,3,CS 201,4,9.0,AB
2312188,3,CS 202,4,8.0,BB
2312188,3,CS 211,2,10.0,AA
2312188,3,EC 221,4,10.0,AA
2312188,3,EC 222,2,9.0,AB
2312188,3,EE 223,4,10.0,AA
2312188,3,EE 224,2,10.0,AA
2312188,3,MA 201,4,8.0,BB
2312189,3,CS 201,4,9.0,AB
2312189,3,CS 202,4,8.0,BB
2312189,3,CS 211,2,10.0,AA
2312189,3,EC 221,4,9.0,AB
2312189,3,EC 222,2,10.0,AA
2312189,3,EE 223,4,9.0,AB
2312189,3,EE 224,2,10.0,AA
2312189,3,MA 201,4,8.0,BB
2312190,3,CS 201,4,9.0,AB
2312190,3,CS 202,4,9.0,AB
2312190,3,CS 211,2,10.0,AA
2312190,3,EC 221,4,10.0,AA
2312190,3,EC 222,2,9.0,AB
2312190,3,EE 223,4,10.0,AA
2312190,3,EE 224,2,10.0,AA
2312190,3,MA 201,4,9.0,AB
2312191,3,CS 201,4,10.0,AA
2312191,3,CS 202,4,9.0,AB
2312191,3,CS 211,2,10.0,AA
2312191,3,EC 221,4,10.0,AA
2312191,3,EC 222,2,10.0,AA
2312191,3,EE 223,4,10.0,AA
2312191,3,EE 224,2,10.0,AA
2312191,3,MA 201,4,8.0,BB
2312192,3,CS 201,4,8.0,BB
2312192,3,CS 202,4,10.0,AA
2312192,3,CS 211,2,10.0,AA
2312192,3,EC 221,4,10.0,AA
2312192,3,EC 222,2,9.0,AB
2312192,3,EE 223,4,9.0,AB
2312192,3,EE 224,2,10.0,AA
2312192,3,MA 201,4,9.0,AB
2312193,3,CS 201,4,9.0,AB
2312193,3,CS 202,4,10.0,AA
2312193,3,CS 211,2,10.0,AA
2312193,3,EC 221,4,10.0,AA
2312193,3,EC 222,2,9.0,AB
2312193,3,EE 223,4,9.0,AB
2312193,3,EE 224,2,10.0,AA
2312193,3,MA 201,4,9.0,AB
2313001,3,EC 226,2,9.0,AB
2313001,3,EE 201,4,0.0,F
2313001,3,EE 202,4,0.0,F
2313001,3,EE 203,3,4.0,DD
2313001,3,EE 204,4,4.0,DD
2313001,3,EE 205,4,0.0,F
2313001,3,EE 211,2,10.0,AA
2313001,3,EE 212,2,8.0,BB
2313001,3,MA 201,4,5.0,CD
2313002,3,EC 226,2,10.0,AA
2313002,3,EE 201,4,8.0,BB
2313002,3,EE 202,4,8.0,BB
2313002,3,EE 203,3,7.0,BC
2313002,3,EE 204,4,8.0,BB
2313002,3,EE 205,4,6.0,CC
2313002,3,EE 211,2,9.0,AB
2313002,3,EE 212,2,8.0,BB
2313002,3,MA 201,4,7.0,BC
2313003,3,EC 226,2,10.0,AA
2313003,3,EE 201,4,7.0,BC
2313003,3,EE 202,4,10.0,AA
2313003,3,EE 203,3,8.0,BB
2313003,3,EE 204,4,7.0,BC
2313003,3,EE 205,4,9.0,AB
2313003,3,EE 211,2,10.0,AA
2313003,3,EE 212,2,8.0,BB
2313003,3,MA 201,4,9.0,AB
2313004,3,EC 226,2,10.0,AA
2313004,3,EE 201,4,5.0,CD
2313004,3,EE 202,4,5.0,CD
2313004,3,EE 203,3,5.0,CD
2313004,3,EE 204,4,0.0,F
2313004,3,EE 205,4,0.0,F
2313004,3,EE 211,2,9.0,AB
2313004,3,EE 212,2,6.0,CC
2313004,3,MA 201,4,6.0,CC
2313007,3,EC 226,2,10.0,AA
2313007,3,EE 201,4,6.0,CC
2313007,3,EE 202,4,8.0,BB
2313007,3,EE 203,3,8.0,BB
2313007,3,EE 204,4,6.0,CC
2313007,3,EE 205,4,5.0,CD
2313007,3,EE 211,2,10.0,AA
2313007,3,EE 212,2,10.0,AA
2313007,3,MA 201,4,7.0,BC
2313008,3,EC 226,2,9.0,AB
2313008,3,EE 201,4,4.0,DD
2313008,3,EE 202,4,8.0,BB
2313008,3,EE 203,3,7.0,BC
2313008,3,EE 204,4,7.0,BC
2313008,3,EE 205,4,7.0,BC
2313008,3,EE 211,2,10.0,AA
2313008,3,EE 212,2,9.0,AB
2313008,3,MA 201,4,7.0,BC
2313009,3,EC 226,2,9.0,AB
2313009,3,EE 201,4,4.0,DD
2313009,3,EE 202,4,6.0,CC
2313009,3,EE 203,3,5.0,CD
2313009,3,EE 204,4,7.0,BC
2313009,3,EE 205,4,6.0,CC
2313009,3,EE 211,2,10.0,AA
2313009,3,EE 212,2,9.0,AB
2313009,3,MA 201,4,6.0,CC
2313010,3,EC 226,2,10.0,AA
2313010,3,EE 201,4,9.0,AB
2313010,3,EE 202,4,9.0,AB
2313010,3,EE 203,3,7.0,BC
2313010,3,EE 204,4,8.0,BB
2313010,3,EE 205,4,8.0,BB
2313010,3,EE 211,2,10.0,AA
2313010,3,EE 212,2,9.0,AB
2313010,3,MA 201,4,8.0,BB
2313012,3,EC 226,2,10.0,AA
2313012,3,EE 201,4,8.0,BB
2313012,3,EE 202,4,9.0,AB
2313012,3,EE 203,3,9.0,AB
2313012,3,EE 204,4,6.0,CC
2313012,3,EE 205,4,10.0,AA
2313012,3,EE 211,2,10.0,AA
2313012,3,EE 212,2,8.0,BB
2313012,3,MA 201,4,8.0,BB
2313013,3,EC 226,2,10.0,AA
2313013,3,EE 201,4,6.0,CC
2313013,3,EE 202,4,9.0,AB
2313013,3,EE 203,3,8.0,BB
2313013,3,EE 204,4,7.0,BC
2313013,3,EE 205,4,7.0,BC
2313013,3,EE 211,2,10.0,AA
2313013,3,EE 212,2,10.0,AA
2313013,3,MA 201,4,7.0,BC
2313014,3,EC 226,2,10.0,AA
2313014,3,EE 201,4,8.0,BB
2313014,3,EE 202,4,8.0,BB
2313014,3,EE 203,3,9.0,AB
2313014,3,EE 204,4,7.0,BC
2313014,3,EE 205,4,6.0,CC
2313014,3,EE 211,2,10.0,AA
2313014,3,EE 212,2,9.0,AB
2313014,3,MA 201,4,8.0,BB
2313015,3,EC 226,2,10.0,AA
2313015,3,EE 201,4,7.0,BC
2313015,3,EE 202,4,9.0,AB
2313015,3,EE 203,3,7.0,BC
2313015,3,EE 204,4,7.0,BC
2313015,3,EE 205,4,6.0,CC
2313015,3,EE 211,2,10.0,AA
2313015,3,EE 212,2,10.0,AA
2313015,3,MA 201,4,7.0,BC
2313016,3,EC 226,2,9.0,AB
2313016,3,EE 201,4,5.0,CD
2313016,3,EE 202,4,5.0,CD
2313016,3,EE 203,3,5.0,CD
2313016,3,EE 204,4,4.0,DD
2313016,3,EE 205,4,0.0,F
2313016,3,EE 211,2,9.0,AB
2313016,3,EE 212,2,9.0,AB
2313016,3,MA 201,4,6.0,CC
2313018,3,EC 226,2,10.0,AA
2313018,3,EE 201,4,6.0,CC
2313018,3,EE 202,4,8.0,BB
2313018,3,EE 203,3,7.0,BC
2313018,3,EE 204,4,6.0,CC
2313018,3,EE 205,4,6.0,CC
2313018,3,EE 211,2,10.0,AA
2313018,3,EE 212,2,10.0,AA
2313018,3,MA 201,4,5.0,CD
2313019,3,EC 226,2,10.0,AA
2313019,3,EE 201,4,8.0,BB
2313019,3,EE 202,4,8.0,BB
2313019,3,EE 203,3,7.0,BC
2313019,3,EE 204,4,7.0,BC
2313019,3,EE 205,4,8.0,BB
2313019,3,EE 211,2,10.0,AA
2313019,3,EE 212,2,10.0,AA
2313019,3,MA 201,4,9.0,AB
2313020,3,EC 226,2,10.0,AA
2313020,3,EE 201,4,8.0,BB
2313020,3,EE 202,4,9.0,AB
2313020,3,EE 203,3,9.0,AB
2313020,3,EE 204,4,10.0,AA
2313020,3,EE 205,4,8.0,BB
2313020,3,EE 211,2,10.0,AA
2313020,3,EE 212,2,9.0,AB
2313020,3,MA 201,4,8.0,BB
2313021,3,EC 226,2,9.0,AB
2313021,3,EE 201,4,8.0,BB
2313021,3,EE 202,4,10.0,AA
2313021,3,EE 203,3,8.0,BB
2313021,3,EE 204,4,9.0,AB
2313021,3,EE 205,4,10.0,AA
2313021,3,EE 211,2,10.0,AA
2313021,3,EE 212,2,9.0,AB
2313021,3,MA 201,4,9.0,AB
2313022,3,EC 226,2,10.0,AA
2313022,3,EE 201,4,8.0,BB
2313022,3,EE 202,4,8.0,BB
2313022,3,EE 203,3,8.0,BB
2313022,3,EE 204,4,8.0,BB
2313022,3,EE 205,4,9.0,AB
2313022,3,EE 211,2,10.0,AA
2313022,3,EE 212,2,9.0,AB
2313022,3,MA 201,4,8.0,BB
2313023,3,EC 226,2,10.0,AA
2313023,3,EE 201,4,8.0,BB
2313023,3,EE 202,4,8.0,BB
2313023,3,EE 203,3,10.0,AA
2313023,3,EE 204,4,8.0,BB
2313023,3,EE 205,4,9.0,AB
2313023,3,EE 211,2,9.0,AB
2313023,3,EE 212,2,10.0,AA
2313023,3,MA 201,4,7.0,BC
2313024,3,EC 226,2,10.0,AA
2313024,3,EE 201,4,5.0,CD
2313024,3,EE 202,4,7.0,BC
2313024,3,EE 203,3,7.0,BC
2313024,3,EE 204,4,6.0,CC
2313024,3,EE 205,4,6.0,CC
2313024,3,EE 211,2,10.0,AA
2313024,3,EE 212,2,9.0,AB
2313024,3,MA 201,4,6.0,CC
2313025,3,EC 226,2,10.0,AA
2313025,3,EE 201,4,8.0,BB
2313025,3,EE 202,4,9.0,AB
2313025,3,EE 203,3,8.0,BB
2313025,3,EE 204,4,10.0,AA
2313025,3,EE 205,4,9.0,AB
2313025,3,EE 211,2,10.0,AA
2313025,3,EE 212,2,10.0,AA
2313025,3,MA 201,4,8.0,BB
2313026,3,EC 226,2,9.0,AB
2313026,3,EE 201,4,5.0,CD
2313026,3,EE 202,4,7.0,BC
2313026,3,EE 203,3,6.0,CC
2313026,3,EE 204,4,7.0,BC
2313026,3,EE 205,4,7.0,BC
2313026,3,EE 211,2,10.0,AA
2313026,3,EE 212,2,8.0,BB
2313026,3,MA 201,4,6.0,CC
2313027,3,EC 226,2,10.0,AA
2313027,3,EE 201,4,9.0,AB
2313027,3,EE 202,4,9.0,AB
2313027,3,EE 203,3,9.0,AB
2313027,3,EE 204,4,8.0,BB
2313027,3,EE 205,4,7.0,BC
2313027,3,EE 211,2,10.0,AA
2313027,3,EE 212,2,9.0,AB
2313027,3,MA 201,4,8.0,BB
2313029,3,EC 226,2,9.0,AB
2313029,3,EE 201,4,4.0,DD
2313029,3,EE 202,4,4.0,DD
2313029,3,EE 203,3,6.0,CC
2313029,3,EE 204,4,5.0,CD
2313029,3,EE 205,4,4.0,DD
2313029,3,EE 211,2,9.0,AB
2313029,3,EE 212,2,9.0,AB
2313029,3,MA 201,4,4.0,DD
2313030,3,EC 226,2,9.0,AB
2313030,3,EE 201,4,6.0,CC
2313030,3,EE 202,4,8.0,BB
2313030,3,EE 203,3,5.0,CD
2313030,3,EE 204,4,6.0,CC
2313030,3,EE 205,4,5.0,CD
2313030,3,EE 211,2,9.0,AB
2313030,3,EE 212,2,9.0,AB
2313030,3,MA 201,4,6.0,CC
2313031,3,EC 226,2,10.0,AA
2313031,3,EE 201,4,7.0,BC
2313031,3,EE 202,4,9.0,AB
2313031,3,EE 203,3,8.0,BB
2313031,3,EE 204,4,9.0,AB
2313031,3,EE 205,4,9.0,AB
2313031,3,EE 211,2,10.0,AA
2313031,3,EE 212,2,9.0,AB
2313031,3,MA 201,4,6.0,CC
2313032,3,EC 226,2,10.0,AA
2313032,3,EE 201,4,6.0,CC
2313032,3,EE 202,4,8.0,BB
2313032,3,EE 203,3,10.0,AA
2313032,3,EE 204,4,7.0,BC
2313032,3,EE 205,4,7.0,BC
2313032,3,EE 211,2,10.0,AA
2313032,3,EE 212,2,9.0,AB
2313032,3,MA 201,4,6.0,CC
2313033,3,EC 226,2,9.0,AB
2313033,3,EE 201,4,6.0,CC
2313033,3,EE 202,4,7.0,BC
2313033,3,EE 203,3,7.0,BC
2313033,3,EE 204,4,6.0,CC
2313033,3,EE 205,4,7.0,BC
2313033,3,EE 211,2,9.0,AB
2313033,3,EE 212,2,9.0,AB
2313033,3,MA 201,4,7.0,BC
2313034,3,EC 226,2,10.0,AA
2313034,3,EE 201,4,6.0,CC
2313034,3,EE 202,4,8.0,BB
2313034,3,EE 203,3,10.0,AA
2313034,3,EE 204,4,8.0,BB
2313034,3,EE 205,4,8.0,BB
2313034,3,EE 211,2,10.0,AA
2313034,3,EE 212,2,9.0,AB
2313034,3,MA 201,4,8.0,BB
2313035,3,EC 226,2,10.0,AA
2313035,3,EE 201,4,7.0,BC
2313035,3,EE 202,4,8.0,BB
2313035,3,EE 203,3,9.0,AB
2313035,3,EE 204,4,8.0,BB
2313035,3,EE 205,4,9.0,AB
2313035,3,EE 211,2,10.0,AA
2313035,3,EE 212,2,9.0,AB
2313035,3,MA 201,4,7.0,BC
2313036,3,EC 226,2,10.0,AA
2313036,3,EE 201,4,10.0,AA
2313036,3,EE 202,4,10.0,AA
2313036,3,EE 203,3,9.0,AB
2313036,3,EE 204,4,9.0,AB
2313036,3,EE 205,4,10.0,AA
2313036,3,EE 211,2,10.0,AA
2313036,3,EE 212,2,9.0,AB
2313036,3,MA 201,4,9.0,AB
2313037,3,EC 226,2,10.0,AA
2313037,3,EE 201,4,8.0,BB
2313037,3,EE 202,4,10.0,AA
2313037,3,EE 203,3,8.0,BB
2313037,3,EE 204,4,8.0,BB
2313037,3,EE 205,4,9.0,AB
2313037,3,EE 211,2,10.0,AA
2313037,3,EE 212,2,10.0,AA
2313037,3,MA 201,4,7.0,BC
2313038,3,EC 226,2,10.0,AA
2313038,3,EE 201,4,7.0,BC
2313038,3,EE 202,4,8.0,BB
2313038,3,EE 203,3,9.0,AB
2313038,3,EE 204,4,9.0,AB
2313038,3,EE 205,4,9.0,AB
2313038,3,EE 211,2,10.0,AA
2313038,3,EE 212,2,10.0,AA
2313038,3,MA 201,4,8.0,BB
2313039,3,EC 226,2,10.0,AA
2313039,3,EE 201,4,6.0,CC
2313039,3,EE 202,4,10.0,AA
2313039,3,EE 203,3,9.0,AB
2313039,3,EE 204,4,9.0,AB
2313039,3,EE 205,4,8.0,BB
2313039,3,EE 211,2,10.0,AA
2313039,3,EE 212,2,9.0,AB
2313039,3,MA 201,4,8.0,BB
2313040,3,EC 226,2,9.0,AB
2313040,3,EE 201,4,9.0,AB
2313040,3,EE 202,4,9.0,AB
2313040,3,EE 203,3,9.0,AB
2313040,3,EE 204,4,8.0,BB
2313040,3,EE 205,4,10.0,AA
2313040,3,EE 211,2,10.0,AA
2313040,3,EE 212,2,10.0,AA
2313040,3,MA 201,4,8.0,BB
2313041,3,EC 226,2,10.0,AA
2313041,3,EE 201,4,9.0,AB
2313041,3,EE 202,4,10.0,AA
2313041,3,EE 203,3,10.0,AA
2313041,3,EE 204,4,10.0,AA
2313041,3,EE 205,4,0.0,I
2313041,3,EE 211,2,9.0,AB
2313041,3,EE 212,2,10.0,AA
2313041,3,MA 201,4,8.0,BB
2313042,3,EC 226,2,10.0,AA
2313042,3,EE 201,4,10.0,AA
2313042,3,EE 202,4,10.0,AA
2313042,3,EE 203,3,10.0,AA
2313042,3,EE 204,4,9.0,AB
2313042,3,EE 205,4,10.0,AA
2313042,3,EE 211,2,10.0,AA
2313042,3,EE 212,2,9.0,AB
2313042,3,MA 201,4,10.0,AA
2313043,3,EC 226,2,10.0,AA
2313043,3,EE 201,4,6.0,CC
2313043,3,EE 202,4,6.0,CC
2313043,3,EE 203,3,6.0,CC
2313043,3,EE 204,4,6.0,CC
2313043,3,EE 205,4,4.0,DD
2313043,3,EE 211,2,10.0,AA
2313043,3,EE 212,2,8.0,BB
2313043,3,MA 201,4,5.0,CD
2313044,3,EC 226,2,10.0,AA
2313044,3,EE 201,4,9.0,AB
2313044,3,EE 202,4,10.0,AA
2313044,3,EE 203,3,8.0,BB
2313044,3,EE 204,4,10.0,AA
2313044,3,EE 205,4,10.0,AA
2313044,3,EE 211,2,10.0,AA
2313044,3,EE 212,2,10.0,AA
2313044,3,MA 201,4,8.0,BB
2313045,3,EC 226,2,10.0,AA
2313045,3,EE 201,4,6.0,CC
2313045,3,EE 202,4,10.0,AA
2313045,3,EE 203,3,8.0,BB
2313045,3,EE 204,4,8.0,BB
2313045,3,EE 205,4,7.0,BC
2313045,3,EE 211,2,10.0,AA
2313045,3,EE 212,2,9.0,AB
2313045,3,MA 201,4,8.0,BB
2313046,3,EC 226,2,10.0,AA
2313046,3,EE 201,4,6.0,CC
2313046,3,EE 202,4,7.0,BC
2313046,3,EE 203,3,7.0,BC
2313046,3,EE 204,4,7.0,BC
2313046,3,EE 205,4,7.0,BC
2313046,3,EE 211,2,10.0,AA
2313046,3,EE 212,2,10.0,AA
2313046,3,MA 201,4,6.0,CC
2313047,3,EC 226,2,9.0,AB
2313047,3,EE 201,4,5.0,CD
2313047,3,EE 202,4,8.0,BB
2313047,3,EE 203,3,6.0,CC
2313047,3,EE 204,4,8.0,BB
2313047,3,EE 205,4,5.0,CD
2313047,3,EE 211,2,10.0,AA
2313047,3,EE 212,2,8.0,BB
2313047,3,MA 201,4,7.0,BC
2313048,3,EC 226,2,9.0,AB
2313048,3,EE 201,4,6.0,CC
2313048,3,EE 202,4,10.0,AA
2313048,3,EE 203,3,9.0,AB
2313048,3,EE 204,4,9.0,AB
2313048,3,EE 205,4,8.0,BB
2313048,3,EE 211,2,10.0,AA
2313048,3,EE 212,2,10.0,AA
2313048,3,MA 201,4,7.0,BC
2313049,3,EC 226,2,9.0,AB
2313049,3,EE 201,4,6.0,CC
2313049,3,EE 202,4,7.0,BC
2313049,3,EE 203,3,7.0,BC
2313049,3,EE 204,4,7.0,BC
2313049,3,EE 205,4,6.0,CC
2313049,3,EE 211,2,10.0,AA
2313049,3,EE 212,2,9.0,AB
2313049,3,MA 201,4,7.0,BC
2313050,3,EC 226,2,9.0,AB
2313050,3,EE 201,4,6.0,CC
2313050,3,EE 202,4,7.0,BC
2313050,3,EE 203,3,6.0,CC
2313050,3,EE 204,4,7.0,BC
2313050,3,EE 205,4,5.0,CD
2313050,3,EE 211,2,10.0,AA
2313050,3,EE 212,2,10.0,AA
2313050,3,MA 201,4,6.0,CC
2313051,3,EC 226,2,8.0,BB
2313051,3,EE 201,4,7.0,BC
2313051,3,EE 202,4,6.0,CC
2313051,3,EE 203,3,8.0,BB
2313051,3,EE 204,4,5.0,CD
2313051,3,EE 205,4,7.0,BC
2313051,3,EE 211,2,10.0,AA
2313051,3,EE 212,2,10.0,AA
2313051,3,MA 201,4,7.0,BC
2313052,3,EC 226,2,10.0,AA
2313052,3,EE 201,4,6.0,CC
2313052,3,EE 202,4,7.0,BC
2313052,3,EE 203,3,6.0,CC
2313052,3,EE 204,4,7.0,BC
2313052,3,EE 205,4,7.0,BC
2313052,3,EE 211,2,10.0,AA
2313052,3,EE 212,2,8.0,BB
2313052,3,MA 201,4,7.0,BC
2313053,3,EC 226,2,9.0,AB
2313053,3,EE 201,4,6.0,CC
2313053,3,EE 202,4,7.0,BC
2313053,3,EE 203,3,6.0,CC
2313053,3,EE 204,4,6.0,CC
2313053,3,EE 205,4,8.0,BB
2313053,3,EE 211,2,10.0,AA
2313053,3,EE 212,2,9.0,AB
2313053,3,MA 201,4,6.0,CC
2313054,3,EC 226,2,9.0,AB
2313054,3,EE 201,4,5.0,CD
2313054,3,EE 202,4,7.0,BC
2313054,3,EE 203,3,5.0,CD
2313054,3,EE 204,4,7.0,BC
2313054,3,EE 205,4,7.0,BC
2313054,3,EE 211,2,10.0,AA
2313054,3,EE 212,2,8.0,BB
2313054,3,MA 201,4,7.0,BC
2313055,3,EC 226,2,9.0,AB
2313055,3,EE 201,4,9.0,AB
2313055,3,EE 202,4,8.0,BB
2313055,3,EE 203,3,8.0,BB
2313055,3,EE 204,4,8.0,BB
2313055,3,EE 205,4,8.0,BB
2313055,3,EE 211,2,10.0,AA
2313055,3,EE 212,2,10.0,AA
2313055,3,MA 201,4,9.0,AB
2313057,3,EC 226,2,9.0,AB
2313057,3,EE 201,4,9.0,AB
2313057,3,EE 202,4,9.0,AB
2313057,3,EE 203,3,9.0,AB
2313057,3,EE 204,4,8.0,BB
2313057,3,EE 205,4,10.0,AA
2313057,3,EE 211,2,10.0,AA
2313057,3,EE 212,2,9.0,AB
2313057,3,MA 201,4,8.0,BB
2313059,3,EC 226,2,9.0,AB
2313059,3,EE 201,4,7.0,BC
2313059,3,EE 202,4,8.0,BB
2313059,3,EE 203,3,7.0,BC
2313059,3,EE 204,4,7.0,BC
2313059,3,EE 205,4,8.0,BB
2313059,3,EE 211,2,10.0,AA
2313059,3,EE 212,2,10.0,AA
2313059,3,MA 201,4,8.0,BB
2313060,3,EC 226,2,9.0,AB
2313060,3,EE 201,4,7.0,BC
2313060,3,EE 202,4,8.0,BB
2313060,3,EE 203,3,7.0,BC
2313060,3,EE 204,4,7.0,BC
2313060,3,EE 205,4,7.0,BC
2313060,3,EE 211,2,10.0,AA
2313060,3,EE 212,2,10.0,AA
2313060,3,MA 201,4,5.0,CD
2313061,3,EC 226,2,10.0,AA
2313061,3,EE 201,4,6.0,CC
2313061,3,EE 202,4,8.0,BB
2313061,3,EE 203,3,8.0,BB
2313061,3,EE 204,4,8.0,BB
2313061,3,EE 205,4,7.0,BC
2313061,3,EE 211,2,10.0,AA
2313061,3,EE 212,2,10.0,AA
2313061,3,MA 201,4,7.0,BC
2313062,3,EC 226,2,9.0,AB
2313062,3,EE 201,4,6.0,CC
2313062,3,EE 202,4,9.0,AB
2313062,3,EE 203,3,7.0,BC
2313062,3,EE 204,4,7.0,BC
2313062,3,EE 205,4,7.0,BC
2313062,3,EE 211,2,10.0,AA
2313062,3,EE 212,2,10.0,AA
2313062,3,MA 201,4,7.0,BC
2313063,3,EC 226,2,10.0,AA
2313063,3,EE 201,4,8.0,BB
2313063,3,EE 202,4,10.0,AA
2313063,3,EE 203,3,6.0,CC
2313063,3,EE 204,4,7.0,BC
2313063,3,EE 205,4,9.0,AB
2313063,3,EE 211,2,10.0,AA
2313063,3,EE 212,2,9.0,AB
2313063,3,MA 201,4,7.0,BC
2313064,3,EC 226,2,10.0,AA
2313064,3,EE 201,4,8.0,BB
2313064,3,EE 202,4,8.0,BB
2313064,3,EE 203,3,8.0,BB
2313064,3,EE 204,4,8.0,BB
2313064,3,EE 205,4,9.0,AB
2313064,3,EE 211,2,10.0,AA
2313064,3,EE 212,2,10.0,AA
2313064,3,MA 201,4,9.0,AB
2313065,3,EC 226,2,10.0,AA
2313065,3,EE 201,4,9.0,AB
2313065,3,EE 202,4,10.0,AA
2313065,3,EE 203,3,9.0,AB
2313065,3,EE 204,4,8.0,BB
2313065,3,EE 205,4,9.0,AB
2313065,3,EE 211,2,10.0,AA
2313065,3,EE 212,2,10.0,AA
2313065,3,MA 201,4,8.0,BB
2313066,3,EC 226,2,10.0,AA
2313066,3,EE 201,4,8.0,BB
2313066,3,EE 202,4,9.0,AB
2313066,3,EE 203,3,9.0,AB
2313066,3,EE 204,4,8.0,BB
2313066,3,EE 205,4,9.0,AB
2313066,3,EE 211,2,10.0,AA
2313066,3,EE 212,2,10.0,AA
2313066,3,MA 201,4,8.0,BB
2313067,3,EC 226,2,10.0,AA
2313067,3,EE 201,4,8.0,BB
2313067,3,EE 202,4,10.0,AA
2313067,3,EE 203,3,10.0,AA
2313067,3,EE 204,4,9.0,AB
2313067,3,EE 205,4,9.0,AB
2313067,3,EE 211,2,10.0,AA
2313067,3,EE 212,2,10.0,AA
2313067,3,MA 201,4,9.0,AB
2313068,3,EC 226,2,9.0,AB
2313068,3,EE 201,4,5.0,CD
2313068,3,EE 202,4,8.0,BB
2313068,3,EE 203,3,6.0,CC
2313068,3,EE 204,4,6.0,CC
2313068,3,EE 205,4,7.0,BC
2313068,3,EE 211,2,10.0,AA
2313068,3,EE 212,2,8.0,BB
2313068,3,MA 201,4,6.0,CC
2313069,3,EC 226,2,10.0,AA
2313069,3,EE 201,4,8.0,BB
2313069,3,EE 202,4,10.0,AA
2313069,3,EE 203,3,10.0,AA
2313069,3,EE 204,4,9.0,AB
2313069,3,EE 205,4,10.0,AA
2313069,3,EE 211,2,10.0,AA
2313069,3,EE 212,2,10.0,AA
2313069,3,MA 201,4,7.0,BC
2313071,3,EC 226,2,9.0,AB
2313071,3,EE 201,4,6.0,CC
2313071,3,EE 202,4,6.0,CC
2313071,3,EE 203,3,8.0,BB
2313071,3,EE 204,4,6.0,CC
2313071,3,EE 205,4,5.0,CD
2313071,3,EE 211,2,10.0,AA
2313071,3,EE 212,2,8.0,BB
2313071,3,MA 201,4,6.0,CC
2313072,3,EC 226,2,10.0,AA
2313072,3,EE 201,4,7.0,BC
2313072,3,EE 202,4,7.0,BC
2313072,3,EE 203,3,8.0,BB
2313072,3,EE 204,4,7.0,BC
2313072,3,EE 205,4,6.0,CC
2313072,3,EE 211,2,10.0,AA
2313072,3,EE 212,2,10.0,AA
2313072,3,MA 201,4,8.0,BB
2313073,3,EC 226,2,9.0,AB
2313073,3,EE 201,4,7.0,BC
2313073,3,EE 202,4,10.0,AA
2313073,3,EE 203,3,9.0,AB
2313073,3,EE 204,4,9.0,AB
2313073,3,EE 205,4,10.0,AA
2313073,3,EE 211,2,10.0,AA
2313073,3,EE 212,2,10.0,AA
2313073,3,MA 201,4,9.0,AB
2313074,3,EC 226,2,10.0,AA
2313074,3,EE 201,4,9.0,AB
2313074,3,EE 202,4,10.0,AA
2313074,3,EE 203,3,8.0,BB
2313074,3,EE 204,4,7.0,BC
2313074,3,EE 205,4,10.0,AA
2313074,3,EE 211,2,10.0,AA
2313074,3,EE 212,2,10.0,AA
2313074,3,MA 201,4,8.0,BB
2313075,3,EC 226,2,10.0,AA
2313075,3,EE 201,4,8.0,BB
2313075,3,EE 202,4,8.0,BB
2313075,3,EE 203,3,9.0,AB
2313075,3,EE 204,4,8.0,BB
2313075,3,EE 205,4,7.0,BC
2313075,3,EE 211,2,9.0,AB
2313075,3,EE 212,2,10.0,AA
2313075,3,MA 201,4,7.0,BC
2313076,3,EC 226,2,9.0,AB
2313076,3,EE 201,4,6.0,CC
2313076,3,EE 202,4,8.0,BB
2313076,3,EE 203,3,9.0,AB
2313076,3,EE 204,4,8.0,BB
2313076,3,EE 205,4,7.0,BC
2313076,3,EE 211,2,10.0,AA
2313076,3,EE 212,2,10.0,AA
2313076,3,MA 201,4,5.0,CD
2313077,3,EC 226,2,9.0,AB
2313077,3,EE 201,4,6.0,CC
2313077,3,EE 202,4,5.0,CD
2313077,3,EE 203,3,4.0,DD
2313077,3,EE 204,4,5.0,CD
2313077,3,EE 205,4,0.0,F
2313077,3,EE 211,2,9.0,AB
2313077,3,EE 212,2,9.0,AB
2313077,3,MA 201,4,5.0,CD
2313078,3,EC 226,2,9.0,AB
2313078,3,EE 201,4,8.0,BB
2313078,3,EE 202,4,10.0,AA
2313078,3,EE 203,3,9.0,AB
2313078,3,EE 204,4,8.0,BB
2313078,3,EE 205,4,8.0,BB
2313078,3,EE 211,2,10.0,AA
2313078,3,EE 212,2,10.0,AA
2313078,3,MA 201,4,8.0,BB
2313079,3,EC 226,2,10.0,AA
2313079,3,EE 201,4,9.0,AB
2313079,3,EE 202,4,10.0,AA
2313079,3,EE 203,3,9.0,AB
2313079,3,EE 204,4,8.0,BB
2313079,3,EE 205,4,9.0,AB
2313079,3,EE 211,2,10.0,AA
2313079,3,EE 212,2,9.0,AB
2313079,3,MA 201,4,8.0,BB
2313080,3,EC 226,2,10.0,AA
2313080,3,EE 201,4,6.0,CC
2313080,3,EE 202,4,10.0,AA
2313080,3,EE 203,3,9.0,AB
2313080,3,EE 204,4,8.0,BB
2313080,3,EE 205,4,8.0,BB
2313080,3,EE 211,2,10.0,AA
2313080,3,EE 212,2,10.0,AA
2313080,3,MA 201,4,8.0,BB
2313081,3,EC 226,2,10.0,AA
2313081,3,EE 201,4,0.0,F
2313081,3,EE 202,4,0.0,F
2313081,3,EE 203,3,4.0,DD
2313081,3,EE 204,4,4.0,DD
2313081,3,EE 205,4,4.0,DD
2313081,3,EE 211,2,10.0,AA
2313081,3,EE 212,2,9.0,AB
2313081,3,MA 201,4,0.0,F
2313082,3,EC 226,2,9.0,AB
2313082,3,EE 201,4,5.0,CD
2313082,3,EE 202,4,8.0,BB
2313082,3,EE 203,3,8.0,BB
2313082,3,EE 204,4,8.0,BB
2313082,3,EE 205,4,6.0,CC
2313082,3,EE 211,2,10.0,AA
2313082,3,EE 212,2,9.0,AB
2313082,3,MA 201,4,7.0,BC
2313083,3,EC 226,2,10.0,AA
2313083,3,EE 201,4,8.0,BB
2313083,3,EE 202,4,10.0,AA
2313083,3,EE 203,3,9.0,AB
2313083,3,EE 204,4,9.0,AB
2313083,3,EE 205,4,9.0,AB
2313083,3,EE 211,2,10.0,AA
2313083,3,EE 212,2,10.0,AA
2313083,3,MA 201,4,7.0,BC
2313084,3,EC 226,2,9.0,AB
2313084,3,EE 201,4,0.0,F
2313084,3,EE 202,4,4.0,DD
2313084,3,EE 203,3,6.0,CC
2313084,3,EE 204,4,6.0,CC
2313084,3,EE 205,4,5.0,CD
2313084,3,EE 211,2,10.0,AA
2313084,3,EE 212,2,8.0,BB
2313084,3,MA 201,4,0.0,F
2313085,3,EC 226,2,10.0,AA
2313085,3,EE 201,4,6.0,CC
2313085,3,EE 202,4,5.0,CD
2313085,3,EE 203,3,5.0,CD
2313085,3,EE 204,4,7.0,BC
2313085,3,EE 205,4,5.0,CD
2313085,3,EE 211,2,10.0,AA
2313085,3,EE 212,2,9.0,AB
2313085,3,MA 201,4,6.0,CC
2313086,3,EC 226,2,10.0,AA
2313086,3,EE 201,4,7.0,BC
2313086,3,EE 202,4,8.0,BB
2313086,3,EE 203,3,6.0,CC
2313086,3,EE 204,4,10.0,AA
2313086,3,EE 205,4,7.0,BC
2313086,3,EE 211,2,10.0,AA
2313086,3,EE 212,2,10.0,AA
2313086,3,MA 201,4,9.0,AB
2313087,3,EC 226,2,10.0,AA
2313087,3,EE 201,4,9.0,AB
2313087,3,EE 202,4,8.0,BB
2313087,3,EE 203,3,9.0,AB
2313087,3,EE 204,4,8.0,BB
2313087,3,EE 205,4,7.0,BC
2313087,3,EE 211,2,10.0,AA
2313087,3,EE 212,2,10.0,AA
2313087,3,MA 201,4,8.0,BB
2313088,3,EC 226,2,0.0,F
2313088,3,EE 201,4,0.0,F
2313088,3,EE 202,4,0.0,F
2313088,3,EE 203,3,0.0,F
2313088,3,EE 204,4,0.0,F
2313088,3,EE 205,4,0.0,F
2313088,3,EE 211,2,0.0,F
2313088,3,EE 212,2,0.0,F
2313088,3,MA 201,4,0.0,F
2313089,3,EC 226,2,10.0,AA
2313089,3,EE 201,4,7.0,BC
2313089,3,EE 202,4,8.0,BB
2313089,3,EE 203,3,10.0,AA
2313089,3,EE 204,4,10.0,AA
2313089,3,EE 205,4,8.0,BB
2313089,3,EE 211,2,10.0,AA
2313089,3,EE 212,2,10.0,AA
2313089,3,MA 201,4,8.0,BB
2313090,3,EC 226,2,10.0,AA
2313090,3,EE 201,4,6.0,CC
2313090,3,EE 202,4,8.0,BB
2313090,3,EE 203,3,10.0,AA
2313090,3,EE 204,4,10.0,AA
2313090,3,EE 205,4,9.0,AB
2313090,3,EE 211,2,10.0,AA
2313090,3,EE 212,2,10.0,AA
2313090,3,MA 201,4,9.0,AB
2313091,3,EC 226,2,10.0,AA
2313091,3,EE 201,4,6.0,CC
2313091,3,EE 202,4,7.0,BC
2313091,3,EE 203,3,6.0,CC
2313091,3,EE 204,4,9.0,AB
2313091,3,EE 205,4,8.0,BB
2313091,3,EE 211,2,10.0,AA
2313091,3,EE 212,2,10.0,AA
2313091,3,MA 201,4,7.0,BC
2313092,3,EC 226,2,10.0,AA
2313092,3,EE 201,4,5.0,CD
2313092,3,EE 202,4,8.0,BB
2313092,3,EE 203,3,6.0,CC
2313092,3,EE 204,4,9.0,AB
2313092,3,EE 205,4,7.0,BC
2313092,3,EE 211,2,10.0,AA
2313092,3,EE 212,2,10.0,AA
2313092,3,MA 201,4,7.0,BC
2313093,3,EC 226,2,10.0,AA
2313093,3,EE 201,4,4.0,DD
2313093,3,EE 202,4,6.0,CC
2313093,3,EE 203,3,6.0,CC
2313093,3,EE 204,4,7.0,BC
2313093,3,EE 205,4,5.0,CD
2313093,3,EE 211,2,10.0,AA
2313093,3,EE 212,2,9.0,AB
2313093,3,MA 201,4,5.0,CD
2313094,3,EC 226,2,10.0,AA
2313094,3,EE 201,4,0.0,F
2313094,3,EE 202,4,6.0,CC
2313094,3,EE 203,3,8.0,BB
2313094,3,EE 204,4,9.0,AB
2313094,3,EE 205,4,5.0,CD
2313094,3,EE 211,2,10.0,AA
2313094,3,EE 212,2,10.0,AA
2313094,3,MA 201,4,7.0,BC
2313095,3,EC 226,2,10.0,AA
2313095,3,EE 201,4,6.0,CC
2313095,3,EE 202,4,8.0,BB
2313095,3,EE 203,3,7.0,BC
2313095,3,EE 204,4,9.0,AB
2313095,3,EE 205,4,8.0,BB
2313095,3,EE 211,2,10.0,AA
2313095,3,EE 212,2,10.0,AA
2313095,3,MA 201,4,7.0,BC
2313096,3,EC 226,2,10.0,AA
2313096,3,EE 201,4,6.0,CC
2313096,3,EE 202,4,7.0,BC
2313096,3,EE 203,3,8.0,BB
2313096,3,EE 204,4,8.0,BB
2313096,3,EE 205,4,6.0,CC
2313096,3,EE 211,2,10.0,AA
2313096,3,EE 212,2,10.0,AA
2313096,3,MA 201,4,6.0,CC
2313097,3,EC 226,2,10.0,AA
2313097,3,EE 201,4,6.0,CC
2313097,3,EE 202,4,8.0,BB
2313097,3,EE 203,3,7.0,BC
2313097,3,EE 204,4,9.0,AB
2313097,3,EE 205,4,8.0,BB
2313097,3,EE 211,2,10.0,AA
2313097,3,EE 212,2,10.0,AA
2313097,3,MA 201,4,6.0,CC
2313098,3,EC 226,2,10.0,AA
2313098,3,EE 201,4,7.0,BC
2313098,3,EE 202,4,9.0,AB
2313098,3,EE 203,3,9.0,AB
2313098,3,EE 204,4,10.0,AA
2313098,3,EE 205,4,9.0,AB
2313098,3,EE 211,2,10.0,AA
2313098,3,EE 212,2,10.0,AA
2313098,3,MA 201,4,8.0,BB
2313099,3,EC 226,2,10.0,AA
2313099,3,EE 201,4,9.0,AB
2313099,3,EE 202,4,10.0,AA
2313099,3,EE 203,3,7.0,BC
2313099,3,EE 204,4,10.0,AA
2313099,3,EE 205,4,9.0,AB
2313099,3,EE 211,2,10.0,AA
2313099,3,EE 212,2,10.0,AA
2313099,3,MA 201,4,8.0,BB
2313100,3,EC 226,2,10.0,AA
2313100,3,EE 201,4,7.0,BC
2313100,3,EE 202,4,8.0,BB
2313100,3,EE 203,3,9.0,AB
2313100,3,EE 204,4,10.0,AA
2313100,3,EE 205,4,7.0,BC
2313100,3,EE 211,2,10.0,AA
2313100,3,EE 212,2,10.0,AA
2313100,3,MA 201,4,8.0,BB
2313101,3,EC 226,2,10.0,AA
2313101,3,EE 201,4,0.0,F
2313101,3,EE 202,4,7.0,BC
2313101,3,EE 203,3,6.0,CC
2313101,3,EE 204,4,8.0,BB
2313101,3,EE 205,4,7.0,BC
2313101,3,EE 211,2,10.0,AA
2313101,3,EE 212,2,9.0,AB
2313101,3,MA 201,4,5.0,CD
2313102,3,EC 226,2,10.0,AA
2313102,3,EE 201,4,4.0,DD
2313102,3,EE 202,4,7.0,BC
2313102,3,EE 203,3,4.0,DD
2313102,3,EE 204,4,9.0,AB
2313102,3,EE 205,4,8.0,BB
2313102,3,EE 211,2,10.0,AA
2313102,3,EE 212,2,8.0,BB
2313102,3,MA 201,4,7.0,BC
2313103,3,EC 226,2,10.0,AA
2313103,3,EE 201,4,6.0,CC
2313103,3,EE 202,4,9.0,AB
2313103,3,EE 203,3,9.0,AB
2313103,3,EE 204,4,9.0,AB
2313103,3,EE 205,4,8.0,BB
2313103,3,EE 211,2,10.0,AA
2313103,3,EE 212,2,10.0,AA
2313103,3,MA 201,4,7.0,BC
2313104,3,EC 226,2,10.0,AA
2313104,3,EE 201,4,4.0,DD
2313104,3,EE 202,4,6.0,CC
2313104,3,EE 203,3,6.0,CC
2313104,3,EE 204,4,9.0,AB
2313104,3,EE 205,4,6.0,CC
2313104,3,EE 211,2,9.0,AB
2313104,3,EE 212,2,10.0,AA
2313104,3,MA 201,4,5.0,CD
2313105,3,EC 226,2,9.0,AB
2313105,3,EE 201,4,4.0,DD
2313105,3,EE 202,4,7.0,BC
2313105,3,EE 203,3,7.0,BC
2313105,3,EE 204,4,8.0,BB
2313105,3,EE 205,4,5.0,CD
2313105,3,EE 211,2,9.0,AB
2313105,3,EE 212,2,10.0,AA
2313105,3,MA 201,4,5.0,CD
2313106,3,EC 226,2,9.0,AB
2313106,3,EE 201,4,6.0,CC
2313106,3,EE 202,4,6.0,CC
2313106,3,EE 203,3,7.0,BC
2313106,3,EE 204,4,7.0,BC
2313106,3,EE 205,4,8.0,BB
2313106,3,EE 211,2,10.0,AA
2313106,3,EE 212,2,10.0,AA
2313106,3,MA 201,4,7.0,BC
2313107,3,EC 226,2,10.0,AA
2313107,3,EE 201,4,5.0,CD
2313107,3,EE 202,4,7.0,BC
2313107,3,EE 203,3,7.0,BC
2313107,3,EE 204,4,9.0,AB
2313107,3,EE 205,4,6.0,CC
2313107,3,EE 211,2,10.0,AA
2313107,3,EE 212,2,10.0,AA
2313107,3,MA 201,4,6.0,CC
2313109,3,EC 226,2,10.0,AA
2313109,3,EE 201,4,8.0,BB
2313109,3,EE 202,4,10.0,AA
2313109,3,EE 203,3,7.0,BC
2313109,3,EE 204,4,9.0,AB
2313109,3,EE 205,4,7.0,BC
2313109,3,EE 211,2,10.0,AA
2313109,3,EE 212,2,10.0,AA
2313109,3,MA 201,4,9.0,AB
2313110,3,EC 226,2,9.0,AB
2313110,3,EE 201,4,6.0,CC
2313110,3,EE 202,4,5.0,CD
2313110,3,EE 203,3,5.0,CD
2313110,3,EE 204,4,9.0,AB
2313110,3,EE 205,4,4.0,DD
2313110,3,EE 211,2,10.0,AA
2313110,3,EE 212,2,9.0,AB
2313110,3,MA 201,4,7.0,BC
2313111,3,EC 226,2,10.0,AA
2313111,3,EE 201,4,7.0,BC
2313111,3,EE 202,4,7.0,BC
2313111,3,EE 203,3,7.0,BC
2313111,3,EE 204,4,10.0,AA
2313111,3,EE 205,4,7.0,BC
2313111,3,EE 211,2,10.0,AA
2313111,3,EE 212,2,9.0,AB
2313111,3,MA 201,4,8.0,BB
2313112,3,EC 226,2,10.0,AA
2313112,3,EE 201,4,7.0,BC
2313112,3,EE 202,4,6.0,CC
2313112,3,EE 203,3,5.0,CD
2313112,3,EE 204,4,8.0,BB
2313112,3,EE 205,4,8.0,BB
2313112,3,EE 211,2,10.0,AA
2313112,3,EE 212,2,9.0,AB
2313112,3,MA 201,4,8.0,BB
2313114,3,EC 226,2,10.0,AA
2313114,3,EE 201,4,0.0,F
2313114,3,EE 202,4,5.0,CD
2313114,3,EE 203,3,7.0,BC
2313114,3,EE 204,4,7.0,BC
2313114,3,EE 205,4,4.0,DD
2313114,3,EE 211,2,9.0,AB
2313114,3,EE 212,2,10.0,AA
2313114,3,MA 201,4,5.0,CD
2313115,3,EC 226,2,10.0,AA
2313115,3,EE 201,4,6.0,CC
2313115,3,EE 202,4,8.0,BB
2313115,3,EE 203,3,7.0,BC
2313115,3,EE 204,4,10.0,AA
2313115,3,EE 205,4,8.0,BB
2313115,3,EE 211,2,10.0,AA
2313115,3,EE 212,2,10.0,AA
2313115,3,MA 201,4,8.0,BB
2313116,3,EC 226,2,10.0,AA
2313116,3,EE 201,4,8.0,BB
2313116,3,EE 202,4,7.0,BC
2313116,3,EE 203,3,8.0,BB
2313116,3,EE 204,4,10.0,AA
2313116,3,EE 205,4,8.0,BB
2313116,3,EE 211,2,10.0,AA
2313116,3,EE 212,2,10.0,AA
2313116,3,MA 201,4,8.0,BB
2313118,3,EC 226,2,10.0,AA
2313118,3,EE 201,4,9.0,AB
2313118,3,EE 202,4,8.0,BB
2313118,3,EE 203,3,8.0,BB
2313118,3,EE 204,4,9.0,AB
2313118,3,EE 205,4,10.0,AA
2313118,3,EE 211,2,10.0,AA
2313118,3,EE 212,2,10.0,AA
2313118,3,MA 201,4,9.0,AB
2313120,3,EC 226,2,10.0,AA
2313120,3,EE 201,4,7.0,BC
2313120,3,EE 202,4,9.0,AB
2313120,3,EE 203,3,7.0,BC
2313120,3,EE 204,4,10.0,AA
2313120,3,EE 205,4,8.0,BB
2313120,3,EE 211,2,10.0,AA
2313120,3,EE 212,2,10.0,AA
2313120,3,MA 201,4,8.0,BB
2313121,3,EC 226,2,10.0,AA
2313121,3,EE 201,4,7.0,BC
2313121,3,EE 202,4,7.0,BC
2313121,3,EE 203,3,9.0,AB
2313121,3,EE 204,4,10.0,AA
2313121,3,EE 205,4,8.0,BB
2313121,3,EE 211,2,10.0,AA
2313121,3,EE 212,2,10.0,AA
2313121,3,MA 201,4,9.0,AB
2313122,3,EC 226,2,9.0,AB
2313122,3,EE 201,4,0.0,F
2313122,3,EE 202,4,4.0,DD
2313122,3,EE 203,3,4.0,DD
2313122,3,EE 204,4,8.0,BB
2313122,3,EE 205,4,0.0,F
2313122,3,EE 211,2,9.0,AB
2313122,3,EE 212,2,10.0,AA
2313122,3,MA 201,4,4.0,DD
2313123,3,EC 226,2,10.0,AA
2313123,3,EE 201,4,5.0,CD
2313123,3,EE 202,4,6.0,CC
2313123,3,EE 203,3,5.0,CD
2313123,3,EE 204,4,7.0,BC
2313123,3,EE 205,4,5.0,CD
2313123,3,EE 211,2,10.0,AA
2313123,3,EE 212,2,10.0,AA
2313123,3,MA 201,4,8.0,BB
2313124,3,EC 226,2,10.0,AA
2313124,3,EE 201,4,7.0,BC
2313124,3,EE 202,4,8.0,BB
2313124,3,EE 203,3,6.0,CC
2313124,3,EE 204,4,10.0,AA
2313124,3,EE 205,4,8.0,BB
2313124,3,EE 211,2,10.0,AA
2313124,3,EE 212,2,10.0,AA
2313124,3,MA 201,4,8.0,BB
2313125,3,EC 226,2,9.0,AB
2313125,3,EE 201,4,5.0,CD
2313125,3,EE 202,4,5.0,CD
2313125,3,EE 203,3,6.0,CC
2313125,3,EE 204,4,9.0,AB
2313125,3,EE 205,4,6.0,CC
2313125,3,EE 211,2,9.0,AB
2313125,3,EE 212,2,9.0,AB
2313125,3,MA 201,4,7.0,BC
2313126,3,EC 226,2,10.0,AA
2313126,3,EE 201,4,6.0,CC
2313126,3,EE 202,4,8.0,BB
2313126,3,EE 203,3,7.0,BC
2313126,3,EE 204,4,9.0,AB
2313126,3,EE 205,4,6.0,CC
2313126,3,EE 211,2,10.0,AA
2313126,3,EE 212,2,9.0,AB
2313126,3,MA 201,4,5.0,CD
2313127,3,EC 226,2,9.0,AB
2313127,3,EE 201,4,0.0,F
2313127,3,EE 202,4,4.0,DD
2313127,3,EE 203,3,5.0,CD
2313127,3,EE 204,4,8.0,BB
2313127,3,EE 205,4,5.0,CD
2313127,3,EE 211,2,10.0,AA
2313127,3,EE 212,2,8.0,BB
2313127,3,MA 201,4,7.0,BC
2313128,3,EC 226,2,10.0,AA
2313128,3,EE 201,4,7.0,BC
2313128,3,EE 202,4,5.0,CD
2313128,3,EE 203,3,6.0,CC
2313128,3,EE 204,4,9.0,AB
2313128,3,EE 205,4,7.0,BC
2313128,3,EE 211,2,9.0,AB
2313128,3,EE 212,2,10.0,AA
2313128,3,MA 201,4,7.0,BC
2313129,3,EC 226,2,10.0,AA
2313129,3,EE 201,4,6.0,CC
2313129,3,EE 202,4,6.0,CC
2313129,3,EE 203,3,8.0,BB
2313129,3,EE 204,4,8.0,BB
2313129,3,EE 205,4,7.0,BC
2313129,3,EE 211,2,9.0,AB
2313129,3,EE 212,2,8.0,BB
2313129,3,MA 201,4,8.0,BB
2313130,3,EC 226,2,10.0,AA
2313130,3,EE 201,4,6.0,CC
2313130,3,EE 202,4,8.0,BB
2313130,3,EE 203,3,8.0,BB
2313130,3,EE 204,4,10.0,AA
2313130,3,EE 205,4,7.0,BC
2313130,3,EE 211,2,9.0,AB
2313130,3,EE 212,2,9.0,AB
2313130,3,MA 201,4,6.0,CC
2313132,3,EC 226,2,10.0,AA
2313132,3,EE 201,4,0.0,F
2313132,3,EE 202,4,4.0,DD
2313132,3,EE 203,3,0.0,F
2313132,3,EE 204,4,9.0,AB
2313132,3,EE 205,4,0.0,F
2313132,3,EE 211,2,9.0,AB
2313132,3,EE 212,2,9.0,AB
2313132,3,MA 201,4,5.0,CD
2313133,3,EC 226,2,10.0,AA
2313133,3,EE 201,4,4.0,DD
2313133,3,EE 202,4,5.0,CD
2313133,3,EE 203,3,5.0,CD
2313133,3,EE 204,4,7.0,BC
2313133,3,EE 205,4,6.0,CC
2313133,3,EE 211,2,9.0,AB
2313133,3,EE 212,2,8.0,BB
2313133,3,MA 201,4,7.0,BC
2313134,3,EC 226,2,10.0,AA
2313134,3,EE 201,4,0.0,F
2313134,3,EE 202,4,4.0,DD
2313134,3,EE 203,3,4.0,DD
2313134,3,EE 204,4,5.0,CD
2313134,3,EE 205,4,0.0,F
2313134,3,EE 211,2,9.0,AB
2313134,3,EE 212,2,9.0,AB
2313134,3,MA 201,4,5.0,CD
2313135,3,EC 226,2,10.0,AA
2313135,3,EE 201,4,0.0,F
2313135,3,EE 202,4,6.0,CC
2313135,3,EE 203,3,4.0,DD
2313135,3,EE 204,4,8.0,BB
2313135,3,EE 205,4,0.0,F
2313135,3,EE 211,2,9.0,AB
2313135,3,EE 212,2,9.0,AB
2313135,3,MA 201,4,0.0,F
2313136,3,EC 226,2,10.0,AA
2313136,3,EE 201,4,4.0,DD
2313136,3,EE 202,4,6.0,CC
2313136,3,EE 203,3,6.0,CC
2313136,3,EE 204,4,9.0,AB
2313136,3,EE 205,4,5.0,CD
2313136,3,EE 211,2,10.0,AA
2313136,3,EE 212,2,9.0,AB
2313136,3,MA 201,4,6.0,CC
2313137,3,EC 226,2,9.0,AB
2313137,3,EE 201,4,0.0,F
2313137,3,EE 202,4,5.0,CD
2313137,3,EE 203,3,4.0,DD
2313137,3,EE 204,4,7.0,BC
2313137,3,EE 205,4,4.0,DD
2313137,3,EE 211,2,10.0,AA
2313137,3,EE 212,2,9.0,AB
2313137,3,MA 201,4,6.0,CC
2313138,3,EC 226,2,10.0,AA
2313138,3,EE 201,4,9.0,AB
2313138,3,EE 202,4,9.0,AB
2313138,3,EE 203,3,7.0,BC
2313138,3,EE 204,4,10.0,AA
2313138,3,EE 205,4,9.0,AB
2313138,3,EE 211,2,10.0,AA
2313138,3,EE 212,2,10.0,AA
2313138,3,MA 201,4,9.0,AB
2313139,3,EC 226,2,9.0,AB
2313139,3,EE 201,4,5.0,CD
2313139,3,EE 202,4,5.0,CD
2313139,3,EE 203,3,5.0,CD
2313139,3,EE 204,4,7.0,BC
2313139,3,EE 205,4,5.0,CD
2313139,3,EE 211,2,10.0,AA
2313139,3,EE 212,2,10.0,AA
2313139,3,MA 201,4,6.0,CC
2313140,3,EC 226,2,9.0,AB
2313140,3,EE 201,4,6.0,CC
2313140,3,EE 202,4,7.0,BC
2313140,3,EE 203,3,7.0,BC
2313140,3,EE 204,4,9.0,AB
2313140,3,EE 205,4,7.0,BC
2313140,3,EE 211,2,10.0,AA
2313140,3,EE 212,2,9.0,AB
2313140,3,MA 201,4,8.0,BB
2313141,3,EC 226,2,10.0,AA
2313141,3,EE 201,4,9.0,AB
2313141,3,EE 202,4,9.0,AB
2313141,3,EE 203,3,7.0,BC
2313141,3,EE 204,4,9.0,AB
2313141,3,EE 205,4,9.0,AB
2313141,3,EE 211,2,10.0,AA
2313141,3,EE 212,2,10.0,AA
2313141,3,MA 201,4,9.0,AB
2313142,3,EC 226,2,10.0,AA
2313142,3,EE 201,4,8.0,BB
2313142,3,EE 202,4,10.0,AA
2313142,3,EE 203,3,10.0,AA
2313142,3,EE 204,4,9.0,AB
2313142,3,EE 205,4,8.0,BB
2313142,3,EE 211,2,10.0,AA
2313142,3,EE 212,2,9.0,AB
2313142,3,MA 201,4,9.0,AB
2313143,3,EC 226,2,10.0,AA
2313143,3,EE 201,4,8.0,BB
2313143,3,EE 202,4,9.0,AB
2313143,3,EE 203,3,10.0,AA
2313143,3,EE 204,4,9.0,AB
2313143,3,EE 205,4,9.0,AB
2313143,3,EE 211,2,10.0,AA
2313143,3,EE 212,2,10.0,AA
2313143,3,MA 201,4,9.0,AB
2313144,3,EC 226,2,10.0,AA
2313144,3,EE 201,4,5.0,CD
2313144,3,EE 202,4,7.0,BC
2313144,3,EE 203,3,8.0,BB
2313144,3,EE 204,4,8.0,BB
2313144,3,EE 205,4,5.0,CD
2313144,3,EE 211,2,10.0,AA
2313144,3,EE 212,2,10.0,AA
2313144,3,MA 201,4,7.0,BC
2313145,3,EC 226,2,9.0,AB
2313145,3,EE 201,4,8.0,BB
2313145,3,EE 202,4,8.0,BB
2313145,3,EE 203,3,8.0,BB
2313145,3,EE 204,4,8.0,BB
2313145,3,EE 205,4,7.0,BC
2313145,3,EE 211,2,10.0,AA
2313145,3,EE 212,2,9.0,AB
2313145,3,MA 201,4,9.0,AB
2313146,3,EC 226,2,10.0,AA
2313146,3,EE 201,4,7.0,BC
2313146,3,EE 202,4,7.0,BC
2313146,3,EE 203,3,8.0,BB
2313146,3,EE 204,4,8.0,BB
2313146,3,EE 205,4,7.0,BC
2313146,3,EE 211,2,9.0,AB
2313146,3,EE 212,2,10.0,AA
2313146,3,MA 201,4,8.0,BB
2313149,3,EC 226,2,10.0,AA
2313149,3,EE 201,4,7.0,BC
2313149,3,EE 202,4,10.0,AA
2313149,3,EE 203,3,10.0,AA
2313149,3,EE 204,4,10.0,AA
2313149,3,EE 205,4,9.0,AB
2313149,3,EE 211,2,10.0,AA
2313149,3,EE 212,2,10.0,AA
2313149,3,MA 201,4,8.0,BB
2313150,3,EC 226,2,10.0,AA
2313150,3,EE 201,4,5.0,CD
2313150,3,EE 202,4,8.0,BB
2313150,3,EE 203,3,8.0,BB
2313150,3,EE 204,4,8.0,BB
2313150,3,EE 205,4,5.0,CD
2313150,3,EE 211,2,9.0,AB
2313150,3,EE 212,2,9.0,AB
2313150,3,MA 201,4,7.0,BC
2313151,3,EC 226,2,10.0,AA
2313151,3,EE 201,4,6.0,CC
2313151,3,EE 202,4,7.0,BC
2313151,3,EE 203,3,6.0,CC
2313151,3,EE 204,4,9.0,AB
2313151,3,EE 205,4,6.0,CC
2313151,3,EE 211,2,10.0,AA
2313151,3,EE 212,2,9.0,AB
2313151,3,MA 201,4,8.0,BB
2313152,3,EC 226,2,10.0,AA
2313152,3,EE 201,4,5.0,CD
2313152,3,EE 202,4,8.0,BB
2313152,3,EE 203,3,5.0,CD
2313152,3,EE 204,4,9.0,AB
2313152,3,EE 205,4,6.0,CC
2313152,3,EE 211,2,9.0,AB
2313152,3,EE 212,2,8.0,BB
2313152,3,MA 201,4,7.0,BC
2313153,3,EC 226,2,10.0,AA
2313153,3,EE 201,4,10.0,AA
2313153,3,EE 202,4,8.0,BB
2313153,3,EE 203,3,10.0,AA
2313153,3,EE 204,4,9.0,AB
2313153,3,EE 205,4,8.0,BB
2313153,3,EE 211,2,10.0,AA
2313153,3,EE 212,2,9.0,AB
2313153,3,MA 201,4,9.0,AB
2313154,3,EC 226,2,10.0,AA
2313154,3,EE 201,4,7.0,BC
2313154,3,EE 202,4,9.0,AB
2313154,3,EE 203,3,7.0,BC
2313154,3,EE 204,4,10.0,AA
2313154,3,EE 205,4,10.0,AA
2313154,3,EE 211,2,10.0,AA
2313154,3,EE 212,2,10.0,AA
2313154,3,MA 201,4,8.0,BB
2313155,3,EC 226,2,10.0,AA
2313155,3,EE 201,4,7.0,BC
2313155,3,EE 202,4,7.0,BC
2313155,3,EE 203,3,6.0,CC
2313155,3,EE 204,4,8.0,BB
2313155,3,EE 205,4,7.0,BC
2313155,3,EE 211,2,10.0,AA
2313155,3,EE 212,2,9.0,AB
2313155,3,MA 201,4,8.0,BB
2313156,3,EC 226,2,10.0,AA
2313156,3,EE 201,4,6.0,CC
2313156,3,EE 202,4,8.0,BB
2313156,3,EE 203,3,7.0,BC
2313156,3,EE 204,4,9.0,AB
2313156,3,EE 205,4,8.0,BB
2313156,3,EE 211,2,10.0,AA
2313156,3,EE 212,2,9.0,AB
2313156,3,MA 201,4,8.0,BB
2313157,3,EC 226,2,10.0,AA
2313157,3,EE 201,4,0.0,F
2313157,3,EE 202,4,0.0,F
2313157,3,EE 203,3,0.0,F
2313157,3,EE 204,4,0.0,F
2313157,3,EE 205,4,0.0,F
2313157,3,EE 211,2,9.0,AB
2313157,3,EE 212,2,8.0,BB
2313157,3,MA 201,4,5.0,CD
2313159,3,EC 226,2,10.0,AA
2313159,3,EE 201,4,6.0,CC
2313159,3,EE 202,4,8.0,BB
2313159,3,EE 203,3,9.0,AB
2313159,3,EE 204,4,9.0,AB
2313159,3,EE 205,4,9.0,AB
2313159,3,EE 211,2,10.0,AA
2313159,3,EE 212,2,10.0,AA
2313159,3,MA 201,4,9.0,AB
2313160,3,EC 226,2,10.0,AA
2313160,3,EE 201,4,7.0,BC
2313160,3,EE 202,4,8.0,BB
2313160,3,EE 203,3,8.0,BB
2313160,3,EE 204,4,8.0,BB
2313160,3,EE 205,4,6.0,CC
2313160,3,EE 211,2,10.0,AA
2313160,3,EE 212,2,10.0,AA
2313160,3,MA 201,4,8.0,BB
2313161,3,EC 226,2,10.0,AA
2313161,3,EE 201,4,4.0,DD
2313161,3,EE 202,4,6.0,CC
2313161,3,EE 203,3,6.0,CC
2313161,3,EE 204,4,8.0,BB
2313161,3,EE 205,4,6.0,CC
2313161,3,EE 211,2,10.0,AA
2313161,3,EE 212,2,9.0,AB
2313161,3,MA 201,4,7.0,BC
2313162,3,EC 226,2,9.0,AB
2313162,3,EE 201,4,0.0,F
2313162,3,EE 202,4,0.0,F
2313162,3,EE 203,3,4.0,DD
2313162,3,EE 204,4,7.0,BC
2313162,3,EE 205,4,0.0,F
2313162,3,EE 211,2,9.0,AB
2313162,3,EE 212,2,8.0,BB
2313162,3,MA 201,4,5.0,CD
2313163,3,EC 226,2,9.0,AB
2313163,3,EE 201,4,0.0,F
2313163,3,EE 202,4,0.0,F
2313163,3,EE 203,3,5.0,CD
2313163,3,EE 204,4,9.0,AB
2313163,3,EE 205,4,0.0,F
2313163,3,EE 211,2,8.0,BB
2313163,3,EE 212,2,8.0,BB
2313163,3,MA 201,4,0.0,F
2313164,3,EC 226,2,9.0,AB
2313164,3,EE 201,4,0.0,F
2313164,3,EE 202,4,0.0,F
2313164,3,EE 203,3,4.0,DD
2313164,3,EE 204,4,7.0,BC
2313164,3,EE 205,4,4.0,DD
2313164,3,EE 211,2,8.0,BB
2313164,3,EE 212,2,9.0,AB
2313164,3,MA 201,4,0.0,F
2313165,3,EC 226,2,10.0,AA
2313165,3,EE 201,4,6.0,CC
2313165,3,EE 202,4,9.0,AB
2313165,3,EE 203,3,8.0,BB
2313165,3,EE 204,4,8.0,BB
2313165,3,EE 205,4,8.0,BB
2313165,3,EE 211,2,9.0,AB
2313165,3,EE 212,2,8.0,BB
2313165,3,MA 201,4,9.0,AB
2313166,3,EC 226,2,10.0,AA
2313166,3,EE 201,4,8.0,BB
2313166,3,EE 202,4,9.0,AB
2313166,3,EE 203,3,9.0,AB
2313166,3,EE 204,4,8.0,BB
2313166,3,EE 205,4,8.0,BB
2313166,3,EE 211,2,10.0,AA
2313166,3,EE 212,2,10.0,AA
2313166,3,MA 201,4,8.0,BB
2313167,3,EC 226,2,10.0,AA
2313167,3,EE 201,4,8.0,BB
2313167,3,EE 202,4,10.0,AA
2313167,3,EE 203,3,10.0,AA
2313167,3,EE 204,4,8.0,BB
2313167,3,EE 205,4,8.0,BB
2313167,3,EE 211,2,10.0,AA
2313167,3,EE 212,2,10.0,AA
2313167,3,MA 201,4,8.0,BB
2313168,3,EC 226,2,10.0,AA
2313168,3,EE 201,4,5.0,CD
2313168,3,EE 202,4,8.0,BB
2313168,3,EE 203,3,7.0,BC
2313168,3,EE 204,4,9.0,AB
2313168,3,EE 205,4,8.0,BB
2313168,3,EE 211,2,10.0,AA
2313168,3,EE 212,2,9.0,AB
2313168,3,MA 201,4,7.0,BC
2313169,3,EC 226,2,10.0,AA
2313169,3,EE 201,4,9.0,AB
2313169,3,EE 202,4,9.0,AB
2313169,3,EE 203,3,7.0,BC
2313169,3,EE 204,4,9.0,AB
2313169,3,EE 205,4,10.0,AA
2313169,3,EE 211,2,10.0,AA
2313169,3,EE 212,2,10.0,AA
2313169,3,MA 201,4,8.0,BB
2313170,3,EC 226,2,10.0,AA
2313170,3,EE 201,4,8.0,BB
2313170,3,EE 202,4,8.0,BB
2313170,3,EE 203,3,9.0,AB
2313170,3,EE 204,4,9.0,AB
2313170,3,EE 205,4,7.0,BC
2313170,3,EE 211,2,10.0,AA
2313170,3,EE 212,2,9.0,AB
2313170,3,MA 201,4,9.0,AB
2313171,3,EC 226,2,10.0,AA
2313171,3,EE 201,4,7.0,BC
2313171,3,EE 202,4,9.0,AB
2313171,3,EE 203,3,8.0,BB
2313171,3,EE 204,4,10.0,AA
2313171,3,EE 205,4,9.0,AB
2313171,3,EE 211,2,10.0,AA
2313171,3,EE 212,2,9.0,AB
2313171,3,MA 201,4,8.0,BB
2214086,3,CS 222,4,0.0,F
2214086,3,CS 223,2,0.0,F
2214086,3,EC 201,3,0.0,F
2214086,3,EC 202,4,0.0,F
2214086,3,EC 203,4,0.0,F
2214086,3,EC 211,2,0.0,F
2214086,3,EE 221,4,0.0,F
2214086,3,EE 222,2,0.0,F
2214086,3,MA 201,4,0.0,F
2314001,3,CS 222,4,8.0,BB
2314001,3,CS 223,2,8.0,BB
2314001,3,EC 201,3,7.0,BC
2314001,3,EC 202,4,8.0,BB
2314001,3,EC 203,4,9.0,AB
2314001,3,EC 211,2,10.0,AA
2314001,3,EE 221,4,7.0,BC
2314001,3,EE 222,2,9.0,AB
2314001,3,MA 201,4,8.0,BB
2314002,3,CS 222,4,8.0,BB
2314002,3,CS 223,2,8.0,BB
2314002,3,EC 201,3,0.0,F
2314002,3,EC 202,4,5.0,CD
2314002,3,EC 203,4,8.0,BB
2314002,3,EC 211,2,8.0,BB
2314002,3,EE 221,4,7.0,BC
2314002,3,EE 222,2,9.0,AB
2314002,3,MA 201,4,7.0,BC
2314003,3,CS 222,4,9.0,AB
2314003,3,CS 223,2,9.0,AB
2314003,3,EC 201,3,4.0,DD
2314003,3,EC 202,4,6.0,CC
2314003,3,EC 203,4,8.0,BB
2314003,3,EC 211,2,8.0,BB
2314003,3,EE 221,4,6.0,CC
2314003,3,EE 222,2,10.0,AA
2314003,3,MA 201,4,7.0,BC
2314004,3,CS 222,4,7.0,BC
2314004,3,CS 223,2,9.0,AB
2314004,3,EC 201,3,7.0,BC
2314004,3,EC 202,4,7.0,BC
2314004,3,EC 203,4,8.0,BB
2314004,3,EC 211,2,10.0,AA
2314004,3,EE 221,4,4.0,DD
2314004,3,EE 222,2,10.0,AA
2314004,3,MA 201,4,8.0,BB
2314005,3,CS 222,4,9.0,AB
2314005,3,CS 223,2,8.0,BB
2314005,3,EC 201,3,5.0,CD
2314005,3,EC 202,4,8.0,BB
2314005,3,EC 203,4,9.0,AB
2314005,3,EC 211,2,10.0,AA
2314005,3,EE 221,4,8.0,BB
2314005,3,EE 222,2,10.0,AA
2314005,3,MA 201,4,8.0,BB
2314006,3,CS 222,4,9.0,AB
2314006,3,CS 223,2,9.0,AB
2314006,3,EC 201,3,4.0,DD
2314006,3,EC 202,4,7.0,BC
2314006,3,EC 203,4,9.0,AB
2314006,3,EC 211,2,9.0,AB
2314006,3,EE 221,4,7.0,BC
2314006,3,EE 222,2,10.0,AA
2314006,3,MA 201,4,8.0,BB
2314007,3,CS 222,4,7.0,BC
2314007,3,CS 223,2,9.0,AB
2314007,3,EC 201,3,4.0,DD
2314007,3,EC 202,4,5.0,CD
2314007,3,EC 203,4,8.0,BB
2314007,3,EC 211,2,8.0,BB
2314007,3,EE 221,4,6.0,CC
2314007,3,EE 222,2,9.0,AB
2314007,3,MA 201,4,7.0,BC
2314008,3,CS 222,4,6.0,CC
2314008,3,CS 223,2,9.0,AB
2314008,3,EC 201,3,4.0,DD
2314008,3,EC 202,4,5.0,CD
2314008,3,EC 203,4,8.0,BB
2314008,3,EC 211,2,8.0,BB
2314008,3,EE 221,4,5.0,CD
2314008,3,EE 222,2,8.0,BB
2314008,3,MA 201,4,6.0,CC
2314009,3,CS 222,4,7.0,BC
2314009,3,CS 223,2,8.0,BB
2314009,3,EC 201,3,4.0,DD
2314009,3,EC 202,4,7.0,BC
2314009,3,EC 203,4,8.0,BB
2314009,3,EC 211,2,9.0,AB
2314009,3,EE 221,4,6.0,CC
2314009,3,EE 222,2,9.0,AB
2314009,3,MA 201,4,6.0,CC
2314010,3,CS 222,4,9.0,AB
2314010,3,CS 223,2,7.0,BC
2314010,3,EC 201,3,8.0,BB
2314010,3,EC 202,4,8.0,BB
2314010,3,EC 203,4,9.0,AB
2314010,3,EC 211,2,10.0,AA
2314010,3,EE 221,4,8.0,BB
2314010,3,EE 222,2,10.0,AA
2314010,3,MA 201,4,8.0,BB
2314011,3,CS 222,4,4.0,DD
2314011,3,CS 223,2,7.0,BC
2314011,3,EC 201,3,0.0,F
2314011,3,EC 202,4,4.0,DD
2314011,3,EC 203,4,4.0,DD
2314011,3,EC 211,2,8.0,BB
2314011,3,EE 221,4,4.0,DD
2314011,3,EE 222,2,9.0,AB
2314011,3,MA 201,4,4.0,DD
2314012,3,CS 222,4,9.0,AB
2314012,3,CS 223,2,9.0,AB
2314012,3,EC 201,3,9.0,AB
2314012,3,EC 202,4,9.0,AB
2314012,3,EC 203,4,9.0,AB
2314012,3,EC 211,2,10.0,AA
2314012,3,EE 221,4,9.0,AB
2314012,3,EE 222,2,9.0,AB
2314012,3,MA 201,4,8.0,BB
2314013,3,CS 222,4,9.0,AB
2314013,3,CS 223,2,10.0,AA
2314013,3,EC 201,3,5.0,CD
2314013,3,EC 202,4,9.0,AB
2314013,3,EC 203,4,9.0,AB
2314013,3,EC 211,2,9.0,AB
2314013,3,EE 221,4,8.0,BB
2314013,3,EE 222,2,10.0,AA
2314013,3,MA 201,4,9.0,AB
2314014,3,CS 222,4,8.0,BB
2314014,3,CS 223,2,10.0,AA
2314014,3,EC 201,3,7.0,BC
2314014,3,EC 202,4,8.0,BB
2314014,3,EC 203,4,8.0,BB
2314014,3,EC 211,2,9.0,AB
2314014,3,EE 221,4,9.0,AB
2314014,3,EE 222,2,10.0,AA
2314014,3,MA 201,4,9.0,AB
2314015,3,CS 222,4,8.0,BB
2314015,3,CS 223,2,10.0,AA
2314015,3,EC 201,3,8.0,BB
2314015,3,EC 202,4,9.0,AB
2314015,3,EC 203,4,8.0,BB
2314015,3,EC 211,2,10.0,AA
2314015,3,EE 221,4,7.0,BC
2314015,3,EE 222,2,10.0,AA
2314015,3,MA 201,4,8.0,BB
2314016,3,CS 222,4,9.0,AB
2314016,3,CS 223,2,10.0,AA
2314016,3,EC 201,3,7.0,BC
2314016,3,EC 202,4,8.0,BB
2314016,3,EC 203,4,9.0,AB
2314016,3,EC 211,2,10.0,AA
2314016,3,EE 221,4,7.0,BC
2314016,3,EE 222,2,10.0,AA
2314016,3,MA 201,4,9.0,AB
2314017,3,CS 222,4,9.0,AB
2314017,3,CS 223,2,10.0,AA
2314017,3,EC 201,3,7.0,BC
2314017,3,EC 202,4,8.0,BB
2314017,3,EC 203,4,8.0,BB
2314017,3,EC 211,2,10.0,AA
2314017,3,EE 221,4,9.0,AB
2314017,3,EE 222,2,10.0,AA
2314017,3,MA 201,4,9.0,AB
2314018,3,CS 222,4,7.0,BC
2314018,3,CS 223,2,8.0,BB
2314018,3,EC 201,3,5.0,CD
2314018,3,EC 202,4,8.0,BB
2314018,3,EC 203,4,8.0,BB
2314018,3,EC 211,2,9.0,AB
2314018,3,EE 221,4,7.0,BC
2314018,3,EE 222,2,10.0,AA
2314018,3,MA 201,4,7.0,BC
2314019,3,CS 222,4,7.0,BC
2314019,3,CS 223,2,7.0,BC
2314019,3,EC 201,3,4.0,DD
2314019,3,EC 202,4,7.0,BC
2314019,3,EC 203,4,6.0,CC
2314019,3,EC 211,2,8.0,BB
2314019,3,EE 221,4,6.0,CC
2314019,3,EE 222,2,10.0,AA
2314019,3,MA 201,4,6.0,CC
2314020,3,CS 222,4,9.0,AB
2314020,3,CS 223,2,10.0,AA
2314020,3,EC 201,3,7.0,BC
2314020,3,EC 202,4,8.0,BB
2314020,3,EC 203,4,7.0,BC
2314020,3,EC 211,2,9.0,AB
2314020,3,EE 221,4,9.0,AB
2314020,3,EE 222,2,10.0,AA
2314020,3,MA 201,4,9.0,AB
2314021,3,CS 222,4,5.0,CD
2314021,3,CS 223,2,7.0,BC
2314021,3,EC 201,3,0.0,F
2314021,3,EC 202,4,4.0,DD
2314021,3,EC 203,4,4.0,DD
2314021,3,EC 211,2,8.0,BB
2314021,3,EE 221,4,5.0,CD
2314021,3,EE 222,2,8.0,BB
2314021,3,MA 201,4,4.0,DD
2314022,3,CS 222,4,6.0,CC
2314022,3,CS 223,2,8.0,BB
2314022,3,EC 201,3,4.0,DD
2314022,3,EC 202,4,6.0,CC
2314022,3,EC 203,4,6.0,CC
2314022,3,EC 211,2,9.0,AB
2314022,3,EE 221,4,5.0,CD
2314022,3,EE 222,2,9.0,AB
2314022,3,MA 201,4,7.0,BC
2314023,3,CS 222,4,7.0,BC
2314023,3,CS 223,2,8.0,BB
2314023,3,EC 201,3,6.0,CC
2314023,3,EC 202,4,8.0,BB
2314023,3,EC 203,4,9.0,AB
2314023,3,EC 211,2,10.0,AA
2314023,3,EE 221,4,7.0,BC
2314023,3,EE 222,2,10.0,AA
2314023,3,MA 201,4,8.0,BB
2314024,3,CS 222,4,9.0,AB
2314024,3,CS 223,2,10.0,AA
2314024,3,EC 201,3,9.0,AB
2314024,3,EC 202,4,9.0,AB
2314024,3,EC 203,4,9.0,AB
2314024,3,EC 211,2,9.0,AB
2314024,3,EE 221,4,8.0,BB
2314024,3,EE 222,2,10.0,AA
2314024,3,MA 201,4,9.0,AB
2314025,3,CS 222,4,8.0,BB
2314025,3,CS 223,2,10.0,AA
2314025,3,EC 201,3,6.0,CC
2314025,3,EC 202,4,8.0,BB
2314025,3,EC 203,4,8.0,BB
2314025,3,EC 211,2,10.0,AA
2314025,3,EE 221,4,7.0,BC
2314025,3,EE 222,2,10.0,AA
2314025,3,MA 201,4,9.0,AB
2314026,3,CS 222,4,8.0,BB
2314026,3,CS 223,2,9.0,AB
2314026,3,EC 201,3,7.0,BC
2314026,3,EC 202,4,10.0,AA
2314026,3,EC 203,4,8.0,BB
2314026,3,EC 211,2,10.0,AA
2314026,3,EE 221,4,6.0,CC
2314026,3,EE 222,2,10.0,AA
2314026,3,MA 201,4,8.0,BB
2314027,3,CS 222,4,8.0,BB
2314027,3,CS 223,2,8.0,BB
2314027,3,EC 201,3,0.0,F
2314027,3,EC 202,4,5.0,CD
2314027,3,EC 203,4,8.0,BB
2314027,3,EC 211,2,9.0,AB
2314027,3,EE 221,4,6.0,CC
2314027,3,EE 222,2,10.0,AA
2314027,3,MA 201,4,7.0,BC
2314028,3,CS 222,4,9.0,AB
2314028,3,CS 223,2,10.0,AA
2314028,3,EC 201,3,5.0,CD
2314028,3,EC 202,4,5.0,CD
2314028,3,EC 203,4,7.0,BC
2314028,3,EC 211,2,8.0,BB
2314028,3,EE 221,4,7.0,BC
2314028,3,EE 222,2,10.0,AA
2314028,3,MA 201,4,6.0,CC
2314029,3,CS 222,4,7.0,BC
2314029,3,CS 223,2,9.0,AB
2314029,3,EC 201,3,4.0,DD
2314029,3,EC 202,4,7.0,BC
2314029,3,EC 203,4,6.0,CC
2314029,3,EC 211,2,9.0,AB
2314029,3,EE 221,4,5.0,CD
2314029,3,EE 222,2,9.0,AB
2314029,3,MA 201,4,5.0,CD
2314030,3,CS 222,4,9.0,AB
2314030,3,CS 223,2,10.0,AA
2314030,3,EC 201,3,10.0,AA
2314030,3,EC 202,4,9.0,AB
2314030,3,EC 203,4,8.0,BB
2314030,3,EC 211,2,10.0,AA
2314030,3,EE 221,4,10.0,AA
2314030,3,EE 222,2,10.0,AA
2314030,3,MA 201,4,9.0,AB
2314031,3,CS 222,4,7.0,BC
2314031,3,CS 223,2,10.0,AA
2314031,3,EC 201,3,5.0,CD
2314031,3,EC 202,4,8.0,BB
2314031,3,EC 203,4,8.0,BB
2314031,3,EC 211,2,9.0,AB
2314031,3,EE 221,4,8.0,BB
2314031,3,EE 222,2,10.0,AA
2314031,3,MA 201,4,9.0,AB
2314032,3,CS 222,4,10.0,AA
2314032,3,CS 223,2,10.0,AA
2314032,3,EC 201,3,7.0,BC
2314032,3,EC 202,4,8.0,BB
2314032,3,EC 203,4,9.0,AB
2314032,3,EC 211,2,9.0,AB
2314032,3,EE 221,4,8.0,BB
2314032,3,EE 222,2,10.0,AA
2314032,3,MA 201,4,8.0,BB
2314033,3,CS 222,4,7.0,BC
2314033,3,CS 223,2,9.0,AB
2314033,3,EC 201,3,0.0,F
2314033,3,EC 202,4,6.0,CC
2314033,3,EC 203,4,0.0,F
2314033,3,EC 211,2,9.0,AB
2314033,3,EE 221,4,0.0,F
2314033,3,EE 222,2,9.0,AB
2314033,3,MA 201,4,7.0,BC
2314034,3,CS 222,4,8.0,BB
2314034,3,CS 223,2,10.0,AA
2314034,3,EC 201,3,8.0,BB
2314034,3,EC 202,4,8.0,BB
2314034,3,EC 203,4,7.0,BC
2314034,3,EC 211,2,10.0,AA
2314034,3,EE 221,4,5.0,CD
2314034,3,EE 222,2,10.0,AA
2314034,3,MA 201,4,8.0,BB
2314035,3,CS 222,4,8.0,BB
2314035,3,CS 223,2,9.0,AB
2314035,3,EC 201,3,6.0,CC
2314035,3,EC 202,4,9.0,AB
2314035,3,EC 203,4,9.0,AB
2314035,3,EC 211,2,10.0,AA
2314035,3,EE 221,4,8.0,BB
2314035,3,EE 222,2,10.0,AA
2314035,3,MA 201,4,8.0,BB
2314036,3,CS 222,4,10.0,AA
2314036,3,CS 223,2,9.0,AB
2314036,3,EC 201,3,10.0,AA
2314036,3,EC 202,4,9.0,AB
2314036,3,EC 203,4,9.0,AB
2314036,3,EC 211,2,10.0,AA
2314036,3,EE 221,4,9.0,AB
2314036,3,EE 222,2,10.0,AA
2314036,3,MA 201,4,9.0,AB
2314037,3,CS 222,4,10.0,AA
2314037,3,CS 223,2,10.0,AA
2314037,3,EC 201,3,6.0,CC
2314037,3,EC 202,4,9.0,AB
2314037,3,EC 203,4,8.0,BB
2314037,3,EC 211,2,10.0,AA
2314037,3,EE 221,4,7.0,BC
2314037,3,EE 222,2,10.0,AA
2314037,3,MA 201,4,8.0,BB
2314038,3,CS 222,4,9.0,AB
2314038,3,CS 223,2,10.0,AA
2314038,3,EC 201,3,4.0,DD
2314038,3,EC 202,4,7.0,BC
2314038,3,EC 203,4,8.0,BB
2314038,3,EC 211,2,10.0,AA
2314038,3,EE 221,4,6.0,CC
2314038,3,EE 222,2,10.0,AA
2314038,3,MA 201,4,7.0,BC
2314040,3,CS 222,4,7.0,BC
2314040,3,CS 223,2,10.0,AA
2314040,3,EC 201,3,5.0,CD
2314040,3,EC 202,4,7.0,BC
2314040,3,EC 203,4,6.0,CC
2314040,3,EC 211,2,10.0,AA
2314040,3,EE 221,4,6.0,CC
2314040,3,EE 222,2,9.0,AB
2314040,3,MA 201,4,6.0,CC
2314041,3,CS 222,4,9.0,AB
2314041,3,CS 223,2,10.0,AA
2314041,3,EC 201,3,7.0,BC
2314041,3,EC 202,4,6.0,CC
2314041,3,EC 203,4,8.0,BB
2314041,3,EC 211,2,10.0,AA
2314041,3,EE 221,4,6.0,CC
2314041,3,EE 222,2,10.0,AA
2314041,3,MA 201,4,9.0,AB
2314042,3,CS 222,4,6.0,CC
2314042,3,CS 223,2,0.0,F
2314042,3,EC 201,3,4.0,DD
2314042,3,EC 202,4,4.0,DD
2314042,3,EC 203,4,4.0,DD
2314042,3,EC 211,2,9.0,AB
2314042,3,EE 221,4,4.0,DD
2314042,3,EE 222,2,10.0,AA
2314042,3,MA 201,4,5.0,CD
2314043,3,CS 222,4,7.0,BC
2314043,3,CS 223,2,10.0,AA
2314043,3,EC 201,3,4.0,DD
2314043,3,EC 202,4,0.0,F
2314043,3,EC 203,4,7.0,BC
2314043,3,EC 211,2,9.0,AB
2314043,3,EE 221,4,6.0,CC
2314043,3,EE 222,2,9.0,AB
2314043,3,MA 201,4,7.0,BC
2314044,3,CS 222,4,8.0,BB
2314044,3,CS 223,2,10.0,AA
2314044,3,EC 201,3,9.0,AB
2314044,3,EC 202,4,8.0,BB
2314044,3,EC 203,4,8.0,BB
2314044,3,EC 211,2,10.0,AA
2314044,3,EE 221,4,7.0,BC
2314044,3,EE 222,2,10.0,AA
2314044,3,MA 201,4,9.0,AB
2314045,3,CS 222,4,10.0,AA
2314045,3,CS 223,2,9.0,AB
2314045,3,EC 201,3,7.0,BC
2314045,3,EC 202,4,8.0,BB
2314045,3,EC 203,4,8.0,BB
2314045,3,EC 211,2,9.0,AB
2314045,3,EE 221,4,7.0,BC
2314045,3,EE 222,2,10.0,AA
2314045,3,MA 201,4,8.0,BB
2314046,3,CS 222,4,9.0,AB
2314046,3,CS 223,2,10.0,AA
2314046,3,EC 201,3,6.0,CC
2314046,3,EC 202,4,9.0,AB
2314046,3,EC 203,4,8.0,BB
2314046,3,EC 211,2,10.0,AA
2314046,3,EE 221,4,8.0,BB
2314046,3,EE 222,2,10.0,AA
2314046,3,MA 201,4,9.0,AB
2314047,3,CS 222,4,9.0,AB
2314047,3,CS 223,2,10.0,AA
2314047,3,EC 201,3,5.0,CD
2314047,3,EC 202,4,7.0,BC
2314047,3,EC 203,4,7.0,BC
2314047,3,EC 211,2,10.0,AA
2314047,3,EE 221,4,6.0,CC
2314047,3,EE 222,2,10.0,AA
2314047,3,MA 201,4,8.0,BB
2314048,3,CS 222,4,8.0,BB
2314048,3,CS 223,2,9.0,AB
2314048,3,EC 201,3,7.0,BC
2314048,3,EC 202,4,8.0,BB
2314048,3,EC 203,4,8.0,BB
2314048,3,EC 211,2,10.0,AA
2314048,3,EE 221,4,7.0,BC
2314048,3,EE 222,2,10.0,AA
2314048,3,MA 201,4,8.0,BB
2314049,3,CS 222,4,9.0,AB
2314049,3,CS 223,2,10.0,AA
2314049,3,EC 201,3,5.0,CD
2314049,3,EC 202,4,8.0,BB
2314049,3,EC 203,4,9.0,AB
2314049,3,EC 211,2,10.0,AA
2314049,3,EE 221,4,6.0,CC
2314049,3,EE 222,2,10.0,AA
2314049,3,MA 201,4,8.0,BB
2314050,3,CS 222,4,0.0,F
2314050,3,CS 223,2,0.0,F
2314050,3,EC 201,3,0.0,F
2314050,3,EC 202,4,0.0,F
2314050,3,EC 203,4,0.0,F
2314050,3,EC 211,2,0.0,F
2314050,3,EE 221,4,0.0,F
2314050,3,EE 222,2,0.0,F
2314050,3,MA 201,4,0.0,F
2314051,3,CS 222,4,8.0,BB
2314051,3,CS 223,2,9.0,AB
2314051,3,EC 201,3,7.0,BC
2314051,3,EC 202,4,8.0,BB
2314051,3,EC 203,4,8.0,BB
2314051,3,EC 211,2,9.0,AB
2314051,3,EE 221,4,7.0,BC
2314051,3,EE 222,2,10.0,AA
2314051,3,MA 201,4,8.0,BB
2314052,3,CS 222,4,7.0,BC
2314052,3,CS 223,2,8.0,BB
2314052,3,EC 201,3,5.0,CD
2314052,3,EC 202,4,7.0,BC
2314052,3,EC 203,4,8.0,BB
2314052,3,EC 211,2,10.0,AA
2314052,3,EE 221,4,7.0,BC
2314052,3,EE 222,2,9.0,AB
2314052,3,MA 201,4,8.0,BB
2314053,3,CS 222,4,0.0,F
2314053,3,CS 223,2,0.0,F
2314053,3,EC 201,3,0.0,F
2314053,3,EC 202,4,0.0,F
2314053,3,EC 203,4,6.0,CC
2314053,3,EC 211,2,0.0,F
2314053,3,EE 221,4,0.0,F
2314053,3,EE 222,2,0.0,F
2314053,3,MA 201,4,0.0,F
2314054,3,CS 222,4,9.0,AB
2314054,3,CS 223,2,10.0,AA
2314054,3,EC 201,3,8.0,BB
2314054,3,EC 202,4,8.0,BB
2314054,3,EC 203,4,9.0,AB
2314054,3,EC 211,2,10.0,AA
2314054,3,EE 221,4,9.0,AB
2314054,3,EE 222,2,10.0,AA
2314054,3,MA 201,4,9.0,AB
2314055,3,CS 222,4,9.0,AB
2314055,3,CS 223,2,10.0,AA
2314055,3,EC 201,3,7.0,BC
2314055,3,EC 202,4,8.0,BB
2314055,3,EC 203,4,8.0,BB
2314055,3,EC 211,2,9.0,AB
2314055,3,EE 221,4,10.0,AA
2314055,3,EE 222,2,10.0,AA
2314055,3,MA 201,4,9.0,AB
2314056,3,CS 222,4,9.0,AB
2314056,3,CS 223,2,10.0,AA
2314056,3,EC 201,3,5.0,CD
2314056,3,EC 202,4,7.0,BC
2314056,3,EC 203,4,8.0,BB
2314056,3,EC 211,2,9.0,AB
2314056,3,EE 221,4,9.0,AB
2314056,3,EE 222,2,9.0,AB
2314056,3,MA 201,4,8.0,BB
2314057,3,CS 222,4,8.0,BB
2314057,3,CS 223,2,9.0,AB
2314057,3,EC 201,3,7.0,BC
2314057,3,EC 202,4,7.0,BC
2314057,3,EC 203,4,8.0,BB
2314057,3,EC 211,2,10.0,AA
2314057,3,EE 221,4,5.0,CD
2314057,3,EE 222,2,9.0,AB
2314057,3,MA 201,4,7.0,BC
2314058,3,CS 222,4,7.0,BC
2314058,3,CS 223,2,10.0,AA
2314058,3,EC 201,3,9.0,AB
2314058,3,EC 202,4,8.0,BB
2314058,3,EC 203,4,8.0,BB
2314058,3,EC 211,2,9.0,AB
2314058,3,EE 221,4,9.0,AB
2314058,3,EE 222,2,10.0,AA
2314058,3,MA 201,4,9.0,AB
2314059,3,CS 222,4,9.0,AB
2314059,3,CS 223,2,9.0,AB
2314059,3,EC 201,3,7.0,BC
2314059,3,EC 202,4,10.0,AA
2314059,3,EC 203,4,9.0,AB
2314059,3,EC 211,2,10.0,AA
2314059,3,EE 221,4,10.0,AA
2314059,3,EE 222,2,10.0,AA
2314059,3,MA 201,4,9.0,AB
2314060,3,CS 222,4,9.0,AB
2314060,3,CS 223,2,10.0,AA
2314060,3,EC 201,3,7.0,BC
2314060,3,EC 202,4,8.0,BB
2314060,3,EC 203,4,8.0,BB
2314060,3,EC 211,2,9.0,AB
2314060,3,EE 221,4,9.0,AB
2314060,3,EE 222,2,10.0,AA
2314060,3,MA 201,4,9.0,AB
2314061,3,CS 222,4,7.0,BC
2314061,3,CS 223,2,9.0,AB
2314061,3,EC 201,3,5.0,CD
2314061,3,EC 202,4,8.0,BB
2314061,3,EC 203,4,9.0,AB
2314061,3,EC 211,2,9.0,AB
2314061,3,EE 221,4,6.0,CC
2314061,3,EE 222,2,8.0,BB
2314061,3,MA 201,4,9.0,AB
2314063,3,CS 222,4,8.0,BB
2314063,3,CS 223,2,10.0,AA
2314063,3,EC 201,3,9.0,AB
2314063,3,EC 202,4,7.0,BC
2314063,3,EC 203,4,8.0,BB
2314063,3,EC 211,2,10.0,AA
2314063,3,EE 221,4,7.0,BC
2314063,3,EE 222,2,10.0,AA
2314063,3,MA 201,4,9.0,AB
2314065,3,CS 222,4,5.0,CD
2314065,3,CS 223,2,6.0,CC
2314065,3,EC 201,3,0.0,F
2314065,3,EC 202,4,4.0,DD
2314065,3,EC 203,4,5.0,CD
2314065,3,EC 211,2,8.0,BB
2314065,3,EE 221,4,4.0,DD
2314065,3,EE 222,2,9.0,AB
2314065,3,MA 201,4,7.0,BC
2314066,3,CS 222,4,9.0,AB
2314066,3,CS 223,2,10.0,AA
2314066,3,EC 201,3,6.0,CC
2314066,3,EC 202,4,8.0,BB
2314066,3,EC 203,4,8.0,BB
2314066,3,EC 211,2,10.0,AA
2314066,3,EE 221,4,7.0,BC
2314066,3,EE 222,2,10.0,AA
2314066,3,MA 201,4,8.0,BB
2314067,3,CS 222,4,9.0,AB
2314067,3,CS 223,2,9.0,AB
2314067,3,EC 201,3,6.0,CC
2314067,3,EC 202,4,10.0,AA
2314067,3,EC 203,4,9.0,AB
2314067,3,EC 211,2,10.0,AA
2314067,3,EE 221,4,10.0,AA
2314067,3,EE 222,2,10.0,AA
2314067,3,MA 201,4,9.0,AB
2314068,3,CS 222,4,8.0,BB
2314068,3,CS 223,2,10.0,AA
2314068,3,EC 201,3,6.0,CC
2314068,3,EC 202,4,6.0,CC
2314068,3,EC 203,4,8.0,BB
2314068,3,EC 211,2,10.0,AA
2314068,3,EE 221,4,10.0,AA
2314068,3,EE 222,2,10.0,AA
2314068,3,MA 201,4,9.0,AB
2314069,3,CS 222,4,8.0,BB
2314069,3,CS 223,2,9.0,AB
2314069,3,EC 201,3,6.0,CC
2314069,3,EC 202,4,6.0,CC
2314069,3,EC 203,4,8.0,BB
2314069,3,EC 211,2,9.0,AB
2314069,3,EE 221,4,7.0,BC
2314069,3,EE 222,2,10.0,AA
2314069,3,MA 201,4,8.0,BB
2314070,3,CS 222,4,7.0,BC
2314070,3,CS 223,2,9.0,AB
2314070,3,EC 201,3,5.0,CD
2314070,3,EC 202,4,7.0,BC
2314070,3,EC 203,4,8.0,BB
2314070,3,EC 211,2,8.0,BB
2314070,3,EE 221,4,7.0,BC
2314070,3,EE 222,2,9.0,AB
2314070,3,MA 201,4,8.0,BB
2314071,3,CS 222,4,9.0,AB
2314071,3,CS 223,2,8.0,BB
2314071,3,EC 201,3,5.0,CD
2314071,3,EC 202,4,8.0,BB
2314071,3,EC 203,4,9.0,AB
2314071,3,EC 211,2,10.0,AA
2314071,3,EE 221,4,8.0,BB
2314071,3,EE 222,2,10.0,AA
2314071,3,MA 201,4,9.0,AB
2314072,3,CS 222,4,5.0,CD
2314072,3,CS 223,2,7.0,BC
2314072,3,EC 201,3,0.0,F
2314072,3,EC 202,4,4.0,DD
2314072,3,EC 203,4,5.0,CD
2314072,3,EC 211,2,8.0,BB
2314072,3,EE 221,4,4.0,DD
2314072,3,EE 222,2,9.0,AB
2314072,3,MA 201,4,5.0,CD
2314073,3,CS 222,4,8.0,BB
2314073,3,CS 223,2,10.0,AA
2314073,3,EC 201,3,5.0,CD
2314073,3,EC 202,4,7.0,BC
2314073,3,EC 203,4,8.0,BB
2314073,3,EC 211,2,10.0,AA
2314073,3,EE 221,4,7.0,BC
2314073,3,EE 222,2,9.0,AB
2314073,3,MA 201,4,9.0,AB
2314074,3,CS 222,4,6.0,CC
2314074,3,CS 223,2,8.0,BB
2314074,3,EC 201,3,5.0,CD
2314074,3,EC 202,4,6.0,CC
2314074,3,EC 203,4,7.0,BC
2314074,3,EC 211,2,9.0,AB
2314074,3,EE 221,4,5.0,CD
2314074,3,EE 222,2,9.0,AB
2314074,3,MA 201,4,6.0,CC
2314075,3,CS 222,4,6.0,CC
2314075,3,CS 223,2,8.0,BB
2314075,3,EC 201,3,4.0,DD
2314075,3,EC 202,4,6.0,CC
2314075,3,EC 203,4,7.0,BC
2314075,3,EC 211,2,9.0,AB
2314075,3,EE 221,4,6.0,CC
2314075,3,EE 222,2,9.0,AB
2314075,3,MA 201,4,6.0,CC
2314076,3,CS 222,4,10.0,AA
2314076,3,CS 223,2,10.0,AA
2314076,3,EC 201,3,7.0,BC
2314076,3,EC 202,4,7.0,BC
2314076,3,EC 203,4,8.0,BB
2314076,3,EC 211,2,10.0,AA
2314076,3,EE 221,4,7.0,BC
2314076,3,EE 222,2,9.0,AB
2314076,3,MA 201,4,8.0,BB
2314077,3,CS 222,4,10.0,AA
2314077,3,CS 223,2,8.0,BB
2314077,3,EC 201,3,7.0,BC
2314077,3,EC 202,4,9.0,AB
2314077,3,EC 203,4,8.0,BB
2314077,3,EC 211,2,10.0,AA
2314077,3,EE 221,4,9.0,AB
2314077,3,EE 222,2,10.0,AA
2314077,3,MA 201,4,9.0,AB
2314078,3,CS 222,4,6.0,CC
2314078,3,CS 223,2,9.0,AB
2314078,3,EC 201,3,4.0,DD
2314078,3,EC 202,4,7.0,BC
2314078,3,EC 203,4,10.0,AA
2314078,3,EC 211,2,9.0,AB
2314078,3,EE 221,4,5.0,CD
2314078,3,EE 222,2,9.0,AB
2314078,3,MA 201,4,9.0,AB
2314079,3,CS 222,4,10.0,AA
2314079,3,CS 223,2,10.0,AA
2314079,3,EC 201,3,10.0,AA
2314079,3,EC 202,4,9.0,AB
2314079,3,EC 203,4,10.0,AA
2314079,3,EC 211,2,10.0,AA
2314079,3,EE 221,4,9.0,AB
2314079,3,EE 222,2,10.0,AA
2314079,3,MA 201,4,9.0,AB
2314080,3,CS 222,4,9.0,AB
2314080,3,CS 223,2,10.0,AA
2314080,3,EC 201,3,6.0,CC
2314080,3,EC 202,4,7.0,BC
2314080,3,EC 203,4,8.0,BB
2314080,3,EC 211,2,9.0,AB
2314080,3,EE 221,4,7.0,BC
2314080,3,EE 222,2,9.0,AB
2314080,3,MA 201,4,9.0,AB
2314081,3,CS 222,4,6.0,CC
2314081,3,CS 223,2,7.0,BC
2314081,3,EC 201,3,0.0,F
2314081,3,EC 202,4,4.0,DD
2314081,3,EC 203,4,5.0,CD
2314081,3,EC 211,2,8.0,BB
2314081,3,EE 221,4,4.0,DD
2314081,3,EE 222,2,8.0,BB
2314081,3,MA 201,4,5.0,CD
2314082,3,CS 222,4,9.0,AB
2314082,3,CS 223,2,9.0,AB
2314082,3,EC 201,3,8.0,BB
2314082,3,EC 202,4,9.0,AB
2314082,3,EC 203,4,7.0,BC
2314082,3,EC 211,2,10.0,AA
2314082,3,EE 221,4,6.0,CC
2314082,3,EE 222,2,10.0,AA
2314082,3,MA 201,4,7.0,BC
2314083,3,CS 222,4,9.0,AB
2314083,3,CS 223,2,10.0,AA
2314083,3,EC 201,3,8.0,BB
2314083,3,EC 202,4,9.0,AB
2314083,3,EC 203,4,9.0,AB
2314083,3,EC 211,2,10.0,AA
2314083,3,EE 221,4,9.0,AB
2314083,3,EE 222,2,10.0,AA
2314083,3,MA 201,4,9.0,AB
2314084,3,CS 222,4,9.0,AB
2314084,3,CS 223,2,9.0,AB
2314084,3,EC 201,3,6.0,CC
2314084,3,EC 202,4,7.0,BC
2314084,3,EC 203,4,8.0,BB
2314084,3,EC 211,2,10.0,AA
2314084,3,EE 221,4,8.0,BB
2314084,3,EE 222,2,10.0,AA
2314084,3,MA 201,4,8.0,BB
2314085,3,CS 222,4,10.0,AA
2314085,3,CS 223,2,10.0,AA
2314085,3,EC 201,3,9.0,AB
2314085,3,EC 202,4,9.0,AB
2314085,3,EC 203,4,9.0,AB
2314085,3,EC 211,2,10.0,AA
2314085,3,EE 221,4,9.0,AB
2314085,3,EE 222,2,10.0,AA
2314085,3,MA 201,4,10.0,AA
2314086,3,CS 222,4,8.0,BB
2314086,3,CS 223,2,8.0,BB
2314086,3,EC 201,3,7.0,BC
2314086,3,EC 202,4,8.0,BB
2314086,3,EC 203,4,8.0,BB
2314086,3,EC 211,2,9.0,AB
2314086,3,EE 221,4,7.0,BC
2314086,3,EE 222,2,9.0,AB
2314086,3,MA 201,4,7.0,BC
2314087,3,CS 222,4,7.0,BC
2314087,3,CS 223,2,8.0,BB
2314087,3,EC 201,3,5.0,CD
2314087,3,EC 202,4,8.0,BB
2314087,3,EC 203,4,7.0,BC
2314087,3,EC 211,2,10.0,AA
2314087,3,EE 221,4,7.0,BC
2314087,3,EE 222,2,10.0,AA
2314087,3,MA 201,4,8.0,BB
2314088,3,CS 222,4,9.0,AB
2314088,3,CS 223,2,8.0,BB
2314088,3,EC 201,3,5.0,CD
2314088,3,EC 202,4,8.0,BB
2314088,3,EC 203,4,6.0,CC
2314088,3,EC 211,2,9.0,AB
2314088,3,EE 221,4,7.0,BC
2314088,3,EE 222,2,9.0,AB
2314088,3,MA 201,4,7.0,BC
2314089,3,CS 222,4,9.0,AB
2314089,3,CS 223,2,9.0,AB
2314089,3,EC 201,3,5.0,CD
2314089,3,EC 202,4,6.0,CC
2314089,3,EC 203,4,8.0,BB
2314089,3,EC 211,2,10.0,AA
2314089,3,EE 221,4,7.0,BC
2314089,3,EE 222,2,9.0,AB
2314089,3,MA 201,4,8.0,BB
2314090,3,CS 222,4,7.0,BC
2314090,3,CS 223,2,9.0,AB
2314090,3,EC 201,3,5.0,CD
2314090,3,EC 202,4,6.0,CC
2314090,3,EC 203,4,8.0,BB
2314090,3,EC 211,2,10.0,AA
2314090,3,EE 221,4,7.0,BC
2314090,3,EE 222,2,8.0,BB
2314090,3,MA 201,4,7.0,BC
2314091,3,CS 222,4,9.0,AB
2314091,3,CS 223,2,9.0,AB
2314091,3,EC 201,3,7.0,BC
2314091,3,EC 202,4,9.0,AB
2314091,3,EC 203,4,8.0,BB
2314091,3,EC 211,2,10.0,AA
2314091,3,EE 221,4,9.0,AB
2314091,3,EE 222,2,8.0,BB
2314091,3,MA 201,4,8.0,BB
2314092,3,CS 222,4,9.0,AB
2314092,3,CS 223,2,9.0,AB
2314092,3,EC 201,3,8.0,BB
2314092,3,EC 202,4,9.0,AB
2314092,3,EC 203,4,10.0,AA
2314092,3,EC 211,2,10.0,AA
2314092,3,EE 221,4,9.0,AB
2314092,3,EE 222,2,10.0,AA
2314092,3,MA 201,4,9.0,AB
2314093,3,CS 222,4,8.0,BB
2314093,3,CS 223,2,9.0,AB
2314093,3,EC 201,3,7.0,BC
2314093,3,EC 202,4,9.0,AB
2314093,3,EC 203,4,9.0,AB
2314093,3,EC 211,2,10.0,AA
2314093,3,EE 221,4,7.0,BC
2314093,3,EE 222,2,8.0,BB
2314093,3,MA 201,4,8.0,BB
2314094,3,CS 222,4,9.0,AB
2314094,3,CS 223,2,9.0,AB
2314094,3,EC 201,3,6.0,CC
2314094,3,EC 202,4,9.0,AB
2314094,3,EC 203,4,9.0,AB
2314094,3,EC 211,2,10.0,AA
2314094,3,EE 221,4,9.0,AB
2314094,3,EE 222,2,8.0,BB
2314094,3,MA 201,4,8.0,BB
2314095,3,CS 222,4,8.0,BB
2314095,3,CS 223,2,8.0,BB
2314095,3,EC 201,3,7.0,BC
2314095,3,EC 202,4,8.0,BB
2314095,3,EC 203,4,9.0,AB
2314095,3,EC 211,2,10.0,AA
2314095,3,EE 221,4,9.0,AB
2314095,3,EE 222,2,8.0,BB
2314095,3,MA 201,4,8.0,BB
2314096,3,CS 222,4,10.0,AA
2314096,3,CS 223,2,9.0,AB
2314096,3,EC 201,3,8.0,BB
2314096,3,EC 202,4,10.0,AA
2314096,3,EC 203,4,10.0,AA
2314096,3,EC 211,2,10.0,AA
2314096,3,EE 221,4,8.0,BB
2314096,3,EE 222,2,9.0,AB
2314096,3,MA 201,4,8.0,BB
2314097,3,CS 222,4,8.0,BB
2314097,3,CS 223,2,8.0,BB
2314097,3,EC 201,3,9.0,AB
2314097,3,EC 202,4,10.0,AA
2314097,3,EC 203,4,9.0,AB
2314097,3,EC 211,2,10.0,AA
2314097,3,EE 221,4,10.0,AA
2314097,3,EE 222,2,10.0,AA
2314097,3,MA 201,4,9.0,AB
2314099,3,CS 222,4,7.0,BC
2314099,3,CS 223,2,8.0,BB
2314099,3,EC 201,3,5.0,CD
2314099,3,EC 202,4,6.0,CC
2314099,3,EC 203,4,7.0,BC
2314099,3,EC 211,2,10.0,AA
2314099,3,EE 221,4,6.0,CC
2314099,3,EE 222,2,9.0,AB
2314099,3,MA 201,4,5.0,CD
2314100,3,CS 222,4,8.0,BB
2314100,3,CS 223,2,9.0,AB
2314100,3,EC 201,3,6.0,CC
2314100,3,EC 202,4,8.0,BB
2314100,3,EC 203,4,8.0,BB
2314100,3,EC 211,2,9.0,AB
2314100,3,EE 221,4,7.0,BC
2314100,3,EE 222,2,9.0,AB
2314100,3,MA 201,4,8.0,BB
2314102,3,CS 222,4,5.0,CD
2314102,3,CS 223,2,7.0,BC
2314102,3,EC 201,3,4.0,DD
2314102,3,EC 202,4,5.0,CD
2314102,3,EC 203,4,6.0,CC
2314102,3,EC 211,2,9.0,AB
2314102,3,EE 221,4,7.0,BC
2314102,3,EE 222,2,8.0,BB
2314102,3,MA 201,4,0.0,F
2314103,3,CS 222,4,5.0,CD
2314103,3,CS 223,2,6.0,CC
2314103,3,EC 201,3,0.0,F
2314103,3,EC 202,4,5.0,CD
2314103,3,EC 203,4,7.0,BC
2314103,3,EC 211,2,8.0,BB
2314103,3,EE 221,4,7.0,BC
2314103,3,EE 222,2,9.0,AB
2314103,3,MA 201,4,6.0,CC
2314104,3,CS 222,4,8.0,BB
2314104,3,CS 223,2,8.0,BB
2314104,3,EC 201,3,6.0,CC
2314104,3,EC 202,4,9.0,AB
2314104,3,EC 203,4,9.0,AB
2314104,3,EC 211,2,10.0,AA
2314104,3,EE 221,4,9.0,AB
2314104,3,EE 222,2,10.0,AA
2314104,3,MA 201,4,10.0,AA
2314105,3,CS 222,4,9.0,AB
2314105,3,CS 223,2,8.0,BB
2314105,3,EC 201,3,6.0,CC
2314105,3,EC 202,4,8.0,BB
2314105,3,EC 203,4,9.0,AB
2314105,3,EC 211,2,10.0,AA
2314105,3,EE 221,4,8.0,BB
2314105,3,EE 222,2,9.0,AB
2314105,3,MA 201,4,8.0,BB
2314106,3,CS 222,4,9.0,AB
2314106,3,CS 223,2,8.0,BB
2314106,3,EC 201,3,9.0,AB
2314106,3,EC 202,4,9.0,AB
2314106,3,EC 203,4,9.0,AB
2314106,3,EC 211,2,10.0,AA
2314106,3,EE 221,4,8.0,BB
2314106,3,EE 222,2,9.0,AB
2314106,3,MA 201,4,7.0,BC
2314107,3,CS 222,4,9.0,AB
2314107,3,CS 223,2,9.0,AB
2314107,3,EC 201,3,7.0,BC
2314107,3,EC 202,4,10.0,AA
2314107,3,EC 203,4,9.0,AB
2314107,3,EC 211,2,10.0,AA
2314107,3,EE 221,4,7.0,BC
2314107,3,EE 222,2,9.0,AB
2314107,3,MA 201,4,8.0,BB
2314108,3,CS 222,4,9.0,AB
2314108,3,CS 223,2,9.0,AB
2314108,3,EC 201,3,8.0,BB
2314108,3,EC 202,4,10.0,AA
2314108,3,EC 203,4,10.0,AA
2314108,3,EC 211,2,10.0,AA
2314108,3,EE 221,4,8.0,BB
2314108,3,EE 222,2,9.0,AB
2314108,3,MA 201,4,8.0,BB
2314109,3,CS 222,4,6.0,CC
2314109,3,CS 223,2,6.0,CC
2314109,3,EC 201,3,4.0,DD
2314109,3,EC 202,4,5.0,CD
2314109,3,EC 203,4,5.0,CD
2314109,3,EC 211,2,8.0,BB
2314109,3,EE 221,4,6.0,CC
2314109,3,EE 222,2,8.0,BB
2314109,3,MA 201,4,6.0,CC
2314110,3,CS 222,4,9.0,AB
2314110,3,CS 223,2,8.0,BB
2314110,3,EC 201,3,6.0,CC
2314110,3,EC 202,4,8.0,BB
2314110,3,EC 203,4,9.0,AB
2314110,3,EC 211,2,9.0,AB
2314110,3,EE 221,4,8.0,BB
2314110,3,EE 222,2,9.0,AB
2314110,3,MA 201,4,9.0,AB
2314111,3,CS 222,4,9.0,AB
2314111,3,CS 223,2,9.0,AB
2314111,3,EC 201,3,6.0,CC
2314111,3,EC 202,4,9.0,AB
2314111,3,EC 203,4,9.0,AB
2314111,3,EC 211,2,10.0,AA
2314111,3,EE 221,4,8.0,BB
2314111,3,EE 222,2,9.0,AB
2314111,3,MA 201,4,9.0,AB
2314112,3,CS 222,4,9.0,AB
2314112,3,CS 223,2,8.0,BB
2314112,3,EC 201,3,7.0,BC
2314112,3,EC 202,4,9.0,AB
2314112,3,EC 203,4,8.0,BB
2314112,3,EC 211,2,10.0,AA
2314112,3,EE 221,4,7.0,BC
2314112,3,EE 222,2,9.0,AB
2314112,3,MA 201,4,8.0,BB
2314113,3,CS 222,4,8.0,BB
2314113,3,CS 223,2,8.0,BB
2314113,3,EC 201,3,4.0,DD
2314113,3,EC 202,4,7.0,BC
2314113,3,EC 203,4,8.0,BB
2314113,3,EC 211,2,10.0,AA
2314113,3,EE 221,4,9.0,AB
2314113,3,EE 222,2,8.0,BB
2314113,3,MA 201,4,9.0,AB
2314114,3,CS 222,4,7.0,BC
2314114,3,CS 223,2,7.0,BC
2314114,3,EC 201,3,5.0,CD
2314114,3,EC 202,4,7.0,BC
2314114,3,EC 203,4,9.0,AB
2314114,3,EC 211,2,10.0,AA
2314114,3,EE 221,4,7.0,BC
2314114,3,EE 222,2,9.0,AB
2314114,3,MA 201,4,6.0,CC
2314115,3,CS 222,4,8.0,BB
2314115,3,CS 223,2,7.0,BC
2314115,3,EC 201,3,6.0,CC
2314115,3,EC 202,4,8.0,BB
2314115,3,EC 203,4,9.0,AB
2314115,3,EC 211,2,10.0,AA
2314115,3,EE 221,4,7.0,BC
2314115,3,EE 222,2,10.0,AA
2314115,3,MA 201,4,7.0,BC
2314116,3,CS 222,4,6.0,CC
2314116,3,CS 223,2,7.0,BC
2314116,3,EC 201,3,5.0,CD
2314116,3,EC 202,4,7.0,BC
2314116,3,EC 203,4,7.0,BC
2314116,3,EC 211,2,9.0,AB
2314116,3,EE 221,4,6.0,CC
2314116,3,EE 222,2,7.0,BC
2314116,3,MA 201,4,5.0,CD
2314117,3,CS 222,4,5.0,CD
2314117,3,CS 223,2,6.0,CC
2314117,3,EC 201,3,4.0,DD
2314117,3,EC 202,4,6.0,CC
2314117,3,EC 203,4,4.0,DD
2314117,3,EC 211,2,9.0,AB
2314117,3,EE 221,4,6.0,CC
2314117,3,EE 222,2,8.0,BB
2314117,3,MA 201,4,5.0,CD
2314118,3,CS 222,4,8.0,BB
2314118,3,CS 223,2,8.0,BB
2314118,3,EC 201,3,6.0,CC
2314118,3,EC 202,4,9.0,AB
2314118,3,EC 203,4,10.0,AA
2314118,3,EC 211,2,10.0,AA
2314118,3,EE 221,4,8.0,BB
2314118,3,EE 222,2,8.0,BB
2314118,3,MA 201,4,10.0,AA
2314119,3,CS 222,4,0.0,F
2314119,3,CS 223,2,7.0,BC
2314119,3,EC 201,3,0.0,F
2314119,3,EC 202,4,5.0,CD
2314119,3,EC 203,4,5.0,CD
2314119,3,EC 211,2,9.0,AB
2314119,3,EE 221,4,7.0,BC
2314119,3,EE 222,2,8.0,BB
2314119,3,MA 201,4,6.0,CC
2314120,3,CS 222,4,8.0,BB
2314120,3,CS 223,2,9.0,AB
2314120,3,EC 201,3,6.0,CC
2314120,3,EC 202,4,8.0,BB
2314120,3,EC 203,4,7.0,BC
2314120,3,EC 211,2,9.0,AB
2314120,3,EE 221,4,7.0,BC
2314120,3,EE 222,2,8.0,BB
2314120,3,MA 201,4,7.0,BC
2314121,3,CS 222,4,7.0,BC
2314121,3,CS 223,2,9.0,AB
2314121,3,EC 201,3,6.0,CC
2314121,3,EC 202,4,8.0,BB
2314121,3,EC 203,4,7.0,BC
2314121,3,EC 211,2,10.0,AA
2314121,3,EE 221,4,7.0,BC
2314121,3,EE 222,2,10.0,AA
2314121,3,MA 201,4,8.0,BB
2314122,3,CS 222,4,9.0,AB
2314122,3,CS 223,2,9.0,AB
2314122,3,EC 201,3,6.0,CC
2314122,3,EC 202,4,8.0,BB
2314122,3,EC 203,4,8.0,BB
2314122,3,EC 211,2,9.0,AB
2314122,3,EE 221,4,8.0,BB
2314122,3,EE 222,2,9.0,AB
2314122,3,MA 201,4,9.0,AB
2314123,3,CS 222,4,7.0,BC
2314123,3,CS 223,2,9.0,AB
2314123,3,EC 201,3,6.0,CC
2314123,3,EC 202,4,7.0,BC
2314123,3,EC 203,4,8.0,BB
2314123,3,EC 211,2,9.0,AB
2314123,3,EE 221,4,7.0,BC
2314123,3,EE 222,2,8.0,BB
2314123,3,MA 201,4,7.0,BC
2314124,3,CS 222,4,9.0,AB
2314124,3,CS 223,2,9.0,AB
2314124,3,EC 201,3,6.0,CC
2314124,3,EC 202,4,9.0,AB
2314124,3,EC 203,4,9.0,AB
2314124,3,EC 211,2,10.0,AA
2314124,3,EE 221,4,8.0,BB
2314124,3,EE 222,2,9.0,AB
2314124,3,MA 201,4,8.0,BB
2314125,3,CS 222,4,9.0,AB
2314125,3,CS 223,2,9.0,AB
2314125,3,EC 201,3,5.0,CD
2314125,3,EC 202,4,7.0,BC
2314125,3,EC 203,4,9.0,AB
2314125,3,EC 211,2,10.0,AA
2314125,3,EE 221,4,7.0,BC
2314125,3,EE 222,2,9.0,AB
2314125,3,MA 201,4,8.0,BB
2314126,3,CS 222,4,9.0,AB
2314126,3,CS 223,2,9.0,AB
2314126,3,EC 201,3,6.0,CC
2314126,3,EC 202,4,7.0,BC
2314126,3,EC 203,4,8.0,BB
2314126,3,EC 211,2,9.0,AB
2314126,3,EE 221,4,5.0,CD
2314126,3,EE 222,2,10.0,AA
2314126,3,MA 201,4,5.0,CD
2314127,3,CS 222,4,8.0,BB
2314127,3,CS 223,2,7.0,BC
2314127,3,EC 201,3,5.0,CD
2314127,3,EC 202,4,8.0,BB
2314127,3,EC 203,4,10.0,AA
2314127,3,EC 211,2,10.0,AA
2314127,3,EE 221,4,6.0,CC
2314127,3,EE 222,2,10.0,AA
2314127,3,MA 201,4,10.0,AA
2314128,3,CS 222,4,8.0,BB
2314128,3,CS 223,2,7.0,BC
2314128,3,EC 201,3,4.0,DD
2314128,3,EC 202,4,7.0,BC
2314128,3,EC 203,NA,,NA
2314128,3,EC 211,2,9.0,AB
2314128,3,EE 221,4,5.0,CD
2314128,3,EE 222,2,10.0,AA
2314128,3,MA 201,4,7.0,BC
2314129,3,CS 222,4,6.0,CC
2314129,3,CS 223,2,6.0,CC
2314129,3,EC 201,3,4.0,DD
2314129,3,EC 202,4,7.0,BC
2314129,3,EC 203,4,7.0,BC
2314129,3,EC 211,2,10.0,AA
2314129,3,EE 221,4,7.0,BC
2314129,3,EE 222,2,10.0,AA
2314129,3,MA 201,4,7.0,BC
2314130,3,CS 222,4,9.0,AB
2314130,3,CS 223,2,8.0,BB
2314130,3,EC 201,3,5.0,CD
2314130,3,EC 202,4,7.0,BC
2314130,3,EC 203,4,7.0,BC
2314130,3,EC 211,2,10.0,AA
2314130,3,EE 221,4,7.0,BC
2314130,3,EE 222,2,9.0,AB
2314130,3,MA 201,4,7.0,BC
2314131,3,CS 222,4,9.0,AB
2314131,3,CS 223,2,8.0,BB
2314131,3,EC 201,3,0.0,F
2314131,3,EC 202,4,6.0,CC
2314131,3,EC 203,4,7.0,BC
2314131,3,EC 211,2,9.0,AB
2314131,3,EE 221,4,6.0,CC
2314131,3,EE 222,2,10.0,AA
2314131,3,MA 201,4,7.0,BC
2314132,3,CS 222,4,5.0,CD
2314132,3,CS 223,2,7.0,BC
2314132,3,EC 201,3,4.0,DD
2314132,3,EC 202,4,4.0,DD
2314132,3,EC 203,NA,,NA
2314132,3,EC 211,2,8.0,BB
2314132,3,EE 221,4,6.0,CC
2314132,3,EE 222,2,10.0,AA
2314132,3,MA 201,4,6.0,CC
2314133,3,CS 222,4,7.0,BC
2314133,3,CS 223,2,8.0,BB
2314133,3,EC 201,3,7.0,BC
2314133,3,EC 202,4,9.0,AB
2314133,3,EC 203,4,10.0,AA
2314133,3,EC 211,2,10.0,AA
2314133,3,EE 221,4,9.0,AB
2314133,3,EE 222,2,10.0,AA
2314133,3,MA 201,4,9.0,AB
2314134,3,CS 222,4,7.0,BC
2314134,3,CS 223,2,8.0,BB
2314134,3,EC 201,3,4.0,DD
2314134,3,EC 202,4,5.0,CD
2314134,3,EC 203,4,6.0,CC
2314134,3,EC 211,2,8.0,BB
2314134,3,EE 221,4,7.0,BC
2314134,3,EE 222,2,10.0,AA
2314134,3,MA 201,4,7.0,BC
2314136,3,CS 222,4,7.0,BC
2314136,3,CS 223,2,8.0,BB
2314136,3,EC 201,3,5.0,CD
2314136,3,EC 202,4,8.0,BB
2314136,3,EC 203,4,9.0,AB
2314136,3,EC 211,2,9.0,AB
2314136,3,EE 221,4,8.0,BB
2314136,3,EE 222,2,9.0,AB
2314136,3,MA 201,4,7.0,BC
2314137,3,CS 222,4,5.0,CD
2314137,3,CS 223,2,8.0,BB
2314137,3,EC 201,3,5.0,CD
2314137,3,EC 202,4,6.0,CC
2314137,3,EC 203,4,6.0,CC
2314137,3,EC 211,2,8.0,BB
2314137,3,EE 221,4,5.0,CD
2314137,3,EE 222,2,10.0,AA
2314137,3,MA 201,4,6.0,CC
2314138,3,CS 222,4,6.0,CC
2314138,3,CS 223,2,7.0,BC
2314138,3,EC 201,3,4.0,DD
2314138,3,EC 202,4,7.0,BC
2314138,3,EC 203,4,9.0,AB
2314138,3,EC 211,2,9.0,AB
2314138,3,EE 221,4,6.0,CC
2314138,3,EE 222,2,9.0,AB
2314138,3,MA 201,4,7.0,BC
2314139,3,CS 222,4,7.0,BC
2314139,3,CS 223,2,9.0,AB
2314139,3,EC 201,3,7.0,BC
2314139,3,EC 202,4,9.0,AB
2314139,3,EC 203,4,8.0,BB
2314139,3,EC 211,2,10.0,AA
2314139,3,EE 221,4,9.0,AB
2314139,3,EE 222,2,10.0,AA
2314139,3,MA 201,4,9.0,AB
2314140,3,CS 222,4,6.0,CC
2314140,3,CS 223,2,9.0,AB
2314140,3,EC 201,3,4.0,DD
2314140,3,EC 202,4,5.0,CD
2314140,3,EC 203,4,7.0,BC
2314140,3,EC 211,2,9.0,AB
2314140,3,EE 221,4,5.0,CD
2314140,3,EE 222,2,10.0,AA
2314140,3,MA 201,4,7.0,BC
2314141,3,CS 222,4,9.0,AB
2314141,3,CS 223,2,9.0,AB
2314141,3,EC 201,3,8.0,BB
2314141,3,EC 202,4,9.0,AB
2314141,3,EC 203,4,10.0,AA
2314141,3,EC 211,2,10.0,AA
2314141,3,EE 221,4,9.0,AB
2314141,3,EE 222,2,10.0,AA
2314141,3,MA 201,4,8.0,BB
2314142,3,CS 222,4,7.0,BC
2314142,3,CS 223,2,8.0,BB
2314142,3,EC 201,3,8.0,BB
2314142,3,EC 202,4,10.0,AA
2314142,3,EC 203,4,9.0,AB
2314142,3,EC 211,2,10.0,AA
2314142,3,EE 221,4,10.0,AA
2314142,3,EE 222,2,10.0,AA
2314142,3,MA 201,4,9.0,AB
2314143,3,CS 222,4,8.0,BB
2314143,3,CS 223,2,9.0,AB
2314143,3,EC 201,3,5.0,CD
2314143,3,EC 202,4,8.0,BB
2314143,3,EC 203,4,7.0,BC
2314143,3,EC 211,2,9.0,AB
2314143,3,EE 221,4,7.0,BC
2314143,3,EE 222,2,9.0,AB
2314143,3,MA 201,4,9.0,AB
2314144,3,CS 222,4,8.0,BB
2314144,3,CS 223,2,9.0,AB
2314144,3,EC 201,3,7.0,BC
2314144,3,EC 202,4,10.0,AA
2314144,3,EC 203,4,9.0,AB
2314144,3,EC 211,2,10.0,AA
2314144,3,EE 221,4,9.0,AB
2314144,3,EE 222,2,10.0,AA
2314144,3,MA 201,4,10.0,AA
2314145,3,CS 222,4,7.0,BC
2314145,3,CS 223,2,7.0,BC
2314145,3,EC 201,3,4.0,DD
2314145,3,EC 202,4,6.0,CC
2314145,3,EC 203,4,5.0,CD
2314145,3,EC 211,2,10.0,AA
2314145,3,EE 221,4,7.0,BC
2314145,3,EE 222,2,9.0,AB
2314145,3,MA 201,4,6.0,CC
2314146,3,CS 222,4,9.0,AB
2314146,3,CS 223,2,10.0,AA
2314146,3,EC 201,3,6.0,CC
2314146,3,EC 202,4,9.0,AB
2314146,3,EC 203,4,9.0,AB
2314146,3,EC 211,2,10.0,AA
2314146,3,EE 221,4,9.0,AB
2314146,3,EE 222,2,10.0,AA
2314146,3,MA 201,4,9.0,AB
2314147,3,CS 222,4,9.0,AB
2314147,3,CS 223,2,9.0,AB
2314147,3,EC 201,3,5.0,CD
2314147,3,EC 202,4,8.0,BB
2314147,3,EC 203,4,9.0,AB
2314147,3,EC 211,2,9.0,AB
2314147,3,EE 221,4,7.0,BC
2314147,3,EE 222,2,9.0,AB
2314147,3,MA 201,4,9.0,AB
2314148,3,CS 222,4,9.0,AB
2314148,3,CS 223,2,8.0,BB
2314148,3,EC 201,3,6.0,CC
2314148,3,EC 202,4,9.0,AB
2314148,3,EC 203,4,10.0,AA
2314148,3,EC 211,2,9.0,AB
2314148,3,EE 221,4,9.0,AB
2314148,3,EE 222,2,10.0,AA
2314148,3,MA 201,4,8.0,BB
2314149,3,CS 222,4,6.0,CC
2314149,3,CS 223,2,9.0,AB
2314149,3,EC 201,3,6.0,CC
2314149,3,EC 202,4,9.0,AB
2314149,3,EC 203,4,7.0,BC
2314149,3,EC 211,2,10.0,AA
2314149,3,EE 221,4,7.0,BC
2314149,3,EE 222,2,10.0,AA
2314149,3,MA 201,4,8.0,BB
2314151,3,CS 222,4,7.0,BC
2314151,3,CS 223,2,9.0,AB
2314151,3,EC 201,3,7.0,BC
2314151,3,EC 202,4,7.0,BC
2314151,3,EC 203,4,10.0,AA
2314151,3,EC 211,2,10.0,AA
2314151,3,EE 221,4,7.0,BC
2314151,3,EE 222,2,9.0,AB
2314151,3,MA 201,4,8.0,BB
2314152,3,CS 222,4,10.0,AA
2314152,3,CS 223,2,9.0,AB
2314152,3,EC 201,3,7.0,BC
2314152,3,EC 202,4,9.0,AB
2314152,3,EC 203,4,10.0,AA
2314152,3,EC 211,2,10.0,AA
2314152,3,EE 221,4,8.0,BB
2314152,3,EE 222,2,10.0,AA
2314152,3,MA 201,4,9.0,AB
2314153,3,CS 222,4,7.0,BC
2314153,3,CS 223,2,9.0,AB
2314153,3,EC 201,3,5.0,CD
2314153,3,EC 202,4,5.0,CD
2314153,3,EC 203,4,7.0,BC
2314153,3,EC 211,2,9.0,AB
2314153,3,EE 221,4,6.0,CC
2314153,3,EE 222,2,10.0,AA
2314153,3,MA 201,4,7.0,BC
2314154,3,CS 222,4,8.0,BB
2314154,3,CS 223,2,9.0,AB
2314154,3,EC 201,3,6.0,CC
2314154,3,EC 202,4,10.0,AA
2314154,3,EC 203,4,9.0,AB
2314154,3,EC 211,2,10.0,AA
2314154,3,EE 221,4,8.0,BB
2314154,3,EE 222,2,9.0,AB
2314154,3,MA 201,4,9.0,AB
2314155,3,CS 222,4,7.0,BC
2314155,3,CS 223,2,7.0,BC
2314155,3,EC 201,3,5.0,CD
2314155,3,EC 202,4,7.0,BC
2314155,3,EC 203,4,9.0,AB
2314155,3,EC 211,2,10.0,AA
2314155,3,EE 221,4,7.0,BC
2314155,3,EE 222,2,10.0,AA
2314155,3,MA 201,4,7.0,BC
2314156,3,CS 222,4,9.0,AB
2314156,3,CS 223,2,9.0,AB
2314156,3,EC 201,3,5.0,CD
2314156,3,EC 202,4,9.0,AB
2314156,3,EC 203,4,7.0,BC
2314156,3,EC 211,2,10.0,AA
2314156,3,EE 221,4,8.0,BB
2314156,3,EE 222,2,9.0,AB
2314156,3,MA 201,4,6.0,CC
2314157,3,CS 222,4,8.0,BB
2314157,3,CS 223,2,9.0,AB
2314157,3,EC 201,3,6.0,CC
2314157,3,EC 202,4,9.0,AB
2314157,3,EC 203,4,9.0,AB
2314157,3,EC 211,2,10.0,AA
2314157,3,EE 221,4,8.0,BB
2314157,3,EE 222,2,10.0,AA
2314157,3,MA 201,4,10.0,AA
2314158,3,CS 222,4,7.0,BC
2314158,3,CS 223,2,8.0,BB
2314158,3,EC 201,3,5.0,CD
2314158,3,EC 202,4,6.0,CC
2314158,3,EC 203,4,7.0,BC
2314158,3,EC 211,2,9.0,AB
2314158,3,EE 221,4,7.0,BC
2314158,3,EE 222,2,10.0,AA
2314158,3,MA 201,4,6.0,CC
2314159,3,CS 222,4,5.0,CD
2314159,3,CS 223,2,8.0,BB
2314159,3,EC 201,3,0.0,F
2314159,3,EC 202,4,4.0,DD
2314159,3,EC 203,4,7.0,BC
2314159,3,EC 211,2,8.0,BB
2314159,3,EE 221,4,7.0,BC
2314159,3,EE 222,2,9.0,AB
2314159,3,MA 201,4,6.0,CC
2314160,3,CS 222,4,0.0,F
2314160,3,CS 223,2,0.0,F
2314160,3,EC 201,3,0.0,F
2314160,3,EC 202,4,0.0,F
2314160,3,EC 203,4,0.0,F
2314160,3,EC 211,2,0.0,F
2314160,3,EE 221,4,0.0,F
2314160,3,EE 222,2,0.0,F
2314160,3,MA 201,4,0.0,F
2314161,3,CS 222,4,5.0,CD
2314161,3,CS 223,2,7.0,BC
2314161,3,EC 201,3,0.0,F
2314161,3,EC 202,4,4.0,DD
2314161,3,EC 203,4,5.0,CD
2314161,3,EC 211,2,9.0,AB
2314161,3,EE 221,4,6.0,CC
2314161,3,EE 222,2,9.0,AB
2314161,3,MA 201,4,4.0,DD
2314162,3,CS 222,4,4.0,DD
2314162,3,CS 223,2,7.0,BC
2314162,3,EC 201,3,0.0,F
2314162,3,EC 202,4,4.0,DD
2314162,3,EC 203,4,0.0,F
2314162,3,EC 211,2,8.0,BB
2314162,3,EE 221,4,4.0,DD
2314162,3,EE 222,2,8.0,BB
2314162,3,MA 201,4,0.0,F
2314163,3,CS 222,4,4.0,DD
2314163,3,CS 223,2,8.0,BB
2314163,3,EC 201,3,0.0,F
2314163,3,EC 202,4,0.0,F
2314163,3,EC 203,4,0.0,F
2314163,3,EC 211,2,8.0,BB
2314163,3,EE 221,4,4.0,DD
2314163,3,EE 222,2,9.0,AB
2314163,3,MA 201,4,0.0,F
2314164,3,CS 222,4,5.0,CD
2314164,3,CS 223,2,8.0,BB
2314164,3,EC 201,3,0.0,F
2314164,3,EC 202,4,7.0,BC
2314164,3,EC 203,4,8.0,BB
2314164,3,EC 211,2,8.0,BB
2314164,3,EE 221,4,6.0,CC
2314164,3,EE 222,2,9.0,AB
2314164,3,MA 201,4,6.0,CC
2314165,3,CS 222,4,10.0,AA
2314165,3,CS 223,2,10.0,AA
2314165,3,EC 201,3,10.0,AA
2314165,3,EC 202,4,9.0,AB
2314165,3,EC 203,4,9.0,AB
2314165,3,EC 211,2,10.0,AA
2314165,3,EE 221,4,10.0,AA
2314165,3,EE 222,2,10.0,AA
2314165,3,MA 201,4,10.0,AA
2314166,3,CS 222,4,9.0,AB
2314166,3,CS 223,2,10.0,AA
2314166,3,EC 201,3,9.0,AB
2314166,3,EC 202,4,8.0,BB
2314166,3,EC 203,4,8.0,BB
2314166,3,EC 211,2,10.0,AA
2314166,3,EE 221,4,9.0,AB
2314166,3,EE 222,2,10.0,AA
2314166,3,MA 201,4,10.0,AA
2314167,3,CS 222,4,10.0,AA
2314167,3,CS 223,2,10.0,AA
2314167,3,EC 201,3,6.0,CC
2314167,3,EC 202,4,8.0,BB
2314167,3,EC 203,4,9.0,AB
2314167,3,EC 211,2,9.0,AB
2314167,3,EE 221,4,8.0,BB
2314167,3,EE 222,2,10.0,AA
2314167,3,MA 201,4,8.0,BB
2314168,3,CS 222,4,8.0,BB
2314168,3,CS 223,2,10.0,AA
2314168,3,EC 201,3,8.0,BB
2314168,3,EC 202,4,9.0,AB
2314168,3,EC 203,4,9.0,AB
2314168,3,EC 211,2,10.0,AA
2314168,3,EE 221,4,10.0,AA
2314168,3,EE 222,2,10.0,AA
2314168,3,MA 201,4,10.0,AA
2314169,3,CS 222,4,9.0,AB
2314169,3,CS 223,2,10.0,AA
2314169,3,EC 201,3,7.0,BC
2314169,3,EC 202,4,9.0,AB
2314169,3,EC 203,4,9.0,AB
2314169,3,EC 211,2,9.0,AB
2314169,3,EE 221,4,9.0,AB
2314169,3,EE 222,2,10.0,AA
2314169,3,MA 201,4,10.0,AA
2314170,3,CS 222,4,9.0,AB
2314170,3,CS 223,2,10.0,AA
2314170,3,EC 201,3,10.0,AA
2314170,3,EC 202,4,10.0,AA
2314170,3,EC 203,4,9.0,AB
2314170,3,EC 211,2,10.0,AA
2314170,3,EE 221,4,10.0,AA
2314170,3,EE 222,2,10.0,AA
2314170,3,MA 201,4,10.0,AA
2314171,3,CS 222,4,10.0,AA
2314171,3,CS 223,2,10.0,AA
2314171,3,EC 201,3,7.0,BC
2314171,3,EC 202,4,8.0,BB
2314171,3,EC 203,4,9.0,AB
2314171,3,EC 211,2,10.0,AA
2314171,3,EE 221,4,10.0,AA
2314171,3,EE 222,2,10.0,AA
2314171,3,MA 201,4,9.0,AB
2314172,3,CS 222,4,9.0,AB
2314172,3,CS 223,2,9.0,AB
2314172,3,EC 201,3,6.0,CC
2314172,3,EC 202,4,8.0,BB
2314172,3,EC 203,4,9.0,AB
2314172,3,EC 211,2,10.0,AA
2314172,3,EE 221,4,8.0,BB
2314172,3,EE 222,2,9.0,AB
2314172,3,MA 201,4,9.0,AB
2314173,3,CS 222,4,10.0,AA
2314173,3,CS 223,2,10.0,AA
2314173,3,EC 201,3,7.0,BC
2314173,3,EC 202,4,8.0,BB
2314173,3,EC 203,4,9.0,AB
2314173,3,EC 211,2,10.0,AA
2314173,3,EE 221,4,8.0,BB
2314173,3,EE 222,2,10.0,AA
2314173,3,MA 201,4,9.0,AB
2314174,3,CS 222,4,8.0,BB
2314174,3,CS 223,2,9.0,AB
2314174,3,EC 201,3,7.0,BC
2314174,3,EC 202,4,8.0,BB
2314174,3,EC 203,4,8.0,BB
2314174,3,EC 211,2,10.0,AA
2314174,3,EE 221,4,9.0,AB
2314174,3,EE 222,2,10.0,AA
2314174,3,MA 201,4,9.0,AB
2314175,3,CS 222,4,7.0,BC
2314175,3,CS 223,2,9.0,AB
2314175,3,EC 201,3,5.0,CD
2314175,3,EC 202,4,7.0,BC
2314175,3,EC 203,4,7.0,BC
2314175,3,EC 211,2,9.0,AB
2314175,3,EE 221,4,8.0,BB
2314175,3,EE 222,2,10.0,AA
2314175,3,MA 201,4,8.0,BB
2314176,3,CS 222,4,10.0,AA
2314176,3,CS 223,2,9.0,AB
2314176,3,EC 201,3,9.0,AB
2314176,3,EC 202,4,10.0,AA
2314176,3,EC 203,4,9.0,AB
2314176,3,EC 211,2,10.0,AA
2314176,3,EE 221,4,9.0,AB
2314176,3,EE 222,2,10.0,AA
2314176,3,MA 201,4,9.0,AB
2314177,3,CS 222,4,10.0,AA
2314177,3,CS 223,2,9.0,AB
2314177,3,EC 201,3,8.0,BB
2314177,3,EC 202,4,9.0,AB
2314177,3,EC 203,4,8.0,BB
2314177,3,EC 211,2,9.0,AB
2314177,3,EE 221,4,8.0,BB
2314177,3,EE 222,2,10.0,AA
2314177,3,MA 201,4,7.0,BC
2314178,3,CS 222,4,8.0,BB
2314178,3,CS 223,2,7.0,BC
2314178,3,EC 201,3,10.0,AA
2314178,3,EC 202,4,10.0,AA
2314178,3,EC 203,4,9.0,AB
2314178,3,EC 211,2,10.0,AA
2314178,3,EE 221,4,10.0,AA
2314178,3,EE 222,2,10.0,AA
2314178,3,MA 201,4,9.0,AB
2314179,3,CS 222,4,10.0,AA
2314179,3,CS 223,2,9.0,AB
2314179,3,EC 201,3,9.0,AB
2314179,3,EC 202,4,10.0,AA
2314179,3,EC 203,4,9.0,AB
2314179,3,EC 211,2,10.0,AA
2314179,3,EE 221,4,10.0,AA
2314179,3,EE 222,2,10.0,AA
2314179,3,MA 201,4,9.0,AB
2314180,3,CS 222,4,9.0,AB
2314180,3,CS 223,2,9.0,AB
2314180,3,EC 201,3,8.0,BB
2314180,3,EC 202,4,8.0,BB
2314180,3,EC 203,4,10.0,AA
2314180,3,EC 211,2,10.0,AA
2314180,3,EE 221,4,10.0,AA
2314180,3,EE 222,2,10.0,AA
2314180,3,MA 201,4,8.0,BB
2314181,3,CS 222,4,8.0,BB
2314181,3,CS 223,2,8.0,BB
2314181,3,EC 201,3,7.0,BC
2314181,3,EC 202,4,8.0,BB
2314181,3,EC 203,4,8.0,BB
2314181,3,EC 211,2,10.0,AA
2314181,3,EE 221,4,8.0,BB
2314181,3,EE 222,2,10.0,AA
2314181,3,MA 201,4,7.0,BC
2314182,3,CS 222,4,8.0,BB
2314182,3,CS 223,2,9.0,AB
2314182,3,EC 201,3,9.0,AB
2314182,3,EC 202,4,10.0,AA
2314182,3,EC 203,4,9.0,AB
2314182,3,EC 211,2,10.0,AA
2314182,3,EE 221,4,7.0,BC
2314182,3,EE 222,2,10.0,AA
2314182,3,MA 201,4,10.0,AA
2315003,3,CS 222,4,7.0,BC
2315003,3,CS 223,2,7.0,BC
2315003,3,EI 201,4,9.0,AB
2315003,3,EI 202,4,8.0,BB
2315003,3,EI 203,4,6.0,CC
2315003,3,EI 211,2,10.0,AA
2315003,3,EI 212,2,9.0,AB
2315003,3,EI 213,2,9.0,AB
2315003,3,MA 201,4,6.0,CC
2315004,3,CS 222,4,5.0,CD
2315004,3,CS 223,2,7.0,BC
2315004,3,EI 201,4,5.0,CD
2315004,3,EI 202,4,7.0,BC
2315004,3,EI 203,4,6.0,CC
2315004,3,EI 211,2,10.0,AA
2315004,3,EI 212,2,8.0,BB
2315004,3,EI 213,2,9.0,AB
2315004,3,MA 201,4,5.0,CD
2315005,3,CS 222,4,8.0,BB
2315005,3,CS 223,2,10.0,AA
2315005,3,EI 201,4,10.0,AA
2315005,3,EI 202,4,10.0,AA
2315005,3,EI 203,4,9.0,AB
2315005,3,EI 211,2,10.0,AA
2315005,3,EI 212,2,10.0,AA
2315005,3,EI 213,2,9.0,AB
2315005,3,MA 201,4,9.0,AB
2315006,3,CS 222,4,5.0,CD
2315006,3,CS 223,2,8.0,BB
2315006,3,EI 201,4,7.0,BC
2315006,3,EI 202,4,7.0,BC
2315006,3,EI 203,4,4.0,DD
2315006,3,EI 211,2,10.0,AA
2315006,3,EI 212,2,9.0,AB
2315006,3,EI 213,2,9.0,AB
2315006,3,MA 201,4,6.0,CC
2315007,3,CS 222,4,8.0,BB
2315007,3,CS 223,2,8.0,BB
2315007,3,EI 201,4,9.0,AB
2315007,3,EI 202,4,8.0,BB
2315007,3,EI 203,4,7.0,BC
2315007,3,EI 211,2,10.0,AA
2315007,3,EI 212,2,10.0,AA
2315007,3,EI 213,2,9.0,AB
2315007,3,MA 201,4,8.0,BB
2315008,3,CS 222,4,6.0,CC
2315008,3,CS 223,2,9.0,AB
2315008,3,EI 201,4,9.0,AB
2315008,3,EI 202,4,8.0,BB
2315008,3,EI 203,4,9.0,AB
2315008,3,EI 211,2,10.0,AA
2315008,3,EI 212,2,10.0,AA
2315008,3,EI 213,2,9.0,AB
2315008,3,MA 201,4,9.0,AB
2315009,3,CS 222,4,10.0,AA
2315009,3,CS 223,2,8.0,BB
2315009,3,EI 201,4,10.0,AA
2315009,3,EI 202,4,10.0,AA
2315009,3,EI 203,4,10.0,AA
2315009,3,EI 211,2,9.0,AB
2315009,3,EI 212,2,10.0,AA
2315009,3,EI 213,2,10.0,AA
2315009,3,MA 201,4,8.0,BB
2315010,3,CS 222,4,7.0,BC
2315010,3,CS 223,2,9.0,AB
2315010,3,EI 201,4,9.0,AB
2315010,3,EI 202,4,9.0,AB
2315010,3,EI 203,4,10.0,AA
2315010,3,EI 211,2,10.0,AA
2315010,3,EI 212,2,10.0,AA
2315010,3,EI 213,2,10.0,AA
2315010,3,MA 201,4,9.0,AB
2315011,3,CS 222,4,8.0,BB
2315011,3,CS 223,2,8.0,BB
2315011,3,EI 201,4,9.0,AB
2315011,3,EI 202,4,7.0,BC
2315011,3,EI 203,4,8.0,BB
2315011,3,EI 211,2,9.0,AB
2315011,3,EI 212,2,9.0,AB
2315011,3,EI 213,2,9.0,AB
2315011,3,MA 201,4,8.0,BB
2315012,3,CS 222,4,7.0,BC
2315012,3,CS 223,2,8.0,BB
2315012,3,EI 201,4,9.0,AB
2315012,3,EI 202,4,9.0,AB
2315012,3,EI 203,4,7.0,BC
2315012,3,EI 211,2,10.0,AA
2315012,3,EI 212,2,8.0,BB
2315012,3,EI 213,2,9.0,AB
2315012,3,MA 201,4,9.0,AB
2315014,3,CS 222,4,7.0,BC
2315014,3,CS 223,2,8.0,BB
2315014,3,EI 201,4,8.0,BB
2315014,3,EI 202,4,9.0,AB
2315014,3,EI 203,4,10.0,AA
2315014,3,EI 211,2,10.0,AA
2315014,3,EI 212,2,9.0,AB
2315014,3,EI 213,2,9.0,AB
2315014,3,MA 201,4,8.0,BB
2315015,3,CS 222,4,6.0,CC
2315015,3,CS 223,2,8.0,BB
2315015,3,EI 201,4,8.0,BB
2315015,3,EI 202,4,7.0,BC
2315015,3,EI 203,4,10.0,AA
2315015,3,EI 211,2,9.0,AB
2315015,3,EI 212,2,9.0,AB
2315015,3,EI 213,2,9.0,AB
2315015,3,MA 201,4,8.0,BB
2315016,3,CS 222,4,6.0,CC
2315016,3,CS 223,2,8.0,BB
2315016,3,EI 201,4,9.0,AB
2315016,3,EI 202,4,7.0,BC
2315016,3,EI 203,4,6.0,CC
2315016,3,EI 211,2,10.0,AA
2315016,3,EI 212,2,9.0,AB
2315016,3,EI 213,2,9.0,AB
2315016,3,MA 201,4,7.0,BC
2315017,3,CS 222,4,8.0,BB
2315017,3,CS 223,2,8.0,BB
2315017,3,EI 201,4,10.0,AA
2315017,3,EI 202,4,8.0,BB
2315017,3,EI 203,4,8.0,BB
2315017,3,EI 211,2,9.0,AB
2315017,3,EI 212,2,9.0,AB
2315017,3,EI 213,2,9.0,AB
2315017,3,MA 201,4,7.0,BC
2315018,3,CS 222,4,5.0,CD
2315018,3,CS 223,2,8.0,BB
2315018,3,EI 201,4,9.0,AB
2315018,3,EI 202,4,8.0,BB
2315018,3,EI 203,4,5.0,CD
2315018,3,EI 211,2,8.0,BB
2315018,3,EI 212,2,9.0,AB
2315018,3,EI 213,2,10.0,AA
2315018,3,MA 201,4,6.0,CC
2315019,3,CS 222,4,7.0,BC
2315019,3,CS 223,2,9.0,AB
2315019,3,EI 201,4,8.0,BB
2315019,3,EI 202,4,7.0,BC
2315019,3,EI 203,4,8.0,BB
2315019,3,EI 211,2,10.0,AA
2315019,3,EI 212,2,9.0,AB
2315019,3,EI 213,2,10.0,AA
2315019,3,MA 201,4,7.0,BC
2315020,3,CS 222,4,7.0,BC
2315020,3,CS 223,2,8.0,BB
2315020,3,EI 201,4,9.0,AB
2315020,3,EI 202,4,8.0,BB
2315020,3,EI 203,4,10.0,AA
2315020,3,EI 211,2,10.0,AA
2315020,3,EI 212,2,9.0,AB
2315020,3,EI 213,2,9.0,AB
2315020,3,MA 201,4,7.0,BC
2315021,3,CS 222,4,7.0,BC
2315021,3,CS 223,2,10.0,AA
2315021,3,EI 201,4,10.0,AA
2315021,3,EI 202,4,9.0,AB
2315021,3,EI 203,4,8.0,BB
2315021,3,EI 211,2,10.0,AA
2315021,3,EI 212,2,9.0,AB
2315021,3,EI 213,2,10.0,AA
2315021,3,MA 201,4,8.0,BB
2315022,3,CS 222,4,7.0,BC
2315022,3,CS 223,2,8.0,BB
2315022,3,EI 201,4,8.0,BB
2315022,3,EI 202,4,6.0,CC
2315022,3,EI 203,4,8.0,BB
2315022,3,EI 211,2,10.0,AA
2315022,3,EI 212,2,8.0,BB
2315022,3,EI 213,2,9.0,AB
2315022,3,MA 201,4,8.0,BB
2315023,3,CS 222,4,8.0,BB
2315023,3,CS 223,2,8.0,BB
2315023,3,EI 201,4,7.0,BC
2315023,3,EI 202,4,7.0,BC
2315023,3,EI 203,4,8.0,BB
2315023,3,EI 211,2,10.0,AA
2315023,3,EI 212,2,9.0,AB
2315023,3,EI 213,2,9.0,AB
2315023,3,MA 201,4,7.0,BC
2315024,3,CS 222,4,6.0,CC
2315024,3,CS 223,2,8.0,BB
2315024,3,EI 201,4,8.0,BB
2315024,3,EI 202,4,6.0,CC
2315024,3,EI 203,4,4.0,DD
2315024,3,EI 211,2,9.0,AB
2315024,3,EI 212,2,8.0,BB
2315024,3,EI 213,2,9.0,AB
2315024,3,MA 201,4,7.0,BC
2315025,3,CS 222,4,7.0,BC
2315025,3,CS 223,2,9.0,AB
2315025,3,EI 201,4,8.0,BB
2315025,3,EI 202,4,9.0,AB
2315025,3,EI 203,4,9.0,AB
2315025,3,EI 211,2,9.0,AB
2315025,3,EI 212,2,9.0,AB
2315025,3,EI 213,2,10.0,AA
2315025,3,MA 201,4,9.0,AB
2315026,3,CS 222,4,6.0,CC
2315026,3,CS 223,2,8.0,BB
2315026,3,EI 201,4,7.0,BC
2315026,3,EI 202,4,7.0,BC
2315026,3,EI 203,4,4.0,DD
2315026,3,EI 211,2,9.0,AB
2315026,3,EI 212,2,9.0,AB
2315026,3,EI 213,2,10.0,AA
2315026,3,MA 201,4,6.0,CC
2315027,3,CS 222,4,6.0,CC
2315027,3,CS 223,2,8.0,BB
2315027,3,EI 201,4,8.0,BB
2315027,3,EI 202,4,6.0,CC
2315027,3,EI 203,4,6.0,CC
2315027,3,EI 211,2,9.0,AB
2315027,3,EI 212,2,9.0,AB
2315027,3,EI 213,2,10.0,AA
2315027,3,MA 201,4,7.0,BC
2315028,3,CS 222,4,8.0,BB
2315028,3,CS 223,2,9.0,AB
2315028,3,EI 201,4,9.0,AB
2315028,3,EI 202,4,10.0,AA
2315028,3,EI 203,4,9.0,AB
2315028,3,EI 211,2,10.0,AA
2315028,3,EI 212,2,10.0,AA
2315028,3,EI 213,2,10.0,AA
2315028,3,MA 201,4,7.0,BC
2315029,3,CS 222,4,5.0,CD
2315029,3,CS 223,2,8.0,BB
2315029,3,EI 201,4,6.0,CC
2315029,3,EI 202,4,6.0,CC
2315029,3,EI 203,4,7.0,BC
2315029,3,EI 211,2,10.0,AA
2315029,3,EI 212,2,8.0,BB
2315029,3,EI 213,2,10.0,AA
2315029,3,MA 201,4,6.0,CC
2315030,3,CS 222,4,7.0,BC
2315030,3,CS 223,2,8.0,BB
2315030,3,EI 201,4,6.0,CC
2315030,3,EI 202,4,4.0,DD
2315030,3,EI 203,4,5.0,CD
2315030,3,EI 211,2,10.0,AA
2315030,3,EI 212,2,9.0,AB
2315030,3,EI 213,2,10.0,AA
2315030,3,MA 201,4,7.0,BC
2315032,3,CS 222,4,7.0,BC
2315032,3,CS 223,2,9.0,AB
2315032,3,EI 201,4,9.0,AB
2315032,3,EI 202,4,9.0,AB
2315032,3,EI 203,4,7.0,BC
2315032,3,EI 211,2,10.0,AA
2315032,3,EI 212,2,9.0,AB
2315032,3,EI 213,2,10.0,AA
2315032,3,MA 201,4,7.0,BC
2315033,3,CS 222,4,6.0,CC
2315033,3,CS 223,2,8.0,BB
2315033,3,EI 201,4,7.0,BC
2315033,3,EI 202,4,5.0,CD
2315033,3,EI 203,4,4.0,DD
2315033,3,EI 211,2,9.0,AB
2315033,3,EI 212,2,9.0,AB
2315033,3,EI 213,2,9.0,AB
2315033,3,MA 201,4,6.0,CC
2315034,3,CS 222,4,8.0,BB
2315034,3,CS 223,2,9.0,AB
2315034,3,EI 201,4,9.0,AB
2315034,3,EI 202,4,8.0,BB
2315034,3,EI 203,4,8.0,BB
2315034,3,EI 211,2,9.0,AB
2315034,3,EI 212,2,10.0,AA
2315034,3,EI 213,2,10.0,AA
2315034,3,MA 201,4,7.0,BC
2315035,3,CS 222,4,6.0,CC
2315035,3,CS 223,2,7.0,BC
2315035,3,EI 201,4,8.0,BB
2315035,3,EI 202,4,8.0,BB
2315035,3,EI 203,4,5.0,CD
2315035,3,EI 211,2,9.0,AB
2315035,3,EI 212,2,9.0,AB
2315035,3,EI 213,2,10.0,AA
2315035,3,MA 201,4,7.0,BC
2315036,3,CS 222,4,6.0,CC
2315036,3,CS 223,2,9.0,AB
2315036,3,EI 201,4,9.0,AB
2315036,3,EI 202,4,8.0,BB
2315036,3,EI 203,4,6.0,CC
2315036,3,EI 211,2,9.0,AB
2315036,3,EI 212,2,9.0,AB
2315036,3,EI 213,2,10.0,AA
2315036,3,MA 201,4,6.0,CC
2315037,3,CS 222,4,7.0,BC
2315037,3,CS 223,2,8.0,BB
2315037,3,EI 201,4,9.0,AB
2315037,3,EI 202,4,8.0,BB
2315037,3,EI 203,4,10.0,AA
2315037,3,EI 211,2,9.0,AB
2315037,3,EI 212,2,10.0,AA
2315037,3,EI 213,2,10.0,AA
2315037,3,MA 201,4,8.0,BB
2315038,3,CS 222,4,7.0,BC
2315038,3,CS 223,2,9.0,AB
2315038,3,EI 201,4,8.0,BB
2315038,3,EI 202,4,8.0,BB
2315038,3,EI 203,4,10.0,AA
2315038,3,EI 211,2,10.0,AA
2315038,3,EI 212,2,10.0,AA
2315038,3,EI 213,2,9.0,AB
2315038,3,MA 201,4,7.0,BC
2315039,3,CS 222,4,6.0,CC
2315039,3,CS 223,2,10.0,AA
2315039,3,EI 201,4,10.0,AA
2315039,3,EI 202,4,9.0,AB
2315039,3,EI 203,4,10.0,AA
2315039,3,EI 211,2,10.0,AA
2315039,3,EI 212,2,10.0,AA
2315039,3,EI 213,2,10.0,AA
2315039,3,MA 201,4,8.0,BB
2315040,3,CS 222,4,7.0,BC
2315040,3,CS 223,2,9.0,AB
2315040,3,EI 201,4,9.0,AB
2315040,3,EI 202,4,9.0,AB
2315040,3,EI 203,4,10.0,AA
2315040,3,EI 211,2,10.0,AA
2315040,3,EI 212,2,10.0,AA
2315040,3,EI 213,2,10.0,AA
2315040,3,MA 201,4,9.0,AB
2315041,3,CS 222,4,8.0,BB
2315041,3,CS 223,2,8.0,BB
2315041,3,EI 201,4,10.0,AA
2315041,3,EI 202,4,9.0,AB
2315041,3,EI 203,4,9.0,AB
2315041,3,EI 211,2,10.0,AA
2315041,3,EI 212,2,10.0,AA
2315041,3,EI 213,2,10.0,AA
2315041,3,MA 201,4,9.0,AB
2315042,3,CS 222,4,7.0,BC
2315042,3,CS 223,2,8.0,BB
2315042,3,EI 201,4,9.0,AB
2315042,3,EI 202,4,9.0,AB
2315042,3,EI 203,4,7.0,BC
2315042,3,EI 211,2,10.0,AA
2315042,3,EI 212,2,9.0,AB
2315042,3,EI 213,2,10.0,AA
2315042,3,MA 201,4,9.0,AB
2315044,3,CS 222,4,5.0,CD
2315044,3,CS 223,2,7.0,BC
2315044,3,EI 201,4,7.0,BC
2315044,3,EI 202,4,0.0,F
2315044,3,EI 203,4,5.0,CD
2315044,3,EI 211,2,10.0,AA
2315044,3,EI 212,2,9.0,AB
2315044,3,EI 213,2,9.0,AB
2315044,3,MA 201,4,6.0,CC
2315045,3,CS 222,4,7.0,BC
2315045,3,CS 223,2,9.0,AB
2315045,3,EI 201,4,8.0,BB
2315045,3,EI 202,4,7.0,BC
2315045,3,EI 203,4,8.0,BB
2315045,3,EI 211,2,10.0,AA
2315045,3,EI 212,2,9.0,AB
2315045,3,EI 213,2,9.0,AB
2315045,3,MA 201,4,7.0,BC
2315046,3,CS 222,4,8.0,BB
2315046,3,CS 223,2,9.0,AB
2315046,3,EI 201,4,10.0,AA
2315046,3,EI 202,4,8.0,BB
2315046,3,EI 203,4,8.0,BB
2315046,3,EI 211,2,10.0,AA
2315046,3,EI 212,2,10.0,AA
2315046,3,EI 213,2,9.0,AB
2315046,3,MA 201,4,8.0,BB
2315047,3,CS 222,4,6.0,CC
2315047,3,CS 223,2,7.0,BC
2315047,3,EI 201,4,7.0,BC
2315047,3,EI 202,4,4.0,DD
2315047,3,EI 203,4,7.0,BC
2315047,3,EI 211,2,10.0,AA
2315047,3,EI 212,2,9.0,AB
2315047,3,EI 213,2,9.0,AB
2315047,3,MA 201,4,7.0,BC
2315048,3,CS 222,4,6.0,CC
2315048,3,CS 223,2,8.0,BB
2315048,3,EI 201,4,8.0,BB
2315048,3,EI 202,4,10.0,AA
2315048,3,EI 203,4,8.0,BB
2315048,3,EI 211,2,9.0,AB
2315048,3,EI 212,2,10.0,AA
2315048,3,EI 213,2,9.0,AB
2315048,3,MA 201,4,8.0,BB
2315049,3,CS 222,4,5.0,CD
2315049,3,CS 223,2,8.0,BB
2315049,3,EI 201,4,8.0,BB
2315049,3,EI 202,4,7.0,BC
2315049,3,EI 203,4,5.0,CD
2315049,3,EI 211,2,9.0,AB
2315049,3,EI 212,2,10.0,AA
2315049,3,EI 213,2,9.0,AB
2315049,3,MA 201,4,6.0,CC
2315050,3,CS 222,4,7.0,BC
2315050,3,CS 223,2,8.0,BB
2315050,3,EI 201,4,9.0,AB
2315050,3,EI 202,4,9.0,AB
2315050,3,EI 203,4,9.0,AB
2315050,3,EI 211,2,10.0,AA
2315050,3,EI 212,2,9.0,AB
2315050,3,EI 213,2,9.0,AB
2315050,3,MA 201,4,9.0,AB
2315051,3,CS 222,4,7.0,BC
2315051,3,CS 223,2,9.0,AB
2315051,3,EI 201,4,7.0,BC
2315051,3,EI 202,4,9.0,AB
2315051,3,EI 203,4,9.0,AB
2315051,3,EI 211,2,10.0,AA
2315051,3,EI 212,2,9.0,AB
2315051,3,EI 213,2,9.0,AB
2315051,3,MA 201,4,8.0,BB
2315053,3,CS 222,4,6.0,CC
2315053,3,CS 223,2,8.0,BB
2315053,3,EI 201,4,8.0,BB
2315053,3,EI 202,4,6.0,CC
2315053,3,EI 203,4,5.0,CD
2315053,3,EI 211,2,9.0,AB
2315053,3,EI 212,2,9.0,AB
2315053,3,EI 213,2,10.0,AA
2315053,3,MA 201,4,6.0,CC
2315054,3,CS 222,4,5.0,CD
2315054,3,CS 223,2,8.0,BB
2315054,3,EI 201,4,7.0,BC
2315054,3,EI 202,4,6.0,CC
2315054,3,EI 203,4,4.0,DD
2315054,3,EI 211,2,9.0,AB
2315054,3,EI 212,2,9.0,AB
2315054,3,EI 213,2,10.0,AA
2315054,3,MA 201,4,5.0,CD
2315055,3,CS 222,4,7.0,BC
2315055,3,CS 223,2,9.0,AB
2315055,3,EI 201,4,10.0,AA
2315055,3,EI 202,4,9.0,AB
2315055,3,EI 203,4,10.0,AA
2315055,3,EI 211,2,10.0,AA
2315055,3,EI 212,2,10.0,AA
2315055,3,EI 213,2,10.0,AA
2315055,3,MA 201,4,8.0,BB
2315056,3,CS 222,4,7.0,BC
2315056,3,CS 223,2,10.0,AA
2315056,3,EI 201,4,10.0,AA
2315056,3,EI 202,4,7.0,BC
2315056,3,EI 203,4,8.0,BB
2315056,3,EI 211,2,10.0,AA
2315056,3,EI 212,2,10.0,AA
2315056,3,EI 213,2,10.0,AA
2315056,3,MA 201,4,7.0,BC
2315057,3,CS 222,4,8.0,BB
2315057,3,CS 223,2,9.0,AB
2315057,3,EI 201,4,10.0,AA
2315057,3,EI 202,4,9.0,AB
2315057,3,EI 203,4,8.0,BB
2315057,3,EI 211,2,10.0,AA
2315057,3,EI 212,2,10.0,AA
2315057,3,EI 213,2,10.0,AA
2315057,3,MA 201,4,10.0,AA
2315058,3,CS 222,4,8.0,BB
2315058,3,CS 223,2,9.0,AB
2315058,3,EI 201,4,9.0,AB
2315058,3,EI 202,4,8.0,BB
2315058,3,EI 203,4,9.0,AB
2315058,3,EI 211,2,10.0,AA
2315058,3,EI 212,2,10.0,AA
2315058,3,EI 213,2,10.0,AA
2315058,3,MA 201,4,9.0,AB
2315059,3,CS 222,4,7.0,BC
2315059,3,CS 223,2,8.0,BB
2315059,3,EI 201,4,7.0,BC
2315059,3,EI 202,4,6.0,CC
2315059,3,EI 203,4,7.0,BC
2315059,3,EI 211,2,10.0,AA
2315059,3,EI 212,2,9.0,AB
2315059,3,EI 213,2,10.0,AA
2315059,3,MA 201,4,7.0,BC
2315060,3,CS 222,4,9.0,AB
2315060,3,CS 223,2,9.0,AB
2315060,3,EI 201,4,9.0,AB
2315060,3,EI 202,4,7.0,BC
2315060,3,EI 203,4,7.0,BC
2315060,3,EI 211,2,10.0,AA
2315060,3,EI 212,2,10.0,AA
2315060,3,EI 213,2,9.0,AB
2315060,3,MA 201,4,7.0,BC
2315061,3,CS 222,4,9.0,AB
2315061,3,CS 223,2,10.0,AA
2315061,3,EI 201,4,10.0,AA
2315061,3,EI 202,4,8.0,BB
2315061,3,EI 203,4,7.0,BC
2315061,3,EI 211,2,10.0,AA
2315061,3,EI 212,2,10.0,AA
2315061,3,EI 213,2,10.0,AA
2315061,3,MA 201,4,8.0,BB
2315062,3,CS 222,4,6.0,CC
2315062,3,CS 223,2,9.0,AB
2315062,3,EI 201,4,6.0,CC
2315062,3,EI 202,4,0.0,F
2315062,3,EI 203,4,4.0,DD
2315062,3,EI 211,2,10.0,AA
2315062,3,EI 212,2,8.0,BB
2315062,3,EI 213,2,9.0,AB
2315062,3,MA 201,4,6.0,CC
2315063,3,CS 222,4,8.0,BB
2315063,3,CS 223,2,9.0,AB
2315063,3,EI 201,4,10.0,AA
2315063,3,EI 202,4,8.0,BB
2315063,3,EI 203,4,9.0,AB
2315063,3,EI 211,2,10.0,AA
2315063,3,EI 212,2,10.0,AA
2315063,3,EI 213,2,9.0,AB
2315063,3,MA 201,4,7.0,BC
2315064,3,CS 222,4,8.0,BB
2315064,3,CS 223,2,10.0,AA
2315064,3,EI 201,4,10.0,AA
2315064,3,EI 202,4,10.0,AA
2315064,3,EI 203,4,10.0,AA
2315064,3,EI 211,2,10.0,AA
2315064,3,EI 212,2,10.0,AA
2315064,3,EI 213,2,10.0,AA
2315064,3,MA 201,4,8.0,BB
2315065,3,CS 222,4,8.0,BB
2315065,3,CS 223,2,9.0,AB
2315065,3,EI 201,4,9.0,AB
2315065,3,EI 202,4,6.0,CC
2315065,3,EI 203,4,8.0,BB
2315065,3,EI 211,2,10.0,AA
2315065,3,EI 212,2,9.0,AB
2315065,3,EI 213,2,10.0,AA
2315065,3,MA 201,4,7.0,BC
2315066,3,CS 222,4,7.0,BC
2315066,3,CS 223,2,10.0,AA
2315066,3,EI 201,4,8.0,BB
2315066,3,EI 202,4,8.0,BB
2315066,3,EI 203,4,9.0,AB
2315066,3,EI 211,2,9.0,AB
2315066,3,EI 212,2,9.0,AB
2315066,3,EI 213,2,10.0,AA
2315066,3,MA 201,4,8.0,BB
2315067,3,CS 222,4,5.0,CD
2315067,3,CS 223,2,8.0,BB
2315067,3,EI 201,4,7.0,BC
2315067,3,EI 202,4,6.0,CC
2315067,3,EI 203,4,9.0,AB
2315067,3,EI 211,2,10.0,AA
2315067,3,EI 212,2,9.0,AB
2315067,3,EI 213,2,9.0,AB
2315067,3,MA 201,4,8.0,BB
2315068,3,CS 222,4,6.0,CC
2315068,3,CS 223,2,8.0,BB
2315068,3,EI 201,4,6.0,CC
2315068,3,EI 202,4,8.0,BB
2315068,3,EI 203,4,6.0,CC
2315068,3,EI 211,2,9.0,AB
2315068,3,EI 212,2,8.0,BB
2315068,3,EI 213,2,9.0,AB
2315068,3,MA 201,4,6.0,CC
2315069,3,CS 222,4,7.0,BC
2315069,3,CS 223,2,8.0,BB
2315069,3,EI 201,4,7.0,BC
2315069,3,EI 202,4,8.0,BB
2315069,3,EI 203,4,9.0,AB
2315069,3,EI 211,2,10.0,AA
2315069,3,EI 212,2,10.0,AA
2315069,3,EI 213,2,10.0,AA
2315069,3,MA 201,4,7.0,BC
2315070,3,CS 222,4,9.0,AB
2315070,3,CS 223,2,9.0,AB
2315070,3,EI 201,4,9.0,AB
2315070,3,EI 202,4,10.0,AA
2315070,3,EI 203,4,8.0,BB
2315070,3,EI 211,2,9.0,AB
2315070,3,EI 212,2,9.0,AB
2315070,3,EI 213,2,10.0,AA
2315070,3,MA 201,4,8.0,BB
2315072,3,CS 222,4,6.0,CC
2315072,3,CS 223,2,9.0,AB
2315072,3,EI 201,4,8.0,BB
2315072,3,EI 202,4,6.0,CC
2315072,3,EI 203,4,7.0,BC
2315072,3,EI 211,2,9.0,AB
2315072,3,EI 212,2,9.0,AB
2315072,3,EI 213,2,9.0,AB
2315072,3,MA 201,4,5.0,CD
2315073,3,CS 222,4,7.0,BC
2315073,3,CS 223,2,9.0,AB
2315073,3,EI 201,4,7.0,BC
2315073,3,EI 202,4,8.0,BB
2315073,3,EI 203,4,7.0,BC
2315073,3,EI 211,2,9.0,AB
2315073,3,EI 212,2,9.0,AB
2315073,3,EI 213,2,9.0,AB
2315073,3,MA 201,4,7.0,BC
2315074,3,CS 222,4,7.0,BC
2315074,3,CS 223,2,9.0,AB
2315074,3,EI 201,4,8.0,BB
2315074,3,EI 202,4,10.0,AA
2315074,3,EI 203,4,8.0,BB
2315074,3,EI 211,2,10.0,AA
2315074,3,EI 212,2,10.0,AA
2315074,3,EI 213,2,9.0,AB
2315074,3,MA 201,4,6.0,CC
2315075,3,CS 222,4,8.0,BB
2315075,3,CS 223,2,9.0,AB
2315075,3,EI 201,4,9.0,AB
2315075,3,EI 202,4,9.0,AB
2315075,3,EI 203,4,7.0,BC
2315075,3,EI 211,2,8.0,BB
2315075,3,EI 212,2,9.0,AB
2315075,3,EI 213,2,9.0,AB
2315075,3,MA 201,4,6.0,CC
2315076,3,CS 222,4,8.0,BB
2315076,3,CS 223,2,8.0,BB
2315076,3,EI 201,4,8.0,BB
2315076,3,EI 202,4,9.0,AB
2315076,3,EI 203,4,7.0,BC
2315076,3,EI 211,2,10.0,AA
2315076,3,EI 212,2,10.0,AA
2315076,3,EI 213,2,10.0,AA
2315076,3,MA 201,4,7.0,BC
2315077,3,CS 222,4,8.0,BB
2315077,3,CS 223,2,9.0,AB
2315077,3,EI 201,4,10.0,AA
2315077,3,EI 202,4,8.0,BB
2315077,3,EI 203,4,10.0,AA
2315077,3,EI 211,2,10.0,AA
2315077,3,EI 212,2,9.0,AB
2315077,3,EI 213,2,9.0,AB
2315077,3,MA 201,4,8.0,BB
2315078,3,CS 222,4,8.0,BB
2315078,3,CS 223,2,10.0,AA
2315078,3,EI 201,4,9.0,AB
2315078,3,EI 202,4,10.0,AA
2315078,3,EI 203,4,10.0,AA
2315078,3,EI 211,2,10.0,AA
2315078,3,EI 212,2,8.0,BB
2315078,3,EI 213,2,9.0,AB
2315078,3,MA 201,4,9.0,AB
2315079,3,CS 222,4,6.0,CC
2315079,3,CS 223,2,9.0,AB
2315079,3,EI 201,4,7.0,BC
2315079,3,EI 202,4,6.0,CC
2315079,3,EI 203,4,5.0,CD
2315079,3,EI 211,2,8.0,BB
2315079,3,EI 212,2,8.0,BB
2315079,3,EI 213,2,9.0,AB
2315079,3,MA 201,4,5.0,CD
2315080,3,CS 222,4,6.0,CC
2315080,3,CS 223,2,8.0,BB
2315080,3,EI 201,4,7.0,BC
2315080,3,EI 202,4,6.0,CC
2315080,3,EI 203,4,9.0,AB
2315080,3,EI 211,2,10.0,AA
2315080,3,EI 212,2,9.0,AB
2315080,3,EI 213,2,10.0,AA
2315080,3,MA 201,4,7.0,BC
2315081,3,CS 222,4,8.0,BB
2315081,3,CS 223,2,9.0,AB
2315081,3,EI 201,4,9.0,AB
2315081,3,EI 202,4,8.0,BB
2315081,3,EI 203,4,8.0,BB
2315081,3,EI 211,2,10.0,AA
2315081,3,EI 212,2,9.0,AB
2315081,3,EI 213,2,10.0,AA
2315081,3,MA 201,4,7.0,BC
2315082,3,CS 222,4,8.0,BB
2315082,3,CS 223,2,10.0,AA
2315082,3,EI 201,4,9.0,AB
2315082,3,EI 202,4,5.0,CD
2315082,3,EI 203,4,4.0,DD
2315082,3,EI 211,2,9.0,AB
2315082,3,EI 212,2,10.0,AA
2315082,3,EI 213,2,9.0,AB
2315082,3,MA 201,4,6.0,CC
2315084,3,CS 222,4,8.0,BB
2315084,3,CS 223,2,10.0,AA
2315084,3,EI 201,4,7.0,BC
2315084,3,EI 202,4,8.0,BB
2315084,3,EI 203,4,9.0,AB
2315084,3,EI 211,2,10.0,AA
2315084,3,EI 212,2,9.0,AB
2315084,3,EI 213,2,10.0,AA
2315084,3,MA 201,4,6.0,CC
2315085,3,CS 222,4,7.0,BC
2315085,3,CS 223,2,8.0,BB
2315085,3,EI 201,4,8.0,BB
2315085,3,EI 202,4,7.0,BC
2315085,3,EI 203,4,10.0,AA
2315085,3,EI 211,2,8.0,BB
2315085,3,EI 212,2,9.0,AB
2315085,3,EI 213,2,10.0,AA
2315085,3,MA 201,4,7.0,BC
2315086,3,CS 222,4,8.0,BB
2315086,3,CS 223,2,8.0,BB
2315086,3,EI 201,4,9.0,AB
2315086,3,EI 202,4,9.0,AB
2315086,3,EI 203,4,5.0,CD
2315086,3,EI 211,2,10.0,AA
2315086,3,EI 212,2,10.0,AA
2315086,3,EI 213,2,10.0,AA
2315086,3,MA 201,4,6.0,CC
2315087,3,CS 222,4,6.0,CC
2315087,3,CS 223,2,8.0,BB
2315087,3,EI 201,4,9.0,AB
2315087,3,EI 202,4,8.0,BB
2315087,3,EI 203,4,8.0,BB
2315087,3,EI 211,2,10.0,AA
2315087,3,EI 212,2,9.0,AB
2315087,3,EI 213,2,9.0,AB
2315087,3,MA 201,4,6.0,CC
2315088,3,CS 222,4,7.0,BC
2315088,3,CS 223,2,8.0,BB
2315088,3,EI 201,4,9.0,AB
2315088,3,EI 202,4,8.0,BB
2315088,3,EI 203,4,9.0,AB
2315088,3,EI 211,2,9.0,AB
2315088,3,EI 212,2,8.0,BB
2315088,3,EI 213,2,9.0,AB
2315088,3,MA 201,4,9.0,AB
2315089,3,CS 222,4,7.0,BC
2315089,3,CS 223,2,8.0,BB
2315089,3,EI 201,4,8.0,BB
2315089,3,EI 202,4,6.0,CC
2315089,3,EI 203,4,6.0,CC
2315089,3,EI 211,2,10.0,AA
2315089,3,EI 212,2,9.0,AB
2315089,3,EI 213,2,9.0,AB
2315089,3,MA 201,4,7.0,BC
2315090,3,CS 222,4,9.0,AB
2315090,3,CS 223,2,8.0,BB
2315090,3,EI 201,4,10.0,AA
2315090,3,EI 202,4,9.0,AB
2315090,3,EI 203,4,10.0,AA
2315090,3,EI 211,2,9.0,AB
2315090,3,EI 212,2,10.0,AA
2315090,3,EI 213,2,10.0,AA
2315090,3,MA 201,4,9.0,AB
2315091,3,CS 222,4,8.0,BB
2315091,3,CS 223,2,8.0,BB
2315091,3,EI 201,4,9.0,AB
2315091,3,EI 202,4,10.0,AA
2315091,3,EI 203,4,7.0,BC
2315091,3,EI 211,2,10.0,AA
2315091,3,EI 212,2,10.0,AA
2315091,3,EI 213,2,10.0,AA
2315091,3,MA 201,4,8.0,BB
2315092,3,CS 222,4,9.0,AB
2315092,3,CS 223,2,8.0,BB
2315092,3,EI 201,4,8.0,BB
2315092,3,EI 202,4,7.0,BC
2315092,3,EI 203,4,7.0,BC
2315092,3,EI 211,2,10.0,AA
2315092,3,EI 212,2,10.0,AA
2315092,3,EI 213,2,10.0,AA
2315092,3,MA 201,4,7.0,BC
2315093,3,CS 222,4,7.0,BC
2315093,3,CS 223,2,8.0,BB
2315093,3,EI 201,4,9.0,AB
2315093,3,EI 202,4,7.0,BC
2315093,3,EI 203,4,9.0,AB
2315093,3,EI 211,2,10.0,AA
2315093,3,EI 212,2,10.0,AA
2315093,3,EI 213,2,10.0,AA
2315093,3,MA 201,4,8.0,BB
2315094,3,CS 222,4,5.0,CD
2315094,3,CS 223,2,7.0,BC
2315094,3,EI 201,4,8.0,BB
2315094,3,EI 202,4,5.0,CD
2315094,3,EI 203,4,5.0,CD
2315094,3,EI 211,2,8.0,BB
2315094,3,EI 212,2,10.0,AA
2315094,3,EI 213,2,10.0,AA
2315094,3,MA 201,4,6.0,CC
2315095,3,CS 222,4,5.0,CD
2315095,3,CS 223,2,7.0,BC
2315095,3,EI 201,4,8.0,BB
2315095,3,EI 202,4,6.0,CC
2315095,3,EI 203,4,8.0,BB
2315095,3,EI 211,2,9.0,AB
2315095,3,EI 212,2,10.0,AA
2315095,3,EI 213,2,10.0,AA
2315095,3,MA 201,4,8.0,BB
2315097,3,CS 222,4,10.0,AA
2315097,3,CS 223,2,10.0,AA
2315097,3,EI 201,4,10.0,AA
2315097,3,EI 202,4,10.0,AA
2315097,3,EI 203,4,10.0,AA
2315097,3,EI 211,2,10.0,AA
2315097,3,EI 212,2,9.0,AB
2315097,3,EI 213,2,10.0,AA
2315097,3,MA 201,4,9.0,AB
2315098,3,CS 222,4,7.0,BC
2315098,3,CS 223,2,9.0,AB
2315098,3,EI 201,4,9.0,AB
2315098,3,EI 202,4,10.0,AA
2315098,3,EI 203,4,7.0,BC
2315098,3,EI 211,2,10.0,AA
2315098,3,EI 212,2,10.0,AA
2315098,3,EI 213,2,10.0,AA
2315098,3,MA 201,4,8.0,BB
2315099,3,CS 222,4,7.0,BC
2315099,3,CS 223,2,9.0,AB
2315099,3,EI 201,4,8.0,BB
2315099,3,EI 202,4,8.0,BB
2315099,3,EI 203,4,6.0,CC
2315099,3,EI 211,2,10.0,AA
2315099,3,EI 212,2,9.0,AB
2315099,3,EI 213,2,10.0,AA
2315099,3,MA 201,4,6.0,CC
2315100,3,CS 222,4,5.0,CD
2315100,3,CS 223,2,7.0,BC
2315100,3,EI 201,4,7.0,BC
2315100,3,EI 202,4,0.0,F
2315100,3,EI 203,4,4.0,DD
2315100,3,EI 211,2,9.0,AB
2315100,3,EI 212,2,8.0,BB
2315100,3,EI 213,2,9.0,AB
2315100,3,MA 201,4,4.0,DD
2315101,3,CS 222,4,9.0,AB
2315101,3,CS 223,2,10.0,AA
2315101,3,EI 201,4,10.0,AA
2315101,3,EI 202,4,10.0,AA
2315101,3,EI 203,4,10.0,AA
2315101,3,EI 211,2,10.0,AA
2315101,3,EI 212,2,9.0,AB
2315101,3,EI 213,2,10.0,AA
2315101,3,MA 201,4,8.0,BB
2315102,3,CS 222,4,10.0,AA
2315102,3,CS 223,2,9.0,AB
2315102,3,EI 201,4,10.0,AA
2315102,3,EI 202,4,7.0,BC
2315102,3,EI 203,4,10.0,AA
2315102,3,EI 211,2,10.0,AA
2315102,3,EI 212,2,9.0,AB
2315102,3,EI 213,2,10.0,AA
2315102,3,MA 201,4,8.0,BB
2315103,3,CS 222,4,8.0,BB
2315103,3,CS 223,2,9.0,AB
2315103,3,EI 201,4,10.0,AA
2315103,3,EI 202,4,9.0,AB
2315103,3,EI 203,4,9.0,AB
2315103,3,EI 211,2,10.0,AA
2315103,3,EI 212,2,10.0,AA
2315103,3,EI 213,2,10.0,AA
2315103,3,MA 201,4,9.0,AB
2315104,3,CS 222,4,8.0,BB
2315104,3,CS 223,2,9.0,AB
2315104,3,EI 201,4,10.0,AA
2315104,3,EI 202,4,9.0,AB
2315104,3,EI 203,4,9.0,AB
2315104,3,EI 211,2,10.0,AA
2315104,3,EI 212,2,10.0,AA
2315104,3,EI 213,2,10.0,AA
2315104,3,MA 201,4,7.0,BC
2315105,3,CS 222,4,9.0,AB
2315105,3,CS 223,2,10.0,AA
2315105,3,EI 201,4,10.0,AA
2315105,3,EI 202,4,10.0,AA
2315105,3,EI 203,4,10.0,AA
2315105,3,EI 211,2,9.0,AB
2315105,3,EI 212,2,10.0,AA
2315105,3,EI 213,2,10.0,AA
2315105,3,MA 201,4,9.0,AB
2315106,3,CS 222,4,8.0,BB
2315106,3,CS 223,2,10.0,AA
2315106,3,EI 201,4,9.0,AB
2315106,3,EI 202,4,10.0,AA
2315106,3,EI 203,4,8.0,BB
2315106,3,EI 211,2,10.0,AA
2315106,3,EI 212,2,9.0,AB
2315106,3,EI 213,2,10.0,AA
2315106,3,MA 201,4,9.0,AB
2315107,3,CS 222,4,7.0,BC
2315107,3,CS 223,2,10.0,AA
2315107,3,EI 201,4,9.0,AB
2315107,3,EI 202,4,8.0,BB
2315107,3,EI 203,4,9.0,AB
2315107,3,EI 211,2,10.0,AA
2315107,3,EI 212,2,10.0,AA
2315107,3,EI 213,2,10.0,AA
2315107,3,MA 201,4,8.0,BB
2315108,3,CS 222,4,7.0,BC
2315108,3,CS 223,2,9.0,AB
2315108,3,EI 201,4,9.0,AB
2315108,3,EI 202,4,8.0,BB
2315108,3,EI 203,4,8.0,BB
2315108,3,EI 211,2,10.0,AA
2315108,3,EI 212,2,10.0,AA
2315108,3,EI 213,2,10.0,AA
2315108,3,MA 201,4,9.0,AB
2316001,3,MA 201,4,8.0,BB
2316001,3,ME 201,4,7.0,BC
2316001,3,ME 202,4,8.0,BB
2316001,3,ME 203,4,7.0,BC
2316001,3,ME 204,3,5.0,CD
2316001,3,ME 205,3,5.0,CD
2316001,3,ME 211,2,9.0,AB
2316001,3,ME 212,2,10.0,AA
2316001,3,ME 213,2,9.0,AB
2316002,3,MA 201,4,8.0,BB
2316002,3,ME 201,4,4.0,DD
2316002,3,ME 202,4,6.0,CC
2316002,3,ME 203,4,6.0,CC
2316002,3,ME 204,3,4.0,DD
2316002,3,ME 205,3,5.0,CD
2316002,3,ME 211,2,8.0,BB
2316002,3,ME 212,2,9.0,AB
2316002,3,ME 213,2,8.0,BB
2316003,3,MA 201,4,7.0,BC
2316003,3,ME 201,4,5.0,CD
2316003,3,ME 202,4,6.0,CC
2316003,3,ME 203,4,5.0,CD
2316003,3,ME 204,3,7.0,BC
2316003,3,ME 205,3,7.0,BC
2316003,3,ME 211,2,9.0,AB
2316003,3,ME 212,2,8.0,BB
2316003,3,ME 213,2,9.0,AB
2316004,3,MA 201,4,7.0,BC
2316004,3,ME 201,4,7.0,BC
2316004,3,ME 202,4,6.0,CC
2316004,3,ME 203,4,8.0,BB
2316004,3,ME 204,3,8.0,BB
2316004,3,ME 205,3,10.0,AA
2316004,3,ME 211,2,10.0,AA
2316004,3,ME 212,2,9.0,AB
2316004,3,ME 213,2,9.0,AB
2316005,3,MA 201,4,6.0,CC
2316005,3,ME 201,4,0.0,F
2316005,3,ME 202,4,5.0,CD
2316005,3,ME 203,4,0.0,F
2316005,3,ME 204,3,0.0,F
2316005,3,ME 205,3,0.0,F
2316005,3,ME 211,2,7.0,BC
2316005,3,ME 212,2,8.0,BB
2316005,3,ME 213,2,7.0,BC
2316006,3,MA 201,4,0.0,F
2316006,3,ME 201,4,4.0,DD
2316006,3,ME 202,4,0.0,F
2316006,3,ME 203,4,0.0,F
2316006,3,ME 204,3,0.0,F
2316006,3,ME 205,3,0.0,F
2316006,3,ME 211,2,7.0,BC
2316006,3,ME 212,2,8.0,BB
2316006,3,ME 213,2,7.0,BC
2316007,3,MA 201,4,8.0,BB
2316007,3,ME 201,4,7.0,BC
2316007,3,ME 202,4,7.0,BC
2316007,3,ME 203,4,6.0,CC
2316007,3,ME 204,3,5.0,CD
2316007,3,ME 205,3,7.0,BC
2316007,3,ME 211,2,8.0,BB
2316007,3,ME 212,2,9.0,AB
2316007,3,ME 213,2,10.0,AA
2316008,3,MA 201,4,9.0,AB
2316008,3,ME 201,4,9.0,AB
2316008,3,ME 202,4,8.0,BB
2316008,3,ME 203,4,8.0,BB
2316008,3,ME 204,3,7.0,BC
2316008,3,ME 205,3,8.0,BB
2316008,3,ME 211,2,10.0,AA
2316008,3,ME 212,2,9.0,AB
2316008,3,ME 213,2,10.0,AA
2316009,3,MA 201,4,9.0,AB
2316009,3,ME 201,4,8.0,BB
2316009,3,ME 202,4,7.0,BC
2316009,3,ME 203,4,6.0,CC
2316009,3,ME 204,3,8.0,BB
2316009,3,ME 205,3,8.0,BB
2316009,3,ME 211,2,10.0,AA
2316009,3,ME 212,2,10.0,AA
2316009,3,ME 213,2,9.0,AB
2316011,3,MA 201,4,8.0,BB
2316011,3,ME 201,4,8.0,BB
2316011,3,ME 202,4,6.0,CC
2316011,3,ME 203,4,7.0,BC
2316011,3,ME 204,3,7.0,BC
2316011,3,ME 205,3,9.0,AB
2316011,3,ME 211,2,10.0,AA
2316011,3,ME 212,2,9.0,AB
2316011,3,ME 213,2,9.0,AB
2316012,3,MA 201,4,6.0,CC
2316012,3,ME 201,4,6.0,CC
2316012,3,ME 202,4,6.0,CC
2316012,3,ME 203,4,7.0,BC
2316012,3,ME 204,3,6.0,CC
2316012,3,ME 205,3,6.0,CC
2316012,3,ME 211,2,10.0,AA
2316012,3,ME 212,2,9.0,AB
2316012,3,ME 213,2,8.0,BB
2316014,3,MA 201,4,6.0,CC
2316014,3,ME 201,4,5.0,CD
2316014,3,ME 202,4,4.0,DD
2316014,3,ME 203,4,4.0,DD
2316014,3,ME 204,3,4.0,DD
2316014,3,ME 205,3,0.0,F
2316014,3,ME 211,2,9.0,AB
2316014,3,ME 212,2,10.0,AA
2316014,3,ME 213,2,9.0,AB
2316015,3,MA 201,4,7.0,BC
2316015,3,ME 201,4,4.0,DD
2316015,3,ME 202,4,4.0,DD
2316015,3,ME 203,4,4.0,DD
2316015,3,ME 204,3,5.0,CD
2316015,3,ME 205,3,5.0,CD
2316015,3,ME 211,2,10.0,AA
2316015,3,ME 212,2,8.0,BB
2316015,3,ME 213,2,9.0,AB
2316018,3,MA 201,4,8.0,BB
2316018,3,ME 201,4,7.0,BC
2316018,3,ME 202,4,7.0,BC
2316018,3,ME 203,4,8.0,BB
2316018,3,ME 204,3,5.0,CD
2316018,3,ME 205,3,6.0,CC
2316018,3,ME 211,2,10.0,AA
2316018,3,ME 212,2,8.0,BB
2316018,3,ME 213,2,9.0,AB
2316019,3,MA 201,4,7.0,BC
2316019,3,ME 201,4,5.0,CD
2316019,3,ME 202,4,5.0,CD
2316019,3,ME 203,4,5.0,CD
2316019,3,ME 204,3,4.0,DD
2316019,3,ME 205,3,5.0,CD
2316019,3,ME 211,2,10.0,AA
2316019,3,ME 212,2,9.0,AB
2316019,3,ME 213,2,9.0,AB
2316020,3,MA 201,4,9.0,AB
2316020,3,ME 201,4,7.0,BC
2316020,3,ME 202,4,8.0,BB
2316020,3,ME 203,4,8.0,BB
2316020,3,ME 204,3,8.0,BB
2316020,3,ME 205,3,9.0,AB
2316020,3,ME 211,2,10.0,AA
2316020,3,ME 212,2,8.0,BB
2316020,3,ME 213,2,9.0,AB
2316021,3,MA 201,4,7.0,BC
2316021,3,ME 201,4,7.0,BC
2316021,3,ME 202,4,7.0,BC
2316021,3,ME 203,4,5.0,CD
2316021,3,ME 204,3,6.0,CC
2316021,3,ME 205,3,7.0,BC
2316021,3,ME 211,2,10.0,AA
2316021,3,ME 212,2,10.0,AA
2316021,3,ME 213,2,10.0,AA
2316023,3,MA 201,4,7.0,BC
2316023,3,ME 201,4,6.0,CC
2316023,3,ME 202,4,6.0,CC
2316023,3,ME 203,4,7.0,BC
2316023,3,ME 204,3,7.0,BC
2316023,3,ME 205,3,7.0,BC
2316023,3,ME 211,2,10.0,AA
2316023,3,ME 212,2,10.0,AA
2316023,3,ME 213,2,9.0,AB
2316024,3,MA 201,4,8.0,BB
2316024,3,ME 201,4,5.0,CD
2316024,3,ME 202,4,8.0,BB
2316024,3,ME 203,4,7.0,BC
2316024,3,ME 204,3,4.0,DD
2316024,3,ME 205,3,7.0,BC
2316024,3,ME 211,2,10.0,AA
2316024,3,ME 212,2,9.0,AB
2316024,3,ME 213,2,9.0,AB
2316025,3,MA 201,4,4.0,DD
2316025,3,ME 201,4,0.0,F
2316025,3,ME 202,4,5.0,CD
2316025,3,ME 203,4,0.0,F
2316025,3,ME 204,3,4.0,DD
2316025,3,ME 205,3,6.0,CC
2316025,3,ME 211,2,9.0,AB
2316025,3,ME 212,2,8.0,BB
2316025,3,ME 213,2,8.0,BB
2316026,3,MA 201,4,8.0,BB
2316026,3,ME 201,4,7.0,BC
2316026,3,ME 202,4,7.0,BC
2316026,3,ME 203,4,7.0,BC
2316026,3,ME 204,3,8.0,BB
2316026,3,ME 205,3,7.0,BC
2316026,3,ME 211,2,9.0,AB
2316026,3,ME 212,2,10.0,AA
2316026,3,ME 213,2,9.0,AB
2316027,3,MA 201,4,7.0,BC
2316027,3,ME 201,4,8.0,BB
2316027,3,ME 202,4,7.0,BC
2316027,3,ME 203,4,8.0,BB
2316027,3,ME 204,3,8.0,BB
2316027,3,ME 205,3,9.0,AB
2316027,3,ME 211,2,10.0,AA
2316027,3,ME 212,2,9.0,AB
2316027,3,ME 213,2,9.0,AB
2316028,3,MA 201,4,7.0,BC
2316028,3,ME 201,4,6.0,CC
2316028,3,ME 202,4,7.0,BC
2316028,3,ME 203,4,5.0,CD
2316028,3,ME 204,3,8.0,BB
2316028,3,ME 205,3,7.0,BC
2316028,3,ME 211,2,9.0,AB
2316028,3,ME 212,2,9.0,AB
2316028,3,ME 213,2,9.0,AB
2316029,3,MA 201,4,7.0,BC
2316029,3,ME 201,4,0.0,F
2316029,3,ME 202,4,6.0,CC
2316029,3,ME 203,4,6.0,CC
2316029,3,ME 204,3,6.0,CC
2316029,3,ME 205,3,5.0,CD
2316029,3,ME 211,2,9.0,AB
2316029,3,ME 212,2,8.0,BB
2316029,3,ME 213,2,8.0,BB
2316030,3,MA 201,4,9.0,AB
2316030,3,ME 201,4,9.0,AB
2316030,3,ME 202,4,9.0,AB
2316030,3,ME 203,4,9.0,AB
2316030,3,ME 204,3,8.0,BB
2316030,3,ME 205,3,9.0,AB
2316030,3,ME 211,2,10.0,AA
2316030,3,ME 212,2,9.0,AB
2316030,3,ME 213,2,10.0,AA
2316031,3,MA 201,4,7.0,BC
2316031,3,ME 201,4,8.0,BB
2316031,3,ME 202,4,8.0,BB
2316031,3,ME 203,4,7.0,BC
2316031,3,ME 204,3,9.0,AB
2316031,3,ME 205,3,9.0,AB
2316031,3,ME 211,2,10.0,AA
2316031,3,ME 212,2,10.0,AA
2316031,3,ME 213,2,9.0,AB
2316032,3,MA 201,4,7.0,BC
2316032,3,ME 201,4,5.0,CD
2316032,3,ME 202,4,5.0,CD
2316032,3,ME 203,4,4.0,DD
2316032,3,ME 204,3,7.0,BC
2316032,3,ME 205,3,7.0,BC
2316032,3,ME 211,2,10.0,AA
2316032,3,ME 212,2,10.0,AA
2316032,3,ME 213,2,8.0,BB
2316033,3,MA 201,4,8.0,BB
2316033,3,ME 201,4,4.0,DD
2316033,3,ME 202,4,5.0,CD
2316033,3,ME 203,4,6.0,CC
2316033,3,ME 204,3,5.0,CD
2316033,3,ME 205,3,4.0,DD
2316033,3,ME 211,2,9.0,AB
2316033,3,ME 212,2,9.0,AB
2316033,3,ME 213,2,9.0,AB
2316034,3,MA 201,4,7.0,BC
2316034,3,ME 201,4,6.0,CC
2316034,3,ME 202,4,7.0,BC
2316034,3,ME 203,4,6.0,CC
2316034,3,ME 204,3,6.0,CC
2316034,3,ME 205,3,6.0,CC
2316034,3,ME 211,2,10.0,AA
2316034,3,ME 212,2,8.0,BB
2316034,3,ME 213,2,9.0,AB
2316035,3,MA 201,4,7.0,BC
2316035,3,ME 201,4,6.0,CC
2316035,3,ME 202,4,7.0,BC
2316035,3,ME 203,4,7.0,BC
2316035,3,ME 204,3,8.0,BB
2316035,3,ME 205,3,8.0,BB
2316035,3,ME 211,2,10.0,AA
2316035,3,ME 212,2,10.0,AA
2316035,3,ME 213,2,10.0,AA
2316036,3,MA 201,4,7.0,BC
2316036,3,ME 201,4,8.0,BB
2316036,3,ME 202,4,10.0,AA
2316036,3,ME 203,4,7.0,BC
2316036,3,ME 204,3,8.0,BB
2316036,3,ME 205,3,7.0,BC
2316036,3,ME 211,2,10.0,AA
2316036,3,ME 212,2,9.0,AB
2316036,3,ME 213,2,10.0,AA
2316037,3,MA 201,4,5.0,CD
2316037,3,ME 201,4,0.0,F
2316037,3,ME 202,4,5.0,CD
2316037,3,ME 203,4,4.0,DD
2316037,3,ME 204,3,6.0,CC
2316037,3,ME 205,3,5.0,CD
2316037,3,ME 211,2,10.0,AA
2316037,3,ME 212,2,9.0,AB
2316037,3,ME 213,2,9.0,AB
2316038,3,MA 201,4,7.0,BC
2316038,3,ME 201,4,5.0,CD
2316038,3,ME 202,4,10.0,AA
2316038,3,ME 203,4,7.0,BC
2316038,3,ME 204,3,8.0,BB
2316038,3,ME 205,3,5.0,CD
2316038,3,ME 211,2,10.0,AA
2316038,3,ME 212,2,8.0,BB
2316038,3,ME 213,2,9.0,AB
2316039,3,MA 201,4,7.0,BC
2316039,3,ME 201,4,6.0,CC
2316039,3,ME 202,4,8.0,BB
2316039,3,ME 203,4,5.0,CD
2316039,3,ME 204,3,8.0,BB
2316039,3,ME 205,3,8.0,BB
2316039,3,ME 211,2,10.0,AA
2316039,3,ME 212,2,10.0,AA
2316039,3,ME 213,2,10.0,AA
2316040,3,MA 201,4,4.0,DD
2316040,3,ME 201,4,0.0,F
2316040,3,ME 202,4,5.0,CD
2316040,3,ME 203,4,0.0,F
2316040,3,ME 204,3,5.0,CD
2316040,3,ME 205,3,5.0,CD
2316040,3,ME 211,2,9.0,AB
2316040,3,ME 212,2,8.0,BB
2316040,3,ME 213,2,8.0,BB
2316041,3,MA 201,4,4.0,DD
2316041,3,ME 201,4,5.0,CD
2316041,3,ME 202,4,5.0,CD
2316041,3,ME 203,4,4.0,DD
2316041,3,ME 204,3,0.0,F
2316041,3,ME 205,3,6.0,CC
2316041,3,ME 211,2,10.0,AA
2316041,3,ME 212,2,8.0,BB
2316041,3,ME 213,2,10.0,AA
2316043,3,MA 201,4,8.0,BB
2316043,3,ME 201,4,6.0,CC
2316043,3,ME 202,4,7.0,BC
2316043,3,ME 203,4,7.0,BC
2316043,3,ME 204,3,0.0,F
2316043,3,ME 205,3,5.0,CD
2316043,3,ME 211,2,5.0,CD
2316043,3,ME 212,2,10.0,AA
2316043,3,ME 213,2,9.0,AB
2316044,3,MA 201,4,7.0,BC
2316044,3,ME 201,4,6.0,CC
2316044,3,ME 202,4,10.0,AA
2316044,3,ME 203,4,7.0,BC
2316044,3,ME 204,3,7.0,BC
2316044,3,ME 205,3,8.0,BB
2316044,3,ME 211,2,7.0,BC
2316044,3,ME 212,2,10.0,AA
2316044,3,ME 213,2,10.0,AA
2316047,3,MA 201,4,8.0,BB
2316047,3,ME 201,4,8.0,BB
2316047,3,ME 202,4,7.0,BC
2316047,3,ME 203,4,7.0,BC
2316047,3,ME 204,3,6.0,CC
2316047,3,ME 205,3,8.0,BB
2316047,3,ME 211,2,8.0,BB
2316047,3,ME 212,2,10.0,AA
2316047,3,ME 213,2,10.0,AA
2316048,3,MA 201,4,8.0,BB
2316048,3,ME 201,4,7.0,BC
2316048,3,ME 202,4,8.0,BB
2316048,3,ME 203,4,6.0,CC
2316048,3,ME 204,3,7.0,BC
2316048,3,ME 205,3,9.0,AB
2316048,3,ME 211,2,8.0,BB
2316048,3,ME 212,2,10.0,AA
2316048,3,ME 213,2,10.0,AA
2316049,3,MA 201,4,7.0,BC
2316049,3,ME 201,4,7.0,BC
2316049,3,ME 202,4,7.0,BC
2316049,3,ME 203,4,8.0,BB
2316049,3,ME 204,3,7.0,BC
2316049,3,ME 205,3,9.0,AB
2316049,3,ME 211,2,7.0,BC
2316049,3,ME 212,2,10.0,AA
2316049,3,ME 213,2,9.0,AB
2316050,3,MA 201,4,7.0,BC
2316050,3,ME 201,4,5.0,CD
2316050,3,ME 202,4,6.0,CC
2316050,3,ME 203,4,4.0,DD
2316050,3,ME 204,3,4.0,DD
2316050,3,ME 205,3,7.0,BC
2316050,3,ME 211,2,7.0,BC
2316050,3,ME 212,2,9.0,AB
2316050,3,ME 213,2,9.0,AB
2316051,3,MA 201,4,9.0,AB
2316051,3,ME 201,4,7.0,BC
2316051,3,ME 202,4,9.0,AB
2316051,3,ME 203,4,7.0,BC
2316051,3,ME 204,3,7.0,BC
2316051,3,ME 205,3,8.0,BB
2316051,3,ME 211,2,7.0,BC
2316051,3,ME 212,2,10.0,AA
2316051,3,ME 213,2,9.0,AB
2316052,3,MA 201,4,9.0,AB
2316052,3,ME 201,4,8.0,BB
2316052,3,ME 202,4,8.0,BB
2316052,3,ME 203,4,7.0,BC
2316052,3,ME 204,3,8.0,BB
2316052,3,ME 205,3,8.0,BB
2316052,3,ME 211,2,8.0,BB
2316052,3,ME 212,2,10.0,AA
2316052,3,ME 213,2,10.0,AA
2316053,3,MA 201,4,8.0,BB
2316053,3,ME 201,4,7.0,BC
2316053,3,ME 202,4,7.0,BC
2316053,3,ME 203,4,7.0,BC
2316053,3,ME 204,3,7.0,BC
2316053,3,ME 205,3,9.0,AB
2316053,3,ME 211,2,8.0,BB
2316053,3,ME 212,2,10.0,AA
2316053,3,ME 213,2,10.0,AA
2316054,3,MA 201,4,8.0,BB
2316054,3,ME 201,4,8.0,BB
2316054,3,ME 202,4,7.0,BC
2316054,3,ME 203,4,7.0,BC
2316054,3,ME 204,3,6.0,CC
2316054,3,ME 205,3,8.0,BB
2316054,3,ME 211,2,9.0,AB
2316054,3,ME 212,2,10.0,AA
2316054,3,ME 213,2,10.0,AA
2316055,3,MA 201,4,8.0,BB
2316055,3,ME 201,4,8.0,BB
2316055,3,ME 202,4,6.0,CC
2316055,3,ME 203,4,7.0,BC
2316055,3,ME 204,3,7.0,BC
2316055,3,ME 205,3,7.0,BC
2316055,3,ME 211,2,7.0,BC
2316055,3,ME 212,2,10.0,AA
2316055,3,ME 213,2,9.0,AB
2316056,3,MA 201,4,8.0,BB
2316056,3,ME 201,4,6.0,CC
2316056,3,ME 202,4,7.0,BC
2316056,3,ME 203,4,6.0,CC
2316056,3,ME 204,3,6.0,CC
2316056,3,ME 205,3,8.0,BB
2316056,3,ME 211,2,8.0,BB
2316056,3,ME 212,2,10.0,AA
2316056,3,ME 213,2,9.0,AB
2316057,3,MA 201,4,7.0,BC
2316057,3,ME 201,4,7.0,BC
2316057,3,ME 202,4,6.0,CC
2316057,3,ME 203,4,6.0,CC
2316057,3,ME 204,3,6.0,CC
2316057,3,ME 205,3,6.0,CC
2316057,3,ME 211,2,8.0,BB
2316057,3,ME 212,2,9.0,AB
2316057,3,ME 213,2,9.0,AB
2316058,3,MA 201,4,8.0,BB
2316058,3,ME 201,4,7.0,BC
2316058,3,ME 202,4,7.0,BC
2316058,3,ME 203,4,7.0,BC
2316058,3,ME 204,3,5.0,CD
2316058,3,ME 205,3,7.0,BC
2316058,3,ME 211,2,8.0,BB
2316058,3,ME 212,2,9.0,AB
2316058,3,ME 213,2,10.0,AA
2316059,3,MA 201,4,0.0,F
2316059,3,ME 201,4,0.0,F
2316059,3,ME 202,4,0.0,F
2316059,3,ME 203,4,0.0,F
2316059,3,ME 204,3,4.0,DD
2316059,3,ME 205,3,0.0,F
2316059,3,ME 211,2,0.0,F
2316059,3,ME 212,2,0.0,F
2316059,3,ME 213,2,0.0,F
2316061,3,MA 201,4,6.0,CC
2316061,3,ME 201,4,0.0,F
2316061,3,ME 202,4,6.0,CC
2316061,3,ME 203,4,4.0,DD
2316061,3,ME 204,3,6.0,CC
2316061,3,ME 205,3,6.0,CC
2316061,3,ME 211,2,7.0,BC
2316061,3,ME 212,2,9.0,AB
2316061,3,ME 213,2,9.0,AB
2316062,3,MA 201,4,0.0,I
2316062,3,ME 201,4,0.0,I
2316062,3,ME 202,4,0.0,I
2316062,3,ME 203,4,0.0,I
2316062,3,ME 204,3,0.0,I
2316062,3,ME 205,3,0.0,I
2316062,3,ME 211,2,7.0,BC
2316062,3,ME 212,2,10.0,AA
2316062,3,ME 213,2,9.0,AB
2316063,3,MA 201,4,10.0,AA
2316063,3,ME 201,4,10.0,AA
2316063,3,ME 202,4,9.0,AB
2316063,3,ME 203,4,8.0,BB
2316063,3,ME 204,3,6.0,CC
2316063,3,ME 205,3,10.0,AA
2316063,3,ME 211,2,9.0,AB
2316063,3,ME 212,2,10.0,AA
2316063,3,ME 213,2,9.0,AB
2316064,3,MA 201,4,6.0,CC
2316064,3,ME 201,4,6.0,CC
2316064,3,ME 202,4,7.0,BC
2316064,3,ME 203,4,6.0,CC
2316064,3,ME 204,3,7.0,BC
2316064,3,ME 205,3,7.0,BC
2316064,3,ME 211,2,9.0,AB
2316064,3,ME 212,2,10.0,AA
2316064,3,ME 213,2,10.0,AA
2316065,3,MA 201,4,8.0,BB
2316065,3,ME 201,4,7.0,BC
2316065,3,ME 202,4,8.0,BB
2316065,3,ME 203,4,7.0,BC
2316065,3,ME 204,3,9.0,AB
2316065,3,ME 205,3,7.0,BC
2316065,3,ME 211,2,8.0,BB
2316065,3,ME 212,2,10.0,AA
2316065,3,ME 213,2,9.0,AB
2316066,3,MA 201,4,9.0,AB
2316066,3,ME 201,4,9.0,AB
2316066,3,ME 202,4,9.0,AB
2316066,3,ME 203,4,9.0,AB
2316066,3,ME 204,3,7.0,BC
2316066,3,ME 205,3,9.0,AB
2316066,3,ME 211,2,10.0,AA
2316066,3,ME 212,2,10.0,AA
2316066,3,ME 213,2,9.0,AB
2316067,3,MA 201,4,7.0,BC
2316067,3,ME 201,4,6.0,CC
2316067,3,ME 202,4,7.0,BC
2316067,3,ME 203,4,4.0,DD
2316067,3,ME 204,3,8.0,BB
2316067,3,ME 205,3,7.0,BC
2316067,3,ME 211,2,8.0,BB
2316067,3,ME 212,2,10.0,AA
2316067,3,ME 213,2,10.0,AA
2316068,3,MA 201,4,8.0,BB
2316068,3,ME 201,4,5.0,CD
2316068,3,ME 202,4,7.0,BC
2316068,3,ME 203,4,5.0,CD
2316068,3,ME 204,3,5.0,CD
2316068,3,ME 205,3,7.0,BC
2316068,3,ME 211,2,9.0,AB
2316068,3,ME 212,2,10.0,AA
2316068,3,ME 213,2,10.0,AA
2316069,3,MA 201,4,9.0,AB
2316069,3,ME 201,4,5.0,CD
2316069,3,ME 202,4,4.0,DD
2316069,3,ME 203,4,7.0,BC
2316069,3,ME 204,NA,,NA
2316069,3,ME 205,3,4.0,DD
2316069,3,ME 211,2,7.0,BC
2316069,3,ME 212,2,9.0,AB
2316069,3,ME 213,2,9.0,AB
2316070,3,MA 201,4,5.0,CD
2316070,3,ME 201,4,0.0,F
2316070,3,ME 202,4,6.0,CC
2316070,3,ME 203,4,4.0,DD
2316070,3,ME 204,3,6.0,CC
2316070,3,ME 205,3,4.0,DD
2316070,3,ME 211,2,8.0,BB
2316070,3,ME 212,2,10.0,AA
2316070,3,ME 213,2,9.0,AB
2316071,3,MA 201,4,8.0,BB
2316071,3,ME 201,4,6.0,CC
2316071,3,ME 202,4,8.0,BB
2316071,3,ME 203,4,5.0,CD
2316071,3,ME 204,3,8.0,BB
2316071,3,ME 205,3,6.0,CC
2316071,3,ME 211,2,8.0,BB
2316071,3,ME 212,2,10.0,AA
2316071,3,ME 213,2,9.0,AB
2316072,3,MA 201,4,7.0,BC
2316072,3,ME 201,4,6.0,CC
2316072,3,ME 202,4,7.0,BC
2316072,3,ME 203,4,6.0,CC
2316072,3,ME 204,3,5.0,CD
2316072,3,ME 205,3,9.0,AB
2316072,3,ME 211,2,8.0,BB
2316072,3,ME 212,2,10.0,AA
2316072,3,ME 213,2,10.0,AA
2316073,3,MA 201,4,7.0,BC
2316073,3,ME 201,4,5.0,CD
2316073,3,ME 202,4,7.0,BC
2316073,3,ME 203,4,8.0,BB
2316073,3,ME 204,3,8.0,BB
2316073,3,ME 205,3,8.0,BB
2316073,3,ME 211,2,8.0,BB
2316073,3,ME 212,2,10.0,AA
2316073,3,ME 213,2,10.0,AA
2316074,3,MA 201,4,8.0,BB
2316074,3,ME 201,4,9.0,AB
2316074,3,ME 202,4,7.0,BC
2316074,3,ME 203,4,5.0,CD
2316074,3,ME 204,3,8.0,BB
2316074,3,ME 205,3,6.0,CC
2316074,3,ME 211,2,9.0,AB
2316074,3,ME 212,2,10.0,AA
2316074,3,ME 213,2,9.0,AB
2316075,3,MA 201,4,7.0,BC
2316075,3,ME 201,4,5.0,CD
2316075,3,ME 202,4,7.0,BC
2316075,3,ME 203,4,8.0,BB
2316075,3,ME 204,3,7.0,BC
2316075,3,ME 205,3,7.0,BC
2316075,3,ME 211,2,7.0,BC
2316075,3,ME 212,2,10.0,AA
2316075,3,ME 213,2,9.0,AB
2316076,3,MA 201,4,7.0,BC
2316076,3,ME 201,4,6.0,CC
2316076,3,ME 202,4,7.0,BC
2316076,3,ME 203,4,5.0,CD
2316076,3,ME 204,3,8.0,BB
2316076,3,ME 205,3,7.0,BC
2316076,3,ME 211,2,6.0,CC
2316076,3,ME 212,2,9.0,AB
2316076,3,ME 213,2,9.0,AB
2316077,3,MA 201,4,9.0,AB
2316077,3,ME 201,4,10.0,AA
2316077,3,ME 202,4,7.0,BC
2316077,3,ME 203,4,10.0,AA
2316077,3,ME 204,3,8.0,BB
2316077,3,ME 205,3,9.0,AB
2316077,3,ME 211,2,7.0,BC
2316077,3,ME 212,2,10.0,AA
2316077,3,ME 213,2,10.0,AA
2316078,3,MA 201,4,7.0,BC
2316078,3,ME 201,4,5.0,CD
2316078,3,ME 202,4,6.0,CC
2316078,3,ME 203,4,7.0,BC
2316078,3,ME 204,3,5.0,CD
2316078,3,ME 205,3,8.0,BB
2316078,3,ME 211,2,7.0,BC
2316078,3,ME 212,2,10.0,AA
2316078,3,ME 213,2,10.0,AA
2316079,3,MA 201,4,9.0,AB
2316079,3,ME 201,4,5.0,CD
2316079,3,ME 202,4,5.0,CD
2316079,3,ME 203,4,5.0,CD
2316079,3,ME 204,3,8.0,BB
2316079,3,ME 205,3,9.0,AB
2316079,3,ME 211,2,7.0,BC
2316079,3,ME 212,2,10.0,AA
2316079,3,ME 213,2,10.0,AA
2316080,3,MA 201,4,9.0,AB
2316080,3,ME 201,4,9.0,AB
2316080,3,ME 202,4,7.0,BC
2316080,3,ME 203,4,8.0,BB
2316080,3,ME 204,3,5.0,CD
2316080,3,ME 205,3,10.0,AA
2316080,3,ME 211,2,9.0,AB
2316080,3,ME 212,2,10.0,AA
2316080,3,ME 213,2,10.0,AA
2316082,3,MA 201,4,8.0,BB
2316082,3,ME 201,4,5.0,CD
2316082,3,ME 202,4,6.0,CC
2316082,3,ME 203,4,5.0,CD
2316082,3,ME 204,3,6.0,CC
2316082,3,ME 205,3,6.0,CC
2316082,3,ME 211,2,9.0,AB
2316082,3,ME 212,2,10.0,AA
2316082,3,ME 213,2,9.0,AB
2316083,3,MA 201,4,9.0,AB
2316083,3,ME 201,4,7.0,BC
2316083,3,ME 202,4,7.0,BC
2316083,3,ME 203,4,6.0,CC
2316083,3,ME 204,3,7.0,BC
2316083,3,ME 205,3,9.0,AB
2316083,3,ME 211,2,7.0,BC
2316083,3,ME 212,2,10.0,AA
2316083,3,ME 213,2,10.0,AA
2316084,3,MA 201,4,6.0,CC
2316084,3,ME 201,4,6.0,CC
2316084,3,ME 202,4,8.0,BB
2316084,3,ME 203,4,4.0,DD
2316084,3,ME 204,3,7.0,BC
2316084,3,ME 205,3,8.0,BB
2316084,3,ME 211,2,8.0,BB
2316084,3,ME 212,2,10.0,AA
2316084,3,ME 213,2,10.0,AA
2316085,3,MA 201,4,8.0,BB
2316085,3,ME 201,4,5.0,CD
2316085,3,ME 202,4,7.0,BC
2316085,3,ME 203,4,8.0,BB
2316085,3,ME 204,3,6.0,CC
2316085,3,ME 205,3,8.0,BB
2316085,3,ME 211,2,8.0,BB
2316085,3,ME 212,2,10.0,AA
2316085,3,ME 213,2,9.0,AB
2316087,3,MA 201,4,6.0,CC
2316087,3,ME 201,4,4.0,DD
2316087,3,ME 202,4,6.0,CC
2316087,3,ME 203,4,7.0,BC
2316087,3,ME 204,3,5.0,CD
2316087,3,ME 205,3,6.0,CC
2316087,3,ME 211,2,9.0,AB
2316087,3,ME 212,2,9.0,AB
2316087,3,ME 213,2,10.0,AA
2316088,3,MA 201,4,5.0,CD
2316088,3,ME 201,4,4.0,DD
2316088,3,ME 202,4,6.0,CC
2316088,3,ME 203,4,5.0,CD
2316088,3,ME 204,3,0.0,F
2316088,3,ME 205,3,4.0,DD
2316088,3,ME 211,2,9.0,AB
2316088,3,ME 212,2,9.0,AB
2316088,3,ME 213,2,10.0,AA
2316089,3,MA 201,4,6.0,CC
2316089,3,ME 201,4,5.0,CD
2316089,3,ME 202,4,7.0,BC
2316089,3,ME 203,4,6.0,CC
2316089,3,ME 204,3,4.0,DD
2316089,3,ME 205,3,5.0,CD
2316089,3,ME 211,2,9.0,AB
2316089,3,ME 212,2,9.0,AB
2316089,3,ME 213,2,9.0,AB
2316090,3,MA 201,4,8.0,BB
2316090,3,ME 201,4,4.0,DD
2316090,3,ME 202,4,4.0,DD
2316090,3,ME 203,4,5.0,CD
2316090,3,ME 204,3,0.0,F
2316090,3,ME 205,3,0.0,F
2316090,3,ME 211,2,9.0,AB
2316090,3,ME 212,2,9.0,AB
2316090,3,ME 213,2,8.0,BB
2316091,3,MA 201,4,6.0,CC
2316091,3,ME 201,4,6.0,CC
2316091,3,ME 202,4,6.0,CC
2316091,3,ME 203,4,6.0,CC
2316091,3,ME 204,3,5.0,CD
2316091,3,ME 205,3,6.0,CC
2316091,3,ME 211,2,9.0,AB
2316091,3,ME 212,2,9.0,AB
2316091,3,ME 213,2,10.0,AA
2316093,3,MA 201,4,7.0,BC
2316093,3,ME 201,4,5.0,CD
2316093,3,ME 202,4,6.0,CC
2316093,3,ME 203,4,6.0,CC
2316093,3,ME 204,3,4.0,DD
2316093,3,ME 205,3,6.0,CC
2316093,3,ME 211,2,8.0,BB
2316093,3,ME 212,2,8.0,BB
2316093,3,ME 213,2,8.0,BB
2316094,3,MA 201,4,5.0,CD
2316094,3,ME 201,4,5.0,CD
2316094,3,ME 202,4,7.0,BC
2316094,3,ME 203,4,7.0,BC
2316094,3,ME 204,3,5.0,CD
2316094,3,ME 205,3,4.0,DD
2316094,3,ME 211,2,10.0,AA
2316094,3,ME 212,2,9.0,AB
2316094,3,ME 213,2,10.0,AA
2316095,3,MA 201,4,8.0,BB
2316095,3,ME 201,4,7.0,BC
2316095,3,ME 202,4,9.0,AB
2316095,3,ME 203,4,9.0,AB
2316095,3,ME 204,3,9.0,AB
2316095,3,ME 205,3,9.0,AB
2316095,3,ME 211,2,9.0,AB
2316095,3,ME 212,2,9.0,AB
2316095,3,ME 213,2,10.0,AA
2316096,3,MA 201,4,7.0,BC
2316096,3,ME 201,4,5.0,CD
2316096,3,ME 202,4,8.0,BB
2316096,3,ME 203,4,7.0,BC
2316096,3,ME 204,3,5.0,CD
2316096,3,ME 205,3,6.0,CC
2316096,3,ME 211,2,9.0,AB
2316096,3,ME 212,2,9.0,AB
2316096,3,ME 213,2,10.0,AA
2316097,3,MA 201,4,8.0,BB
2316097,3,ME 201,4,7.0,BC
2316097,3,ME 202,4,8.0,BB
2316097,3,ME 203,4,9.0,AB
2316097,3,ME 204,3,7.0,BC
2316097,3,ME 205,3,9.0,AB
2316097,3,ME 211,2,10.0,AA
2316097,3,ME 212,2,9.0,AB
2316097,3,ME 213,2,9.0,AB
2316098,3,MA 201,4,7.0,BC
2316098,3,ME 201,4,6.0,CC
2316098,3,ME 202,4,7.0,BC
2316098,3,ME 203,4,8.0,BB
2316098,3,ME 204,3,7.0,BC
2316098,3,ME 205,3,9.0,AB
2316098,3,ME 211,2,9.0,AB
2316098,3,ME 212,2,9.0,AB
2316098,3,ME 213,2,10.0,AA
2316099,3,MA 201,4,7.0,BC
2316099,3,ME 201,4,5.0,CD
2316099,3,ME 202,4,9.0,AB
2316099,3,ME 203,4,8.0,BB
2316099,3,ME 204,3,6.0,CC
2316099,3,ME 205,3,8.0,BB
2316099,3,ME 211,2,10.0,AA
2316099,3,ME 212,2,9.0,AB
2316099,3,ME 213,2,10.0,AA
2316100,3,MA 201,4,8.0,BB
2316100,3,ME 201,4,6.0,CC
2316100,3,ME 202,4,8.0,BB
2316100,3,ME 203,4,6.0,CC
2316100,3,ME 204,3,5.0,CD
2316100,3,ME 205,3,7.0,BC
2316100,3,ME 211,2,9.0,AB
2316100,3,ME 212,2,9.0,AB
2316100,3,ME 213,2,10.0,AA
2316101,3,MA 201,4,8.0,BB
2316101,3,ME 201,4,6.0,CC
2316101,3,ME 202,4,5.0,CD
2316101,3,ME 203,4,8.0,BB
2316101,3,ME 204,3,6.0,CC
2316101,3,ME 205,3,7.0,BC
2316101,3,ME 211,2,9.0,AB
2316101,3,ME 212,2,9.0,AB
2316101,3,ME 213,2,10.0,AA
2316102,3,MA 201,4,7.0,BC
2316102,3,ME 201,4,4.0,DD
2316102,3,ME 202,4,6.0,CC
2316102,3,ME 203,4,6.0,CC
2316102,3,ME 204,3,5.0,CD
2316102,3,ME 205,3,7.0,BC
2316102,3,ME 211,2,10.0,AA
2316102,3,ME 212,2,9.0,AB
2316102,3,ME 213,2,10.0,AA
2316103,3,MA 201,4,7.0,BC
2316103,3,ME 201,4,8.0,BB
2316103,3,ME 202,4,7.0,BC
2316103,3,ME 203,4,7.0,BC
2316103,3,ME 204,3,5.0,CD
2316103,3,ME 205,3,8.0,BB
2316103,3,ME 211,2,9.0,AB
2316103,3,ME 212,2,9.0,AB
2316103,3,ME 213,2,10.0,AA
2316105,3,MA 201,4,0.0,F
2316105,3,ME 201,4,0.0,F
2316105,3,ME 202,4,0.0,F
2316105,3,ME 203,4,0.0,F
2316105,3,ME 204,3,0.0,F
2316105,3,ME 205,3,0.0,F
2316105,3,ME 211,2,0.0,F
2316105,3,ME 212,2,0.0,F
2316105,3,ME 213,2,0.0,F
2316106,3,MA 201,4,6.0,CC
2316106,3,ME 201,4,5.0,CD
2316106,3,ME 202,4,7.0,BC
2316106,3,ME 203,4,7.0,BC
2316106,3,ME 204,3,4.0,DD
2316106,3,ME 205,3,7.0,BC
2316106,3,ME 211,2,9.0,AB
2316106,3,ME 212,2,9.0,AB
2316106,3,ME 213,2,10.0,AA
2316107,3,MA 201,4,8.0,BB
2316107,3,ME 201,4,7.0,BC
2316107,3,ME 202,4,8.0,BB
2316107,3,ME 203,4,9.0,AB
2316107,3,ME 204,3,8.0,BB
2316107,3,ME 205,3,8.0,BB
2316107,3,ME 211,2,9.0,AB
2316107,3,ME 212,2,9.0,AB
2316107,3,ME 213,2,10.0,AA
2316108,3,MA 201,4,6.0,CC
2316108,3,ME 201,4,5.0,CD
2316108,3,ME 202,4,9.0,AB
2316108,3,ME 203,4,7.0,BC
2316108,3,ME 204,3,0.0,F
2316108,3,ME 205,3,4.0,DD
2316108,3,ME 211,2,9.0,AB
2316108,3,ME 212,2,9.0,AB
2316108,3,ME 213,2,10.0,AA
2316109,3,MA 201,4,7.0,BC
2316109,3,ME 201,4,5.0,CD
2316109,3,ME 202,4,7.0,BC
2316109,3,ME 203,4,6.0,CC
2316109,3,ME 204,3,4.0,DD
2316109,3,ME 205,3,5.0,CD
2316109,3,ME 211,2,9.0,AB
2316109,3,ME 212,2,9.0,AB
2316109,3,ME 213,2,10.0,AA
2316110,3,MA 201,4,0.0,F
2316110,3,ME 201,4,0.0,F
2316110,3,ME 202,4,0.0,F
2316110,3,ME 203,4,0.0,F
2316110,3,ME 204,3,0.0,F
2316110,3,ME 205,3,0.0,F
2316110,3,ME 211,2,9.0,AB
2316110,3,ME 212,2,9.0,AB
2316110,3,ME 213,2,9.0,AB
2316111,3,MA 201,4,6.0,CC
2316111,3,ME 201,4,4.0,DD
2316111,3,ME 202,4,6.0,CC
2316111,3,ME 203,4,7.0,BC
2316111,3,ME 204,3,4.0,DD
2316111,3,ME 205,3,5.0,CD
2316111,3,ME 211,2,10.0,AA
2316111,3,ME 212,2,9.0,AB
2316111,3,ME 213,2,10.0,AA
2316112,3,MA 201,4,7.0,BC
2316112,3,ME 201,4,6.0,CC
2316112,3,ME 202,4,6.0,CC
2316112,3,ME 203,4,7.0,BC
2316112,3,ME 204,3,6.0,CC
2316112,3,ME 205,3,7.0,BC
2316112,3,ME 211,2,8.0,BB
2316112,3,ME 212,2,8.0,BB
2316112,3,ME 213,2,10.0,AA
2316114,3,MA 201,4,8.0,BB
2316114,3,ME 201,4,7.0,BC
2316114,3,ME 202,4,7.0,BC
2316114,3,ME 203,4,9.0,AB
2316114,3,ME 204,3,6.0,CC
2316114,3,ME 205,3,8.0,BB
2316114,3,ME 211,2,10.0,AA
2316114,3,ME 212,2,10.0,AA
2316114,3,ME 213,2,10.0,AA
2316115,3,MA 201,4,7.0,BC
2316115,3,ME 201,4,5.0,CD
2316115,3,ME 202,4,9.0,AB
2316115,3,ME 203,4,5.0,CD
2316115,3,ME 204,3,5.0,CD
2316115,3,ME 205,3,6.0,CC
2316115,3,ME 211,2,10.0,AA
2316115,3,ME 212,2,10.0,AA
2316115,3,ME 213,2,10.0,AA
2316116,3,MA 201,4,8.0,BB
2316116,3,ME 201,4,7.0,BC
2316116,3,ME 202,4,7.0,BC
2316116,3,ME 203,4,7.0,BC
2316116,3,ME 204,3,6.0,CC
2316116,3,ME 205,3,7.0,BC
2316116,3,ME 211,2,9.0,AB
2316116,3,ME 212,2,9.0,AB
2316116,3,ME 213,2,9.0,AB
2316117,3,MA 201,4,8.0,BB
2316117,3,ME 201,4,10.0,AA
2316117,3,ME 202,4,10.0,AA
2316117,3,ME 203,4,9.0,AB
2316117,3,ME 204,3,7.0,BC
2316117,3,ME 205,3,10.0,AA
2316117,3,ME 211,2,10.0,AA
2316117,3,ME 212,2,9.0,AB
2316117,3,ME 213,2,10.0,AA
2316118,3,MA 201,4,9.0,AB
2316118,3,ME 201,4,9.0,AB
2316118,3,ME 202,4,10.0,AA
2316118,3,ME 203,4,10.0,AA
2316118,3,ME 204,3,6.0,CC
2316118,3,ME 205,3,10.0,AA
2316118,3,ME 211,2,10.0,AA
2316118,3,ME 212,2,9.0,AB
2316118,3,ME 213,2,10.0,AA
2316119,3,MA 201,4,5.0,CD
2316119,3,ME 201,4,5.0,CD
2316119,3,ME 202,4,5.0,CD
2316119,3,ME 203,4,7.0,BC
2316119,3,ME 204,3,5.0,CD
2316119,3,ME 205,3,0.0,F
2316119,3,ME 211,2,9.0,AB
2316119,3,ME 212,2,9.0,AB
2316119,3,ME 213,2,10.0,AA
2316120,3,MA 201,4,5.0,CD
2316120,3,ME 201,4,4.0,DD
2316120,3,ME 202,4,6.0,CC
2316120,3,ME 203,4,5.0,CD
2316120,3,ME 204,3,4.0,DD
2316120,3,ME 205,3,7.0,BC
2316120,3,ME 211,2,9.0,AB
2316120,3,ME 212,2,9.0,AB
2316120,3,ME 213,2,10.0,AA
2316121,3,MA 201,4,4.0,DD
2316121,3,ME 201,4,4.0,DD
2316121,3,ME 202,4,5.0,CD
2316121,3,ME 203,4,6.0,CC
2316121,3,ME 204,3,4.0,DD
2316121,3,ME 205,3,4.0,DD
2316121,3,ME 211,2,8.0,BB
2316121,3,ME 212,2,8.0,BB
2316121,3,ME 213,2,8.0,BB
2316122,3,MA 201,4,9.0,AB
2316122,3,ME 201,4,6.0,CC
2316122,3,ME 202,4,6.0,CC
2316122,3,ME 203,4,8.0,BB
2316122,3,ME 204,3,5.0,CD
2316122,3,ME 205,3,7.0,BC
2316122,3,ME 211,2,9.0,AB
2316122,3,ME 212,2,9.0,AB
2316122,3,ME 213,2,10.0,AA
2316123,3,MA 201,4,9.0,AB
2316123,3,ME 201,4,8.0,BB
2316123,3,ME 202,4,8.0,BB
2316123,3,ME 203,4,8.0,BB
2316123,3,ME 204,3,8.0,BB
2316123,3,ME 205,3,8.0,BB
2316123,3,ME 211,2,9.0,AB
2316123,3,ME 212,2,9.0,AB
2316123,3,ME 213,2,10.0,AA
2316125,3,MA 201,4,7.0,BC
2316125,3,ME 201,4,5.0,CD
2316125,3,ME 202,4,6.0,CC
2316125,3,ME 203,4,6.0,CC
2316125,3,ME 204,3,4.0,DD
2316125,3,ME 205,3,5.0,CD
2316125,3,ME 211,2,9.0,AB
2316125,3,ME 212,2,9.0,AB
2316125,3,ME 213,2,9.0,AB
2316126,3,MA 201,4,7.0,BC
2316126,3,ME 201,4,6.0,CC
2316126,3,ME 202,4,7.0,BC
2316126,3,ME 203,4,5.0,CD
2316126,3,ME 204,3,4.0,DD
2316126,3,ME 205,3,6.0,CC
2316126,3,ME 211,2,8.0,BB
2316126,3,ME 212,2,10.0,AA
2316126,3,ME 213,2,9.0,AB
2316127,3,MA 201,4,7.0,BC
2316127,3,ME 201,4,6.0,CC
2316127,3,ME 202,4,7.0,BC
2316127,3,ME 203,4,6.0,CC
2316127,3,ME 204,3,6.0,CC
2316127,3,ME 205,3,9.0,AB
2316127,3,ME 211,2,9.0,AB
2316127,3,ME 212,2,10.0,AA
2316127,3,ME 213,2,9.0,AB
2316128,3,MA 201,4,5.0,CD
2316128,3,ME 201,4,5.0,CD
2316128,3,ME 202,4,4.0,DD
2316128,3,ME 203,4,5.0,CD
2316128,3,ME 204,3,0.0,F
2316128,3,ME 205,3,7.0,BC
2316128,3,ME 211,2,6.0,CC
2316128,3,ME 212,2,8.0,BB
2316128,3,ME 213,2,10.0,AA
2316129,3,MA 201,4,0.0,F
2316129,3,ME 201,4,0.0,F
2316129,3,ME 202,4,0.0,F
2316129,3,ME 203,4,0.0,F
2316129,3,ME 204,3,0.0,F
2316129,3,ME 205,3,0.0,F
2316129,3,ME 211,2,8.0,BB
2316129,3,ME 212,2,10.0,AA
2316129,3,ME 213,2,8.0,BB
2316130,3,MA 201,4,8.0,BB
2316130,3,ME 201,4,5.0,CD
2316130,3,ME 202,4,7.0,BC
2316130,3,ME 203,4,7.0,BC
2316130,3,ME 204,3,4.0,DD
2316130,3,ME 205,3,7.0,BC
2316130,3,ME 211,2,8.0,BB
2316130,3,ME 212,2,10.0,AA
2316130,3,ME 213,2,9.0,AB
2316132,3,MA 201,4,8.0,BB
2316132,3,ME 201,4,7.0,BC
2316132,3,ME 202,4,7.0,BC
2316132,3,ME 203,4,7.0,BC
2316132,3,ME 204,3,5.0,CD
2316132,3,ME 205,3,7.0,BC
2316132,3,ME 211,2,8.0,BB
2316132,3,ME 212,2,10.0,AA
2316132,3,ME 213,2,10.0,AA
2316133,3,MA 201,4,9.0,AB
2316133,3,ME 201,4,6.0,CC
2316133,3,ME 202,4,7.0,BC
2316133,3,ME 203,4,6.0,CC
2316133,3,ME 204,3,6.0,CC
2316133,3,ME 205,3,8.0,BB
2316133,3,ME 211,2,8.0,BB
2316133,3,ME 212,2,10.0,AA
2316133,3,ME 213,2,10.0,AA
2316134,3,MA 201,4,9.0,AB
2316134,3,ME 201,4,6.0,CC
2316134,3,ME 202,4,8.0,BB
2316134,3,ME 203,4,7.0,BC
2316134,3,ME 204,3,6.0,CC
2316134,3,ME 205,3,9.0,AB
2316134,3,ME 211,2,8.0,BB
2316134,3,ME 212,2,10.0,AA
2316134,3,ME 213,2,10.0,AA
2316135,3,MA 201,4,9.0,AB
2316135,3,ME 201,4,5.0,CD
2316135,3,ME 202,4,7.0,BC
2316135,3,ME 203,4,6.0,CC
2316135,3,ME 204,3,5.0,CD
2316135,3,ME 205,3,5.0,CD
2316135,3,ME 211,2,7.0,BC
2316135,3,ME 212,2,10.0,AA
2316135,3,ME 213,2,9.0,AB
2316136,3,MA 201,4,5.0,CD
2316136,3,ME 201,4,4.0,DD
2316136,3,ME 202,4,5.0,CD
2316136,3,ME 203,4,5.0,CD
2316136,3,ME 204,3,6.0,CC
2316136,3,ME 205,3,7.0,BC
2316136,3,ME 211,2,8.0,BB
2316136,3,ME 212,2,10.0,AA
2316136,3,ME 213,2,9.0,AB
2316137,3,MA 201,4,9.0,AB
2316137,3,ME 201,4,7.0,BC
2316137,3,ME 202,4,8.0,BB
2316137,3,ME 203,4,9.0,AB
2316137,3,ME 204,3,6.0,CC
2316137,3,ME 205,3,8.0,BB
2316137,3,ME 211,2,9.0,AB
2316137,3,ME 212,2,10.0,AA
2316137,3,ME 213,2,10.0,AA
2316138,3,MA 201,4,8.0,BB
2316138,3,ME 201,4,5.0,CD
2316138,3,ME 202,4,5.0,CD
2316138,3,ME 203,4,5.0,CD
2316138,3,ME 204,3,0.0,F
2316138,3,ME 205,3,6.0,CC
2316138,3,ME 211,2,8.0,BB
2316138,3,ME 212,2,10.0,AA
2316138,3,ME 213,2,9.0,AB
2316139,3,MA 201,4,6.0,CC
2316139,3,ME 201,4,0.0,F
2316139,3,ME 202,4,5.0,CD
2316139,3,ME 203,4,5.0,CD
2316139,3,ME 204,3,5.0,CD
2316139,3,ME 205,3,7.0,BC
2316139,3,ME 211,2,8.0,BB
2316139,3,ME 212,2,10.0,AA
2316139,3,ME 213,2,10.0,AA
2316140,3,MA 201,4,5.0,CD
2316140,3,ME 201,4,0.0,F
2316140,3,ME 202,4,4.0,DD
2316140,3,ME 203,4,0.0,F
2316140,3,ME 204,3,4.0,DD
2316140,3,ME 205,3,4.0,DD
2316140,3,ME 211,2,7.0,BC
2316140,3,ME 212,2,9.0,AB
2316140,3,ME 213,2,9.0,AB
2316141,3,MA 201,4,9.0,AB
2316141,3,ME 201,4,6.0,CC
2316141,3,ME 202,4,8.0,BB
2316141,3,ME 203,4,9.0,AB
2316141,3,ME 204,3,7.0,BC
2316141,3,ME 205,3,8.0,BB
2316141,3,ME 211,2,8.0,BB
2316141,3,ME 212,2,10.0,AA
2316141,3,ME 213,2,9.0,AB
2316142,3,MA 201,4,9.0,AB
2316142,3,ME 201,4,6.0,CC
2316142,3,ME 202,4,7.0,BC
2316142,3,ME 203,4,6.0,CC
2316142,3,ME 204,3,6.0,CC
2316142,3,ME 205,3,8.0,BB
2316142,3,ME 211,2,9.0,AB
2316142,3,ME 212,2,10.0,AA
2316142,3,ME 213,2,9.0,AB
2316143,3,MA 201,4,7.0,BC
2316143,3,ME 201,4,0.0,F
2316143,3,ME 202,4,6.0,CC
2316143,3,ME 203,4,5.0,CD
2316143,3,ME 204,3,5.0,CD
2316143,3,ME 205,3,6.0,CC
2316143,3,ME 211,2,6.0,CC
2316143,3,ME 212,2,9.0,AB
2316143,3,ME 213,2,9.0,AB
2316145,3,MA 201,4,8.0,BB
2316145,3,ME 201,4,5.0,CD
2316145,3,ME 202,4,6.0,CC
2316145,3,ME 203,4,7.0,BC
2316145,3,ME 204,3,5.0,CD
2316145,3,ME 205,3,5.0,CD
2316145,3,ME 211,2,7.0,BC
2316145,3,ME 212,2,10.0,AA
2316145,3,ME 213,2,9.0,AB
2316146,3,MA 201,4,0.0,F
2316146,3,ME 201,4,0.0,F
2316146,3,ME 202,4,4.0,DD
2316146,3,ME 203,4,0.0,F
2316146,3,ME 204,3,0.0,F
2316146,3,ME 205,3,0.0,F
2316146,3,ME 211,2,7.0,BC
2316146,3,ME 212,2,10.0,AA
2316146,3,ME 213,2,9.0,AB
2316147,3,MA 201,4,8.0,BB
2316147,3,ME 201,4,6.0,CC
2316147,3,ME 202,4,8.0,BB
2316147,3,ME 203,4,7.0,BC
2316147,3,ME 204,3,4.0,DD
2316147,3,ME 205,3,6.0,CC
2316147,3,ME 211,2,10.0,AA
2316147,3,ME 212,2,10.0,AA
2316147,3,ME 213,2,10.0,AA
2316148,3,MA 201,4,9.0,AB
2316148,3,ME 201,4,7.0,BC
2316148,3,ME 202,4,9.0,AB
2316148,3,ME 203,4,9.0,AB
2316148,3,ME 204,3,7.0,BC
2316148,3,ME 205,3,7.0,BC
2316148,3,ME 211,2,9.0,AB
2316148,3,ME 212,2,10.0,AA
2316148,3,ME 213,2,10.0,AA
2316150,3,MA 201,4,8.0,BB
2316150,3,ME 201,4,7.0,BC
2316150,3,ME 202,4,6.0,CC
2316150,3,ME 203,4,7.0,BC
2316150,3,ME 204,3,6.0,CC
2316150,3,ME 205,3,7.0,BC
2316150,3,ME 211,2,9.0,AB
2316150,3,ME 212,2,10.0,AA
2316150,3,ME 213,2,9.0,AB
2316151,3,MA 201,4,8.0,BB
2316151,3,ME 201,4,5.0,CD
2316151,3,ME 202,4,7.0,BC
2316151,3,ME 203,4,7.0,BC
2316151,3,ME 204,3,7.0,BC
2316151,3,ME 205,3,7.0,BC
2316151,3,ME 211,2,9.0,AB
2316151,3,ME 212,2,10.0,AA
2316151,3,ME 213,2,10.0,AA
2316152,3,MA 201,4,6.0,CC
2316152,3,ME 201,4,6.0,CC
2316152,3,ME 202,4,4.0,DD
2316152,3,ME 203,4,5.0,CD
2316152,3,ME 204,3,5.0,CD
2316152,3,ME 205,3,6.0,CC
2316152,3,ME 211,2,8.0,BB
2316152,3,ME 212,2,9.0,AB
2316152,3,ME 213,2,9.0,AB
2316153,3,MA 201,4,6.0,CC
2316153,3,ME 201,4,7.0,BC
2316153,3,ME 202,4,8.0,BB
2316153,3,ME 203,4,8.0,BB
2316153,3,ME 204,3,7.0,BC
2316153,3,ME 205,3,10.0,AA
2316153,3,ME 211,2,9.0,AB
2316153,3,ME 212,2,10.0,AA
2316153,3,ME 213,2,10.0,AA
2316154,3,MA 201,4,9.0,AB
2316154,3,ME 201,4,6.0,CC
2316154,3,ME 202,4,8.0,BB
2316154,3,ME 203,4,8.0,BB
2316154,3,ME 204,3,6.0,CC
2316154,3,ME 205,3,6.0,CC
2316154,3,ME 211,2,8.0,BB
2316154,3,ME 212,2,10.0,AA
2316154,3,ME 213,2,10.0,AA
2316155,3,MA 201,4,9.0,AB
2316155,3,ME 201,4,9.0,AB
2316155,3,ME 202,4,8.0,BB
2316155,3,ME 203,4,9.0,AB
2316155,3,ME 204,3,6.0,CC
2316155,3,ME 205,3,9.0,AB
2316155,3,ME 211,2,8.0,BB
2316155,3,ME 212,2,9.0,AB
2316155,3,ME 213,2,10.0,AA
2316156,3,MA 201,4,7.0,BC
2316156,3,ME 201,4,5.0,CD
2316156,3,ME 202,4,6.0,CC
2316156,3,ME 203,4,8.0,BB
2316156,3,ME 204,3,6.0,CC
2316156,3,ME 205,3,6.0,CC
2316156,3,ME 211,2,9.0,AB
2316156,3,ME 212,2,10.0,AA
2316156,3,ME 213,2,10.0,AA
2316157,3,MA 201,4,7.0,BC
2316157,3,ME 201,4,6.0,CC
2316157,3,ME 202,4,8.0,BB
2316157,3,ME 203,4,7.0,BC
2316157,3,ME 204,3,6.0,CC
2316157,3,ME 205,3,8.0,BB
2316157,3,ME 211,2,9.0,AB
2316157,3,ME 212,2,10.0,AA
2316157,3,ME 213,2,10.0,AA
2316158,3,MA 201,4,8.0,BB
2316158,3,ME 201,4,5.0,CD
2316158,3,ME 202,4,5.0,CD
2316158,3,ME 203,4,6.0,CC
2316158,3,ME 204,3,5.0,CD
2316158,3,ME 205,3,7.0,BC
2316158,3,ME 211,2,8.0,BB
2316158,3,ME 212,2,9.0,AB
2316158,3,ME 213,2,10.0,AA
2316159,3,MA 201,4,8.0,BB
2316159,3,ME 201,4,6.0,CC
2316159,3,ME 202,4,7.0,BC
2316159,3,ME 203,4,8.0,BB
2316159,3,ME 204,3,5.0,CD
2316159,3,ME 205,3,7.0,BC
2316159,3,ME 211,2,8.0,BB
2316159,3,ME 212,2,10.0,AA
2316159,3,ME 213,2,10.0,AA
2316160,3,MA 201,4,5.0,CD
2316160,3,ME 201,4,4.0,DD
2316160,3,ME 202,4,5.0,CD
2316160,3,ME 203,NA,,NA
2316160,3,ME 204,3,4.0,DD
2316160,3,ME 205,3,4.0,DD
2316160,3,ME 211,2,8.0,BB
2316160,3,ME 212,2,10.0,AA
2316160,3,ME 213,2,9.0,AB
2316161,3,MA 201,4,7.0,BC
2316161,3,ME 201,4,4.0,DD
2316161,3,ME 202,4,7.0,BC
2316161,3,ME 203,4,7.0,BC
2316161,3,ME 204,3,8.0,BB
2316161,3,ME 205,3,7.0,BC
2316161,3,ME 211,2,8.0,BB
2316161,3,ME 212,2,10.0,AA
2316161,3,ME 213,2,10.0,AA
2316162,3,MA 201,4,5.0,CD
2316162,3,ME 201,4,0.0,F
2316162,3,ME 202,4,0.0,F
2316162,3,ME 203,4,0.0,F
2316162,3,ME 204,3,0.0,F
2316162,3,ME 205,3,0.0,F
2316162,3,ME 211,2,7.0,BC
2316162,3,ME 212,2,9.0,AB
2316162,3,ME 213,2,8.0,BB
2316163,3,MA 201,4,4.0,DD
2316163,3,ME 201,4,0.0,F
2316163,3,ME 202,4,5.0,CD
2316163,3,ME 203,4,0.0,F
2316163,3,ME 204,3,0.0,F
2316163,3,ME 205,3,0.0,F
2316163,3,ME 211,2,7.0,BC
2316163,3,ME 212,2,9.0,AB
2316163,3,ME 213,2,8.0,BB
2316164,3,MA 201,4,8.0,BB
2316164,3,ME 201,4,7.0,BC
2316164,3,ME 202,4,7.0,BC
2316164,3,ME 203,4,6.0,CC
2316164,3,ME 204,3,6.0,CC
2316164,3,ME 205,3,7.0,BC
2316164,3,ME 211,2,8.0,BB
2316164,3,ME 212,2,9.0,AB
2316164,3,ME 213,2,9.0,AB
