regn_no,semester,subject_code,credits,grade_point,grade
2312001,4,CS 204,4,8.0,BB
2312001,4,CS 205,4,9.0,AB
2312001,4,CS 206,4,9.0,AB
2312001,4,CS 207,4,8.0,BB
2312001,4,CS 212,3,10.0,AA
2312001,4,CS 213,2,10.0,AA
2312001,4,CS 214,2,10.0,AA
2312001,4,CS 215,2,10.0,AA
2312001,4,MA 221,4,9.0,AB
2312002,4,CS 204,4,5.0,CD
2312002,4,CS 205,4,6.0,CC
2312002,4,CS 206,4,5.0,CD
2312002,4,CS 207,4,5.0,CD
2312002,4,CS 212,3,10.0,AA
2312002,4,CS 213,2,10.0,AA
2312002,4,CS 214,2,10.0,AA
2312002,4,CS 215,2,10.0,AA
2312002,4,MA 221,4,4.0,DD
2312003,4,CS 204,4,10.0,AA
2312003,4,CS 205,4,10.0,AA
2312003,4,CS 206,4,10.0,AA
2312003,4,CS 207,4,10.0,AA
2312003,4,CS 212,3,10.0,AA
2312003,4,CS 213,2,10.0,AA
2312003,4,CS 214,2,10.0,AA
2312003,4,CS 215,2,10.0,AA
2312003,4,MA 221,4,10.0,AA
2312004,4,CS 204,4,10.0,AA
2312004,4,CS 205,4,8.0,BB
2312004,4,CS 206,4,9.0,AB
2312004,4,CS 207,4,10.0,AA
2312004,4,CS 212,3,10.0,AA
2312004,4,CS 213,2,10.0,AA
2312004,4,CS 214,2,10.0,AA
2312004,4,CS 215,2,10.0,AA
2312004,4,MA 221,4,10.0,AA
2312005,4,CS 204,4,8.0,BB
2312005,4,CS 205,4,6.0,CC
2312005,4,CS 206,4,6.0,CC
2312005,4,CS 207,4,8.0,BB
2312005,4,CS 212,3,8.0,BB
2312005,4,CS 213,2,9.0,AB
2312005,4,CS 214,2,9.0,AB
2312005,4,CS 215,2,10.0,AA
2312005,4,MA 221,NA,,NA
2312006,4,CS 204,4,0.0,F
2312006,4,CS 205,4,6.0,CC
2312006,4,CS 206,4,5.0,CD
2312006,4,CS 207,4,5.0,CD
2312006,4,CS 212,3,8.0,BB
2312006,4,CS 213,2,8.0,BB
2312006,4,CS 214,2,9.0,AB
2312006,4,CS 215,2,10.0,AA
2312006,4,MA 221,4,4.0,DD
2312007,4,CS 204,4,6.0,CC
2312007,4,CS 205,4,7.0,BC
2312007,4,CS 206,4,5.0,CD
2312007,4,CS 207,4,7.0,BC
2312007,4,CS 212,3,8.0,BB
2312007,4,CS 213,2,10.0,AA
2312007,4,CS 214,2,10.0,AA
2312007,4,CS 215,2,10.0,AA
2312007,4,MA 221,4,4.0,DD
2312008,4,CS 204,4,7.0,BC
2312008,4,CS 205,4,7.0,BC
2312008,4,CS 206,4,5.0,CD
2312008,4,CS 207,4,6.0,CC
2312008,4,CS 212,3,9.0,AB
2312008,4,CS 213,2,9.0,AB
2312008,4,CS 214,2,9.0,AB
2312008,4,CS 215,2,9.0,AB
2312008,4,MA 221,4,6.0,CC
2312009,4,CS 204,4,4.0,DD
2312009,4,CS 205,4,7.0,BC
2312009,4,CS 206,4,5.0,CD
2312009,4,CS 207,4,5.0,CD
2312009,4,CS 212,3,8.0,BB
2312009,4,CS 213,2,9.0,AB
2312009,4,CS 214,2,10.0,AA
2312009,4,CS 215,2,9.0,AB
2312009,4,MA 221,4,5.0,CD
2312010,4,CS 204,4,7.0,BC
2312010,4,CS 205,4,6.0,CC
2312010,4,CS 206,4,5.0,CD
2312010,4,CS 207,4,7.0,BC
2312010,4,CS 212,3,8.0,BB
2312010,4,CS 213,2,9.0,AB
2312010,4,CS 214,2,10.0,AA
2312010,4,CS 215,2,10.0,AA
2312010,4,MA 221,4,6.0,CC
2312011,4,CS 204,4,7.0,BC
2312011,4,CS 205,4,7.0,BC
2312011,4,CS 206,4,7.0,BC
2312011,4,CS 207,4,7.0,BC
2312011,4,CS 212,3,8.0,BB
2312011,4,CS 213,2,9.0,AB
2312011,4,CS 214,2,10.0,AA
2312011,4,CS 215,2,10.0,AA
2312011,4,MA 221,4,8.0,BB
2312012,4,CS 204,4,7.0,BC
2312012,4,CS 205,4,8.0,BB
2312012,4,CS 206,4,5.0,CD
2312012,4,CS 207,4,5.0,CD
2312012,4,CS 212,3,8.0,BB
2312012,4,CS 213,2,10.0,AA
2312012,4,CS 214,2,10.0,AA
2312012,4,CS 215,2,10.0,AA
2312012,4,MA 221,4,7.0,BC
2312013,4,CS 204,4,6.0,CC
2312013,4,CS 205,4,6.0,CC
2312013,4,CS 206,4,4.0,DD
2312013,4,CS 207,4,6.0,CC
2312013,4,CS 212,3,8.0,BB
2312013,4,CS 213,2,10.0,AA
2312013,4,CS 214,2,9.0,AB
2312013,4,CS 215,2,10.0,AA
2312013,4,MA 221,4,7.0,BC
2312014,4,CS 204,4,8.0,BB
2312014,4,CS 205,4,6.0,CC
2312014,4,CS 206,4,5.0,CD
2312014,4,CS 207,4,6.0,CC
2312014,4,CS 212,3,8.0,BB
2312014,4,CS 213,2,9.0,AB
2312014,4,CS 214,2,10.0,AA
2312014,4,CS 215,2,10.0,AA
2312014,4,MA 221,4,6.0,CC
2312015,4,CS 204,4,6.0,CC
2312015,4,CS 205,4,6.0,CC
2312015,4,CS 206,4,6.0,CC
2312015,4,CS 207,4,5.0,CD
2312015,4,CS 212,3,10.0,AA
2312015,4,CS 213,2,10.0,AA
2312015,4,CS 214,2,9.0,AB
2312015,4,CS 215,2,10.0,AA
2312015,4,MA 221,4,4.0,DD
2312016,4,CS 204,4,4.0,DD
2312016,4,CS 205,4,6.0,CC
2312016,4,CS 206,4,0.0,F
2312016,4,CS 207,4,5.0,CD
2312016,4,CS 212,3,8.0,BB
2312016,4,CS 213,2,8.0,BB
2312016,4,CS 214,2,10.0,AA
2312016,4,CS 215,2,9.0,AB
2312016,4,MA 221,4,4.0,DD
2312017,4,CS 204,4,4.0,DD
2312017,4,CS 205,4,4.0,DD
2312017,4,CS 206,4,0.0,F
2312017,4,CS 207,4,4.0,DD
2312017,4,CS 212,3,8.0,BB
2312017,4,CS 213,2,9.0,AB
2312017,4,CS 214,2,9.0,AB
2312017,4,CS 215,2,10.0,AA
2312017,4,MA 221,4,4.0,DD
2312018,4,CS 204,4,0.0,F
2312018,4,CS 205,4,0.0,F
2312018,4,CS 206,4,0.0,F
2312018,4,CS 207,4,0.0,F
2312018,4,CS 212,3,8.0,BB
2312018,4,CS 213,2,8.0,BB
2312018,4,CS 214,2,10.0,AA
2312018,4,CS 215,2,9.0,AB
2312018,4,MA 221,4,4.0,DD
2312019,4,CS 204,4,9.0,AB
2312019,4,CS 205,4,7.0,BC
2312019,4,CS 206,4,9.0,AB
2312019,4,CS 207,4,9.0,AB
2312019,4,CS 212,3,9.0,AB
2312019,4,CS 213,2,10.0,AA
2312019,4,CS 214,2,10.0,AA
2312019,4,CS 215,2,10.0,AA
2312019,4,MA 221,4,9.0,AB
2312020,4,CS 204,4,9.0,AB
2312020,4,CS 205,4,6.0,CC
2312020,4,CS 206,4,10.0,AA
2312020,4,CS 207,4,9.0,AB
2312020,4,CS 212,3,9.0,AB
2312020,4,CS 213,2,10.0,AA
2312020,4,CS 214,2,10.0,AA
2312020,4,CS 215,2,10.0,AA
2312020,4,MA 221,4,9.0,AB
2312021,4,CS 204,4,10.0,AA
2312021,4,CS 205,4,9.0,AB
2312021,4,CS 206,4,10.0,AA
2312021,4,CS 207,4,9.0,AB
2312021,4,CS 212,3,9.0,AB
2312021,4,CS 213,2,10.0,AA
2312021,4,CS 214,2,10.0,AA
2312021,4,CS 215,2,10.0,AA
2312021,4,MA 221,4,9.0,AB
2312022,4,CS 204,4,6.0,CC
2312022,4,CS 205,4,4.0,DD
2312022,4,CS 206,4,4.0,DD
2312022,4,CS 207,4,5.0,CD
2312022,4,CS 212,3,8.0,BB
2312022,4,CS 213,2,8.0,BB
2312022,4,CS 214,2,9.0,AB
2312022,4,CS 215,2,9.0,AB
2312022,4,MA 221,4,5.0,CD
2312023,4,CS 204,4,6.0,CC
2312023,4,CS 205,4,4.0,DD
2312023,4,CS 206,4,6.0,CC
2312023,4,CS 207,4,7.0,BC
2312023,4,CS 212,3,8.0,BB
2312023,4,CS 213,2,9.0,AB
2312023,4,CS 214,2,10.0,AA
2312023,4,CS 215,2,10.0,AA
2312023,4,MA 221,4,6.0,CC
2312024,4,CS 204,4,7.0,BC
2312024,4,CS 205,4,6.0,CC
2312024,4,CS 206,4,7.0,BC
2312024,4,CS 207,4,8.0,BB
2312024,4,CS 212,3,8.0,BB
2312024,4,CS 213,2,9.0,AB
2312024,4,CS 214,2,10.0,AA
2312024,4,CS 215,2,10.0,AA
2312024,4,MA 221,4,7.0,BC
2312025,4,CS 204,4,8.0,BB
2312025,4,CS 205,4,7.0,BC
2312025,4,CS 206,4,7.0,BC
2312025,4,CS 207,4,10.0,AA
2312025,4,CS 212,3,10.0,AA
2312025,4,CS 213,2,10.0,AA
2312025,4,CS 214,2,10.0,AA
2312025,4,CS 215,2,10.0,AA
2312025,4,MA 221,4,10.0,AA
2312026,4,CS 204,4,8.0,BB
2312026,4,CS 205,4,7.0,BC
2312026,4,CS 206,4,7.0,BC
2312026,4,CS 207,4,7.0,BC
2312026,4,CS 212,3,10.0,AA
2312026,4,CS 213,2,10.0,AA
2312026,4,CS 214,2,10.0,AA
2312026,4,CS 215,2,10.0,AA
2312026,4,MA 221,4,9.0,AB
2312027,4,CS 204,4,5.0,CD
2312027,4,CS 205,4,7.0,BC
2312027,4,CS 206,4,0.0,F
2312027,4,CS 207,4,4.0,DD
2312027,4,CS 212,3,9.0,AB
2312027,4,CS 213,2,10.0,AA
2312027,4,CS 214,2,9.0,AB
2312027,4,CS 215,2,9.0,AB
2312027,4,MA 221,4,4.0,DD
2312028,4,CS 204,4,9.0,AB
2312028,4,CS 205,4,8.0,BB
2312028,4,CS 206,4,10.0,AA
2312028,4,CS 207,4,8.0,BB
2312028,4,CS 212,3,8.0,BB
2312028,4,CS 213,2,10.0,AA
2312028,4,CS 214,2,10.0,AA
2312028,4,CS 215,2,10.0,AA
2312028,4,MA 221,4,8.0,BB
2312029,4,CS 204,4,6.0,CC
2312029,4,CS 205,4,8.0,BB
2312029,4,CS 206,4,7.0,BC
2312029,4,CS 207,4,9.0,AB
2312029,4,CS 212,3,10.0,AA
2312029,4,CS 213,2,10.0,AA
2312029,4,CS 214,2,9.0,AB
2312029,4,CS 215,2,10.0,AA
2312029,4,MA 221,4,8.0,BB
2312030,4,CS 204,4,9.0,AB
2312030,4,CS 205,4,7.0,BC
2312030,4,CS 206,4,8.0,BB
2312030,4,CS 207,4,8.0,BB
2312030,4,CS 212,3,10.0,AA
2312030,4,CS 213,2,10.0,AA
2312030,4,CS 214,2,10.0,AA
2312030,4,CS 215,2,10.0,AA
2312030,4,MA 221,4,8.0,BB
2312031,4,CS 204,4,7.0,BC
2312031,4,CS 205,4,6.0,CC
2312031,4,CS 206,4,6.0,CC
2312031,4,CS 207,4,7.0,BC
2312031,4,CS 212,3,8.0,BB
2312031,4,CS 213,2,9.0,AB
2312031,4,CS 214,2,10.0,AA
2312031,4,CS 215,2,10.0,AA
2312031,4,MA 221,4,8.0,BB
2312032,4,CS 204,4,8.0,BB
2312032,4,CS 205,4,7.0,BC
2312032,4,CS 206,4,8.0,BB
2312032,4,CS 207,4,8.0,BB
2312032,4,CS 212,3,8.0,BB
2312032,4,CS 213,2,10.0,AA
2312032,4,CS 214,2,9.0,AB
2312032,4,CS 215,2,9.0,AB
2312032,4,MA 221,4,8.0,BB
2312033,4,CS 204,4,8.0,BB
2312033,4,CS 205,4,10.0,AA
2312033,4,CS 206,4,8.0,BB
2312033,4,CS 207,4,9.0,AB
2312033,4,CS 212,3,9.0,AB
2312033,4,CS 213,2,10.0,AA
2312033,4,CS 214,2,10.0,AA
2312033,4,CS 215,2,10.0,AA
2312033,4,MA 221,4,10.0,AA
2312034,4,CS 204,4,7.0,BC
2312034,4,CS 205,4,6.0,CC
2312034,4,CS 206,4,5.0,CD
2312034,4,CS 207,4,8.0,BB
2312034,4,CS 212,3,7.0,BC
2312034,4,CS 213,2,10.0,AA
2312034,4,CS 214,2,10.0,AA
2312034,4,CS 215,2,10.0,AA
2312034,4,MA 221,4,9.0,AB
2312035,4,CS 204,4,7.0,BC
2312035,4,CS 205,4,6.0,CC
2312035,4,CS 206,4,6.0,CC
2312035,4,CS 207,4,8.0,BB
2312035,4,CS 212,3,7.0,BC
2312035,4,CS 213,2,10.0,AA
2312035,4,CS 214,2,10.0,AA
2312035,4,CS 215,2,10.0,AA
2312035,4,MA 221,4,9.0,AB
2312036,4,CS 204,4,8.0,BB
2312036,4,CS 205,4,7.0,BC
2312036,4,CS 206,4,7.0,BC
2312036,4,CS 207,4,7.0,BC
2312036,4,CS 212,3,10.0,AA
2312036,4,CS 213,2,9.0,AB
2312036,4,CS 214,2,10.0,AA
2312036,4,CS 215,2,10.0,AA
2312036,4,MA 221,4,6.0,CC
2312037,4,CS 204,4,8.0,BB
2312037,4,CS 205,4,9.0,AB
2312037,4,CS 206,4,8.0,BB
2312037,4,CS 207,4,10.0,AA
2312037,4,CS 212,3,9.0,AB
2312037,4,CS 213,2,10.0,AA
2312037,4,CS 214,2,10.0,AA
2312037,4,CS 215,2,10.0,AA
2312037,4,MA 221,4,9.0,AB
2312038,4,CS 204,4,7.0,BC
2312038,4,CS 205,4,7.0,BC
2312038,4,CS 206,4,8.0,BB
2312038,4,CS 207,4,7.0,BC
2312038,4,CS 212,3,9.0,AB
2312038,4,CS 213,2,10.0,AA
2312038,4,CS 214,2,10.0,AA
2312038,4,CS 215,2,10.0,AA
2312038,4,MA 221,4,8.0,BB
2312039,4,CS 204,4,7.0,BC
2312039,4,CS 205,4,6.0,CC
2312039,4,CS 206,4,6.0,CC
2312039,4,CS 207,4,8.0,BB
2312039,4,CS 212,3,9.0,AB
2312039,4,CS 213,2,10.0,AA
2312039,4,CS 214,2,10.0,AA
2312039,4,CS 215,2,10.0,AA
2312039,4,MA 221,4,8.0,BB
2312040,4,CS 204,4,7.0,BC
2312040,4,CS 205,4,6.0,CC
2312040,4,CS 206,4,9.0,AB
2312040,4,CS 207,4,7.0,BC
2312040,4,CS 212,3,10.0,AA
2312040,4,CS 213,2,10.0,AA
2312040,4,CS 214,2,9.0,AB
2312040,4,CS 215,2,10.0,AA
2312040,4,MA 221,4,8.0,BB
2312041,4,CS 204,4,9.0,AB
2312041,4,CS 205,4,8.0,BB
2312041,4,CS 206,4,7.0,BC
2312041,4,CS 207,4,9.0,AB
2312041,4,CS 212,3,10.0,AA
2312041,4,CS 213,2,10.0,AA
2312041,4,CS 214,2,10.0,AA
2312041,4,CS 215,2,10.0,AA
2312041,4,MA 221,4,8.0,BB
2312042,4,CS 204,4,7.0,BC
2312042,4,CS 205,4,8.0,BB
2312042,4,CS 206,4,10.0,AA
2312042,4,CS 207,4,9.0,AB
2312042,4,CS 212,3,7.0,BC
2312042,4,CS 213,2,10.0,AA
2312042,4,CS 214,2,10.0,AA
2312042,4,CS 215,2,10.0,AA
2312042,4,MA 221,4,9.0,AB
2312043,4,CS 204,4,6.0,CC
2312043,4,CS 205,4,8.0,BB
2312043,4,CS 206,4,7.0,BC
2312043,4,CS 207,4,9.0,AB
2312043,4,CS 212,3,8.0,BB
2312043,4,CS 213,2,9.0,AB
2312043,4,CS 214,2,10.0,AA
2312043,4,CS 215,2,10.0,AA
2312043,4,MA 221,4,6.0,CC
2312044,4,CS 204,4,8.0,BB
2312044,4,CS 205,4,8.0,BB
2312044,4,CS 206,4,7.0,BC
2312044,4,CS 207,4,9.0,AB
2312044,4,CS 212,3,9.0,AB
2312044,4,CS 213,2,10.0,AA
2312044,4,CS 214,2,10.0,AA
2312044,4,CS 215,2,9.0,AB
2312044,4,MA 221,4,7.0,BC
2312045,4,CS 204,4,7.0,BC
2312045,4,CS 205,4,7.0,BC
2312045,4,CS 206,4,8.0,BB
2312045,4,CS 207,4,9.0,AB
2312045,4,CS 212,3,8.0,BB
2312045,4,CS 213,2,10.0,AA
2312045,4,CS 214,2,10.0,AA
2312045,4,CS 215,2,10.0,AA
2312045,4,MA 221,4,9.0,AB
2312046,4,CS 204,4,6.0,CC
2312046,4,CS 205,4,7.0,BC
2312046,4,CS 206,4,5.0,CD
2312046,4,CS 207,4,6.0,CC
2312046,4,CS 212,3,7.0,BC
2312046,4,CS 213,2,10.0,AA
2312046,4,CS 214,2,9.0,AB
2312046,4,CS 215,2,10.0,AA
2312046,4,MA 221,4,4.0,DD
2312047,4,CS 204,4,8.0,BB
2312047,4,CS 205,4,8.0,BB
2312047,4,CS 206,4,7.0,BC
2312047,4,CS 207,4,8.0,BB
2312047,4,CS 212,3,9.0,AB
2312047,4,CS 213,2,10.0,AA
2312047,4,CS 214,2,10.0,AA
2312047,4,CS 215,2,10.0,AA
2312047,4,MA 221,4,9.0,AB
2312048,4,CS 204,4,7.0,BC
2312048,4,CS 205,4,6.0,CC
2312048,4,CS 206,4,6.0,CC
2312048,4,CS 207,4,7.0,BC
2312048,4,CS 212,3,9.0,AB
2312048,4,CS 213,2,10.0,AA
2312048,4,CS 214,2,10.0,AA
2312048,4,CS 215,2,10.0,AA
2312048,4,MA 221,4,6.0,CC
2312049,4,CS 204,4,5.0,CD
2312049,4,CS 205,4,5.0,CD
2312049,4,CS 206,4,4.0,DD
2312049,4,CS 207,4,5.0,CD
2312049,4,CS 212,3,7.0,BC
2312049,4,CS 213,2,9.0,AB
2312049,4,CS 214,2,9.0,AB
2312049,4,CS 215,2,9.0,AB
2312049,4,MA 221,4,4.0,DD
2312050,4,CS 204,4,0.0,F
2312050,4,CS 205,4,4.0,DD
2312050,4,CS 206,4,4.0,DD
2312050,4,CS 207,4,4.0,DD
2312050,4,CS 212,3,8.0,BB
2312050,4,CS 213,2,9.0,AB
2312050,4,CS 214,2,9.0,AB
2312050,4,CS 215,2,9.0,AB
2312050,4,MA 221,4,0.0,F
2312051,4,CS 204,4,7.0,BC
2312051,4,CS 205,4,8.0,BB
2312051,4,CS 206,4,7.0,BC
2312051,4,CS 207,4,7.0,BC
2312051,4,CS 212,3,9.0,AB
2312051,4,CS 213,2,10.0,AA
2312051,4,CS 214,2,10.0,AA
2312051,4,CS 215,2,10.0,AA
2312051,4,MA 221,4,8.0,BB
2312052,4,CS 204,4,9.0,AB
2312052,4,CS 205,4,8.0,BB
2312052,4,CS 206,4,8.0,BB
2312052,4,CS 207,4,9.0,AB
2312052,4,CS 212,3,9.0,AB
2312052,4,CS 213,2,10.0,AA
2312052,4,CS 214,2,9.0,AB
2312052,4,CS 215,2,10.0,AA
2312052,4,MA 221,4,10.0,AA
2312053,4,CS 204,4,9.0,AB
2312053,4,CS 205,4,9.0,AB
2312053,4,CS 206,4,8.0,BB
2312053,4,CS 207,4,9.0,AB
2312053,4,CS 212,3,10.0,AA
2312053,4,CS 213,2,10.0,AA
2312053,4,CS 214,2,10.0,AA
2312053,4,CS 215,2,10.0,AA
2312053,4,MA 221,4,9.0,AB
2312054,4,CS 204,4,8.0,BB
2312054,4,CS 205,4,7.0,BC
2312054,4,CS 206,4,8.0,BB
2312054,4,CS 207,4,9.0,AB
2312054,4,CS 212,3,9.0,AB
2312054,4,CS 213,2,9.0,AB
2312054,4,CS 214,2,10.0,AA
2312054,4,CS 215,2,9.0,AB
2312054,4,MA 221,4,8.0,BB
2312055,4,CS 204,4,8.0,BB
2312055,4,CS 205,4,7.0,BC
2312055,4,CS 206,4,7.0,BC
2312055,4,CS 207,4,6.0,CC
2312055,4,CS 212,3,10.0,AA
2312055,4,CS 213,2,10.0,AA
2312055,4,CS 214,2,10.0,AA
2312055,4,CS 215,2,10.0,AA
2312055,4,MA 221,4,7.0,BC
2312056,4,CS 204,4,9.0,AB
2312056,4,CS 205,4,8.0,BB
2312056,4,CS 206,4,9.0,AB
2312056,4,CS 207,4,9.0,AB
2312056,4,CS 212,3,10.0,AA
2312056,4,CS 213,2,9.0,AB
2312056,4,CS 214,2,10.0,AA
2312056,4,CS 215,2,10.0,AA
2312056,4,MA 221,4,8.0,BB
2312057,4,CS 204,4,8.0,BB
2312057,4,CS 205,4,8.0,BB
2312057,4,CS 206,4,6.0,CC
2312057,4,CS 207,4,9.0,AB
2312057,4,CS 212,3,9.0,AB
2312057,4,CS 213,2,8.0,BB
2312057,4,CS 214,2,10.0,AA
2312057,4,CS 215,2,10.0,AA
2312057,4,MA 221,4,9.0,AB
2312058,4,CS 204,4,8.0,BB
2312058,4,CS 205,4,4.0,DD
2312058,4,CS 206,4,5.0,CD
2312058,4,CS 207,4,8.0,BB
2312058,4,CS 212,3,9.0,AB
2312058,4,CS 213,2,9.0,AB
2312058,4,CS 214,2,10.0,AA
2312058,4,CS 215,2,9.0,AB
2312058,4,MA 221,4,7.0,BC
2312059,4,CS 204,4,8.0,BB
2312059,4,CS 205,4,8.0,BB
2312059,4,CS 206,4,7.0,BC
2312059,4,CS 207,4,8.0,BB
2312059,4,CS 212,3,8.0,BB
2312059,4,CS 213,2,10.0,AA
2312059,4,CS 214,2,10.0,AA
2312059,4,CS 215,2,10.0,AA
2312059,4,MA 221,4,7.0,BC
2312060,4,CS 204,4,8.0,BB
2312060,4,CS 205,4,8.0,BB
2312060,4,CS 206,4,7.0,BC
2312060,4,CS 207,4,9.0,AB
2312060,4,CS 212,3,9.0,AB
2312060,4,CS 213,2,10.0,AA
2312060,4,CS 214,2,10.0,AA
2312060,4,CS 215,2,10.0,AA
2312060,4,MA 221,4,9.0,AB
2312061,4,CS 204,4,8.0,BB
2312061,4,CS 205,4,7.0,BC
2312061,4,CS 206,4,9.0,AB
2312061,4,CS 207,4,9.0,AB
2312061,4,CS 212,3,8.0,BB
2312061,4,CS 213,2,10.0,AA
2312061,4,CS 214,2,10.0,AA
2312061,4,CS 215,2,10.0,AA
2312061,4,MA 221,4,8.0,BB
2312062,4,CS 204,4,7.0,BC
2312062,4,CS 205,4,5.0,CD
2312062,4,CS 206,4,5.0,CD
2312062,4,CS 207,4,6.0,CC
2312062,4,CS 212,3,8.0,BB
2312062,4,CS 213,2,10.0,AA
2312062,4,CS 214,2,10.0,AA
2312062,4,CS 215,2,9.0,AB
2312062,4,MA 221,4,7.0,BC
2312063,4,CS 204,4,8.0,BB
2312063,4,CS 205,4,7.0,BC
2312063,4,CS 206,4,7.0,BC
2312063,4,CS 207,4,8.0,BB
2312063,4,CS 212,3,9.0,AB
2312063,4,CS 213,2,9.0,AB
2312063,4,CS 214,2,10.0,AA
2312063,4,CS 215,2,10.0,AA
2312063,4,MA 221,4,7.0,BC
2312064,4,CS 204,4,8.0,BB
2312064,4,CS 205,4,9.0,AB
2312064,4,CS 206,4,7.0,BC
2312064,4,CS 207,4,8.0,BB
2312064,4,CS 212,3,8.0,BB
2312064,4,CS 213,2,9.0,AB
2312064,4,CS 214,2,10.0,AA
2312064,4,CS 215,2,10.0,AA
2312064,4,MA 221,4,8.0,BB
2312065,4,CS 204,4,5.0,CD
2312065,4,CS 205,4,7.0,BC
2312065,4,CS 206,4,7.0,BC
2312065,4,CS 207,4,8.0,BB
2312065,4,CS 212,3,9.0,AB
2312065,4,CS 213,2,9.0,AB
2312065,4,CS 214,2,10.0,AA
2312065,4,CS 215,2,10.0,AA
2312065,4,MA 221,4,7.0,BC
2312066,4,CS 204,4,8.0,BB
2312066,4,CS 205,4,6.0,CC
2312066,4,CS 206,4,6.0,CC
2312066,4,CS 207,4,9.0,AB
2312066,4,CS 212,3,9.0,AB
2312066,4,CS 213,2,9.0,AB
2312066,4,CS 214,2,9.0,AB
2312066,4,CS 215,2,10.0,AA
2312066,4,MA 221,4,8.0,BB
2312067,4,CS 204,4,7.0,BC
2312067,4,CS 205,4,7.0,BC
2312067,4,CS 206,4,7.0,BC
2312067,4,CS 207,4,8.0,BB
2312067,4,CS 212,3,9.0,AB
2312067,4,CS 213,2,10.0,AA
2312067,4,CS 214,2,10.0,AA
2312067,4,CS 215,2,10.0,AA
2312067,4,MA 221,4,8.0,BB
2312068,4,CS 204,4,7.0,BC
2312068,4,CS 205,4,7.0,BC
2312068,4,CS 206,4,5.0,CD
2312068,4,CS 207,4,6.0,CC
2312068,4,CS 212,3,9.0,AB
2312068,4,CS 213,2,9.0,AB
2312068,4,CS 214,2,10.0,AA
2312068,4,CS 215,2,10.0,AA
2312068,4,MA 221,4,7.0,BC
2312069,4,CS 204,4,9.0,AB
2312069,4,CS 205,4,10.0,AA
2312069,4,CS 206,4,10.0,AA
2312069,4,CS 207,4,10.0,AA
2312069,4,CS 212,3,10.0,AA
2312069,4,CS 213,2,9.0,AB
2312069,4,CS 214,2,10.0,AA
2312069,4,CS 215,2,10.0,AA
2312069,4,MA 221,4,9.0,AB
2312070,4,CS 204,4,6.0,CC
2312070,4,CS 205,4,7.0,BC
2312070,4,CS 206,4,6.0,CC
2312070,4,CS 207,4,6.0,CC
2312070,4,CS 212,3,9.0,AB
2312070,4,CS 213,2,9.0,AB
2312070,4,CS 214,2,10.0,AA
2312070,4,CS 215,2,10.0,AA
2312070,4,MA 221,4,7.0,BC
2312071,4,CS 204,4,6.0,CC
2312071,4,CS 205,4,6.0,CC
2312071,4,CS 206,4,7.0,BC
2312071,4,CS 207,4,8.0,BB
2312071,4,CS 212,3,10.0,AA
2312071,4,CS 213,2,9.0,AB
2312071,4,CS 214,2,10.0,AA
2312071,4,CS 215,2,10.0,AA
2312071,4,MA 221,4,9.0,AB
2312072,4,CS 204,4,9.0,AB
2312072,4,CS 205,4,10.0,AA
2312072,4,CS 206,4,7.0,BC
2312072,4,CS 207,4,8.0,BB
2312072,4,CS 212,3,8.0,BB
2312072,4,CS 213,2,10.0,AA
2312072,4,CS 214,2,10.0,AA
2312072,4,CS 215,2,10.0,AA
2312072,4,MA 221,4,9.0,AB
2312073,4,CS 204,4,9.0,AB
2312073,4,CS 205,4,9.0,AB
2312073,4,CS 206,4,9.0,AB
2312073,4,CS 207,4,9.0,AB
2312073,4,CS 212,3,8.0,BB
2312073,4,CS 213,2,9.0,AB
2312073,4,CS 214,2,10.0,AA
2312073,4,CS 215,2,10.0,AA
2312073,4,MA 221,4,10.0,AA
2312074,4,CS 204,4,6.0,CC
2312074,4,CS 205,4,8.0,BB
2312074,4,CS 206,4,7.0,BC
2312074,4,CS 207,4,8.0,BB
2312074,4,CS 212,3,8.0,BB
2312074,4,CS 213,2,9.0,AB
2312074,4,CS 214,2,10.0,AA
2312074,4,CS 215,2,10.0,AA
2312074,4,MA 221,4,7.0,BC
2312075,4,CS 204,4,8.0,BB
2312075,4,CS 205,4,8.0,BB
2312075,4,CS 206,4,10.0,AA
2312075,4,CS 207,4,9.0,AB
2312075,4,CS 212,3,10.0,AA
2312075,4,CS 213,2,10.0,AA
2312075,4,CS 214,2,9.0,AB
2312075,4,CS 215,2,10.0,AA
2312075,4,MA 221,4,10.0,AA
2312076,4,CS 204,4,9.0,AB
2312076,4,CS 205,4,10.0,AA
2312076,4,CS 206,4,9.0,AB
2312076,4,CS 207,4,9.0,AB
2312076,4,CS 212,3,9.0,AB
2312076,4,CS 213,2,10.0,AA
2312076,4,CS 214,2,10.0,AA
2312076,4,CS 215,2,10.0,AA
2312076,4,MA 221,4,10.0,AA
2312077,4,CS 204,4,6.0,CC
2312077,4,CS 205,4,6.0,CC
2312077,4,CS 206,4,5.0,CD
2312077,4,CS 207,4,8.0,BB
2312077,4,CS 212,3,9.0,AB
2312077,4,CS 213,2,10.0,AA
2312077,4,CS 214,2,9.0,AB
2312077,4,CS 215,2,10.0,AA
2312077,4,MA 221,4,7.0,BC
2312078,4,CS 204,4,8.0,BB
2312078,4,CS 205,4,9.0,AB
2312078,4,CS 206,4,8.0,BB
2312078,4,CS 207,4,8.0,BB
2312078,4,CS 212,3,8.0,BB
2312078,4,CS 213,2,10.0,AA
2312078,4,CS 214,2,9.0,AB
2312078,4,CS 215,2,9.0,AB
2312078,4,MA 221,4,8.0,BB
2312079,4,CS 204,4,6.0,CC
2312079,4,CS 205,4,6.0,CC
2312079,4,CS 206,4,6.0,CC
2312079,4,CS 207,4,7.0,BC
2312079,4,CS 212,3,9.0,AB
2312079,4,CS 213,2,9.0,AB
2312079,4,CS 214,2,10.0,AA
2312079,4,CS 215,2,10.0,AA
2312079,4,MA 221,4,8.0,BB
2312080,4,CS 204,4,8.0,BB
2312080,4,CS 205,4,6.0,CC
2312080,4,CS 206,4,7.0,BC
2312080,4,CS 207,4,9.0,AB
2312080,4,CS 212,3,9.0,AB
2312080,4,CS 213,2,10.0,AA
2312080,4,CS 214,2,10.0,AA
2312080,4,CS 215,2,10.0,AA
2312080,4,MA 221,4,10.0,AA
2312081,4,CS 204,4,7.0,BC
2312081,4,CS 205,4,8.0,BB
2312081,4,CS 206,4,8.0,BB
2312081,4,CS 207,4,8.0,BB
2312081,4,CS 212,3,9.0,AB
2312081,4,CS 213,2,10.0,AA
2312081,4,CS 214,2,10.0,AA
2312081,4,CS 215,2,10.0,AA
2312081,4,MA 221,4,7.0,BC
2312082,4,CS 204,4,7.0,BC
2312082,4,CS 205,4,6.0,CC
2312082,4,CS 206,4,7.0,BC
2312082,4,CS 207,4,6.0,CC
2312082,4,CS 212,3,9.0,AB
2312082,4,CS 213,2,9.0,AB
2312082,4,CS 214,2,9.0,AB
2312082,4,CS 215,2,10.0,AA
2312082,4,MA 221,4,6.0,CC
2312083,4,CS 204,4,7.0,BC
2312083,4,CS 205,4,8.0,BB
2312083,4,CS 206,4,6.0,CC
2312083,4,CS 207,4,9.0,AB
2312083,4,CS 212,3,9.0,AB
2312083,4,CS 213,2,10.0,AA
2312083,4,CS 214,2,9.0,AB
2312083,4,CS 215,2,10.0,AA
2312083,4,MA 221,4,7.0,BC
2312084,4,CS 204,4,7.0,BC
2312084,4,CS 205,4,7.0,BC
2312084,4,CS 206,4,7.0,BC
2312084,4,CS 207,4,8.0,BB
2312084,4,CS 212,3,9.0,AB
2312084,4,CS 213,2,10.0,AA
2312084,4,CS 214,2,10.0,AA
2312084,4,CS 215,2,9.0,AB
2312084,4,MA 221,4,10.0,AA
2312085,4,CS 204,4,6.0,CC
2312085,4,CS 205,4,7.0,BC
2312085,4,CS 206,4,6.0,CC
2312085,4,CS 207,4,8.0,BB
2312085,4,CS 212,3,8.0,BB
2312085,4,CS 213,2,10.0,AA
2312085,4,CS 214,2,9.0,AB
2312085,4,CS 215,2,10.0,AA
2312085,4,MA 221,4,8.0,BB
2312086,4,CS 204,4,6.0,CC
2312086,4,CS 205,4,4.0,DD
2312086,4,CS 206,4,5.0,CD
2312086,4,CS 207,4,7.0,BC
2312086,4,CS 212,3,9.0,AB
2312086,4,CS 213,2,10.0,AA
2312086,4,CS 214,2,9.0,AB
2312086,4,CS 215,2,10.0,AA
2312086,4,MA 221,4,8.0,BB
2312087,4,CS 204,4,9.0,AB
2312087,4,CS 205,4,8.0,BB
2312087,4,CS 206,4,9.0,AB
2312087,4,CS 207,4,9.0,AB
2312087,4,CS 212,3,10.0,AA
2312087,4,CS 213,2,10.0,AA
2312087,4,CS 214,2,9.0,AB
2312087,4,CS 215,2,10.0,AA
2312087,4,MA 221,4,9.0,AB
2312088,4,CS 204,4,7.0,BC
2312088,4,CS 205,4,7.0,BC
2312088,4,CS 206,4,8.0,BB
2312088,4,CS 207,4,8.0,BB
2312088,4,CS 212,3,9.0,AB
2312088,4,CS 213,2,10.0,AA
2312088,4,CS 214,2,10.0,AA
2312088,4,CS 215,2,10.0,AA
2312088,4,MA 221,4,8.0,BB
2312089,4,CS 204,4,5.0,CD
2312089,4,CS 205,4,7.0,BC
2312089,4,CS 206,4,5.0,CD
2312089,4,CS 207,4,7.0,BC
2312089,4,CS 212,3,8.0,BB
2312089,4,CS 213,2,10.0,AA
2312089,4,CS 214,2,10.0,AA
2312089,4,CS 215,2,9.0,AB
2312089,4,MA 221,4,5.0,CD
2312090,4,CS 204,4,8.0,BB
2312090,4,CS 205,4,9.0,AB
2312090,4,CS 206,4,8.0,BB
2312090,4,CS 207,4,9.0,AB
2312090,4,CS 212,3,9.0,AB
2312090,4,CS 213,2,10.0,AA
2312090,4,CS 214,2,10.0,AA
2312090,4,CS 215,2,10.0,AA
2312090,4,MA 221,4,10.0,AA
2312091,4,CS 204,4,7.0,BC
2312091,4,CS 205,4,6.0,CC
2312091,4,CS 206,4,4.0,DD
2312091,4,CS 207,4,6.0,CC
2312091,4,CS 212,3,9.0,AB
2312091,4,CS 213,2,10.0,AA
2312091,4,CS 214,2,10.0,AA
2312091,4,CS 215,2,10.0,AA
2312091,4,MA 221,4,6.0,CC
2312092,4,CS 204,4,7.0,BC
2312092,4,CS 205,4,9.0,AB
2312092,4,CS 206,4,7.0,BC
2312092,4,CS 207,4,8.0,BB
2312092,4,CS 212,3,9.0,AB
2312092,4,CS 213,2,9.0,AB
2312092,4,CS 214,2,10.0,AA
2312092,4,CS 215,2,10.0,AA
2312092,4,MA 221,4,10.0,AA
2312093,4,CS 204,4,5.0,CD
2312093,4,CS 205,4,6.0,CC
2312093,4,CS 206,4,4.0,DD
2312093,4,CS 207,4,6.0,CC
2312093,4,CS 212,3,8.0,BB
2312093,4,CS 213,2,10.0,AA
2312093,4,CS 214,2,9.0,AB
2312093,4,CS 215,2,10.0,AA
2312093,4,MA 221,4,5.0,CD
2312094,4,CS 204,4,4.0,DD
2312094,4,CS 205,4,0.0,F
2312094,4,CS 206,4,4.0,DD
2312094,4,CS 207,4,0.0,F
2312094,4,CS 212,3,6.0,CC
2312094,4,CS 213,2,8.0,BB
2312094,4,CS 214,2,9.0,AB
2312094,4,CS 215,2,10.0,AA
2312094,4,MA 221,4,0.0,F
2312095,4,CS 204,4,7.0,BC
2312095,4,CS 205,4,9.0,AB
2312095,4,CS 206,4,6.0,CC
2312095,4,CS 207,4,7.0,BC
2312095,4,CS 212,3,9.0,AB
2312095,4,CS 213,2,10.0,AA
2312095,4,CS 214,2,9.0,AB
2312095,4,CS 215,2,10.0,AA
2312095,4,MA 221,4,8.0,BB
2312096,4,CS 204,4,9.0,AB
2312096,4,CS 205,4,8.0,BB
2312096,4,CS 206,4,7.0,BC
2312096,4,CS 207,4,8.0,BB
2312096,4,CS 212,3,10.0,AA
2312096,4,CS 213,2,9.0,AB
2312096,4,CS 214,2,10.0,AA
2312096,4,CS 215,2,10.0,AA
2312096,4,MA 221,4,8.0,BB
2312097,4,CS 204,4,8.0,BB
2312097,4,CS 205,4,9.0,AB
2312097,4,CS 206,4,6.0,CC
2312097,4,CS 207,4,7.0,BC
2312097,4,CS 212,3,10.0,AA
2312097,4,CS 213,2,10.0,AA
2312097,4,CS 214,2,9.0,AB
2312097,4,CS 215,2,10.0,AA
2312097,4,MA 221,4,9.0,AB
2312098,4,CS 204,4,9.0,AB
2312098,4,CS 205,4,9.0,AB
2312098,4,CS 206,4,7.0,BC
2312098,4,CS 207,4,8.0,BB
2312098,4,CS 212,3,10.0,AA
2312098,4,CS 213,2,10.0,AA
2312098,4,CS 214,2,9.0,AB
2312098,4,CS 215,2,10.0,AA
2312098,4,MA 221,4,8.0,BB
2312099,4,CS 204,4,9.0,AB
2312099,4,CS 205,4,9.0,AB
2312099,4,CS 206,4,9.0,AB
2312099,4,CS 207,4,8.0,BB
2312099,4,CS 212,3,10.0,AA
2312099,4,CS 213,2,10.0,AA
2312099,4,CS 214,2,9.0,AB
2312099,4,CS 215,2,10.0,AA
2312099,4,MA 221,4,9.0,AB
2312100,4,CS 204,4,7.0,BC
2312100,4,CS 205,4,8.0,BB
2312100,4,CS 206,4,7.0,BC
2312100,4,CS 207,4,7.0,BC
2312100,4,CS 212,3,10.0,AA
2312100,4,CS 213,2,10.0,AA
2312100,4,CS 214,2,10.0,AA
2312100,4,CS 215,2,10.0,AA
2312100,4,MA 221,4,8.0,BB
2312101,4,CS 204,4,5.0,CD
2312101,4,CS 205,4,6.0,CC
2312101,4,CS 206,4,5.0,CD
2312101,4,CS 207,4,4.0,DD
2312101,4,CS 212,3,9.0,AB
2312101,4,CS 213,2,8.0,BB
2312101,4,CS 214,2,9.0,AB
2312101,4,CS 215,2,9.0,AB
2312101,4,MA 221,4,4.0,DD
2312102,4,CS 204,4,7.0,BC
2312102,4,CS 205,4,8.0,BB
2312102,4,CS 206,4,6.0,CC
2312102,4,CS 207,4,5.0,CD
2312102,4,CS 212,3,9.0,AB
2312102,4,CS 213,2,9.0,AB
2312102,4,CS 214,2,10.0,AA
2312102,4,CS 215,2,10.0,AA
2312102,4,MA 221,4,7.0,BC
2312103,4,CS 204,4,8.0,BB
2312103,4,CS 205,4,8.0,BB
2312103,4,CS 206,4,6.0,CC
2312103,4,CS 207,4,7.0,BC
2312103,4,CS 212,3,9.0,AB
2312103,4,CS 213,2,10.0,AA
2312103,4,CS 214,2,10.0,AA
2312103,4,CS 215,2,10.0,AA
2312103,4,MA 221,4,8.0,BB
2312104,4,CS 204,4,6.0,CC
2312104,4,CS 205,4,6.0,CC
2312104,4,CS 206,4,5.0,CD
2312104,4,CS 207,4,5.0,CD
2312104,4,CS 212,3,9.0,AB
2312104,4,CS 213,2,9.0,AB
2312104,4,CS 214,2,10.0,AA
2312104,4,CS 215,2,10.0,AA
2312104,4,MA 221,4,5.0,CD
2312105,4,CS 204,4,8.0,BB
2312105,4,CS 205,4,9.0,AB
2312105,4,CS 206,4,6.0,CC
2312105,4,CS 207,4,7.0,BC
2312105,4,CS 212,3,9.0,AB
2312105,4,CS 213,2,9.0,AB
2312105,4,CS 214,2,10.0,AA
2312105,4,CS 215,2,10.0,AA
2312105,4,MA 221,4,8.0,BB
2312106,4,CS 204,4,7.0,BC
2312106,4,CS 205,4,8.0,BB
2312106,4,CS 206,4,6.0,CC
2312106,4,CS 207,4,7.0,BC
2312106,4,CS 212,3,10.0,AA
2312106,4,CS 213,2,9.0,AB
2312106,4,CS 214,2,10.0,AA
2312106,4,CS 215,2,10.0,AA
2312106,4,MA 221,4,7.0,BC
2312107,4,CS 204,4,8.0,BB
2312107,4,CS 205,4,10.0,AA
2312107,4,CS 206,4,8.0,BB
2312107,4,CS 207,4,9.0,AB
2312107,4,CS 212,3,10.0,AA
2312107,4,CS 213,2,10.0,AA
2312107,4,CS 214,2,9.0,AB
2312107,4,CS 215,2,10.0,AA
2312107,4,MA 221,4,9.0,AB
2312108,4,CS 204,4,8.0,BB
2312108,4,CS 205,4,8.0,BB
2312108,4,CS 206,4,6.0,CC
2312108,4,CS 207,4,5.0,CD
2312108,4,CS 212,3,9.0,AB
2312108,4,CS 213,2,9.0,AB
2312108,4,CS 214,2,10.0,AA
2312108,4,CS 215,2,10.0,AA
2312108,4,MA 221,4,8.0,BB
2312109,4,CS 204,4,7.0,BC
2312109,4,CS 205,4,9.0,AB
2312109,4,CS 206,4,7.0,BC
2312109,4,CS 207,4,7.0,BC
2312109,4,CS 212,3,10.0,AA
2312109,4,CS 213,2,10.0,AA
2312109,4,CS 214,2,9.0,AB
2312109,4,CS 215,2,10.0,AA
2312109,4,MA 221,4,8.0,BB
2312110,4,CS 204,4,7.0,BC
2312110,4,CS 205,4,6.0,CC
2312110,4,CS 206,4,4.0,DD
2312110,4,CS 207,4,7.0,BC
2312110,4,CS 212,3,10.0,AA
2312110,4,CS 213,2,9.0,AB
2312110,4,CS 214,2,10.0,AA
2312110,4,CS 215,2,10.0,AA
2312110,4,MA 221,4,6.0,CC
2312111,4,CS 204,4,9.0,AB
2312111,4,CS 205,4,9.0,AB
2312111,4,CS 206,4,7.0,BC
2312111,4,CS 207,4,9.0,AB
2312111,4,CS 212,3,10.0,AA
2312111,4,CS 213,2,9.0,AB
2312111,4,CS 214,2,10.0,AA
2312111,4,CS 215,2,10.0,AA
2312111,4,MA 221,4,10.0,AA
2312112,4,CS 204,4,8.0,BB
2312112,4,CS 205,4,8.0,BB
2312112,4,CS 206,4,8.0,BB
2312112,4,CS 207,4,9.0,AB
2312112,4,CS 212,3,10.0,AA
2312112,4,CS 213,2,10.0,AA
2312112,4,CS 214,2,9.0,AB
2312112,4,CS 215,2,10.0,AA
2312112,4,MA 221,4,10.0,AA
2312113,4,CS 204,4,7.0,BC
2312113,4,CS 205,4,8.0,BB
2312113,4,CS 206,4,6.0,CC
2312113,4,CS 207,4,6.0,CC
2312113,4,CS 212,3,9.0,AB
2312113,4,CS 213,2,9.0,AB
2312113,4,CS 214,2,10.0,AA
2312113,4,CS 215,2,10.0,AA
2312113,4,MA 221,4,8.0,BB
2312114,4,CS 204,4,8.0,BB
2312114,4,CS 205,4,10.0,AA
2312114,4,CS 206,4,5.0,CD
2312114,4,CS 207,4,8.0,BB
2312114,4,CS 212,3,10.0,AA
2312114,4,CS 213,2,9.0,AB
2312114,4,CS 214,2,10.0,AA
2312114,4,CS 215,2,10.0,AA
2312114,4,MA 221,4,10.0,AA
2312115,4,CS 204,4,9.0,AB
2312115,4,CS 205,4,8.0,BB
2312115,4,CS 206,4,6.0,CC
2312115,4,CS 207,4,9.0,AB
2312115,4,CS 212,3,9.0,AB
2312115,4,CS 213,2,9.0,AB
2312115,4,CS 214,2,10.0,AA
2312115,4,CS 215,2,10.0,AA
2312115,4,MA 221,4,10.0,AA
2312116,4,CS 204,4,8.0,BB
2312116,4,CS 205,4,9.0,AB
2312116,4,CS 206,4,6.0,CC
2312116,4,CS 207,4,8.0,BB
2312116,4,CS 212,3,9.0,AB
2312116,4,CS 213,2,9.0,AB
2312116,4,CS 214,2,10.0,AA
2312116,4,CS 215,2,10.0,AA
2312116,4,MA 221,4,9.0,AB
2312117,4,CS 204,4,8.0,BB
2312117,4,CS 205,4,9.0,AB
2312117,4,CS 206,4,7.0,BC
2312117,4,CS 207,4,9.0,AB
2312117,4,CS 212,3,9.0,AB
2312117,4,CS 213,2,9.0,AB
2312117,4,CS 214,2,10.0,AA
2312117,4,CS 215,2,10.0,AA
2312117,4,MA 221,4,10.0,AA
2312118,4,CS 204,4,6.0,CC
2312118,4,CS 205,4,7.0,BC
2312118,4,CS 206,4,7.0,BC
2312118,4,CS 207,4,9.0,AB
2312118,4,CS 212,3,9.0,AB
2312118,4,CS 213,2,9.0,AB
2312118,4,CS 214,2,9.0,AB
2312118,4,CS 215,2,10.0,AA
2312118,4,MA 221,4,8.0,BB
2312119,4,CS 204,4,9.0,AB
2312119,4,CS 205,4,9.0,AB
2312119,4,CS 206,4,7.0,BC
2312119,4,CS 207,4,9.0,AB
2312119,4,CS 212,3,10.0,AA
2312119,4,CS 213,2,10.0,AA
2312119,4,CS 214,2,10.0,AA
2312119,4,CS 215,2,10.0,AA
2312119,4,MA 221,4,9.0,AB
2312120,4,CS 204,4,9.0,AB
2312120,4,CS 205,4,10.0,AA
2312120,4,CS 206,4,10.0,AA
2312120,4,CS 207,4,10.0,AA
2312120,4,CS 212,3,10.0,AA
2312120,4,CS 213,2,9.0,AB
2312120,4,CS 214,2,10.0,AA
2312120,4,CS 215,2,10.0,AA
2312120,4,MA 221,4,10.0,AA
2312121,4,CS 204,4,7.0,BC
2312121,4,CS 205,4,7.0,BC
2312121,4,CS 206,4,4.0,DD
2312121,4,CS 207,4,8.0,BB
2312121,4,CS 212,3,9.0,AB
2312121,4,CS 213,2,10.0,AA
2312121,4,CS 214,2,10.0,AA
2312121,4,CS 215,2,10.0,AA
2312121,4,MA 221,4,8.0,BB
2312122,4,CS 204,4,9.0,AB
2312122,4,CS 205,4,10.0,AA
2312122,4,CS 206,4,10.0,AA
2312122,4,CS 207,4,9.0,AB
2312122,4,CS 212,3,10.0,AA
2312122,4,CS 213,2,10.0,AA
2312122,4,CS 214,2,10.0,AA
2312122,4,CS 215,2,10.0,AA
2312122,4,MA 221,4,10.0,AA
2312123,4,CS 204,4,8.0,BB
2312123,4,CS 205,4,9.0,AB
2312123,4,CS 206,4,10.0,AA
2312123,4,CS 207,4,9.0,AB
2312123,4,CS 212,3,10.0,AA
2312123,4,CS 213,2,9.0,AB
2312123,4,CS 214,2,10.0,AA
2312123,4,CS 215,2,10.0,AA
2312123,4,MA 221,4,9.0,AB
2312124,4,CS 204,4,9.0,AB
2312124,4,CS 205,4,10.0,AA
2312124,4,CS 206,4,8.0,BB
2312124,4,CS 207,4,7.0,BC
2312124,4,CS 212,3,10.0,AA
2312124,4,CS 213,2,10.0,AA
2312124,4,CS 214,2,10.0,AA
2312124,4,CS 215,2,10.0,AA
2312124,4,MA 221,4,9.0,AB
2312125,4,CS 204,4,8.0,BB
2312125,4,CS 205,4,9.0,AB
2312125,4,CS 206,4,7.0,BC
2312125,4,CS 207,4,8.0,BB
2312125,4,CS 212,3,10.0,AA
2312125,4,CS 213,2,10.0,AA
2312125,4,CS 214,2,10.0,AA
2312125,4,CS 215,2,10.0,AA
2312125,4,MA 221,4,10.0,AA
2312126,4,CS 204,4,10.0,AA
2312126,4,CS 205,4,10.0,AA
2312126,4,CS 206,4,10.0,AA
2312126,4,CS 207,4,10.0,AA
2312126,4,CS 212,3,10.0,AA
2312126,4,CS 213,2,10.0,AA
2312126,4,CS 214,2,10.0,AA
2312126,4,CS 215,2,10.0,AA
2312126,4,MA 221,4,10.0,AA
2312127,4,CS 204,4,8.0,BB
2312127,4,CS 205,4,6.0,CC
2312127,4,CS 206,4,6.0,CC
2312127,4,CS 207,4,7.0,BC
2312127,4,CS 212,3,9.0,AB
2312127,4,CS 213,2,9.0,AB
2312127,4,CS 214,2,9.0,AB
2312127,4,CS 215,2,10.0,AA
2312127,4,MA 221,4,6.0,CC
2312128,4,CS 204,4,6.0,CC
2312128,4,CS 205,4,7.0,BC
2312128,4,CS 206,4,5.0,CD
2312128,4,CS 207,4,5.0,CD
2312128,4,CS 212,3,9.0,AB
2312128,4,CS 213,2,9.0,AB
2312128,4,CS 214,2,10.0,AA
2312128,4,CS 215,2,10.0,AA
2312128,4,MA 221,4,8.0,BB
2312129,4,CS 204,4,9.0,AB
2312129,4,CS 205,4,8.0,BB
2312129,4,CS 206,4,8.0,BB
2312129,4,CS 207,4,8.0,BB
2312129,4,CS 212,3,10.0,AA
2312129,4,CS 213,2,9.0,AB
2312129,4,CS 214,2,10.0,AA
2312129,4,CS 215,2,10.0,AA
2312129,4,MA 221,4,9.0,AB
2312130,4,CS 204,4,8.0,BB
2312130,4,CS 205,4,8.0,BB
2312130,4,CS 206,4,5.0,CD
2312130,4,CS 207,4,9.0,AB
2312130,4,CS 212,3,10.0,AA
2312130,4,CS 213,2,9.0,AB
2312130,4,CS 214,2,10.0,AA
2312130,4,CS 215,2,10.0,AA
2312130,4,MA 221,4,10.0,AA
2312131,4,CS 204,4,9.0,AB
2312131,4,CS 205,4,10.0,AA
2312131,4,CS 206,4,10.0,AA
2312131,4,CS 207,4,9.0,AB
2312131,4,CS 212,3,10.0,AA
2312131,4,CS 213,2,10.0,AA
2312131,4,CS 214,2,10.0,AA
2312131,4,CS 215,2,10.0,AA
2312131,4,MA 221,4,10.0,AA
2312132,4,CS 204,4,7.0,BC
2312132,4,CS 205,4,9.0,AB
2312132,4,CS 206,4,4.0,DD
2312132,4,CS 207,4,7.0,BC
2312132,4,CS 212,3,10.0,AA
2312132,4,CS 213,2,8.0,BB
2312132,4,CS 214,2,9.0,AB
2312132,4,CS 215,2,10.0,AA
2312132,4,MA 221,4,8.0,BB
2312133,4,CS 204,4,9.0,AB
2312133,4,CS 205,4,10.0,AA
2312133,4,CS 206,4,7.0,BC
2312133,4,CS 207,4,8.0,BB
2312133,4,CS 212,3,10.0,AA
2312133,4,CS 213,2,10.0,AA
2312133,4,CS 214,2,10.0,AA
2312133,4,CS 215,2,10.0,AA
2312133,4,MA 221,4,9.0,AB
2312134,4,CS 204,4,6.0,CC
2312134,4,CS 205,4,7.0,BC
2312134,4,CS 206,4,7.0,BC
2312134,4,CS 207,4,7.0,BC
2312134,4,CS 212,3,10.0,AA
2312134,4,CS 213,2,9.0,AB
2312134,4,CS 214,2,9.0,AB
2312134,4,CS 215,2,10.0,AA
2312134,4,MA 221,4,8.0,BB
2312135,4,CS 204,4,8.0,BB
2312135,4,CS 205,4,8.0,BB
2312135,4,CS 206,4,6.0,CC
2312135,4,CS 207,4,9.0,AB
2312135,4,CS 212,3,9.0,AB
2312135,4,CS 213,2,9.0,AB
2312135,4,CS 214,2,9.0,AB
2312135,4,CS 215,2,10.0,AA
2312135,4,MA 221,4,9.0,AB
2312136,4,CS 204,4,8.0,BB
2312136,4,CS 205,4,8.0,BB
2312136,4,CS 206,4,6.0,CC
2312136,4,CS 207,4,8.0,BB
2312136,4,CS 212,3,10.0,AA
2312136,4,CS 213,2,9.0,AB
2312136,4,CS 214,2,10.0,AA
2312136,4,CS 215,2,10.0,AA
2312136,4,MA 221,4,8.0,BB
2312137,4,CS 204,4,8.0,BB
2312137,4,CS 205,4,8.0,BB
2312137,4,CS 206,4,7.0,BC
2312137,4,CS 207,4,8.0,BB
2312137,4,CS 212,3,9.0,AB
2312137,4,CS 213,2,10.0,AA
2312137,4,CS 214,2,10.0,AA
2312137,4,CS 215,2,10.0,AA
2312137,4,MA 221,4,9.0,AB
2312138,4,CS 204,4,7.0,BC
2312138,4,CS 205,4,6.0,CC
2312138,4,CS 206,4,4.0,DD
2312138,4,CS 207,4,6.0,CC
2312138,4,CS 212,3,10.0,AA
2312138,4,CS 213,2,9.0,AB
2312138,4,CS 214,2,9.0,AB
2312138,4,CS 215,2,10.0,AA
2312138,4,MA 221,4,7.0,BC
2312139,4,CS 204,4,5.0,CD
2312139,4,CS 205,4,4.0,DD
2312139,4,CS 206,4,0.0,F
2312139,4,CS 207,4,4.0,DD
2312139,4,CS 212,3,8.0,BB
2312139,4,CS 213,2,9.0,AB
2312139,4,CS 214,2,9.0,AB
2312139,4,CS 215,2,9.0,AB
2312139,4,MA 221,4,6.0,CC
2312140,4,CS 204,4,0.0,F
2312140,4,CS 205,4,8.0,BB
2312140,4,CS 206,4,0.0,F
2312140,4,CS 207,4,0.0,F
2312140,4,CS 212,3,10.0,AA
2312140,4,CS 213,2,8.0,BB
2312140,4,CS 214,2,9.0,AB
2312140,4,CS 215,2,8.0,BB
2312140,4,MA 221,4,4.0,DD
2312141,4,CS 204,4,8.0,BB
2312141,4,CS 205,4,8.0,BB
2312141,4,CS 206,4,7.0,BC
2312141,4,CS 207,4,7.0,BC
2312141,4,CS 212,3,10.0,AA
2312141,4,CS 213,2,9.0,AB
2312141,4,CS 214,2,9.0,AB
2312141,4,CS 215,2,10.0,AA
2312141,4,MA 221,4,9.0,AB
2312142,4,CS 204,4,9.0,AB
2312142,4,CS 205,4,8.0,BB
2312142,4,CS 206,4,6.0,CC
2312142,4,CS 207,4,9.0,AB
2312142,4,CS 212,3,10.0,AA
2312142,4,CS 213,2,9.0,AB
2312142,4,CS 214,2,10.0,AA
2312142,4,CS 215,2,9.0,AB
2312142,4,MA 221,4,10.0,AA
2312143,4,CS 204,4,8.0,BB
2312143,4,CS 205,4,9.0,AB
2312143,4,CS 206,4,9.0,AB
2312143,4,CS 207,4,6.0,CC
2312143,4,CS 212,3,10.0,AA
2312143,4,CS 213,2,9.0,AB
2312143,4,CS 214,2,9.0,AB
2312143,4,CS 215,2,10.0,AA
2312143,4,MA 221,4,9.0,AB
2312144,4,CS 204,4,6.0,CC
2312144,4,CS 205,4,6.0,CC
2312144,4,CS 206,4,4.0,DD
2312144,4,CS 207,4,5.0,CD
2312144,4,CS 212,3,9.0,AB
2312144,4,CS 213,2,9.0,AB
2312144,4,CS 214,2,9.0,AB
2312144,4,CS 215,2,10.0,AA
2312144,4,MA 221,4,5.0,CD
2312145,4,CS 204,4,8.0,BB
2312145,4,CS 205,4,6.0,CC
2312145,4,CS 206,4,6.0,CC
2312145,4,CS 207,4,6.0,CC
2312145,4,CS 212,3,9.0,AB
2312145,4,CS 213,2,9.0,AB
2312145,4,CS 214,2,9.0,AB
2312145,4,CS 215,2,10.0,AA
2312145,4,MA 221,4,8.0,BB
2312146,4,CS 204,4,8.0,BB
2312146,4,CS 205,4,8.0,BB
2312146,4,CS 206,4,7.0,BC
2312146,4,CS 207,4,7.0,BC
2312146,4,CS 212,3,9.0,AB
2312146,4,CS 213,2,9.0,AB
2312146,4,CS 214,2,9.0,AB
2312146,4,CS 215,2,10.0,AA
2312146,4,MA 221,4,8.0,BB
2312147,4,CS 204,4,9.0,AB
2312147,4,CS 205,4,9.0,AB
2312147,4,CS 206,4,7.0,BC
2312147,4,CS 207,4,8.0,BB
2312147,4,CS 212,3,10.0,AA
2312147,4,CS 213,2,9.0,AB
2312147,4,CS 214,2,9.0,AB
2312147,4,CS 215,2,10.0,AA
2312147,4,MA 221,4,9.0,AB
2312149,4,CS 204,4,7.0,BC
2312149,4,CS 205,4,7.0,BC
2312149,4,CS 206,4,6.0,CC
2312149,4,CS 207,4,7.0,BC
2312149,4,CS 212,3,9.0,AB
2312149,4,CS 213,2,9.0,AB
2312149,4,CS 214,2,9.0,AB
2312149,4,CS 215,2,10.0,AA
2312149,4,MA 221,4,9.0,AB
2312150,4,CS 204,4,7.0,BC
2312150,4,CS 205,4,8.0,BB
2312150,4,CS 206,4,8.0,BB
2312150,4,CS 207,4,8.0,BB
2312150,4,CS 212,3,10.0,AA
2312150,4,CS 213,2,9.0,AB
2312150,4,CS 214,2,10.0,AA
2312150,4,CS 215,2,10.0,AA
2312150,4,MA 221,4,8.0,BB
2312151,4,CS 204,4,6.0,CC
2312151,4,CS 205,4,7.0,BC
2312151,4,CS 206,4,5.0,CD
2312151,4,CS 207,4,6.0,CC
2312151,4,CS 212,3,9.0,AB
2312151,4,CS 213,2,9.0,AB
2312151,4,CS 214,2,9.0,AB
2312151,4,CS 215,2,10.0,AA
2312151,4,MA 221,4,6.0,CC
2312152,4,CS 204,4,8.0,BB
2312152,4,CS 205,4,8.0,BB
2312152,4,CS 206,4,6.0,CC
2312152,4,CS 207,4,7.0,BC
2312152,4,CS 212,3,10.0,AA
2312152,4,CS 213,2,9.0,AB
2312152,4,CS 214,2,10.0,AA
2312152,4,CS 215,2,10.0,AA
2312152,4,MA 221,4,8.0,BB
2312153,4,CS 204,4,6.0,CC
2312153,4,CS 205,4,8.0,BB
2312153,4,CS 206,4,4.0,DD
2312153,4,CS 207,4,5.0,CD
2312153,4,CS 212,3,8.0,BB
2312153,4,CS 213,2,9.0,AB
2312153,4,CS 214,2,9.0,AB
2312153,4,CS 215,2,10.0,AA
2312153,4,MA 221,4,6.0,CC
2312154,4,CS 204,4,9.0,AB
2312154,4,CS 205,4,7.0,BC
2312154,4,CS 206,4,7.0,BC
2312154,4,CS 207,4,7.0,BC
2312154,4,CS 212,3,9.0,AB
2312154,4,CS 213,2,9.0,AB
2312154,4,CS 214,2,10.0,AA
2312154,4,CS 215,2,10.0,AA
2312154,4,MA 221,4,9.0,AB
2312155,4,CS 204,4,9.0,AB
2312155,4,CS 205,4,7.0,BC
2312155,4,CS 206,4,7.0,BC
2312155,4,CS 207,4,5.0,CD
2312155,4,CS 212,3,9.0,AB
2312155,4,CS 213,2,9.0,AB
2312155,4,CS 214,2,10.0,AA
2312155,4,CS 215,2,10.0,AA
2312155,4,MA 221,4,9.0,AB
2312156,4,CS 204,4,8.0,BB
2312156,4,CS 205,4,7.0,BC
2312156,4,CS 206,4,5.0,CD
2312156,4,CS 207,4,7.0,BC
2312156,4,CS 212,3,10.0,AA
2312156,4,CS 213,2,9.0,AB
2312156,4,CS 214,2,10.0,AA
2312156,4,CS 215,2,10.0,AA
2312156,4,MA 221,4,9.0,AB
2312157,4,CS 204,4,6.0,CC
2312157,4,CS 205,4,7.0,BC
2312157,4,CS 206,4,4.0,DD
2312157,4,CS 207,4,5.0,CD
2312157,4,CS 212,3,8.0,BB
2312157,4,CS 213,2,8.0,BB
2312157,4,CS 214,2,9.0,AB
2312157,4,CS 215,2,10.0,AA
2312157,4,MA 221,4,7.0,BC
2312158,4,CS 204,4,5.0,CD
2312158,4,CS 205,4,5.0,CD
2312158,4,CS 206,4,4.0,DD
2312158,4,CS 207,4,5.0,CD
2312158,4,CS 212,3,8.0,BB
2312158,4,CS 213,2,8.0,BB
2312158,4,CS 214,2,9.0,AB
2312158,4,CS 215,2,10.0,AA
2312158,4,MA 221,4,6.0,CC
2312159,4,CS 204,4,5.0,CD
2312159,4,CS 205,4,5.0,CD
2312159,4,CS 206,4,0.0,F
2312159,4,CS 207,4,4.0,DD
2312159,4,CS 212,3,8.0,BB
2312159,4,CS 213,2,8.0,BB
2312159,4,CS 214,2,9.0,AB
2312159,4,CS 215,2,10.0,AA
2312159,4,MA 221,4,6.0,CC
2312160,4,CS 204,4,8.0,BB
2312160,4,CS 205,4,7.0,BC
2312160,4,CS 206,4,6.0,CC
2312160,4,CS 207,4,6.0,CC
2312160,4,CS 212,3,10.0,AA
2312160,4,CS 213,2,9.0,AB
2312160,4,CS 214,2,10.0,AA
2312160,4,CS 215,2,10.0,AA
2312160,4,MA 221,4,9.0,AB
2312161,4,CS 204,4,6.0,CC
2312161,4,CS 205,4,9.0,AB
2312161,4,CS 206,4,8.0,BB
2312161,4,CS 207,4,8.0,BB
2312161,4,CS 212,3,10.0,AA
2312161,4,CS 213,2,10.0,AA
2312161,4,CS 214,2,10.0,AA
2312161,4,CS 215,2,10.0,AA
2312161,4,MA 221,4,8.0,BB
2312162,4,CS 204,4,0.0,F
2312162,4,CS 205,4,5.0,CD
2312162,4,CS 206,4,0.0,F
2312162,4,CS 207,4,0.0,F
2312162,4,CS 212,3,7.0,BC
2312162,4,CS 213,2,8.0,BB
2312162,4,CS 214,2,10.0,AA
2312162,4,CS 215,2,10.0,AA
2312162,4,MA 221,4,4.0,DD
2312163,4,CS 204,4,8.0,BB
2312163,4,CS 205,4,8.0,BB
2312163,4,CS 206,4,8.0,BB
2312163,4,CS 207,4,7.0,BC
2312163,4,CS 212,3,10.0,AA
2312163,4,CS 213,2,9.0,AB
2312163,4,CS 214,2,10.0,AA
2312163,4,CS 215,2,10.0,AA
2312163,4,MA 221,4,8.0,BB
2312164,4,CS 204,4,8.0,BB
2312164,4,CS 205,4,9.0,AB
2312164,4,CS 206,4,7.0,BC
2312164,4,CS 207,4,7.0,BC
2312164,4,CS 212,3,9.0,AB
2312164,4,CS 213,2,9.0,AB
2312164,4,CS 214,2,10.0,AA
2312164,4,CS 215,2,10.0,AA
2312164,4,MA 221,4,8.0,BB
2312165,4,CS 204,4,6.0,CC
2312165,4,CS 205,4,7.0,BC
2312165,4,CS 206,4,0.0,F
2312165,4,CS 207,4,6.0,CC
2312165,4,CS 212,3,10.0,AA
2312165,4,CS 213,2,9.0,AB
2312165,4,CS 214,2,9.0,AB
2312165,4,CS 215,2,10.0,AA
2312165,4,MA 221,4,7.0,BC
2312166,4,CS 204,4,9.0,AB
2312166,4,CS 205,4,9.0,AB
2312166,4,CS 206,4,10.0,AA
2312166,4,CS 207,4,8.0,BB
2312166,4,CS 212,3,10.0,AA
2312166,4,CS 213,2,9.0,AB
2312166,4,CS 214,2,10.0,AA
2312166,4,CS 215,2,10.0,AA
2312166,4,MA 221,4,10.0,AA
2312167,4,CS 204,4,10.0,AA
2312167,4,CS 205,4,8.0,BB
2312167,4,CS 206,4,8.0,BB
2312167,4,CS 207,4,8.0,BB
2312167,4,CS 212,3,10.0,AA
2312167,4,CS 213,2,10.0,AA
2312167,4,CS 214,2,10.0,AA
2312167,4,CS 215,2,10.0,AA
2312167,4,MA 221,4,10.0,AA
2312168,4,CS 204,4,7.0,BC
2312168,4,CS 205,4,8.0,BB
2312168,4,CS 206,4,7.0,BC
2312168,4,CS 207,4,7.0,BC
2312168,4,CS 212,3,9.0,AB
2312168,4,CS 213,2,9.0,AB
2312168,4,CS 214,2,9.0,AB
2312168,4,CS 215,2,10.0,AA
2312168,4,MA 221,4,8.0,BB
2312169,4,CS 204,4,8.0,BB
2312169,4,CS 205,4,9.0,AB
2312169,4,CS 206,4,5.0,CD
2312169,4,CS 207,4,7.0,BC
2312169,4,CS 212,3,9.0,AB
2312169,4,CS 213,2,9.0,AB
2312169,4,CS 214,2,10.0,AA
2312169,4,CS 215,2,10.0,AA
2312169,4,MA 221,4,9.0,AB
2312170,4,CS 204,4,0.0,F
2312170,4,CS 205,4,4.0,DD
2312170,4,CS 206,4,0.0,F
2312170,4,CS 207,4,0.0,F
2312170,4,CS 212,3,8.0,BB
2312170,4,CS 213,2,9.0,AB
2312170,4,CS 214,2,9.0,AB
2312170,4,CS 215,2,10.0,AA
2312170,4,MA 221,4,4.0,DD
2312171,4,CS 204,4,7.0,BC
2312171,4,CS 205,4,6.0,CC
2312171,4,CS 206,4,5.0,CD
2312171,4,CS 207,4,4.0,DD
2312171,4,CS 212,3,9.0,AB
2312171,4,CS 213,2,9.0,AB
2312171,4,CS 214,2,10.0,AA
2312171,4,CS 215,2,10.0,AA
2312171,4,MA 221,4,4.0,DD
2312172,4,CS 204,4,7.0,BC
2312172,4,CS 205,4,10.0,AA
2312172,4,CS 206,4,7.0,BC
2312172,4,CS 207,4,8.0,BB
2312172,4,CS 212,3,9.0,AB
2312172,4,CS 213,2,10.0,AA
2312172,4,CS 214,2,10.0,AA
2312172,4,CS 215,2,10.0,AA
2312172,4,MA 221,4,8.0,BB
2312173,4,CS 204,4,4.0,DD
2312173,4,CS 205,4,4.0,DD
2312173,4,CS 206,4,5.0,CD
2312173,4,CS 207,4,4.0,DD
2312173,4,CS 212,3,8.0,BB
2312173,4,CS 213,2,8.0,BB
2312173,4,CS 214,2,10.0,AA
2312173,4,CS 215,2,10.0,AA
2312173,4,MA 221,4,4.0,DD
2312174,4,CS 204,4,5.0,CD
2312174,4,CS 205,4,4.0,DD
2312174,4,CS 206,4,0.0,F
2312174,4,CS 207,4,0.0,F
2312174,4,CS 212,3,9.0,AB
2312174,4,CS 213,2,8.0,BB
2312174,4,CS 214,2,10.0,AA
2312174,4,CS 215,2,10.0,AA
2312174,4,MA 221,4,0.0,F
2312175,4,CS 204,4,4.0,DD
2312175,4,CS 205,4,4.0,DD
2312175,4,CS 206,4,0.0,F
2312175,4,CS 207,4,0.0,F
2312175,4,CS 212,3,7.0,BC
2312175,4,CS 213,2,8.0,BB
2312175,4,CS 214,2,9.0,AB
2312175,4,CS 215,2,10.0,AA
2312175,4,MA 221,4,0.0,F
2312176,4,CS 204,4,8.0,BB
2312176,4,CS 205,4,9.0,AB
2312176,4,CS 206,4,8.0,BB
2312176,4,CS 207,4,10.0,AA
2312176,4,CS 212,3,10.0,AA
2312176,4,CS 213,2,10.0,AA
2312176,4,CS 214,2,10.0,AA
2312176,4,CS 215,2,10.0,AA
2312176,4,MA 221,4,9.0,AB
2312177,4,CS 204,4,8.0,BB
2312177,4,CS 205,4,8.0,BB
2312177,4,CS 206,4,10.0,AA
2312177,4,CS 207,4,10.0,AA
2312177,4,CS 212,3,10.0,AA
2312177,4,CS 213,2,10.0,AA
2312177,4,CS 214,2,10.0,AA
2312177,4,CS 215,2,10.0,AA
2312177,4,MA 221,4,10.0,AA
2312178,4,CS 204,4,8.0,BB
2312178,4,CS 205,4,7.0,BC
2312178,4,CS 206,4,10.0,AA
2312178,4,CS 207,4,10.0,AA
2312178,4,CS 212,3,10.0,AA
2312178,4,CS 213,2,10.0,AA
2312178,4,CS 214,2,10.0,AA
2312178,4,CS 215,2,9.0,AB
2312178,4,MA 221,4,9.0,AB
2312179,4,CS 204,4,8.0,BB
2312179,4,CS 205,4,7.0,BC
2312179,4,CS 206,4,7.0,BC
2312179,4,CS 207,4,9.0,AB
2312179,4,CS 212,3,9.0,AB
2312179,4,CS 213,2,10.0,AA
2312179,4,CS 214,2,10.0,AA
2312179,4,CS 215,2,10.0,AA
2312179,4,MA 221,4,9.0,AB
2312180,4,CS 204,4,8.0,BB
2312180,4,CS 205,4,7.0,BC
2312180,4,CS 206,4,9.0,AB
2312180,4,CS 207,4,9.0,AB
2312180,4,CS 212,3,10.0,AA
2312180,4,CS 213,2,10.0,AA
2312180,4,CS 214,2,9.0,AB
2312180,4,CS 215,2,9.0,AB
2312180,4,MA 221,4,10.0,AA
2312181,4,CS 204,4,10.0,AA
2312181,4,CS 205,4,7.0,BC
2312181,4,CS 206,4,9.0,AB
2312181,4,CS 207,4,10.0,AA
2312181,4,CS 212,3,8.0,BB
2312181,4,CS 213,2,10.0,AA
2312181,4,CS 214,2,10.0,AA
2312181,4,CS 215,2,9.0,AB
2312181,4,MA 221,4,10.0,AA
2312182,4,CS 204,4,7.0,BC
2312182,4,CS 205,4,9.0,AB
2312182,4,CS 206,4,9.0,AB
2312182,4,CS 207,4,9.0,AB
2312182,4,CS 212,3,10.0,AA
2312182,4,CS 213,2,10.0,AA
2312182,4,CS 214,2,10.0,AA
2312182,4,CS 215,2,10.0,AA
2312182,4,MA 221,4,9.0,AB
2312183,4,CS 204,4,9.0,AB
2312183,4,CS 205,4,6.0,CC
2312183,4,CS 206,4,10.0,AA
2312183,4,CS 207,4,9.0,AB
2312183,4,CS 212,3,10.0,AA
2312183,4,CS 213,2,10.0,AA
2312183,4,CS 214,2,10.0,AA
2312183,4,CS 215,2,9.0,AB
2312183,4,MA 221,4,9.0,AB
2312184,4,CS 204,4,9.0,AB
2312184,4,CS 205,4,7.0,BC
2312184,4,CS 206,4,10.0,AA
2312184,4,CS 207,4,10.0,AA
2312184,4,CS 212,3,10.0,AA
2312184,4,CS 213,2,10.0,AA
2312184,4,CS 214,2,10.0,AA
2312184,4,CS 215,2,10.0,AA
2312184,4,MA 221,4,9.0,AB
2312185,4,CS 204,4,8.0,BB
2312185,4,CS 205,4,10.0,AA
2312185,4,CS 206,4,10.0,AA
2312185,4,CS 207,4,10.0,AA
2312185,4,CS 212,3,10.0,AA
2312185,4,CS 213,2,10.0,AA
2312185,4,CS 214,2,10.0,AA
2312185,4,CS 215,2,10.0,AA
2312185,4,MA 221,4,9.0,AB
2312186,4,CS 204,4,8.0,BB
2312186,4,CS 205,4,10.0,AA
2312186,4,CS 206,4,8.0,BB
2312186,4,CS 207,4,8.0,BB
2312186,4,CS 212,3,10.0,AA
2312186,4,CS 213,2,10.0,AA
2312186,4,CS 214,2,10.0,AA
2312186,4,CS 215,2,10.0,AA
2312186,4,MA 221,4,10.0,AA
2312187,4,CS 204,4,8.0,BB
2312187,4,CS 205,4,9.0,AB
2312187,4,CS 206,4,8.0,BB
2312187,4,CS 207,4,8.0,BB
2312187,4,CS 212,3,10.0,AA
2312187,4,CS 213,2,9.0,AB
2312187,4,CS 214,2,10.0,AA
2312187,4,CS 215,2,10.0,AA
2312187,4,MA 221,4,10.0,AA
2312188,4,CS 204,4,7.0,BC
2312188,4,CS 205,4,7.0,BC
2312188,4,CS 206,4,9.0,AB
2312188,4,CS 207,4,8.0,BB
2312188,4,CS 212,3,10.0,AA
2312188,4,CS 213,2,9.0,AB
2312188,4,CS 214,2,10.0,AA
2312188,4,CS 215,2,10.0,AA
2312188,4,MA 221,4,9.0,AB
2312189,4,CS 204,4,7.0,BC
2312189,4,CS 205,4,9.0,AB
2312189,4,CS 206,4,9.0,AB
2312189,4,CS 207,4,8.0,BB
2312189,4,CS 212,3,10.0,AA
2312189,4,CS 213,2,9.0,AB
2312189,4,CS 214,2,10.0,AA
2312189,4,CS 215,2,10.0,AA
2312189,4,MA 221,4,8.0,BB
2312190,4,CS 204,4,8.0,BB
2312190,4,CS 205,4,10.0,AA
2312190,4,CS 206,4,10.0,AA
2312190,4,CS 207,4,7.0,BC
2312190,4,CS 212,3,10.0,AA
2312190,4,CS 213,2,10.0,AA
2312190,4,CS 214,2,10.0,AA
2312190,4,CS 215,2,10.0,AA
2312190,4,MA 221,4,10.0,AA
2312191,4,CS 204,4,9.0,AB
2312191,4,CS 205,4,9.0,AB
2312191,4,CS 206,4,10.0,AA
2312191,4,CS 207,4,8.0,BB
2312191,4,CS 212,3,10.0,AA
2312191,4,CS 213,2,10.0,AA
2312191,4,CS 214,2,10.0,AA
2312191,4,CS 215,2,10.0,AA
2312191,4,MA 221,4,10.0,AA
2312192,4,CS 204,4,9.0,AB
2312192,4,CS 205,4,8.0,BB
2312192,4,CS 206,4,8.0,BB
2312192,4,CS 207,4,8.0,BB
2312192,4,CS 212,3,10.0,AA
2312192,4,CS 213,2,9.0,AB
2312192,4,CS 214,2,10.0,AA
2312192,4,CS 215,2,10.0,AA
2312192,4,MA 221,4,9.0,AB
2312193,4,CS 204,4,8.0,BB
2312193,4,CS 205,4,9.0,AB
2312193,4,CS 206,4,9.0,AB
2312193,4,CS 207,4,7.0,BC
2312193,4,CS 212,3,9.0,AB
2312193,4,CS 213,2,9.0,AB
2312193,4,CS 214,2,10.0,AA
2312193,4,CS 215,2,10.0,AA
2312193,4,MA 221,4,9.0,AB
2313001,4,CS 221,3,0.0,F
2313001,4,EE 206,4,0.0,F
2313001,4,EE 207,4,0.0,F
2313001,4,EE 208,4,0.0,F
2313001,4,EE 209,4,0.0,F
2313001,4,EE 210,3,0.0,F
2313001,4,EE 213,2,0.0,F
2313001,4,EE 214,2,7.0,BC
2313001,4,EE 215,2,9.0,AB
2313002,4,CS 221,3,7.0,BC
2313002,4,EE 206,4,7.0,BC
2313002,4,EE 207,4,8.0,BB
2313002,4,EE 208,4,8.0,BB
2313002,4,EE 209,4,8.0,BB
2313002,4,EE 210,3,7.0,BC
2313002,4,EE 213,2,9.0,AB
2313002,4,EE 214,2,9.0,AB
2313002,4,EE 215,2,10.0,AA
2313003,4,CS 221,3,8.0,BB
2313003,4,EE 206,4,7.0,BC
2313003,4,EE 207,4,7.0,BC
2313003,4,EE 208,4,8.0,BB
2313003,4,EE 209,4,8.0,BB
2313003,4,EE 210,3,7.0,BC
2313003,4,EE 213,2,9.0,AB
2313003,4,EE 214,2,9.0,AB
2313003,4,EE 215,2,9.0,AB
2313004,4,CS 221,3,4.0,DD
2313004,4,EE 206,4,0.0,F
2313004,4,EE 207,4,0.0,F
2313004,4,EE 208,4,0.0,F
2313004,4,EE 209,4,0.0,F
2313004,4,EE 210,3,0.0,F
2313004,4,EE 213,2,9.0,AB
2313004,4,EE 214,2,8.0,BB
2313004,4,EE 215,2,8.0,BB
2313007,4,CS 221,3,9.0,AB
2313007,4,EE 206,4,6.0,CC
2313007,4,EE 207,4,5.0,CD
2313007,4,EE 208,4,8.0,BB
2313007,4,EE 209,4,8.0,BB
2313007,4,EE 210,3,8.0,BB
2313007,4,EE 213,2,10.0,AA
2313007,4,EE 214,2,10.0,AA
2313007,4,EE 215,2,10.0,AA
2313008,4,CS 221,3,9.0,AB
2313008,4,EE 206,4,5.0,CD
2313008,4,EE 207,4,6.0,CC
2313008,4,EE 208,4,8.0,BB
2313008,4,EE 209,4,7.0,BC
2313008,4,EE 210,3,7.0,BC
2313008,4,EE 213,2,10.0,AA
2313008,4,EE 214,2,9.0,AB
2313008,4,EE 215,2,10.0,AA
2313009,4,CS 221,3,8.0,BB
2313009,4,EE 206,4,4.0,DD
2313009,4,EE 207,4,6.0,CC
2313009,4,EE 208,4,7.0,BC
2313009,4,EE 209,4,8.0,BB
2313009,4,EE 210,3,7.0,BC
2313009,4,EE 213,2,10.0,AA
2313009,4,EE 214,2,10.0,AA
2313009,4,EE 215,2,8.0,BB
2313010,4,CS 221,3,0.0,F
2313010,4,EE 206,4,0.0,I
2313010,4,EE 207,4,0.0,F
2313010,4,EE 208,4,0.0,I
2313010,4,EE 209,4,0.0,I
2313010,4,EE 210,3,0.0,F
2313010,4,EE 213,2,10.0,AA
2313010,4,EE 214,2,9.0,AB
2313010,4,EE 215,2,9.0,AB
2313012,4,CS 221,3,8.0,BB
2313012,4,EE 206,4,8.0,BB
2313012,4,EE 207,4,7.0,BC
2313012,4,EE 208,4,8.0,BB
2313012,4,EE 209,4,9.0,AB
2313012,4,EE 210,3,9.0,AB
2313012,4,EE 213,2,9.0,AB
2313012,4,EE 214,2,10.0,AA
2313012,4,EE 215,2,10.0,AA
2313013,4,CS 221,3,9.0,AB
2313013,4,EE 206,4,6.0,CC
2313013,4,EE 207,4,7.0,BC
2313013,4,EE 208,4,8.0,BB
2313013,4,EE 209,4,8.0,BB
2313013,4,EE 210,3,9.0,AB
2313013,4,EE 213,2,10.0,AA
2313013,4,EE 214,2,10.0,AA
2313013,4,EE 215,2,9.0,AB
2313014,4,CS 221,3,9.0,AB
2313014,4,EE 206,4,5.0,CD
2313014,4,EE 207,4,7.0,BC
2313014,4,EE 208,4,8.0,BB
2313014,4,EE 209,4,8.0,BB
2313014,4,EE 210,3,9.0,AB
2313014,4,EE 213,2,10.0,AA
2313014,4,EE 214,2,9.0,AB
2313014,4,EE 215,2,10.0,AA
2313015,4,CS 221,3,7.0,BC
2313015,4,EE 206,4,7.0,BC
2313015,4,EE 207,4,6.0,CC
2313015,4,EE 208,4,8.0,BB
2313015,4,EE 209,4,6.0,CC
2313015,4,EE 210,3,8.0,BB
2313015,4,EE 213,2,10.0,AA
2313015,4,EE 214,2,9.0,AB
2313015,4,EE 215,2,9.0,AB
2313016,4,CS 221,3,5.0,CD
2313016,4,EE 206,4,0.0,F
2313016,4,EE 207,4,0.0,F
2313016,4,EE 208,4,5.0,CD
2313016,4,EE 209,4,6.0,CC
2313016,4,EE 210,3,5.0,CD
2313016,4,EE 213,2,9.0,AB
2313016,4,EE 214,2,9.0,AB
2313016,4,EE 215,2,9.0,AB
2313018,4,CS 221,3,7.0,BC
2313018,4,EE 206,4,5.0,CD
2313018,4,EE 207,4,6.0,CC
2313018,4,EE 208,4,8.0,BB
2313018,4,EE 209,4,6.0,CC
2313018,4,EE 210,3,9.0,AB
2313018,4,EE 213,2,10.0,AA
2313018,4,EE 214,2,9.0,AB
2313018,4,EE 215,2,10.0,AA
2313019,4,CS 221,3,9.0,AB
2313019,4,EE 206,4,10.0,AA
2313019,4,EE 207,4,7.0,BC
2313019,4,EE 208,4,10.0,AA
2313019,4,EE 209,4,8.0,BB
2313019,4,EE 210,3,10.0,AA
2313019,4,EE 213,2,10.0,AA
2313019,4,EE 214,2,10.0,AA
2313019,4,EE 215,2,9.0,AB
2313020,4,CS 221,3,10.0,AA
2313020,4,EE 206,4,8.0,BB
2313020,4,EE 207,4,7.0,BC
2313020,4,EE 208,4,10.0,AA
2313020,4,EE 209,4,10.0,AA
2313020,4,EE 210,3,10.0,AA
2313020,4,EE 213,2,10.0,AA
2313020,4,EE 214,2,10.0,AA
2313020,4,EE 215,2,10.0,AA
2313021,4,CS 221,3,8.0,BB
2313021,4,EE 206,4,8.0,BB
2313021,4,EE 207,4,8.0,BB
2313021,4,EE 208,4,9.0,AB
2313021,4,EE 209,4,8.0,BB
2313021,4,EE 210,3,10.0,AA
2313021,4,EE 213,2,10.0,AA
2313021,4,EE 214,2,10.0,AA
2313021,4,EE 215,2,9.0,AB
2313022,4,CS 221,3,9.0,AB
2313022,4,EE 206,4,10.0,AA
2313022,4,EE 207,4,7.0,BC
2313022,4,EE 208,4,10.0,AA
2313022,4,EE 209,4,8.0,BB
2313022,4,EE 210,3,10.0,AA
2313022,4,EE 213,2,10.0,AA
2313022,4,EE 214,2,10.0,AA
2313022,4,EE 215,2,10.0,AA
2313023,4,CS 221,3,10.0,AA
2313023,4,EE 206,4,7.0,BC
2313023,4,EE 207,4,7.0,BC
2313023,4,EE 208,4,9.0,AB
2313023,4,EE 209,4,9.0,AB
2313023,4,EE 210,3,10.0,AA
2313023,4,EE 213,2,10.0,AA
2313023,4,EE 214,2,10.0,AA
2313023,4,EE 215,2,10.0,AA
2313024,4,CS 221,3,7.0,BC
2313024,4,EE 206,4,5.0,CD
2313024,4,EE 207,4,5.0,CD
2313024,4,EE 208,4,8.0,BB
2313024,4,EE 209,4,6.0,CC
2313024,4,EE 210,3,8.0,BB
2313024,4,EE 213,2,10.0,AA
2313024,4,EE 214,2,9.0,AB
2313024,4,EE 215,2,9.0,AB
2313025,4,CS 221,3,10.0,AA
2313025,4,EE 206,4,9.0,AB
2313025,4,EE 207,4,8.0,BB
2313025,4,EE 208,4,9.0,AB
2313025,4,EE 209,4,8.0,BB
2313025,4,EE 210,3,10.0,AA
2313025,4,EE 213,2,10.0,AA
2313025,4,EE 214,2,9.0,AB
2313025,4,EE 215,2,9.0,AB
2313026,4,CS 221,3,7.0,BC
2313026,4,EE 206,4,6.0,CC
2313026,4,EE 207,4,6.0,CC
2313026,4,EE 208,4,8.0,BB
2313026,4,EE 209,4,7.0,BC
2313026,4,EE 210,3,9.0,AB
2313026,4,EE 213,2,9.0,AB
2313026,4,EE 214,2,9.0,AB
2313026,4,EE 215,2,10.0,AA
2313027,4,CS 221,3,8.0,BB
2313027,4,EE 206,4,6.0,CC
2313027,4,EE 207,4,7.0,BC
2313027,4,EE 208,4,10.0,AA
2313027,4,EE 209,4,8.0,BB
2313027,4,EE 210,3,10.0,AA
2313027,4,EE 213,2,10.0,AA
2313027,4,EE 214,2,10.0,AA
2313027,4,EE 215,2,9.0,AB
2313029,4,CS 221,3,5.0,CD
2313029,4,EE 206,4,0.0,F
2313029,4,EE 207,4,4.0,DD
2313029,4,EE 208,4,6.0,CC
2313029,4,EE 209,4,5.0,CD
2313029,4,EE 210,3,6.0,CC
2313029,4,EE 213,2,9.0,AB
2313029,4,EE 214,2,8.0,BB
2313029,4,EE 215,2,8.0,BB
2313030,4,CS 221,3,6.0,CC
2313030,4,EE 206,4,5.0,CD
2313030,4,EE 207,4,0.0,F
2313030,4,EE 208,4,6.0,CC
2313030,4,EE 209,4,6.0,CC
2313030,4,EE 210,3,7.0,BC
2313030,4,EE 213,2,10.0,AA
2313030,4,EE 214,2,9.0,AB
2313030,4,EE 215,2,9.0,AB
2313031,4,CS 221,3,8.0,BB
2313031,4,EE 206,4,6.0,CC
2313031,4,EE 207,4,7.0,BC
2313031,4,EE 208,4,9.0,AB
2313031,4,EE 209,4,7.0,BC
2313031,4,EE 210,3,9.0,AB
2313031,4,EE 213,2,10.0,AA
2313031,4,EE 214,2,9.0,AB
2313031,4,EE 215,2,10.0,AA
2313032,4,CS 221,3,9.0,AB
2313032,4,EE 206,4,6.0,CC
2313032,4,EE 207,4,5.0,CD
2313032,4,EE 208,4,9.0,AB
2313032,4,EE 209,4,7.0,BC
2313032,4,EE 210,3,10.0,AA
2313032,4,EE 213,2,10.0,AA
2313032,4,EE 214,2,10.0,AA
2313032,4,EE 215,2,10.0,AA
2313033,4,CS 221,3,8.0,BB
2313033,4,EE 206,4,7.0,BC
2313033,4,EE 207,4,4.0,DD
2313033,4,EE 208,4,7.0,BC
2313033,4,EE 209,4,7.0,BC
2313033,4,EE 210,3,8.0,BB
2313033,4,EE 213,2,10.0,AA
2313033,4,EE 214,2,10.0,AA
2313033,4,EE 215,2,10.0,AA
2313034,4,CS 221,3,8.0,BB
2313034,4,EE 206,4,6.0,CC
2313034,4,EE 207,4,7.0,BC
2313034,4,EE 208,4,8.0,BB
2313034,4,EE 209,4,7.0,BC
2313034,4,EE 210,3,9.0,AB
2313034,4,EE 213,2,10.0,AA
2313034,4,EE 214,2,10.0,AA
2313034,4,EE 215,2,9.0,AB
2313035,4,CS 221,3,9.0,AB
2313035,4,EE 206,4,5.0,CD
2313035,4,EE 207,4,5.0,CD
2313035,4,EE 208,4,8.0,BB
2313035,4,EE 209,4,6.0,CC
2313035,4,EE 210,3,8.0,BB
2313035,4,EE 213,2,10.0,AA
2313035,4,EE 214,2,10.0,AA
2313035,4,EE 215,2,10.0,AA
2313036,4,CS 221,3,9.0,AB
2313036,4,EE 206,4,9.0,AB
2313036,4,EE 207,4,9.0,AB
2313036,4,EE 208,4,10.0,AA
2313036,4,EE 209,4,9.0,AB
2313036,4,EE 210,3,10.0,AA
2313036,4,EE 213,2,10.0,AA
2313036,4,EE 214,2,10.0,AA
2313036,4,EE 215,2,10.0,AA
2313037,4,CS 221,3,9.0,AB
2313037,4,EE 206,4,7.0,BC
2313037,4,EE 207,4,7.0,BC
2313037,4,EE 208,4,10.0,AA
2313037,4,EE 209,4,9.0,AB
2313037,4,EE 210,3,9.0,AB
2313037,4,EE 213,2,10.0,AA
2313037,4,EE 214,2,10.0,AA
2313037,4,EE 215,2,10.0,AA
2313038,4,CS 221,3,8.0,BB
2313038,4,EE 206,4,7.0,BC
2313038,4,EE 207,4,6.0,CC
2313038,4,EE 208,4,8.0,BB
2313038,4,EE 209,4,6.0,CC
2313038,4,EE 210,3,8.0,BB
2313038,4,EE 213,2,10.0,AA
2313038,4,EE 214,2,10.0,AA
2313038,4,EE 215,2,9.0,AB
2313039,4,CS 221,3,8.0,BB
2313039,4,EE 206,4,7.0,BC
2313039,4,EE 207,4,7.0,BC
2313039,4,EE 208,4,9.0,AB
2313039,4,EE 209,4,8.0,BB
2313039,4,EE 210,3,9.0,AB
2313039,4,EE 213,2,10.0,AA
2313039,4,EE 214,2,10.0,AA
2313039,4,EE 215,2,10.0,AA
2313040,4,CS 221,3,8.0,BB
2313040,4,EE 206,4,6.0,CC
2313040,4,EE 207,4,7.0,BC
2313040,4,EE 208,4,8.0,BB
2313040,4,EE 209,4,7.0,BC
2313040,4,EE 210,3,9.0,AB
2313040,4,EE 213,2,10.0,AA
2313040,4,EE 214,2,9.0,AB
2313040,4,EE 215,2,10.0,AA
2313041,4,CS 221,3,9.0,AB
2313041,4,EE 206,4,8.0,BB
2313041,4,EE 207,4,9.0,AB
2313041,4,EE 208,4,9.0,AB
2313041,4,EE 209,4,8.0,BB
2313041,4,EE 210,3,10.0,AA
2313041,4,EE 213,2,10.0,AA
2313041,4,EE 214,2,10.0,AA
2313041,4,EE 215,2,10.0,AA
2313042,4,CS 221,3,9.0,AB
2313042,4,EE 206,4,10.0,AA
2313042,4,EE 207,4,10.0,AA
2313042,4,EE 208,4,10.0,AA
2313042,4,EE 209,4,10.0,AA
2313042,4,EE 210,3,10.0,AA
2313042,4,EE 213,2,10.0,AA
2313042,4,EE 214,2,10.0,AA
2313042,4,EE 215,2,10.0,AA
2313043,4,CS 221,3,6.0,CC
2313043,4,EE 206,4,4.0,DD
2313043,4,EE 207,4,6.0,CC
2313043,4,EE 208,4,7.0,BC
2313043,4,EE 209,4,4.0,DD
2313043,4,EE 210,3,6.0,CC
2313043,4,EE 213,2,10.0,AA
2313043,4,EE 214,2,8.0,BB
2313043,4,EE 215,2,9.0,AB
2313044,4,CS 221,3,9.0,AB
2313044,4,EE 206,4,9.0,AB
2313044,4,EE 207,4,10.0,AA
2313044,4,EE 208,4,10.0,AA
2313044,4,EE 209,4,10.0,AA
2313044,4,EE 210,3,10.0,AA
2313044,4,EE 213,2,10.0,AA
2313044,4,EE 214,2,10.0,AA
2313044,4,EE 215,2,10.0,AA
2313045,4,CS 221,3,8.0,BB
2313045,4,EE 206,4,6.0,CC
2313045,4,EE 207,4,7.0,BC
2313045,4,EE 208,4,9.0,AB
2313045,4,EE 209,4,5.0,CD
2313045,4,EE 210,3,9.0,AB
2313045,4,EE 213,2,10.0,AA
2313045,4,EE 214,2,8.0,BB
2313045,4,EE 215,2,10.0,AA
2313046,4,CS 221,3,9.0,AB
2313046,4,EE 206,4,4.0,DD
2313046,4,EE 207,4,5.0,CD
2313046,4,EE 208,4,7.0,BC
2313046,4,EE 209,4,6.0,CC
2313046,4,EE 210,3,7.0,BC
2313046,4,EE 213,2,10.0,AA
2313046,4,EE 214,2,10.0,AA
2313046,4,EE 215,2,10.0,AA
2313047,4,CS 221,3,7.0,BC
2313047,4,EE 206,4,5.0,CD
2313047,4,EE 207,4,6.0,CC
2313047,4,EE 208,4,9.0,AB
2313047,4,EE 209,4,9.0,AB
2313047,4,EE 210,3,9.0,AB
2313047,4,EE 213,2,9.0,AB
2313047,4,EE 214,2,9.0,AB
2313047,4,EE 215,2,9.0,AB
2313048,4,CS 221,3,8.0,BB
2313048,4,EE 206,4,7.0,BC
2313048,4,EE 207,4,7.0,BC
2313048,4,EE 208,4,10.0,AA
2313048,4,EE 209,4,7.0,BC
2313048,4,EE 210,3,10.0,AA
2313048,4,EE 213,2,10.0,AA
2313048,4,EE 214,2,10.0,AA
2313048,4,EE 215,2,9.0,AB
2313049,4,CS 221,3,8.0,BB
2313049,4,EE 206,4,6.0,CC
2313049,4,EE 207,4,5.0,CD
2313049,4,EE 208,4,7.0,BC
2313049,4,EE 209,4,7.0,BC
2313049,4,EE 210,3,7.0,BC
2313049,4,EE 213,2,10.0,AA
2313049,4,EE 214,2,10.0,AA
2313049,4,EE 215,2,9.0,AB
2313050,4,CS 221,3,7.0,BC
2313050,4,EE 206,4,5.0,CD
2313050,4,EE 207,4,6.0,CC
2313050,4,EE 208,4,7.0,BC
2313050,4,EE 209,4,6.0,CC
2313050,4,EE 210,3,8.0,BB
2313050,4,EE 213,2,10.0,AA
2313050,4,EE 214,2,9.0,AB
2313050,4,EE 215,2,9.0,AB
2313051,4,CS 221,3,10.0,AA
2313051,4,EE 206,4,7.0,BC
2313051,4,EE 207,4,6.0,CC
2313051,4,EE 208,4,9.0,AB
2313051,4,EE 209,4,7.0,BC
2313051,4,EE 210,3,9.0,AB
2313051,4,EE 213,2,10.0,AA
2313051,4,EE 214,2,10.0,AA
2313051,4,EE 215,2,9.0,AB
2313052,4,CS 221,3,8.0,BB
2313052,4,EE 206,4,8.0,BB
2313052,4,EE 207,4,6.0,CC
2313052,4,EE 208,4,7.0,BC
2313052,4,EE 209,4,6.0,CC
2313052,4,EE 210,3,8.0,BB
2313052,4,EE 213,2,10.0,AA
2313052,4,EE 214,2,10.0,AA
2313052,4,EE 215,2,10.0,AA
2313053,4,CS 221,3,7.0,BC
2313053,4,EE 206,4,7.0,BC
2313053,4,EE 207,4,6.0,CC
2313053,4,EE 208,4,8.0,BB
2313053,4,EE 209,4,7.0,BC
2313053,4,EE 210,3,8.0,BB
2313053,4,EE 213,2,10.0,AA
2313053,4,EE 214,2,10.0,AA
2313053,4,EE 215,2,9.0,AB
2313054,4,CS 221,3,6.0,CC
2313054,4,EE 206,4,5.0,CD
2313054,4,EE 207,4,6.0,CC
2313054,4,EE 208,4,6.0,CC
2313054,4,EE 209,4,4.0,DD
2313054,4,EE 210,3,6.0,CC
2313054,4,EE 213,2,10.0,AA
2313054,4,EE 214,2,9.0,AB
2313054,4,EE 215,2,8.0,BB
2313055,4,CS 221,3,10.0,AA
2313055,4,EE 206,4,8.0,BB
2313055,4,EE 207,4,9.0,AB
2313055,4,EE 208,4,9.0,AB
2313055,4,EE 209,4,9.0,AB
2313055,4,EE 210,3,9.0,AB
2313055,4,EE 213,2,10.0,AA
2313055,4,EE 214,2,10.0,AA
2313055,4,EE 215,2,10.0,AA
2313057,4,CS 221,3,8.0,BB
2313057,4,EE 206,4,7.0,BC
2313057,4,EE 207,4,8.0,BB
2313057,4,EE 208,4,9.0,AB
2313057,4,EE 209,4,9.0,AB
2313057,4,EE 210,3,9.0,AB
2313057,4,EE 213,2,10.0,AA
2313057,4,EE 214,2,10.0,AA
2313057,4,EE 215,2,10.0,AA
2313059,4,CS 221,3,6.0,CC
2313059,4,EE 206,4,7.0,BC
2313059,4,EE 207,4,6.0,CC
2313059,4,EE 208,4,7.0,BC
2313059,4,EE 209,4,7.0,BC
2313059,4,EE 210,3,8.0,BB
2313059,4,EE 213,2,10.0,AA
2313059,4,EE 214,2,9.0,AB
2313059,4,EE 215,2,10.0,AA
2313060,4,CS 221,3,6.0,CC
2313060,4,EE 206,4,6.0,CC
2313060,4,EE 207,4,6.0,CC
2313060,4,EE 208,4,8.0,BB
2313060,4,EE 209,4,7.0,BC
2313060,4,EE 210,3,8.0,BB
2313060,4,EE 213,2,10.0,AA
2313060,4,EE 214,2,10.0,AA
2313060,4,EE 215,2,10.0,AA
2313061,4,CS 221,3,7.0,BC
2313061,4,EE 206,4,6.0,CC
2313061,4,EE 207,4,5.0,CD
2313061,4,EE 208,4,9.0,AB
2313061,4,EE 209,4,6.0,CC
2313061,4,EE 210,3,8.0,BB
2313061,4,EE 213,2,10.0,AA
2313061,4,EE 214,2,9.0,AB
2313061,4,EE 215,2,10.0,AA
2313062,4,CS 221,3,9.0,AB
2313062,4,EE 206,4,7.0,BC
2313062,4,EE 207,4,7.0,BC
2313062,4,EE 208,4,10.0,AA
2313062,4,EE 209,4,9.0,AB
2313062,4,EE 210,3,10.0,AA
2313062,4,EE 213,2,10.0,AA
2313062,4,EE 214,2,10.0,AA
2313062,4,EE 215,2,10.0,AA
2313063,4,CS 221,3,9.0,AB
2313063,4,EE 206,4,8.0,BB
2313063,4,EE 207,4,6.0,CC
2313063,4,EE 208,4,9.0,AB
2313063,4,EE 209,4,9.0,AB
2313063,4,EE 210,3,10.0,AA
2313063,4,EE 213,2,10.0,AA
2313063,4,EE 214,2,10.0,AA
2313063,4,EE 215,2,9.0,AB
2313064,4,CS 221,3,8.0,BB
2313064,4,EE 206,4,7.0,BC
2313064,4,EE 207,4,7.0,BC
2313064,4,EE 208,4,9.0,AB
2313064,4,EE 209,4,7.0,BC
2313064,4,EE 210,3,9.0,AB
2313064,4,EE 213,2,10.0,AA
2313064,4,EE 214,2,10.0,AA
2313064,4,EE 215,2,10.0,AA
2313065,4,CS 221,3,10.0,AA
2313065,4,EE 206,4,7.0,BC
2313065,4,EE 207,4,7.0,BC
2313065,4,EE 208,4,10.0,AA
2313065,4,EE 209,4,9.0,AB
2313065,4,EE 210,3,10.0,AA
2313065,4,EE 213,2,10.0,AA
2313065,4,EE 214,2,10.0,AA
2313065,4,EE 215,2,10.0,AA
2313066,4,CS 221,3,10.0,AA
2313066,4,EE 206,4,8.0,BB
2313066,4,EE 207,4,7.0,BC
2313066,4,EE 208,4,9.0,AB
2313066,4,EE 209,4,8.0,BB
2313066,4,EE 210,3,10.0,AA
2313066,4,EE 213,2,10.0,AA
2313066,4,EE 214,2,10.0,AA
2313066,4,EE 215,2,9.0,AB
2313067,4,CS 221,3,10.0,AA
2313067,4,EE 206,4,9.0,AB
2313067,4,EE 207,4,9.0,AB
2313067,4,EE 208,4,10.0,AA
2313067,4,EE 209,4,9.0,AB
2313067,4,EE 210,3,10.0,AA
2313067,4,EE 213,2,10.0,AA
2313067,4,EE 214,2,10.0,AA
2313067,4,EE 215,2,10.0,AA
2313068,4,CS 221,3,6.0,CC
2313068,4,EE 206,4,6.0,CC
2313068,4,EE 207,4,0.0,F
2313068,4,EE 208,4,7.0,BC
2313068,4,EE 209,4,6.0,CC
2313068,4,EE 210,3,8.0,BB
2313068,4,EE 213,2,10.0,AA
2313068,4,EE 214,2,9.0,AB
2313068,4,EE 215,2,9.0,AB
2313069,4,CS 221,3,9.0,AB
2313069,4,EE 206,4,8.0,BB
2313069,4,EE 207,4,9.0,AB
2313069,4,EE 208,4,10.0,AA
2313069,4,EE 209,4,8.0,BB
2313069,4,EE 210,3,9.0,AB
2313069,4,EE 213,2,10.0,AA
2313069,4,EE 214,2,10.0,AA
2313069,4,EE 215,2,10.0,AA
2313071,4,CS 221,3,6.0,CC
2313071,4,EE 206,4,5.0,CD
2313071,4,EE 207,4,6.0,CC
2313071,4,EE 208,4,7.0,BC
2313071,4,EE 209,4,6.0,CC
2313071,4,EE 210,3,8.0,BB
2313071,4,EE 213,2,10.0,AA
2313071,4,EE 214,2,9.0,AB
2313071,4,EE 215,2,10.0,AA
2313072,4,CS 221,3,8.0,BB
2313072,4,EE 206,4,7.0,BC
2313072,4,EE 207,4,6.0,CC
2313072,4,EE 208,4,9.0,AB
2313072,4,EE 209,4,8.0,BB
2313072,4,EE 210,3,8.0,BB
2313072,4,EE 213,2,10.0,AA
2313072,4,EE 214,2,9.0,AB
2313072,4,EE 215,2,10.0,AA
2313073,4,CS 221,3,10.0,AA
2313073,4,EE 206,4,7.0,BC
2313073,4,EE 207,4,7.0,BC
2313073,4,EE 208,4,9.0,AB
2313073,4,EE 209,4,9.0,AB
2313073,4,EE 210,3,9.0,AB
2313073,4,EE 213,2,10.0,AA
2313073,4,EE 214,2,10.0,AA
2313073,4,EE 215,2,10.0,AA
2313074,4,CS 221,3,10.0,AA
2313074,4,EE 206,4,8.0,BB
2313074,4,EE 207,4,6.0,CC
2313074,4,EE 208,4,8.0,BB
2313074,4,EE 209,4,8.0,BB
2313074,4,EE 210,3,9.0,AB
2313074,4,EE 213,2,10.0,AA
2313074,4,EE 214,2,10.0,AA
2313074,4,EE 215,2,9.0,AB
2313075,4,CS 221,3,9.0,AB
2313075,4,EE 206,4,7.0,BC
2313075,4,EE 207,4,7.0,BC
2313075,4,EE 208,4,9.0,AB
2313075,4,EE 209,4,8.0,BB
2313075,4,EE 210,3,9.0,AB
2313075,4,EE 213,2,10.0,AA
2313075,4,EE 214,2,10.0,AA
2313075,4,EE 215,2,10.0,AA
2313076,4,CS 221,3,7.0,BC
2313076,4,EE 206,4,6.0,CC
2313076,4,EE 207,4,7.0,BC
2313076,4,EE 208,4,9.0,AB
2313076,4,EE 209,4,7.0,BC
2313076,4,EE 210,3,9.0,AB
2313076,4,EE 213,2,10.0,AA
2313076,4,EE 214,2,9.0,AB
2313076,4,EE 215,2,10.0,AA
2313077,4,CS 221,3,4.0,DD
2313077,4,EE 206,4,0.0,F
2313077,4,EE 207,4,0.0,F
2313077,4,EE 208,4,4.0,DD
2313077,4,EE 209,4,4.0,DD
2313077,4,EE 210,3,0.0,F
2313077,4,EE 213,2,10.0,AA
2313077,4,EE 214,2,9.0,AB
2313077,4,EE 215,2,9.0,AB
2313078,4,CS 221,3,9.0,AB
2313078,4,EE 206,4,9.0,AB
2313078,4,EE 207,4,8.0,BB
2313078,4,EE 208,4,10.0,AA
2313078,4,EE 209,4,8.0,BB
2313078,4,EE 210,3,10.0,AA
2313078,4,EE 213,2,10.0,AA
2313078,4,EE 214,2,10.0,AA
2313078,4,EE 215,2,10.0,AA
2313079,4,CS 221,3,9.0,AB
2313079,4,EE 206,4,8.0,BB
2313079,4,EE 207,4,8.0,BB
2313079,4,EE 208,4,9.0,AB
2313079,4,EE 209,4,8.0,BB
2313079,4,EE 210,3,10.0,AA
2313079,4,EE 213,2,10.0,AA
2313079,4,EE 214,2,10.0,AA
2313079,4,EE 215,2,9.0,AB
2313080,4,CS 221,3,7.0,BC
2313080,4,EE 206,4,8.0,BB
2313080,4,EE 207,4,5.0,CD
2313080,4,EE 208,4,10.0,AA
2313080,4,EE 209,4,8.0,BB
2313080,4,EE 210,3,9.0,AB
2313080,4,EE 213,2,10.0,AA
2313080,4,EE 214,2,10.0,AA
2313080,4,EE 215,2,10.0,AA
2313081,4,CS 221,3,4.0,DD
2313081,4,EE 206,4,0.0,F
2313081,4,EE 207,4,0.0,F
2313081,4,EE 208,4,4.0,DD
2313081,4,EE 209,4,0.0,F
2313081,4,EE 210,3,4.0,DD
2313081,4,EE 213,2,10.0,AA
2313081,4,EE 214,2,9.0,AB
2313081,4,EE 215,2,8.0,BB
2313082,4,CS 221,3,8.0,BB
2313082,4,EE 206,4,7.0,BC
2313082,4,EE 207,4,6.0,CC
2313082,4,EE 208,4,7.0,BC
2313082,4,EE 209,4,7.0,BC
2313082,4,EE 210,3,9.0,AB
2313082,4,EE 213,2,10.0,AA
2313082,4,EE 214,2,9.0,AB
2313082,4,EE 215,2,10.0,AA
2313083,4,CS 221,3,9.0,AB
2313083,4,EE 206,4,8.0,BB
2313083,4,EE 207,4,8.0,BB
2313083,4,EE 208,4,10.0,AA
2313083,4,EE 209,4,8.0,BB
2313083,4,EE 210,3,9.0,AB
2313083,4,EE 213,2,10.0,AA
2313083,4,EE 214,2,10.0,AA
2313083,4,EE 215,2,10.0,AA
2313084,4,CS 221,3,4.0,DD
2313084,4,EE 206,4,0.0,F
2313084,4,EE 207,4,0.0,F
2313084,4,EE 208,4,6.0,CC
2313084,4,EE 209,NA,,NA
2313084,4,EE 210,3,6.0,CC
2313084,4,EE 213,2,10.0,AA
2313084,4,EE 214,2,9.0,AB
2313084,4,EE 215,2,10.0,AA
2313085,4,CS 221,3,6.0,CC
2313085,4,EE 206,4,4.0,DD
2313085,4,EE 207,4,5.0,CD
2313085,4,EE 208,4,5.0,CD
2313085,4,EE 209,4,4.0,DD
2313085,4,EE 210,3,6.0,CC
2313085,4,EE 213,2,9.0,AB
2313085,4,EE 214,2,9.0,AB
2313085,4,EE 215,2,8.0,BB
2313086,4,CS 221,3,10.0,AA
2313086,4,EE 206,4,6.0,CC
2313086,4,EE 207,4,6.0,CC
2313086,4,EE 208,4,8.0,BB
2313086,4,EE 209,4,7.0,BC
2313086,4,EE 210,3,8.0,BB
2313086,4,EE 213,2,10.0,AA
2313086,4,EE 214,2,8.0,BB
2313086,4,EE 215,2,9.0,AB
2313087,4,CS 221,3,7.0,BC
2313087,4,EE 206,4,7.0,BC
2313087,4,EE 207,4,9.0,AB
2313087,4,EE 208,4,10.0,AA
2313087,4,EE 209,4,8.0,BB
2313087,4,EE 210,3,9.0,AB
2313087,4,EE 213,2,10.0,AA
2313087,4,EE 214,2,10.0,AA
2313087,4,EE 215,2,10.0,AA
2313089,4,CS 221,3,8.0,BB
2313089,4,EE 206,4,6.0,CC
2313089,4,EE 207,4,7.0,BC
2313089,4,EE 208,4,9.0,AB
2313089,4,EE 209,4,6.0,CC
2313089,4,EE 210,3,10.0,AA
2313089,4,EE 213,2,10.0,AA
2313089,4,EE 214,2,10.0,AA
2313089,4,EE 215,2,10.0,AA
2313090,4,CS 221,3,8.0,BB
2313090,4,EE 206,4,9.0,AB
2313090,4,EE 207,4,8.0,BB
2313090,4,EE 208,4,8.0,BB
2313090,4,EE 209,4,8.0,BB
2313090,4,EE 210,3,10.0,AA
2313090,4,EE 213,2,10.0,AA
2313090,4,EE 214,2,10.0,AA
2313090,4,EE 215,2,10.0,AA
2313091,4,CS 221,3,7.0,BC
2313091,4,EE 206,4,5.0,CD
2313091,4,EE 207,4,7.0,BC
2313091,4,EE 208,4,7.0,BC
2313091,4,EE 209,4,6.0,CC
2313091,4,EE 210,3,9.0,AB
2313091,4,EE 213,2,10.0,AA
2313091,4,EE 214,2,10.0,AA
2313091,4,EE 215,2,9.0,AB
2313092,4,CS 221,3,6.0,CC
2313092,4,EE 206,4,6.0,CC
2313092,4,EE 207,4,6.0,CC
2313092,4,EE 208,4,10.0,AA
2313092,4,EE 209,4,6.0,CC
2313092,4,EE 210,3,9.0,AB
2313092,4,EE 213,2,10.0,AA
2313092,4,EE 214,2,10.0,AA
2313092,4,EE 215,2,10.0,AA
2313093,4,CS 221,3,5.0,CD
2313093,4,EE 206,4,4.0,DD
2313093,4,EE 207,4,0.0,F
2313093,4,EE 208,4,6.0,CC
2313093,4,EE 209,4,5.0,CD
2313093,4,EE 210,3,7.0,BC
2313093,4,EE 213,2,9.0,AB
2313093,4,EE 214,2,7.0,BC
2313093,4,EE 215,2,9.0,AB
2313094,4,CS 221,3,7.0,BC
2313094,4,EE 206,4,6.0,CC
2313094,4,EE 207,4,6.0,CC
2313094,4,EE 208,4,8.0,BB
2313094,4,EE 209,4,6.0,CC
2313094,4,EE 210,3,9.0,AB
2313094,4,EE 213,2,10.0,AA
2313094,4,EE 214,2,9.0,AB
2313094,4,EE 215,2,8.0,BB
2313095,4,CS 221,3,0.0,F
2313095,4,EE 206,4,4.0,DD
2313095,4,EE 207,4,5.0,CD
2313095,4,EE 208,4,8.0,BB
2313095,4,EE 209,4,7.0,BC
2313095,4,EE 210,3,8.0,BB
2313095,4,EE 213,2,10.0,AA
2313095,4,EE 214,2,10.0,AA
2313095,4,EE 215,2,9.0,AB
2313096,4,CS 221,3,8.0,BB
2313096,4,EE 206,4,6.0,CC
2313096,4,EE 207,4,6.0,CC
2313096,4,EE 208,4,8.0,BB
2313096,4,EE 209,4,7.0,BC
2313096,4,EE 210,3,9.0,AB
2313096,4,EE 213,2,10.0,AA
2313096,4,EE 214,2,10.0,AA
2313096,4,EE 215,2,10.0,AA
2313097,4,CS 221,3,5.0,CD
2313097,4,EE 206,4,5.0,CD
2313097,4,EE 207,4,5.0,CD
2313097,4,EE 208,4,7.0,BC
2313097,4,EE 209,4,6.0,CC
2313097,4,EE 210,3,8.0,BB
2313097,4,EE 213,2,10.0,AA
2313097,4,EE 214,2,9.0,AB
2313097,4,EE 215,2,9.0,AB
2313098,4,CS 221,3,6.0,CC
2313098,4,EE 206,4,8.0,BB
2313098,4,EE 207,4,9.0,AB
2313098,4,EE 208,4,8.0,BB
2313098,4,EE 209,4,8.0,BB
2313098,4,EE 210,3,9.0,AB
2313098,4,EE 213,2,10.0,AA
2313098,4,EE 214,2,10.0,AA
2313098,4,EE 215,2,10.0,AA
2313099,4,CS 221,3,8.0,BB
2313099,4,EE 206,4,8.0,BB
2313099,4,EE 207,4,10.0,AA
2313099,4,EE 208,4,10.0,AA
2313099,4,EE 209,4,9.0,AB
2313099,4,EE 210,3,9.0,AB
2313099,4,EE 213,2,10.0,AA
2313099,4,EE 214,2,10.0,AA
2313099,4,EE 215,2,10.0,AA
2313100,4,CS 221,3,7.0,BC
2313100,4,EE 206,4,9.0,AB
2313100,4,EE 207,4,7.0,BC
2313100,4,EE 208,4,9.0,AB
2313100,4,EE 209,4,8.0,BB
2313100,4,EE 210,3,7.0,BC
2313100,4,EE 213,2,10.0,AA
2313100,4,EE 214,2,10.0,AA
2313100,4,EE 215,2,10.0,AA
2313101,4,CS 221,3,5.0,CD
2313101,4,EE 206,4,0.0,F
2313101,4,EE 207,4,0.0,F
2313101,4,EE 208,4,7.0,BC
2313101,4,EE 209,4,0.0,F
2313101,4,EE 210,3,5.0,CD
2313101,4,EE 213,2,10.0,AA
2313101,4,EE 214,2,9.0,AB
2313101,4,EE 215,2,9.0,AB
2313102,4,CS 221,3,5.0,CD
2313102,4,EE 206,4,5.0,CD
2313102,4,EE 207,4,7.0,BC
2313102,4,EE 208,4,6.0,CC
2313102,4,EE 209,4,6.0,CC
2313102,4,EE 210,3,7.0,BC
2313102,4,EE 213,2,10.0,AA
2313102,4,EE 214,2,9.0,AB
2313102,4,EE 215,2,9.0,AB
2313103,4,CS 221,3,8.0,BB
2313103,4,EE 206,4,5.0,CD
2313103,4,EE 207,4,6.0,CC
2313103,4,EE 208,4,7.0,BC
2313103,4,EE 209,4,7.0,BC
2313103,4,EE 210,3,9.0,AB
2313103,4,EE 213,2,10.0,AA
2313103,4,EE 214,2,10.0,AA
2313103,4,EE 215,2,9.0,AB
2313104,4,CS 221,3,0.0,F
2313104,4,EE 206,4,4.0,DD
2313104,4,EE 207,4,4.0,DD
2313104,4,EE 208,4,6.0,CC
2313104,4,EE 209,4,7.0,BC
2313104,4,EE 210,3,6.0,CC
2313104,4,EE 213,2,10.0,AA
2313104,4,EE 214,2,8.0,BB
2313104,4,EE 215,2,8.0,BB
2313105,4,CS 221,3,4.0,DD
2313105,4,EE 206,4,4.0,DD
2313105,4,EE 207,4,0.0,F
2313105,4,EE 208,4,7.0,BC
2313105,4,EE 209,4,0.0,F
2313105,4,EE 210,3,7.0,BC
2313105,4,EE 213,2,9.0,AB
2313105,4,EE 214,2,9.0,AB
2313105,4,EE 215,2,9.0,AB
2313106,4,CS 221,3,6.0,CC
2313106,4,EE 206,4,6.0,CC
2313106,4,EE 207,4,7.0,BC
2313106,4,EE 208,4,7.0,BC
2313106,4,EE 209,4,7.0,BC
2313106,4,EE 210,3,7.0,BC
2313106,4,EE 213,2,10.0,AA
2313106,4,EE 214,2,8.0,BB
2313106,4,EE 215,2,8.0,BB
2313107,4,CS 221,3,6.0,CC
2313107,4,EE 206,4,4.0,DD
2313107,4,EE 207,4,4.0,DD
2313107,4,EE 208,4,7.0,BC
2313107,4,EE 209,4,6.0,CC
2313107,4,EE 210,3,8.0,BB
2313107,4,EE 213,2,10.0,AA
2313107,4,EE 214,2,9.0,AB
2313107,4,EE 215,2,9.0,AB
2313109,4,CS 221,3,8.0,BB
2313109,4,EE 206,4,6.0,CC
2313109,4,EE 207,4,6.0,CC
2313109,4,EE 208,4,8.0,BB
2313109,4,EE 209,4,7.0,BC
2313109,4,EE 210,3,8.0,BB
2313109,4,EE 213,2,9.0,AB
2313109,4,EE 214,2,10.0,AA
2313109,4,EE 215,2,9.0,AB
2313110,4,CS 221,3,4.0,DD
2313110,4,EE 206,4,5.0,CD
2313110,4,EE 207,4,4.0,DD
2313110,4,EE 208,4,6.0,CC
2313110,4,EE 209,4,6.0,CC
2313110,4,EE 210,3,5.0,CD
2313110,4,EE 213,2,10.0,AA
2313110,4,EE 214,2,9.0,AB
2313110,4,EE 215,2,9.0,AB
2313111,4,CS 221,3,7.0,BC
2313111,4,EE 206,4,4.0,DD
2313111,4,EE 207,4,6.0,CC
2313111,4,EE 208,4,8.0,BB
2313111,4,EE 209,4,7.0,BC
2313111,4,EE 210,3,8.0,BB
2313111,4,EE 213,2,10.0,AA
2313111,4,EE 214,2,9.0,AB
2313111,4,EE 215,2,9.0,AB
2313112,4,CS 221,3,4.0,DD
2313112,4,EE 206,4,6.0,CC
2313112,4,EE 207,4,4.0,DD
2313112,4,EE 208,4,8.0,BB
2313112,4,EE 209,4,8.0,BB
2313112,4,EE 210,3,7.0,BC
2313112,4,EE 213,2,10.0,AA
2313112,4,EE 214,2,8.0,BB
2313112,4,EE 215,2,10.0,AA
2313114,4,CS 221,3,6.0,CC
2313114,4,EE 206,4,4.0,DD
2313114,4,EE 207,4,0.0,F
2313114,4,EE 208,4,6.0,CC
2313114,4,EE 209,4,4.0,DD
2313114,4,EE 210,3,7.0,BC
2313114,4,EE 213,2,10.0,AA
2313114,4,EE 214,2,9.0,AB
2313114,4,EE 215,2,8.0,BB
2313115,4,CS 221,3,10.0,AA
2313115,4,EE 206,4,6.0,CC
2313115,4,EE 207,4,8.0,BB
2313115,4,EE 208,4,9.0,AB
2313115,4,EE 209,4,8.0,BB
2313115,4,EE 210,3,10.0,AA
2313115,4,EE 213,2,10.0,AA
2313115,4,EE 214,2,10.0,AA
2313115,4,EE 215,2,10.0,AA
2313116,4,CS 221,3,7.0,BC
2313116,4,EE 206,4,6.0,CC
2313116,4,EE 207,4,5.0,CD
2313116,4,EE 208,4,8.0,BB
2313116,4,EE 209,4,8.0,BB
2313116,4,EE 210,3,8.0,BB
2313116,4,EE 213,2,10.0,AA
2313116,4,EE 214,2,10.0,AA
2313116,4,EE 215,2,9.0,AB
2313118,4,CS 221,3,9.0,AB
2313118,4,EE 206,4,9.0,AB
2313118,4,EE 207,4,8.0,BB
2313118,4,EE 208,4,9.0,AB
2313118,4,EE 209,4,9.0,AB
2313118,4,EE 210,3,8.0,BB
2313118,4,EE 213,2,10.0,AA
2313118,4,EE 214,2,10.0,AA
2313118,4,EE 215,2,10.0,AA
2313120,4,CS 221,3,7.0,BC
2313120,4,EE 206,4,9.0,AB
2313120,4,EE 207,4,8.0,BB
2313120,4,EE 208,4,9.0,AB
2313120,4,EE 209,4,7.0,BC
2313120,4,EE 210,3,8.0,BB
2313120,4,EE 213,2,10.0,AA
2313120,4,EE 214,2,10.0,AA
2313120,4,EE 215,2,10.0,AA
2313121,4,CS 221,3,8.0,BB
2313121,4,EE 206,4,6.0,CC
2313121,4,EE 207,4,8.0,BB
2313121,4,EE 208,4,8.0,BB
2313121,4,EE 209,4,7.0,BC
2313121,4,EE 210,3,9.0,AB
2313121,4,EE 213,2,10.0,AA
2313121,4,EE 214,2,10.0,AA
2313121,4,EE 215,2,9.0,AB
2313122,4,CS 221,3,0.0,F
2313122,4,EE 206,4,4.0,DD
2313122,4,EE 207,4,0.0,F
2313122,4,EE 208,4,0.0,F
2313122,4,EE 209,4,4.0,DD
2313122,4,EE 210,3,0.0,F
2313122,4,EE 213,2,10.0,AA
2313122,4,EE 214,2,8.0,BB
2313122,4,EE 215,2,8.0,BB
2313123,4,CS 221,3,6.0,CC
2313123,4,EE 206,4,5.0,CD
2313123,4,EE 207,4,5.0,CD
2313123,4,EE 208,4,8.0,BB
2313123,4,EE 209,4,6.0,CC
2313123,4,EE 210,3,6.0,CC
2313123,4,EE 213,2,10.0,AA
2313123,4,EE 214,2,9.0,AB
2313123,4,EE 215,2,8.0,BB
2313124,4,CS 221,3,8.0,BB
2313124,4,EE 206,4,6.0,CC
2313124,4,EE 207,4,7.0,BC
2313124,4,EE 208,4,8.0,BB
2313124,4,EE 209,4,8.0,BB
2313124,4,EE 210,3,8.0,BB
2313124,4,EE 213,2,10.0,AA
2313124,4,EE 214,2,10.0,AA
2313124,4,EE 215,2,10.0,AA
2313125,4,CS 221,3,6.0,CC
2313125,4,EE 206,4,4.0,DD
2313125,4,EE 207,4,5.0,CD
2313125,4,EE 208,4,7.0,BC
2313125,4,EE 209,4,6.0,CC
2313125,4,EE 210,3,7.0,BC
2313125,4,EE 213,2,10.0,AA
2313125,4,EE 214,2,10.0,AA
2313125,4,EE 215,2,9.0,AB
2313126,4,CS 221,3,7.0,BC
2313126,4,EE 206,4,7.0,BC
2313126,4,EE 207,4,5.0,CD
2313126,4,EE 208,4,6.0,CC
2313126,4,EE 209,4,6.0,CC
2313126,4,EE 210,3,8.0,BB
2313126,4,EE 213,2,10.0,AA
2313126,4,EE 214,2,10.0,AA
2313126,4,EE 215,2,8.0,BB
2313127,4,CS 221,3,4.0,DD
2313127,4,EE 206,4,0.0,F
2313127,4,EE 207,4,0.0,F
2313127,4,EE 208,4,6.0,CC
2313127,4,EE 209,4,4.0,DD
2313127,4,EE 210,3,7.0,BC
2313127,4,EE 213,2,10.0,AA
2313127,4,EE 214,2,10.0,AA
2313127,4,EE 215,2,9.0,AB
2313128,4,CS 221,3,7.0,BC
2313128,4,EE 206,4,7.0,BC
2313128,4,EE 207,4,6.0,CC
2313128,4,EE 208,4,7.0,BC
2313128,4,EE 209,4,7.0,BC
2313128,4,EE 210,3,8.0,BB
2313128,4,EE 213,2,10.0,AA
2313128,4,EE 214,2,10.0,AA
2313128,4,EE 215,2,9.0,AB
2313129,4,CS 221,3,0.0,F
2313129,4,EE 206,4,5.0,CD
2313129,4,EE 207,4,5.0,CD
2313129,4,EE 208,4,5.0,CD
2313129,4,EE 209,4,5.0,CD
2313129,4,EE 210,3,6.0,CC
2313129,4,EE 213,2,10.0,AA
2313129,4,EE 214,2,10.0,AA
2313129,4,EE 215,2,9.0,AB
2313130,4,CS 221,3,4.0,DD
2313130,4,EE 206,4,4.0,DD
2313130,4,EE 207,4,4.0,DD
2313130,4,EE 208,4,6.0,CC
2313130,4,EE 209,4,6.0,CC
2313130,4,EE 210,3,5.0,CD
2313130,4,EE 213,2,10.0,AA
2313130,4,EE 214,2,10.0,AA
2313130,4,EE 215,2,10.0,AA
2313132,4,CS 221,3,4.0,DD
2313132,4,EE 206,4,0.0,F
2313132,4,EE 207,4,4.0,DD
2313132,4,EE 208,4,5.0,CD
2313132,4,EE 209,4,5.0,CD
2313132,4,EE 210,3,6.0,CC
2313132,4,EE 213,2,10.0,AA
2313132,4,EE 214,2,9.0,AB
2313132,4,EE 215,2,8.0,BB
2313133,4,CS 221,3,5.0,CD
2313133,4,EE 206,4,4.0,DD
2313133,4,EE 207,4,5.0,CD
2313133,4,EE 208,4,7.0,BC
2313133,4,EE 209,4,5.0,CD
2313133,4,EE 210,3,7.0,BC
2313133,4,EE 213,2,10.0,AA
2313133,4,EE 214,2,10.0,AA
2313133,4,EE 215,2,8.0,BB
2313134,4,CS 221,3,4.0,DD
2313134,4,EE 206,4,0.0,F
2313134,4,EE 207,4,4.0,DD
2313134,4,EE 208,4,7.0,BC
2313134,4,EE 209,4,0.0,F
2313134,4,EE 210,3,5.0,CD
2313134,4,EE 213,2,10.0,AA
2313134,4,EE 214,2,9.0,AB
2313134,4,EE 215,2,9.0,AB
2313135,4,CS 221,3,4.0,DD
2313135,4,EE 206,4,5.0,CD
2313135,4,EE 207,4,0.0,F
2313135,4,EE 208,4,8.0,BB
2313135,4,EE 209,4,5.0,CD
2313135,4,EE 210,3,7.0,BC
2313135,4,EE 213,2,10.0,AA
2313135,4,EE 214,2,10.0,AA
2313135,4,EE 215,2,9.0,AB
2313136,4,CS 221,3,7.0,BC
2313136,4,EE 206,4,7.0,BC
2313136,4,EE 207,4,6.0,CC
2313136,4,EE 208,4,8.0,BB
2313136,4,EE 209,4,6.0,CC
2313136,4,EE 210,3,9.0,AB
2313136,4,EE 213,2,10.0,AA
2313136,4,EE 214,2,10.0,AA
2313136,4,EE 215,2,9.0,AB
2313137,4,CS 221,3,4.0,DD
2313137,4,EE 206,4,4.0,DD
2313137,4,EE 207,4,5.0,CD
2313137,4,EE 208,4,0.0,F
2313137,4,EE 209,4,0.0,F
2313137,4,EE 210,3,6.0,CC
2313137,4,EE 213,2,10.0,AA
2313137,4,EE 214,2,9.0,AB
2313137,4,EE 215,2,9.0,AB
2313138,4,CS 221,3,9.0,AB
2313138,4,EE 206,4,9.0,AB
2313138,4,EE 207,4,9.0,AB
2313138,4,EE 208,4,10.0,AA
2313138,4,EE 209,4,8.0,BB
2313138,4,EE 210,3,9.0,AB
2313138,4,EE 213,2,10.0,AA
2313138,4,EE 214,2,10.0,AA
2313138,4,EE 215,2,10.0,AA
2313139,4,CS 221,3,5.0,CD
2313139,4,EE 206,4,4.0,DD
2313139,4,EE 207,4,6.0,CC
2313139,4,EE 208,4,5.0,CD
2313139,4,EE 209,4,4.0,DD
2313139,4,EE 210,3,6.0,CC
2313139,4,EE 213,2,10.0,AA
2313139,4,EE 214,2,10.0,AA
2313139,4,EE 215,2,9.0,AB
2313140,4,CS 221,NA,,NA
2313140,4,EE 206,4,7.0,BC
2313140,4,EE 207,4,6.0,CC
2313140,4,EE 208,4,7.0,BC
2313140,4,EE 209,4,6.0,CC
2313140,4,EE 210,3,9.0,AB
2313140,4,EE 213,2,10.0,AA
2313140,4,EE 214,2,10.0,AA
2313140,4,EE 215,2,9.0,AB
2313141,4,CS 221,3,10.0,AA
2313141,4,EE 206,4,9.0,AB
2313141,4,EE 207,4,10.0,AA
2313141,4,EE 208,4,9.0,AB
2313141,4,EE 209,4,10.0,AA
2313141,4,EE 210,3,9.0,AB
2313141,4,EE 213,2,10.0,AA
2313141,4,EE 214,2,10.0,AA
2313141,4,EE 215,2,10.0,AA
2313142,4,CS 221,3,8.0,BB
2313142,4,EE 206,4,9.0,AB
2313142,4,EE 207,4,8.0,BB
2313142,4,EE 208,4,10.0,AA
2313142,4,EE 209,4,8.0,BB
2313142,4,EE 210,3,10.0,AA
2313142,4,EE 213,2,10.0,AA
2313142,4,EE 214,2,10.0,AA
2313142,4,EE 215,2,9.0,AB
2313143,4,CS 221,3,10.0,AA
2313143,4,EE 206,4,7.0,BC
2313143,4,EE 207,4,7.0,BC
2313143,4,EE 208,4,9.0,AB
2313143,4,EE 209,4,8.0,BB
2313143,4,EE 210,3,10.0,AA
2313143,4,EE 213,2,10.0,AA
2313143,4,EE 214,2,10.0,AA
2313143,4,EE 215,2,10.0,AA
2313144,4,CS 221,3,6.0,CC
2313144,4,EE 206,4,4.0,DD
2313144,4,EE 207,4,7.0,BC
2313144,4,EE 208,4,7.0,BC
2313144,4,EE 209,4,4.0,DD
2313144,4,EE 210,3,9.0,AB
2313144,4,EE 213,2,10.0,AA
2313144,4,EE 214,2,10.0,AA
2313144,4,EE 215,2,9.0,AB
2313145,4,CS 221,3,9.0,AB
2313145,4,EE 206,4,6.0,CC
2313145,4,EE 207,4,5.0,CD
2313145,4,EE 208,4,8.0,BB
2313145,4,EE 209,4,8.0,BB
2313145,4,EE 210,3,8.0,BB
2313145,4,EE 213,2,10.0,AA
2313145,4,EE 214,2,10.0,AA
2313145,4,EE 215,2,10.0,AA
2313146,4,CS 221,3,6.0,CC
2313146,4,EE 206,4,5.0,CD
2313146,4,EE 207,4,6.0,CC
2313146,4,EE 208,4,8.0,BB
2313146,4,EE 209,4,7.0,BC
2313146,4,EE 210,3,9.0,AB
2313146,4,EE 213,2,10.0,AA
2313146,4,EE 214,2,9.0,AB
2313146,4,EE 215,2,10.0,AA
2313149,4,CS 221,3,9.0,AB
2313149,4,EE 206,4,8.0,BB
2313149,4,EE 207,4,9.0,AB
2313149,4,EE 208,4,10.0,AA
2313149,4,EE 209,4,8.0,BB
2313149,4,EE 210,3,10.0,AA
2313149,4,EE 213,2,10.0,AA
2313149,4,EE 214,2,10.0,AA
2313149,4,EE 215,2,10.0,AA
2313150,4,CS 221,3,6.0,CC
2313150,4,EE 206,4,5.0,CD
2313150,4,EE 207,4,4.0,DD
2313150,4,EE 208,4,7.0,BC
2313150,4,EE 209,4,5.0,CD
2313150,4,EE 210,3,7.0,BC
2313150,4,EE 213,2,10.0,AA
2313150,4,EE 214,2,10.0,AA
2313150,4,EE 215,2,9.0,AB
2313151,4,CS 221,3,6.0,CC
2313151,4,EE 206,4,5.0,CD
2313151,4,EE 207,4,5.0,CD
2313151,4,EE 208,4,8.0,BB
2313151,4,EE 209,4,7.0,BC
2313151,4,EE 210,3,7.0,BC
2313151,4,EE 213,2,10.0,AA
2313151,4,EE 214,2,10.0,AA
2313151,4,EE 215,2,10.0,AA
2313152,4,CS 221,3,4.0,DD
2313152,4,EE 206,4,4.0,DD
2313152,4,EE 207,4,6.0,CC
2313152,4,EE 208,4,6.0,CC
2313152,4,EE 209,4,5.0,CD
2313152,4,EE 210,3,6.0,CC
2313152,4,EE 213,2,10.0,AA
2313152,4,EE 214,2,10.0,AA
2313152,4,EE 215,2,9.0,AB
2313153,4,CS 221,3,8.0,BB
2313153,4,EE 206,4,9.0,AB
2313153,4,EE 207,4,7.0,BC
2313153,4,EE 208,4,7.0,BC
2313153,4,EE 209,4,8.0,BB
2313153,4,EE 210,3,8.0,BB
2313153,4,EE 213,2,10.0,AA
2313153,4,EE 214,2,10.0,AA
2313153,4,EE 215,2,10.0,AA
2313154,4,CS 221,3,7.0,BC
2313154,4,EE 206,4,9.0,AB
2313154,4,EE 207,4,9.0,AB
2313154,4,EE 208,4,9.0,AB
2313154,4,EE 209,4,9.0,AB
2313154,4,EE 210,3,9.0,AB
2313154,4,EE 213,2,10.0,AA
2313154,4,EE 214,2,10.0,AA
2313154,4,EE 215,2,9.0,AB
2313155,4,CS 221,3,7.0,BC
2313155,4,EE 206,4,0.0,F
2313155,4,EE 207,4,6.0,CC
2313155,4,EE 208,4,7.0,BC
2313155,4,EE 209,4,5.0,CD
2313155,4,EE 210,3,7.0,BC
2313155,4,EE 213,2,10.0,AA
2313155,4,EE 214,2,10.0,AA
2313155,4,EE 215,2,10.0,AA
2313156,4,CS 221,3,5.0,CD
2313156,4,EE 206,4,5.0,CD
2313156,4,EE 207,4,5.0,CD
2313156,4,EE 208,4,6.0,CC
2313156,4,EE 209,4,7.0,BC
2313156,4,EE 210,3,8.0,BB
2313156,4,EE 213,2,10.0,AA
2313156,4,EE 214,2,10.0,AA
2313156,4,EE 215,2,10.0,AA
2313157,4,CS 221,3,0.0,F
2313157,4,EE 206,4,0.0,F
2313157,4,EE 207,4,0.0,F
2313157,4,EE 208,4,0.0,F
2313157,4,EE 209,4,0.0,F
2313157,4,EE 210,3,4.0,DD
2313157,4,EE 213,2,10.0,AA
2313157,4,EE 214,2,9.0,AB
2313157,4,EE 215,2,8.0,BB
2313159,4,CS 221,3,7.0,BC
2313159,4,EE 206,4,6.0,CC
2313159,4,EE 207,4,6.0,CC
2313159,4,EE 208,4,8.0,BB
2313159,4,EE 209,4,8.0,BB
2313159,4,EE 210,3,9.0,AB
2313159,4,EE 213,2,10.0,AA
2313159,4,EE 214,2,10.0,AA
2313159,4,EE 215,2,9.0,AB
2313160,4,CS 221,3,6.0,CC
2313160,4,EE 206,4,6.0,CC
2313160,4,EE 207,4,5.0,CD
2313160,4,EE 208,4,7.0,BC
2313160,4,EE 209,4,6.0,CC
2313160,4,EE 210,3,8.0,BB
2313160,4,EE 213,2,10.0,AA
2313160,4,EE 214,2,9.0,AB
2313160,4,EE 215,2,10.0,AA
2313161,4,CS 221,3,4.0,DD
2313161,4,EE 206,4,0.0,F
2313161,4,EE 207,4,0.0,F
2313161,4,EE 208,4,7.0,BC
2313161,4,EE 209,4,4.0,DD
2313161,4,EE 210,3,6.0,CC
2313161,4,EE 213,2,10.0,AA
2313161,4,EE 214,2,9.0,AB
2313161,4,EE 215,2,9.0,AB
2313162,4,CS 221,3,0.0,F
2313162,4,EE 206,4,0.0,F
2313162,4,EE 207,4,0.0,F
2313162,4,EE 208,4,4.0,DD
2313162,4,EE 209,4,0.0,F
2313162,4,EE 210,3,0.0,F
2313162,4,EE 213,2,10.0,AA
2313162,4,EE 214,2,8.0,BB
2313162,4,EE 215,2,7.0,BC
2313163,4,CS 221,3,0.0,F
2313163,4,EE 206,4,0.0,F
2313163,4,EE 207,4,0.0,F
2313163,4,EE 208,4,4.0,DD
2313163,4,EE 209,4,0.0,F
2313163,4,EE 210,3,0.0,F
2313163,4,EE 213,2,10.0,AA
2313163,4,EE 214,2,8.0,BB
2313163,4,EE 215,2,8.0,BB
2313164,4,CS 221,3,0.0,F
2313164,4,EE 206,4,0.0,F
2313164,4,EE 207,4,0.0,F
2313164,4,EE 208,4,4.0,DD
2313164,4,EE 209,4,0.0,F
2313164,4,EE 210,3,5.0,CD
2313164,4,EE 213,2,9.0,AB
2313164,4,EE 214,2,9.0,AB
2313164,4,EE 215,2,8.0,BB
2313165,4,CS 221,3,8.0,BB
2313165,4,EE 206,4,6.0,CC
2313165,4,EE 207,4,5.0,CD
2313165,4,EE 208,4,7.0,BC
2313165,4,EE 209,4,7.0,BC
2313165,4,EE 210,3,8.0,BB
2313165,4,EE 213,2,10.0,AA
2313165,4,EE 214,2,8.0,BB
2313165,4,EE 215,2,10.0,AA
2313166,4,CS 221,3,9.0,AB
2313166,4,EE 206,4,9.0,AB
2313166,4,EE 207,4,5.0,CD
2313166,4,EE 208,4,10.0,AA
2313166,4,EE 209,4,8.0,BB
2313166,4,EE 210,3,9.0,AB
2313166,4,EE 213,2,10.0,AA
2313166,4,EE 214,2,10.0,AA
2313166,4,EE 215,2,10.0,AA
2313167,4,CS 221,3,8.0,BB
2313167,4,EE 206,4,8.0,BB
2313167,4,EE 207,4,5.0,CD
2313167,4,EE 208,4,9.0,AB
2313167,4,EE 209,4,7.0,BC
2313167,4,EE 210,3,9.0,AB
2313167,4,EE 213,2,10.0,AA
2313167,4,EE 214,2,10.0,AA
2313167,4,EE 215,2,9.0,AB
2313168,4,CS 221,3,6.0,CC
2313168,4,EE 206,4,6.0,CC
2313168,4,EE 207,4,4.0,DD
2313168,4,EE 208,4,6.0,CC
2313168,4,EE 209,4,7.0,BC
2313168,4,EE 210,3,8.0,BB
2313168,4,EE 213,2,10.0,AA
2313168,4,EE 214,2,10.0,AA
2313168,4,EE 215,2,9.0,AB
2313169,4,CS 221,3,4.0,DD
2313169,4,EE 206,4,8.0,BB
2313169,4,EE 207,4,7.0,BC
2313169,4,EE 208,4,8.0,BB
2313169,4,EE 209,4,7.0,BC
2313169,4,EE 210,3,9.0,AB
2313169,4,EE 213,2,10.0,AA
2313169,4,EE 214,2,10.0,AA
2313169,4,EE 215,2,10.0,AA
2313170,4,CS 221,3,5.0,CD
2313170,4,EE 206,4,7.0,BC
2313170,4,EE 207,4,6.0,CC
2313170,4,EE 208,4,8.0,BB
2313170,4,EE 209,4,7.0,BC
2313170,4,EE 210,3,8.0,BB
2313170,4,EE 213,2,10.0,AA
2313170,4,EE 214,2,10.0,AA
2313170,4,EE 215,2,10.0,AA
2313171,4,CS 221,3,8.0,BB
2313171,4,EE 206,4,7.0,BC
2313171,4,EE 207,4,6.0,CC
2313171,4,EE 208,4,9.0,AB
2313171,4,EE 209,4,7.0,BC
2313171,4,EE 210,3,9.0,AB
2313171,4,EE 213,2,10.0,AA
2313171,4,EE 214,2,10.0,AA
2313171,4,EE 215,2,10.0,AA
2314001,4,EC 204,3,8.0,BB
2314001,4,EC 205,4,7.0,BC
2314001,4,EC 206,4,6.0,CC
2314001,4,EC 207,4,7.0,BC
2314001,4,EC 208,3,7.0,BC
2314001,4,EC 209,4,9.0,AB
2314001,4,EC 212,2,9.0,AB
2314001,4,EC 213,2,10.0,AA
2314001,4,EC 214,2,10.0,AA
2314002,4,EC 204,3,5.0,CD
2314002,4,EC 205,4,5.0,CD
2314002,4,EC 206,4,4.0,DD
2314002,4,EC 207,4,4.0,DD
2314002,4,EC 208,3,6.0,CC
2314002,4,EC 209,4,8.0,BB
2314002,4,EC 212,2,9.0,AB
2314002,4,EC 213,2,10.0,AA
2314002,4,EC 214,2,10.0,AA
2314003,4,EC 204,3,6.0,CC
2314003,4,EC 205,4,5.0,CD
2314003,4,EC 206,4,7.0,BC
2314003,4,EC 207,4,4.0,DD
2314003,4,EC 208,3,6.0,CC
2314003,4,EC 209,4,8.0,BB
2314003,4,EC 212,2,9.0,AB
2314003,4,EC 213,2,10.0,AA
2314003,4,EC 214,2,10.0,AA
2314004,4,EC 204,3,9.0,AB
2314004,4,EC 205,4,7.0,BC
2314004,4,EC 206,4,8.0,BB
2314004,4,EC 207,4,9.0,AB
2314004,4,EC 208,3,10.0,AA
2314004,4,EC 209,4,10.0,AA
2314004,4,EC 212,2,10.0,AA
2314004,4,EC 213,2,10.0,AA
2314004,4,EC 214,2,10.0,AA
2314005,4,EC 204,3,7.0,BC
2314005,4,EC 205,4,8.0,BB
2314005,4,EC 206,4,6.0,CC
2314005,4,EC 207,4,8.0,BB
2314005,4,EC 208,3,9.0,AB
2314005,4,EC 209,4,9.0,AB
2314005,4,EC 212,2,9.0,AB
2314005,4,EC 213,2,10.0,AA
2314005,4,EC 214,2,10.0,AA
2314006,4,EC 204,3,8.0,BB
2314006,4,EC 205,4,6.0,CC
2314006,4,EC 206,4,7.0,BC
2314006,4,EC 207,4,6.0,CC
2314006,4,EC 208,3,7.0,BC
2314006,4,EC 209,4,9.0,AB
2314006,4,EC 212,2,9.0,AB
2314006,4,EC 213,2,10.0,AA
2314006,4,EC 214,2,10.0,AA
2314007,4,EC 204,3,6.0,CC
2314007,4,EC 205,4,6.0,CC
2314007,4,EC 206,4,6.0,CC
2314007,4,EC 207,4,8.0,BB
2314007,4,EC 208,3,8.0,BB
2314007,4,EC 209,4,8.0,BB
2314007,4,EC 212,2,9.0,AB
2314007,4,EC 213,2,10.0,AA
2314007,4,EC 214,2,10.0,AA
2314008,4,EC 204,3,8.0,BB
2314008,4,EC 205,4,4.0,DD
2314008,4,EC 206,4,4.0,DD
2314008,4,EC 207,4,9.0,AB
2314008,4,EC 208,3,8.0,BB
2314008,4,EC 209,4,8.0,BB
2314008,4,EC 212,2,9.0,AB
2314008,4,EC 213,2,10.0,AA
2314008,4,EC 214,2,10.0,AA
2314009,4,EC 204,3,8.0,BB
2314009,4,EC 205,4,6.0,CC
2314009,4,EC 206,4,6.0,CC
2314009,4,EC 207,4,8.0,BB
2314009,4,EC 208,3,7.0,BC
2314009,4,EC 209,4,9.0,AB
2314009,4,EC 212,2,9.0,AB
2314009,4,EC 213,2,10.0,AA
2314009,4,EC 214,2,10.0,AA
2314010,4,EC 204,3,9.0,AB
2314010,4,EC 205,4,7.0,BC
2314010,4,EC 206,4,7.0,BC
2314010,4,EC 207,4,6.0,CC
2314010,4,EC 208,3,8.0,BB
2314010,4,EC 209,4,9.0,AB
2314010,4,EC 212,2,10.0,AA
2314010,4,EC 213,2,10.0,AA
2314010,4,EC 214,2,9.0,AB
2314011,4,EC 204,3,7.0,BC
2314011,4,EC 205,4,4.0,DD
2314011,4,EC 206,4,0.0,F
2314011,4,EC 207,4,5.0,CD
2314011,4,EC 208,3,5.0,CD
2314011,4,EC 209,4,6.0,CC
2314011,4,EC 212,2,6.0,CC
2314011,4,EC 213,2,9.0,AB
2314011,4,EC 214,2,10.0,AA
2314012,4,EC 204,3,9.0,AB
2314012,4,EC 205,4,8.0,BB
2314012,4,EC 206,4,8.0,BB
2314012,4,EC 207,4,8.0,BB
2314012,4,EC 208,3,9.0,AB
2314012,4,EC 209,4,10.0,AA
2314012,4,EC 212,2,9.0,AB
2314012,4,EC 213,2,10.0,AA
2314012,4,EC 214,2,10.0,AA
2314013,4,EC 204,3,9.0,AB
2314013,4,EC 205,4,9.0,AB
2314013,4,EC 206,4,7.0,BC
2314013,4,EC 207,4,7.0,BC
2314013,4,EC 208,3,9.0,AB
2314013,4,EC 209,4,10.0,AA
2314013,4,EC 212,2,9.0,AB
2314013,4,EC 213,2,9.0,AB
2314013,4,EC 214,2,9.0,AB
2314014,4,EC 204,3,7.0,BC
2314014,4,EC 205,4,8.0,BB
2314014,4,EC 206,4,7.0,BC
2314014,4,EC 207,4,7.0,BC
2314014,4,EC 208,3,10.0,AA
2314014,4,EC 209,4,10.0,AA
2314014,4,EC 212,2,9.0,AB
2314014,4,EC 213,2,9.0,AB
2314014,4,EC 214,2,10.0,AA
2314015,4,EC 204,3,8.0,BB
2314015,4,EC 205,4,7.0,BC
2314015,4,EC 206,4,8.0,BB
2314015,4,EC 207,4,5.0,CD
2314015,4,EC 208,3,9.0,AB
2314015,4,EC 209,4,9.0,AB
2314015,4,EC 212,2,9.0,AB
2314015,4,EC 213,2,10.0,AA
2314015,4,EC 214,2,9.0,AB
2314016,4,EC 204,3,8.0,BB
2314016,4,EC 205,4,6.0,CC
2314016,4,EC 206,4,8.0,BB
2314016,4,EC 207,4,7.0,BC
2314016,4,EC 208,3,8.0,BB
2314016,4,EC 209,4,9.0,AB
2314016,4,EC 212,2,10.0,AA
2314016,4,EC 213,2,10.0,AA
2314016,4,EC 214,2,9.0,AB
2314017,4,EC 204,3,9.0,AB
2314017,4,EC 205,4,8.0,BB
2314017,4,EC 206,4,8.0,BB
2314017,4,EC 207,4,8.0,BB
2314017,4,EC 208,3,9.0,AB
2314017,4,EC 209,4,10.0,AA
2314017,4,EC 212,2,10.0,AA
2314017,4,EC 213,2,10.0,AA
2314017,4,EC 214,2,9.0,AB
2314018,4,EC 204,3,8.0,BB
2314018,4,EC 205,4,7.0,BC
2314018,4,EC 206,4,7.0,BC
2314018,4,EC 207,4,5.0,CD
2314018,4,EC 208,3,8.0,BB
2314018,4,EC 209,4,9.0,AB
2314018,4,EC 212,2,10.0,AA
2314018,4,EC 213,2,10.0,AA
2314018,4,EC 214,2,10.0,AA
2314019,4,EC 204,3,7.0,BC
2314019,4,EC 205,4,7.0,BC
2314019,4,EC 206,4,6.0,CC
2314019,4,EC 207,4,5.0,CD
2314019,4,EC 208,3,6.0,CC
2314019,4,EC 209,4,8.0,BB
2314019,4,EC 212,2,10.0,AA
2314019,4,EC 213,2,10.0,AA
2314019,4,EC 214,2,9.0,AB
2314020,4,EC 204,3,8.0,BB
2314020,4,EC 205,4,8.0,BB
2314020,4,EC 206,4,8.0,BB
2314020,4,EC 207,4,8.0,BB
2314020,4,EC 208,3,9.0,AB
2314020,4,EC 209,4,9.0,AB
2314020,4,EC 212,2,10.0,AA
2314020,4,EC 213,2,9.0,AB
2314020,4,EC 214,2,10.0,AA
2314021,4,EC 204,3,0.0,F
2314021,4,EC 205,4,0.0,F
2314021,4,EC 206,4,0.0,F
2314021,4,EC 207,4,6.0,CC
2314021,4,EC 208,3,4.0,DD
2314021,4,EC 209,4,6.0,CC
2314021,4,EC 212,2,7.0,BC
2314021,4,EC 213,2,10.0,AA
2314021,4,EC 214,2,10.0,AA
2314022,4,EC 204,3,6.0,CC
2314022,4,EC 205,4,7.0,BC
2314022,4,EC 206,4,5.0,CD
2314022,4,EC 207,4,6.0,CC
2314022,4,EC 208,3,6.0,CC
2314022,4,EC 209,4,9.0,AB
2314022,4,EC 212,2,10.0,AA
2314022,4,EC 213,2,10.0,AA
2314022,4,EC 214,2,10.0,AA
2314023,4,EC 204,3,9.0,AB
2314023,4,EC 205,4,8.0,BB
2314023,4,EC 206,4,7.0,BC
2314023,4,EC 207,4,7.0,BC
2314023,4,EC 208,3,8.0,BB
2314023,4,EC 209,4,10.0,AA
2314023,4,EC 212,2,10.0,AA
2314023,4,EC 213,2,10.0,AA
2314023,4,EC 214,2,10.0,AA
2314024,4,EC 204,3,9.0,AB
2314024,4,EC 205,4,9.0,AB
2314024,4,EC 206,4,10.0,AA
2314024,4,EC 207,4,9.0,AB
2314024,4,EC 208,3,10.0,AA
2314024,4,EC 209,4,10.0,AA
2314024,4,EC 212,2,10.0,AA
2314024,4,EC 213,2,10.0,AA
2314024,4,EC 214,2,10.0,AA
2314025,4,EC 204,3,8.0,BB
2314025,4,EC 205,4,5.0,CD
2314025,4,EC 206,4,7.0,BC
2314025,4,EC 207,4,6.0,CC
2314025,4,EC 208,3,7.0,BC
2314025,4,EC 209,4,9.0,AB
2314025,4,EC 212,2,10.0,AA
2314025,4,EC 213,2,10.0,AA
2314025,4,EC 214,2,10.0,AA
2314026,4,EC 204,3,8.0,BB
2314026,4,EC 205,4,7.0,BC
2314026,4,EC 206,4,8.0,BB
2314026,4,EC 207,4,7.0,BC
2314026,4,EC 208,3,9.0,AB
2314026,4,EC 209,4,8.0,BB
2314026,4,EC 212,2,10.0,AA
2314026,4,EC 213,2,10.0,AA
2314026,4,EC 214,2,10.0,AA
2314027,4,EC 204,3,4.0,DD
2314027,4,EC 205,4,5.0,CD
2314027,4,EC 206,4,5.0,CD
2314027,4,EC 207,4,4.0,DD
2314027,4,EC 208,3,7.0,BC
2314027,4,EC 209,4,8.0,BB
2314027,4,EC 212,2,9.0,AB
2314027,4,EC 213,2,10.0,AA
2314027,4,EC 214,2,10.0,AA
2314028,4,EC 204,3,7.0,BC
2314028,4,EC 205,4,5.0,CD
2314028,4,EC 206,4,5.0,CD
2314028,4,EC 207,4,6.0,CC
2314028,4,EC 208,3,6.0,CC
2314028,4,EC 209,4,7.0,BC
2314028,4,EC 212,2,9.0,AB
2314028,4,EC 213,2,10.0,AA
2314028,4,EC 214,2,10.0,AA
2314029,4,EC 204,3,6.0,CC
2314029,4,EC 205,4,4.0,DD
2314029,4,EC 206,4,5.0,CD
2314029,4,EC 207,4,5.0,CD
2314029,4,EC 208,3,6.0,CC
2314029,4,EC 209,4,8.0,BB
2314029,4,EC 212,2,10.0,AA
2314029,4,EC 213,2,9.0,AB
2314029,4,EC 214,2,10.0,AA
2314030,4,EC 204,3,9.0,AB
2314030,4,EC 205,4,9.0,AB
2314030,4,EC 206,4,9.0,AB
2314030,4,EC 207,4,9.0,AB
2314030,4,EC 208,3,10.0,AA
2314030,4,EC 209,4,10.0,AA
2314030,4,EC 212,2,10.0,AA
2314030,4,EC 213,2,10.0,AA
2314030,4,EC 214,2,10.0,AA
2314031,4,EC 204,3,8.0,BB
2314031,4,EC 205,4,7.0,BC
2314031,4,EC 206,4,5.0,CD
2314031,4,EC 207,4,9.0,AB
2314031,4,EC 208,3,8.0,BB
2314031,4,EC 209,4,8.0,BB
2314031,4,EC 212,2,10.0,AA
2314031,4,EC 213,2,10.0,AA
2314031,4,EC 214,2,10.0,AA
2314032,4,EC 204,3,9.0,AB
2314032,4,EC 205,4,7.0,BC
2314032,4,EC 206,4,7.0,BC
2314032,4,EC 207,4,6.0,CC
2314032,4,EC 208,3,8.0,BB
2314032,4,EC 209,4,9.0,AB
2314032,4,EC 212,2,10.0,AA
2314032,4,EC 213,2,10.0,AA
2314032,4,EC 214,2,10.0,AA
2314033,4,EC 204,3,7.0,BC
2314033,4,EC 205,4,7.0,BC
2314033,4,EC 206,4,0.0,F
2314033,4,EC 207,4,7.0,BC
2314033,4,EC 208,3,0.0,F
2314033,4,EC 209,4,8.0,BB
2314033,4,EC 212,2,8.0,BB
2314033,4,EC 213,2,9.0,AB
2314033,4,EC 214,2,9.0,AB
2314034,4,EC 204,3,8.0,BB
2314034,4,EC 205,4,7.0,BC
2314034,4,EC 206,4,6.0,CC
2314034,4,EC 207,4,6.0,CC
2314034,4,EC 208,3,6.0,CC
2314034,4,EC 209,4,8.0,BB
2314034,4,EC 212,2,10.0,AA
2314034,4,EC 213,2,10.0,AA
2314034,4,EC 214,2,10.0,AA
2314035,4,EC 204,3,9.0,AB
2314035,4,EC 205,4,9.0,AB
2314035,4,EC 206,4,9.0,AB
2314035,4,EC 207,4,8.0,BB
2314035,4,EC 208,3,8.0,BB
2314035,4,EC 209,4,9.0,AB
2314035,4,EC 212,2,10.0,AA
2314035,4,EC 213,2,10.0,AA
2314035,4,EC 214,2,10.0,AA
2314036,4,EC 204,3,10.0,AA
2314036,4,EC 205,4,9.0,AB
2314036,4,EC 206,4,10.0,AA
2314036,4,EC 207,4,10.0,AA
2314036,4,EC 208,3,10.0,AA
2314036,4,EC 209,4,10.0,AA
2314036,4,EC 212,2,9.0,AB
2314036,4,EC 213,2,10.0,AA
2314036,4,EC 214,2,10.0,AA
2314037,4,EC 204,3,8.0,BB
2314037,4,EC 205,4,6.0,CC
2314037,4,EC 206,4,7.0,BC
2314037,4,EC 207,4,8.0,BB
2314037,4,EC 208,3,6.0,CC
2314037,4,EC 209,4,9.0,AB
2314037,4,EC 212,2,10.0,AA
2314037,4,EC 213,2,10.0,AA
2314037,4,EC 214,2,10.0,AA
2314038,4,EC 204,3,8.0,BB
2314038,4,EC 205,4,6.0,CC
2314038,4,EC 206,4,7.0,BC
2314038,4,EC 207,4,6.0,CC
2314038,4,EC 208,3,7.0,BC
2314038,4,EC 209,4,8.0,BB
2314038,4,EC 212,2,9.0,AB
2314038,4,EC 213,2,10.0,AA
2314038,4,EC 214,2,10.0,AA
2314040,4,EC 204,3,6.0,CC
2314040,4,EC 205,4,7.0,BC
2314040,4,EC 206,4,7.0,BC
2314040,4,EC 207,4,6.0,CC
2314040,4,EC 208,3,7.0,BC
2314040,4,EC 209,4,8.0,BB
2314040,4,EC 212,2,9.0,AB
2314040,4,EC 213,2,9.0,AB
2314040,4,EC 214,2,10.0,AA
2314041,4,EC 204,3,8.0,BB
2314041,4,EC 205,4,5.0,CD
2314041,4,EC 206,4,7.0,BC
2314041,4,EC 207,4,9.0,AB
2314041,4,EC 208,3,8.0,BB
2314041,4,EC 209,4,9.0,AB
2314041,4,EC 212,2,9.0,AB
2314041,4,EC 213,2,9.0,AB
2314041,4,EC 214,2,10.0,AA
2314042,4,EC 204,3,6.0,CC
2314042,4,EC 205,4,5.0,CD
2314042,4,EC 206,4,5.0,CD
2314042,4,EC 207,4,6.0,CC
2314042,4,EC 208,3,4.0,DD
2314042,4,EC 209,4,6.0,CC
2314042,4,EC 212,2,10.0,AA
2314042,4,EC 213,2,9.0,AB
2314042,4,EC 214,2,10.0,AA
2314043,4,EC 204,3,8.0,BB
2314043,4,EC 205,4,7.0,BC
2314043,4,EC 206,4,4.0,DD
2314043,4,EC 207,4,7.0,BC
2314043,4,EC 208,3,6.0,CC
2314043,4,EC 209,4,9.0,AB
2314043,4,EC 212,2,9.0,AB
2314043,4,EC 213,2,9.0,AB
2314043,4,EC 214,2,9.0,AB
2314044,4,EC 204,3,8.0,BB
2314044,4,EC 205,4,8.0,BB
2314044,4,EC 206,4,7.0,BC
2314044,4,EC 207,4,7.0,BC
2314044,4,EC 208,3,8.0,BB
2314044,4,EC 209,4,10.0,AA
2314044,4,EC 212,2,10.0,AA
2314044,4,EC 213,2,10.0,AA
2314044,4,EC 214,2,10.0,AA
2314045,4,EC 204,3,9.0,AB
2314045,4,EC 205,4,6.0,CC
2314045,4,EC 206,4,8.0,BB
2314045,4,EC 207,4,6.0,CC
2314045,4,EC 208,3,9.0,AB
2314045,4,EC 209,4,10.0,AA
2314045,4,EC 212,2,10.0,AA
2314045,4,EC 213,2,10.0,AA
2314045,4,EC 214,2,10.0,AA
2314046,4,EC 204,3,9.0,AB
2314046,4,EC 205,4,7.0,BC
2314046,4,EC 206,4,8.0,BB
2314046,4,EC 207,4,7.0,BC
2314046,4,EC 208,3,9.0,AB
2314046,4,EC 209,4,9.0,AB
2314046,4,EC 212,2,10.0,AA
2314046,4,EC 213,2,10.0,AA
2314046,4,EC 214,2,10.0,AA
2314047,4,EC 204,3,9.0,AB
2314047,4,EC 205,4,7.0,BC
2314047,4,EC 206,4,7.0,BC
2314047,4,EC 207,4,6.0,CC
2314047,4,EC 208,3,8.0,BB
2314047,4,EC 209,4,8.0,BB
2314047,4,EC 212,2,10.0,AA
2314047,4,EC 213,2,10.0,AA
2314047,4,EC 214,2,10.0,AA
2314048,4,EC 204,3,8.0,BB
2314048,4,EC 205,4,7.0,BC
2314048,4,EC 206,4,7.0,BC
2314048,4,EC 207,4,7.0,BC
2314048,4,EC 208,3,8.0,BB
2314048,4,EC 209,4,8.0,BB
2314048,4,EC 212,2,9.0,AB
2314048,4,EC 213,2,10.0,AA
2314048,4,EC 214,2,10.0,AA
2314049,4,EC 204,3,9.0,AB
2314049,4,EC 205,4,6.0,CC
2314049,4,EC 206,4,6.0,CC
2314049,4,EC 207,4,7.0,BC
2314049,4,EC 208,3,9.0,AB
2314049,4,EC 209,4,10.0,AA
2314049,4,EC 212,2,9.0,AB
2314049,4,EC 213,2,10.0,AA
2314049,4,EC 214,2,10.0,AA
2314051,4,EC 204,3,10.0,AA
2314051,4,EC 205,4,8.0,BB
2314051,4,EC 206,4,8.0,BB
2314051,4,EC 207,4,7.0,BC
2314051,4,EC 208,3,8.0,BB
2314051,4,EC 209,4,9.0,AB
2314051,4,EC 212,2,10.0,AA
2314051,4,EC 213,2,10.0,AA
2314051,4,EC 214,2,10.0,AA
2314052,4,EC 204,3,9.0,AB
2314052,4,EC 205,4,8.0,BB
2314052,4,EC 206,4,7.0,BC
2314052,4,EC 207,4,7.0,BC
2314052,4,EC 208,3,7.0,BC
2314052,4,EC 209,4,9.0,AB
2314052,4,EC 212,2,9.0,AB
2314052,4,EC 213,2,10.0,AA
2314052,4,EC 214,2,10.0,AA
2314054,4,EC 204,3,9.0,AB
2314054,4,EC 205,4,8.0,BB
2314054,4,EC 206,4,9.0,AB
2314054,4,EC 207,4,10.0,AA
2314054,4,EC 208,3,8.0,BB
2314054,4,EC 209,4,10.0,AA
2314054,4,EC 212,2,10.0,AA
2314054,4,EC 213,2,10.0,AA
2314054,4,EC 214,2,10.0,AA
2314055,4,EC 204,3,10.0,AA
2314055,4,EC 205,4,8.0,BB
2314055,4,EC 206,4,7.0,BC
2314055,4,EC 207,4,9.0,AB
2314055,4,EC 208,3,9.0,AB
2314055,4,EC 209,4,9.0,AB
2314055,4,EC 212,2,9.0,AB
2314055,4,EC 213,2,10.0,AA
2314055,4,EC 214,2,10.0,AA
2314056,4,EC 204,3,7.0,BC
2314056,4,EC 205,4,7.0,BC
2314056,4,EC 206,4,8.0,BB
2314056,4,EC 207,4,6.0,CC
2314056,4,EC 208,3,8.0,BB
2314056,4,EC 209,4,10.0,AA
2314056,4,EC 212,2,10.0,AA
2314056,4,EC 213,2,10.0,AA
2314056,4,EC 214,2,10.0,AA
2314057,4,EC 204,3,6.0,CC
2314057,4,EC 205,4,5.0,CD
2314057,4,EC 206,4,4.0,DD
2314057,4,EC 207,4,6.0,CC
2314057,4,EC 208,3,5.0,CD
2314057,4,EC 209,4,8.0,BB
2314057,4,EC 212,2,9.0,AB
2314057,4,EC 213,2,10.0,AA
2314057,4,EC 214,2,10.0,AA
2314058,4,EC 204,3,9.0,AB
2314058,4,EC 205,4,8.0,BB
2314058,4,EC 206,4,8.0,BB
2314058,4,EC 207,4,9.0,AB
2314058,4,EC 208,3,8.0,BB
2314058,4,EC 209,4,9.0,AB
2314058,4,EC 212,2,10.0,AA
2314058,4,EC 213,2,10.0,AA
2314058,4,EC 214,2,10.0,AA
2314059,4,EC 204,3,10.0,AA
2314059,4,EC 205,4,10.0,AA
2314059,4,EC 206,4,9.0,AB
2314059,4,EC 207,4,8.0,BB
2314059,4,EC 208,3,10.0,AA
2314059,4,EC 209,4,10.0,AA
2314059,4,EC 212,2,10.0,AA
2314059,4,EC 213,2,10.0,AA
2314059,4,EC 214,2,10.0,AA
2314060,4,EC 204,3,9.0,AB
2314060,4,EC 205,4,8.0,BB
2314060,4,EC 206,4,7.0,BC
2314060,4,EC 207,4,7.0,BC
2314060,4,EC 208,3,8.0,BB
2314060,4,EC 209,4,9.0,AB
2314060,4,EC 212,2,10.0,AA
2314060,4,EC 213,2,10.0,AA
2314060,4,EC 214,2,10.0,AA
2314061,4,EC 204,3,8.0,BB
2314061,4,EC 205,4,6.0,CC
2314061,4,EC 206,4,6.0,CC
2314061,4,EC 207,4,7.0,BC
2314061,4,EC 208,3,7.0,BC
2314061,4,EC 209,4,9.0,AB
2314061,4,EC 212,2,9.0,AB
2314061,4,EC 213,2,9.0,AB
2314061,4,EC 214,2,10.0,AA
2314063,4,EC 204,3,10.0,AA
2314063,4,EC 205,4,8.0,BB
2314063,4,EC 206,4,8.0,BB
2314063,4,EC 207,4,6.0,CC
2314063,4,EC 208,3,9.0,AB
2314063,4,EC 209,4,9.0,AB
2314063,4,EC 212,2,10.0,AA
2314063,4,EC 213,2,10.0,AA
2314063,4,EC 214,2,10.0,AA
2314065,4,EC 204,3,5.0,CD
2314065,4,EC 205,4,4.0,DD
2314065,4,EC 206,4,4.0,DD
2314065,4,EC 207,4,4.0,DD
2314065,4,EC 208,3,5.0,CD
2314065,4,EC 209,4,7.0,BC
2314065,4,EC 212,2,9.0,AB
2314065,4,EC 213,2,10.0,AA
2314065,4,EC 214,2,10.0,AA
2314066,4,EC 204,3,8.0,BB
2314066,4,EC 205,4,9.0,AB
2314066,4,EC 206,4,7.0,BC
2314066,4,EC 207,4,7.0,BC
2314066,4,EC 208,3,8.0,BB
2314066,4,EC 209,4,10.0,AA
2314066,4,EC 212,2,10.0,AA
2314066,4,EC 213,2,10.0,AA
2314066,4,EC 214,2,10.0,AA
2314067,4,EC 204,3,9.0,AB
2314067,4,EC 205,4,9.0,AB
2314067,4,EC 206,4,10.0,AA
2314067,4,EC 207,4,8.0,BB
2314067,4,EC 208,3,10.0,AA
2314067,4,EC 209,4,10.0,AA
2314067,4,EC 212,2,10.0,AA
2314067,4,EC 213,2,10.0,AA
2314067,4,EC 214,2,10.0,AA
2314068,4,EC 204,NA,,NA
2314068,4,EC 205,4,5.0,CD
2314068,4,EC 206,4,7.0,BC
2314068,4,EC 207,4,6.0,CC
2314068,4,EC 208,3,7.0,BC
2314068,4,EC 209,4,9.0,AB
2314068,4,EC 212,2,10.0,AA
2314068,4,EC 213,2,10.0,AA
2314068,4,EC 214,2,10.0,AA
2314069,4,EC 204,3,6.0,CC
2314069,4,EC 205,4,6.0,CC
2314069,4,EC 206,4,7.0,BC
2314069,4,EC 207,4,8.0,BB
2314069,4,EC 208,3,10.0,AA
2314069,4,EC 209,4,9.0,AB
2314069,4,EC 212,2,9.0,AB
2314069,4,EC 213,2,10.0,AA
2314069,4,EC 214,2,10.0,AA
2314070,4,EC 204,3,6.0,CC
2314070,4,EC 205,4,4.0,DD
2314070,4,EC 206,4,6.0,CC
2314070,4,EC 207,4,6.0,CC
2314070,4,EC 208,3,5.0,CD
2314070,4,EC 209,4,8.0,BB
2314070,4,EC 212,2,9.0,AB
2314070,4,EC 213,2,10.0,AA
2314070,4,EC 214,2,9.0,AB
2314071,4,EC 204,3,9.0,AB
2314071,4,EC 205,4,8.0,BB
2314071,4,EC 206,4,8.0,BB
2314071,4,EC 207,4,6.0,CC
2314071,4,EC 208,3,9.0,AB
2314071,4,EC 209,4,9.0,AB
2314071,4,EC 212,2,10.0,AA
2314071,4,EC 213,2,10.0,AA
2314071,4,EC 214,2,10.0,AA
2314072,4,EC 204,3,5.0,CD
2314072,4,EC 205,4,5.0,CD
2314072,4,EC 206,4,4.0,DD
2314072,4,EC 207,4,4.0,DD
2314072,4,EC 208,3,5.0,CD
2314072,4,EC 209,4,7.0,BC
2314072,4,EC 212,2,9.0,AB
2314072,4,EC 213,2,10.0,AA
2314072,4,EC 214,2,10.0,AA
2314073,4,EC 204,3,8.0,BB
2314073,4,EC 205,4,6.0,CC
2314073,4,EC 206,4,6.0,CC
2314073,4,EC 207,4,7.0,BC
2314073,4,EC 208,3,7.0,BC
2314073,4,EC 209,4,8.0,BB
2314073,4,EC 212,2,10.0,AA
2314073,4,EC 213,2,10.0,AA
2314073,4,EC 214,2,10.0,AA
2314074,4,EC 204,3,7.0,BC
2314074,4,EC 205,4,7.0,BC
2314074,4,EC 206,4,6.0,CC
2314074,4,EC 207,4,6.0,CC
2314074,4,EC 208,3,7.0,BC
2314074,4,EC 209,4,9.0,AB
2314074,4,EC 212,2,9.0,AB
2314074,4,EC 213,2,10.0,AA
2314074,4,EC 214,2,10.0,AA
2314075,4,EC 204,3,5.0,CD
2314075,4,EC 205,4,7.0,BC
2314075,4,EC 206,4,0.0,F
2314075,4,EC 207,4,6.0,CC
2314075,4,EC 208,3,5.0,CD
2314075,4,EC 209,4,8.0,BB
2314075,4,EC 212,2,10.0,AA
2314075,4,EC 213,2,9.0,AB
2314075,4,EC 214,2,10.0,AA
2314076,4,EC 204,3,9.0,AB
2314076,4,EC 205,4,6.0,CC
2314076,4,EC 206,4,6.0,CC
2314076,4,EC 207,4,8.0,BB
2314076,4,EC 208,3,10.0,AA
2314076,4,EC 209,4,10.0,AA
2314076,4,EC 212,2,10.0,AA
2314076,4,EC 213,2,9.0,AB
2314076,4,EC 214,2,10.0,AA
2314077,4,EC 204,3,9.0,AB
2314077,4,EC 205,4,7.0,BC
2314077,4,EC 206,4,8.0,BB
2314077,4,EC 207,4,7.0,BC
2314077,4,EC 208,3,9.0,AB
2314077,4,EC 209,4,10.0,AA
2314077,4,EC 212,2,10.0,AA
2314077,4,EC 213,2,10.0,AA
2314077,4,EC 214,2,10.0,AA
2314078,4,EC 204,3,8.0,BB
2314078,4,EC 205,4,6.0,CC
2314078,4,EC 206,4,5.0,CD
2314078,4,EC 207,4,6.0,CC
2314078,4,EC 208,3,8.0,BB
2314078,4,EC 209,4,9.0,AB
2314078,4,EC 212,2,9.0,AB
2314078,4,EC 213,2,9.0,AB
2314078,4,EC 214,2,10.0,AA
2314079,4,EC 204,3,10.0,AA
2314079,4,EC 205,4,9.0,AB
2314079,4,EC 206,4,10.0,AA
2314079,4,EC 207,4,8.0,BB
2314079,4,EC 208,3,10.0,AA
2314079,4,EC 209,4,10.0,AA
2314079,4,EC 212,2,10.0,AA
2314079,4,EC 213,2,10.0,AA
2314079,4,EC 214,2,10.0,AA
2314080,4,EC 204,3,8.0,BB
2314080,4,EC 205,4,7.0,BC
2314080,4,EC 206,4,8.0,BB
2314080,4,EC 207,4,7.0,BC
2314080,4,EC 208,3,7.0,BC
2314080,4,EC 209,4,8.0,BB
2314080,4,EC 212,2,9.0,AB
2314080,4,EC 213,2,10.0,AA
2314080,4,EC 214,2,9.0,AB
2314081,4,EC 204,3,5.0,CD
2314081,4,EC 205,4,4.0,DD
2314081,4,EC 206,4,4.0,DD
2314081,4,EC 207,4,4.0,DD
2314081,4,EC 208,3,5.0,CD
2314081,4,EC 209,4,7.0,BC
2314081,4,EC 212,2,8.0,BB
2314081,4,EC 213,2,9.0,AB
2314081,4,EC 214,2,10.0,AA
2314082,4,EC 204,3,9.0,AB
2314082,4,EC 205,4,8.0,BB
2314082,4,EC 206,4,8.0,BB
2314082,4,EC 207,4,6.0,CC
2314082,4,EC 208,3,8.0,BB
2314082,4,EC 209,4,10.0,AA
2314082,4,EC 212,2,10.0,AA
2314082,4,EC 213,2,9.0,AB
2314082,4,EC 214,2,10.0,AA
2314083,4,EC 204,3,10.0,AA
2314083,4,EC 205,4,7.0,BC
2314083,4,EC 206,4,8.0,BB
2314083,4,EC 207,4,8.0,BB
2314083,4,EC 208,3,10.0,AA
2314083,4,EC 209,4,10.0,AA
2314083,4,EC 212,2,10.0,AA
2314083,4,EC 213,2,10.0,AA
2314083,4,EC 214,2,10.0,AA
2314084,4,EC 204,3,7.0,BC
2314084,4,EC 205,4,6.0,CC
2314084,4,EC 206,4,7.0,BC
2314084,4,EC 207,4,7.0,BC
2314084,4,EC 208,3,8.0,BB
2314084,4,EC 209,4,10.0,AA
2314084,4,EC 212,2,9.0,AB
2314084,4,EC 213,2,10.0,AA
2314084,4,EC 214,2,10.0,AA
2314085,4,EC 204,3,10.0,AA
2314085,4,EC 205,4,10.0,AA
2314085,4,EC 206,4,9.0,AB
2314085,4,EC 207,4,9.0,AB
2314085,4,EC 208,3,10.0,AA
2314085,4,EC 209,4,10.0,AA
2314085,4,EC 212,2,10.0,AA
2314085,4,EC 213,2,10.0,AA
2314085,4,EC 214,2,10.0,AA
2314086,4,EC 204,3,7.0,BC
2314086,4,EC 205,4,7.0,BC
2314086,4,EC 206,4,7.0,BC
2314086,4,EC 207,4,7.0,BC
2314086,4,EC 208,3,8.0,BB
2314086,4,EC 209,4,8.0,BB
2314086,4,EC 212,2,9.0,AB
2314086,4,EC 213,2,10.0,AA
2314086,4,EC 214,2,9.0,AB
2314087,4,EC 204,3,8.0,BB
2314087,4,EC 205,4,7.0,BC
2314087,4,EC 206,4,6.0,CC
2314087,4,EC 207,4,7.0,BC
2314087,4,EC 208,3,9.0,AB
2314087,4,EC 209,4,8.0,BB
2314087,4,EC 212,2,9.0,AB
2314087,4,EC 213,2,10.0,AA
2314087,4,EC 214,2,10.0,AA
2314088,4,EC 204,3,8.0,BB
2314088,4,EC 205,4,6.0,CC
2314088,4,EC 206,4,6.0,CC
2314088,4,EC 207,4,6.0,CC
2314088,4,EC 208,3,8.0,BB
2314088,4,EC 209,4,8.0,BB
2314088,4,EC 212,2,9.0,AB
2314088,4,EC 213,2,10.0,AA
2314088,4,EC 214,2,9.0,AB
2314089,4,EC 204,3,9.0,AB
2314089,4,EC 205,4,8.0,BB
2314089,4,EC 206,4,7.0,BC
2314089,4,EC 207,4,9.0,AB
2314089,4,EC 208,3,10.0,AA
2314089,4,EC 209,4,9.0,AB
2314089,4,EC 212,2,9.0,AB
2314089,4,EC 213,2,10.0,AA
2314089,4,EC 214,2,10.0,AA
2314090,4,EC 204,3,8.0,BB
2314090,4,EC 205,4,7.0,BC
2314090,4,EC 206,4,6.0,CC
2314090,4,EC 207,4,9.0,AB
2314090,4,EC 208,3,8.0,BB
2314090,4,EC 209,4,5.0,CD
2314090,4,EC 212,2,9.0,AB
2314090,4,EC 213,2,10.0,AA
2314090,4,EC 214,2,9.0,AB
2314091,4,EC 204,3,9.0,AB
2314091,4,EC 205,4,9.0,AB
2314091,4,EC 206,4,7.0,BC
2314091,4,EC 207,4,9.0,AB
2314091,4,EC 208,3,9.0,AB
2314091,4,EC 209,4,8.0,BB
2314091,4,EC 212,2,10.0,AA
2314091,4,EC 213,2,10.0,AA
2314091,4,EC 214,2,9.0,AB
2314092,4,EC 204,3,8.0,BB
2314092,4,EC 205,4,9.0,AB
2314092,4,EC 206,4,7.0,BC
2314092,4,EC 207,4,9.0,AB
2314092,4,EC 208,3,10.0,AA
2314092,4,EC 209,4,9.0,AB
2314092,4,EC 212,2,10.0,AA
2314092,4,EC 213,2,10.0,AA
2314092,4,EC 214,2,9.0,AB
2314093,4,EC 204,3,8.0,BB
2314093,4,EC 205,4,9.0,AB
2314093,4,EC 206,4,6.0,CC
2314093,4,EC 207,4,9.0,AB
2314093,4,EC 208,3,8.0,BB
2314093,4,EC 209,4,8.0,BB
2314093,4,EC 212,2,9.0,AB
2314093,4,EC 213,2,10.0,AA
2314093,4,EC 214,2,9.0,AB
2314094,4,EC 204,3,9.0,AB
2314094,4,EC 205,4,9.0,AB
2314094,4,EC 206,4,6.0,CC
2314094,4,EC 207,4,9.0,AB
2314094,4,EC 208,3,9.0,AB
2314094,4,EC 209,4,7.0,BC
2314094,4,EC 212,2,9.0,AB
2314094,4,EC 213,2,10.0,AA
2314094,4,EC 214,2,9.0,AB
2314095,4,EC 204,3,9.0,AB
2314095,4,EC 205,4,8.0,BB
2314095,4,EC 206,4,5.0,CD
2314095,4,EC 207,4,8.0,BB
2314095,4,EC 208,3,8.0,BB
2314095,4,EC 209,4,7.0,BC
2314095,4,EC 212,2,10.0,AA
2314095,4,EC 213,2,10.0,AA
2314095,4,EC 214,2,10.0,AA
2314096,4,EC 204,3,10.0,AA
2314096,4,EC 205,4,8.0,BB
2314096,4,EC 206,4,8.0,BB
2314096,4,EC 207,4,9.0,AB
2314096,4,EC 208,3,10.0,AA
2314096,4,EC 209,4,9.0,AB
2314096,4,EC 212,2,10.0,AA
2314096,4,EC 213,2,10.0,AA
2314096,4,EC 214,2,9.0,AB
2314097,4,EC 204,3,8.0,BB
2314097,4,EC 205,4,9.0,AB
2314097,4,EC 206,4,9.0,AB
2314097,4,EC 207,4,9.0,AB
2314097,4,EC 208,3,10.0,AA
2314097,4,EC 209,4,9.0,AB
2314097,4,EC 212,2,9.0,AB
2314097,4,EC 213,2,10.0,AA
2314097,4,EC 214,2,9.0,AB
2314099,4,EC 204,3,8.0,BB
2314099,4,EC 205,4,7.0,BC
2314099,4,EC 206,4,6.0,CC
2314099,4,EC 207,4,8.0,BB
2314099,4,EC 208,3,8.0,BB
2314099,4,EC 209,4,7.0,BC
2314099,4,EC 212,2,9.0,AB
2314099,4,EC 213,2,10.0,AA
2314099,4,EC 214,2,9.0,AB
2314100,4,EC 204,3,9.0,AB
2314100,4,EC 205,4,9.0,AB
2314100,4,EC 206,4,8.0,BB
2314100,4,EC 207,4,9.0,AB
2314100,4,EC 208,3,9.0,AB
2314100,4,EC 209,4,8.0,BB
2314100,4,EC 212,2,9.0,AB
2314100,4,EC 213,2,10.0,AA
2314100,4,EC 214,2,10.0,AA
2314102,4,EC 204,3,7.0,BC
2314102,4,EC 205,4,6.0,CC
2314102,4,EC 206,4,5.0,CD
2314102,4,EC 207,4,8.0,BB
2314102,4,EC 208,3,6.0,CC
2314102,4,EC 209,4,7.0,BC
2314102,4,EC 212,2,8.0,BB
2314102,4,EC 213,2,10.0,AA
2314102,4,EC 214,2,10.0,AA
2314103,4,EC 204,3,8.0,BB
2314103,4,EC 205,4,5.0,CD
2314103,4,EC 206,4,5.0,CD
2314103,4,EC 207,4,7.0,BC
2314103,4,EC 208,3,7.0,BC
2314103,4,EC 209,4,7.0,BC
2314103,4,EC 212,2,9.0,AB
2314103,4,EC 213,2,9.0,AB
2314103,4,EC 214,2,9.0,AB
2314104,4,EC 204,3,10.0,AA
2314104,4,EC 205,4,9.0,AB
2314104,4,EC 206,4,8.0,BB
2314104,4,EC 207,4,10.0,AA
2314104,4,EC 208,3,10.0,AA
2314104,4,EC 209,4,8.0,BB
2314104,4,EC 212,2,9.0,AB
2314104,4,EC 213,2,10.0,AA
2314104,4,EC 214,2,10.0,AA
2314105,4,EC 204,3,10.0,AA
2314105,4,EC 205,4,8.0,BB
2314105,4,EC 206,4,7.0,BC
2314105,4,EC 207,4,9.0,AB
2314105,4,EC 208,3,10.0,AA
2314105,4,EC 209,4,8.0,BB
2314105,4,EC 212,2,10.0,AA
2314105,4,EC 213,2,10.0,AA
2314105,4,EC 214,2,10.0,AA
2314106,4,EC 204,3,10.0,AA
2314106,4,EC 205,4,9.0,AB
2314106,4,EC 206,4,7.0,BC
2314106,4,EC 207,4,7.0,BC
2314106,4,EC 208,3,10.0,AA
2314106,4,EC 209,4,8.0,BB
2314106,4,EC 212,2,10.0,AA
2314106,4,EC 213,2,10.0,AA
2314106,4,EC 214,2,9.0,AB
2314107,4,EC 204,3,10.0,AA
2314107,4,EC 205,4,9.0,AB
2314107,4,EC 206,4,8.0,BB
2314107,4,EC 207,4,7.0,BC
2314107,4,EC 208,3,9.0,AB
2314107,4,EC 209,4,7.0,BC
2314107,4,EC 212,2,10.0,AA
2314107,4,EC 213,2,10.0,AA
2314107,4,EC 214,2,10.0,AA
2314108,4,EC 204,3,9.0,AB
2314108,4,EC 205,4,9.0,AB
2314108,4,EC 206,4,9.0,AB
2314108,4,EC 207,4,9.0,AB
2314108,4,EC 208,3,10.0,AA
2314108,4,EC 209,4,8.0,BB
2314108,4,EC 212,2,10.0,AA
2314108,4,EC 213,2,10.0,AA
2314108,4,EC 214,2,9.0,AB
2314109,4,EC 204,3,7.0,BC
2314109,4,EC 205,4,5.0,CD
2314109,4,EC 206,4,5.0,CD
2314109,4,EC 207,4,7.0,BC
2314109,4,EC 208,3,7.0,BC
2314109,4,EC 209,4,6.0,CC
2314109,4,EC 212,2,8.0,BB
2314109,4,EC 213,2,10.0,AA
2314109,4,EC 214,2,9.0,AB
2314110,4,EC 204,3,8.0,BB
2314110,4,EC 205,4,9.0,AB
2314110,4,EC 206,4,7.0,BC
2314110,4,EC 207,4,10.0,AA
2314110,4,EC 208,3,9.0,AB
2314110,4,EC 209,4,8.0,BB
2314110,4,EC 212,2,10.0,AA
2314110,4,EC 213,2,10.0,AA
2314110,4,EC 214,2,10.0,AA
2314111,4,EC 204,3,9.0,AB
2314111,4,EC 205,4,10.0,AA
2314111,4,EC 206,4,7.0,BC
2314111,4,EC 207,4,9.0,AB
2314111,4,EC 208,3,10.0,AA
2314111,4,EC 209,4,8.0,BB
2314111,4,EC 212,2,8.0,BB
2314111,4,EC 213,2,10.0,AA
2314111,4,EC 214,2,9.0,AB
2314112,4,EC 204,3,8.0,BB
2314112,4,EC 205,4,6.0,CC
2314112,4,EC 206,4,6.0,CC
2314112,4,EC 207,4,8.0,BB
2314112,4,EC 208,3,8.0,BB
2314112,4,EC 209,4,7.0,BC
2314112,4,EC 212,2,10.0,AA
2314112,4,EC 213,2,10.0,AA
2314112,4,EC 214,2,9.0,AB
2314113,4,EC 204,3,7.0,BC
2314113,4,EC 205,4,8.0,BB
2314113,4,EC 206,4,8.0,BB
2314113,4,EC 207,4,8.0,BB
2314113,4,EC 208,3,9.0,AB
2314113,4,EC 209,4,8.0,BB
2314113,4,EC 212,2,10.0,AA
2314113,4,EC 213,2,10.0,AA
2314113,4,EC 214,2,9.0,AB
2314114,4,EC 204,3,9.0,AB
2314114,4,EC 205,4,8.0,BB
2314114,4,EC 206,4,7.0,BC
2314114,4,EC 207,4,9.0,AB
2314114,4,EC 208,3,10.0,AA
2314114,4,EC 209,4,7.0,BC
2314114,4,EC 212,2,8.0,BB
2314114,4,EC 213,2,10.0,AA
2314114,4,EC 214,2,10.0,AA
2314115,4,EC 204,3,9.0,AB
2314115,4,EC 205,4,7.0,BC
2314115,4,EC 206,4,6.0,CC
2314115,4,EC 207,4,7.0,BC
2314115,4,EC 208,3,8.0,BB
2314115,4,EC 209,4,7.0,BC
2314115,4,EC 212,2,10.0,AA
2314115,4,EC 213,2,10.0,AA
2314115,4,EC 214,2,9.0,AB
2314116,4,EC 204,3,8.0,BB
2314116,4,EC 205,4,7.0,BC
2314116,4,EC 206,4,6.0,CC
2314116,4,EC 207,4,7.0,BC
2314116,4,EC 208,3,9.0,AB
2314116,4,EC 209,4,7.0,BC
2314116,4,EC 212,2,8.0,BB
2314116,4,EC 213,2,10.0,AA
2314116,4,EC 214,2,9.0,AB
2314117,4,EC 204,3,0.0,F
2314117,4,EC 205,4,6.0,CC
2314117,4,EC 206,4,4.0,DD
2314117,4,EC 207,4,7.0,BC
2314117,4,EC 208,3,6.0,CC
2314117,4,EC 209,4,5.0,CD
2314117,4,EC 212,2,8.0,BB
2314117,4,EC 213,2,10.0,AA
2314117,4,EC 214,2,10.0,AA
2314118,4,EC 204,3,10.0,AA
2314118,4,EC 205,4,7.0,BC
2314118,4,EC 206,4,7.0,BC
2314118,4,EC 207,4,8.0,BB
2314118,4,EC 208,3,10.0,AA
2314118,4,EC 209,4,7.0,BC
2314118,4,EC 212,2,9.0,AB
2314118,4,EC 213,2,10.0,AA
2314118,4,EC 214,2,9.0,AB
2314119,4,EC 204,3,6.0,CC
2314119,4,EC 205,4,5.0,CD
2314119,4,EC 206,4,5.0,CD
2314119,4,EC 207,4,6.0,CC
2314119,4,EC 208,3,6.0,CC
2314119,4,EC 209,4,0.0,F
2314119,4,EC 212,2,7.0,BC
2314119,4,EC 213,2,10.0,AA
2314119,4,EC 214,2,10.0,AA
2314120,4,EC 204,3,8.0,BB
2314120,4,EC 205,4,9.0,AB
2314120,4,EC 206,4,7.0,BC
2314120,4,EC 207,4,8.0,BB
2314120,4,EC 208,3,9.0,AB
2314120,4,EC 209,4,7.0,BC
2314120,4,EC 212,2,9.0,AB
2314120,4,EC 213,2,10.0,AA
2314120,4,EC 214,2,10.0,AA
2314121,4,EC 204,3,8.0,BB
2314121,4,EC 205,4,8.0,BB
2314121,4,EC 206,4,6.0,CC
2314121,4,EC 207,4,9.0,AB
2314121,4,EC 208,3,10.0,AA
2314121,4,EC 209,4,7.0,BC
2314121,4,EC 212,2,10.0,AA
2314121,4,EC 213,2,10.0,AA
2314121,4,EC 214,2,9.0,AB
2314122,4,EC 204,3,9.0,AB
2314122,4,EC 205,4,10.0,AA
2314122,4,EC 206,4,6.0,CC
2314122,4,EC 207,4,9.0,AB
2314122,4,EC 208,3,10.0,AA
2314122,4,EC 209,4,8.0,BB
2314122,4,EC 212,2,8.0,BB
2314122,4,EC 213,2,10.0,AA
2314122,4,EC 214,2,9.0,AB
2314123,4,EC 204,3,8.0,BB
2314123,4,EC 205,4,7.0,BC
2314123,4,EC 206,4,5.0,CD
2314123,4,EC 207,4,8.0,BB
2314123,4,EC 208,3,8.0,BB
2314123,4,EC 209,4,5.0,CD
2314123,4,EC 212,2,8.0,BB
2314123,4,EC 213,2,10.0,AA
2314123,4,EC 214,2,9.0,AB
2314124,4,EC 204,3,9.0,AB
2314124,4,EC 205,4,8.0,BB
2314124,4,EC 206,4,8.0,BB
2314124,4,EC 207,4,9.0,AB
2314124,4,EC 208,3,9.0,AB
2314124,4,EC 209,4,8.0,BB
2314124,4,EC 212,2,10.0,AA
2314124,4,EC 213,2,10.0,AA
2314124,4,EC 214,2,10.0,AA
2314125,4,EC 204,3,7.0,BC
2314125,4,EC 205,4,7.0,BC
2314125,4,EC 206,4,5.0,CD
2314125,4,EC 207,4,7.0,BC
2314125,4,EC 208,3,9.0,AB
2314125,4,EC 209,4,7.0,BC
2314125,4,EC 212,2,10.0,AA
2314125,4,EC 213,2,10.0,AA
2314125,4,EC 214,2,9.0,AB
2314126,4,EC 204,3,9.0,AB
2314126,4,EC 205,4,6.0,CC
2314126,4,EC 206,4,6.0,CC
2314126,4,EC 207,4,8.0,BB
2314126,4,EC 208,3,9.0,AB
2314126,4,EC 209,4,7.0,BC
2314126,4,EC 212,2,9.0,AB
2314126,4,EC 213,2,10.0,AA
2314126,4,EC 214,2,9.0,AB
2314127,4,EC 204,3,9.0,AB
2314127,4,EC 205,4,8.0,BB
2314127,4,EC 206,4,6.0,CC
2314127,4,EC 207,4,8.0,BB
2314127,4,EC 208,3,10.0,AA
2314127,4,EC 209,4,7.0,BC
2314127,4,EC 212,2,9.0,AB
2314127,4,EC 213,2,10.0,AA
2314127,4,EC 214,2,9.0,AB
2314128,4,EC 204,3,9.0,AB
2314128,4,EC 205,4,7.0,BC
2314128,4,EC 206,4,4.0,DD
2314128,4,EC 207,4,7.0,BC
2314128,4,EC 208,3,8.0,BB
2314128,4,EC 209,4,7.0,BC
2314128,4,EC 212,2,9.0,AB
2314128,4,EC 213,2,10.0,AA
2314128,4,EC 214,2,9.0,AB
2314129,4,EC 204,3,8.0,BB
2314129,4,EC 205,4,8.0,BB
2314129,4,EC 206,4,6.0,CC
2314129,4,EC 207,4,5.0,CD
2314129,4,EC 208,3,9.0,AB
2314129,4,EC 209,4,6.0,CC
2314129,4,EC 212,2,9.0,AB
2314129,4,EC 213,2,10.0,AA
2314129,4,EC 214,2,9.0,AB
2314130,4,EC 204,3,7.0,BC
2314130,4,EC 205,4,8.0,BB
2314130,4,EC 206,4,7.0,BC
2314130,4,EC 207,4,9.0,AB
2314130,4,EC 208,3,9.0,AB
2314130,4,EC 209,4,6.0,CC
2314130,4,EC 212,2,9.0,AB
2314130,4,EC 213,2,10.0,AA
2314130,4,EC 214,2,9.0,AB
2314131,4,EC 204,3,9.0,AB
2314131,4,EC 205,4,5.0,CD
2314131,4,EC 206,4,7.0,BC
2314131,4,EC 207,4,6.0,CC
2314131,4,EC 208,3,7.0,BC
2314131,4,EC 209,4,4.0,DD
2314131,4,EC 212,2,10.0,AA
2314131,4,EC 213,2,10.0,AA
2314131,4,EC 214,2,9.0,AB
2314132,4,EC 204,3,5.0,CD
2314132,4,EC 205,4,5.0,CD
2314132,4,EC 206,4,0.0,F
2314132,4,EC 207,4,6.0,CC
2314132,4,EC 208,3,5.0,CD
2314132,4,EC 209,4,5.0,CD
2314132,4,EC 212,2,7.0,BC
2314132,4,EC 213,2,10.0,AA
2314132,4,EC 214,2,9.0,AB
2314133,4,EC 204,3,9.0,AB
2314133,4,EC 205,4,9.0,AB
2314133,4,EC 206,4,7.0,BC
2314133,4,EC 207,4,8.0,BB
2314133,4,EC 208,3,9.0,AB
2314133,4,EC 209,4,6.0,CC
2314133,4,EC 212,2,10.0,AA
2314133,4,EC 213,2,10.0,AA
2314133,4,EC 214,2,10.0,AA
2314134,4,EC 204,3,6.0,CC
2314134,4,EC 205,4,5.0,CD
2314134,4,EC 206,4,4.0,DD
2314134,4,EC 207,4,6.0,CC
2314134,4,EC 208,3,7.0,BC
2314134,4,EC 209,4,4.0,DD
2314134,4,EC 212,2,9.0,AB
2314134,4,EC 213,2,10.0,AA
2314134,4,EC 214,2,9.0,AB
2314136,4,EC 204,3,9.0,AB
2314136,4,EC 205,4,7.0,BC
2314136,4,EC 206,4,5.0,CD
2314136,4,EC 207,4,5.0,CD
2314136,4,EC 208,3,8.0,BB
2314136,4,EC 209,4,6.0,CC
2314136,4,EC 212,2,9.0,AB
2314136,4,EC 213,2,10.0,AA
2314136,4,EC 214,2,10.0,AA
2314137,4,EC 204,3,6.0,CC
2314137,4,EC 205,4,6.0,CC
2314137,4,EC 206,4,4.0,DD
2314137,4,EC 207,4,6.0,CC
2314137,4,EC 208,3,7.0,BC
2314137,4,EC 209,4,5.0,CD
2314137,4,EC 212,2,8.0,BB
2314137,4,EC 213,2,10.0,AA
2314137,4,EC 214,2,9.0,AB
2314138,4,EC 204,3,8.0,BB
2314138,4,EC 205,4,6.0,CC
2314138,4,EC 206,4,6.0,CC
2314138,4,EC 207,4,7.0,BC
2314138,4,EC 208,3,7.0,BC
2314138,4,EC 209,4,6.0,CC
2314138,4,EC 212,2,8.0,BB
2314138,4,EC 213,2,10.0,AA
2314138,4,EC 214,2,9.0,AB
2314139,4,EC 204,3,8.0,BB
2314139,4,EC 205,4,10.0,AA
2314139,4,EC 206,4,7.0,BC
2314139,4,EC 207,4,8.0,BB
2314139,4,EC 208,3,10.0,AA
2314139,4,EC 209,4,7.0,BC
2314139,4,EC 212,2,10.0,AA
2314139,4,EC 213,2,10.0,AA
2314139,4,EC 214,2,9.0,AB
2314140,4,EC 204,3,8.0,BB
2314140,4,EC 205,4,8.0,BB
2314140,4,EC 206,4,5.0,CD
2314140,4,EC 207,4,8.0,BB
2314140,4,EC 208,3,8.0,BB
2314140,4,EC 209,4,5.0,CD
2314140,4,EC 212,2,10.0,AA
2314140,4,EC 213,2,10.0,AA
2314140,4,EC 214,2,9.0,AB
2314141,4,EC 204,3,9.0,AB
2314141,4,EC 205,4,10.0,AA
2314141,4,EC 206,4,7.0,BC
2314141,4,EC 207,4,9.0,AB
2314141,4,EC 208,3,10.0,AA
2314141,4,EC 209,4,8.0,BB
2314141,4,EC 212,2,10.0,AA
2314141,4,EC 213,2,10.0,AA
2314141,4,EC 214,2,10.0,AA
2314142,4,EC 204,3,8.0,BB
2314142,4,EC 205,4,8.0,BB
2314142,4,EC 206,4,5.0,CD
2314142,4,EC 207,4,9.0,AB
2314142,4,EC 208,3,10.0,AA
2314142,4,EC 209,4,7.0,BC
2314142,4,EC 212,2,10.0,AA
2314142,4,EC 213,2,10.0,AA
2314142,4,EC 214,2,10.0,AA
2314143,4,EC 204,3,9.0,AB
2314143,4,EC 205,4,6.0,CC
2314143,4,EC 206,4,6.0,CC
2314143,4,EC 207,4,8.0,BB
2314143,4,EC 208,3,8.0,BB
2314143,4,EC 209,4,6.0,CC
2314143,4,EC 212,2,9.0,AB
2314143,4,EC 213,2,10.0,AA
2314143,4,EC 214,2,9.0,AB
2314144,4,EC 204,3,10.0,AA
2314144,4,EC 205,4,9.0,AB
2314144,4,EC 206,4,7.0,BC
2314144,4,EC 207,4,10.0,AA
2314144,4,EC 208,3,10.0,AA
2314144,4,EC 209,4,9.0,AB
2314144,4,EC 212,2,10.0,AA
2314144,4,EC 213,2,10.0,AA
2314144,4,EC 214,2,9.0,AB
2314145,4,EC 204,3,5.0,CD
2314145,4,EC 205,4,7.0,BC
2314145,4,EC 206,4,4.0,DD
2314145,4,EC 207,4,5.0,CD
2314145,4,EC 208,3,6.0,CC
2314145,4,EC 209,4,6.0,CC
2314145,4,EC 212,2,8.0,BB
2314145,4,EC 213,2,10.0,AA
2314145,4,EC 214,2,9.0,AB
2314146,4,EC 204,3,10.0,AA
2314146,4,EC 205,4,9.0,AB
2314146,4,EC 206,4,7.0,BC
2314146,4,EC 207,4,9.0,AB
2314146,4,EC 208,3,9.0,AB
2314146,4,EC 209,4,7.0,BC
2314146,4,EC 212,2,9.0,AB
2314146,4,EC 213,2,10.0,AA
2314146,4,EC 214,2,9.0,AB
2314147,4,EC 204,3,9.0,AB
2314147,4,EC 205,4,10.0,AA
2314147,4,EC 206,4,7.0,BC
2314147,4,EC 207,4,10.0,AA
2314147,4,EC 208,3,9.0,AB
2314147,4,EC 209,4,7.0,BC
2314147,4,EC 212,2,10.0,AA
2314147,4,EC 213,2,10.0,AA
2314147,4,EC 214,2,9.0,AB
2314148,4,EC 204,3,9.0,AB
2314148,4,EC 205,4,9.0,AB
2314148,4,EC 206,4,8.0,BB
2314148,4,EC 207,4,10.0,AA
2314148,4,EC 208,3,9.0,AB
2314148,4,EC 209,4,7.0,BC
2314148,4,EC 212,2,10.0,AA
2314148,4,EC 213,2,10.0,AA
2314148,4,EC 214,2,9.0,AB
2314149,4,EC 204,3,9.0,AB
2314149,4,EC 205,4,8.0,BB
2314149,4,EC 206,4,7.0,BC
2314149,4,EC 207,4,9.0,AB
2314149,4,EC 208,3,10.0,AA
2314149,4,EC 209,4,8.0,BB
2314149,4,EC 212,2,10.0,AA
2314149,4,EC 213,2,10.0,AA
2314149,4,EC 214,2,9.0,AB
2314151,4,EC 204,3,9.0,AB
2314151,4,EC 205,4,8.0,BB
2314151,4,EC 206,4,7.0,BC
2314151,4,EC 207,4,9.0,AB
2314151,4,EC 208,3,9.0,AB
2314151,4,EC 209,4,8.0,BB
2314151,4,EC 212,2,9.0,AB
2314151,4,EC 213,2,10.0,AA
2314151,4,EC 214,2,9.0,AB
2314152,4,EC 204,3,10.0,AA
2314152,4,EC 205,4,9.0,AB
2314152,4,EC 206,4,8.0,BB
2314152,4,EC 207,4,7.0,BC
2314152,4,EC 208,3,10.0,AA
2314152,4,EC 209,4,8.0,BB
2314152,4,EC 212,2,10.0,AA
2314152,4,EC 213,2,10.0,AA
2314152,4,EC 214,2,10.0,AA
2314153,4,EC 204,3,7.0,BC
2314153,4,EC 205,4,8.0,BB
2314153,4,EC 206,4,5.0,CD
2314153,4,EC 207,4,7.0,BC
2314153,4,EC 208,3,10.0,AA
2314153,4,EC 209,4,8.0,BB
2314153,4,EC 212,2,9.0,AB
2314153,4,EC 213,2,10.0,AA
2314153,4,EC 214,2,10.0,AA
2314154,4,EC 204,3,10.0,AA
2314154,4,EC 205,4,10.0,AA
2314154,4,EC 206,4,8.0,BB
2314154,4,EC 207,4,9.0,AB
2314154,4,EC 208,3,10.0,AA
2314154,4,EC 209,4,8.0,BB
2314154,4,EC 212,2,9.0,AB
2314154,4,EC 213,2,10.0,AA
2314154,4,EC 214,2,9.0,AB
2314155,4,EC 204,3,8.0,BB
2314155,4,EC 205,4,8.0,BB
2314155,4,EC 206,4,6.0,CC
2314155,4,EC 207,4,7.0,BC
2314155,4,EC 208,3,8.0,BB
2314155,4,EC 209,4,6.0,CC
2314155,4,EC 212,2,9.0,AB
2314155,4,EC 213,2,10.0,AA
2314155,4,EC 214,2,9.0,AB
2314156,4,EC 204,3,8.0,BB
2314156,4,EC 205,4,8.0,BB
2314156,4,EC 206,4,5.0,CD
2314156,4,EC 207,4,8.0,BB
2314156,4,EC 208,3,9.0,AB
2314156,4,EC 209,4,7.0,BC
2314156,4,EC 212,2,9.0,AB
2314156,4,EC 213,2,10.0,AA
2314156,4,EC 214,2,9.0,AB
2314157,4,EC 204,3,8.0,BB
2314157,4,EC 205,4,9.0,AB
2314157,4,EC 206,4,7.0,BC
2314157,4,EC 207,4,8.0,BB
2314157,4,EC 208,3,9.0,AB
2314157,4,EC 209,4,8.0,BB
2314157,4,EC 212,2,8.0,BB
2314157,4,EC 213,2,10.0,AA
2314157,4,EC 214,2,10.0,AA
2314158,4,EC 204,3,8.0,BB
2314158,4,EC 205,NA,,NA
2314158,4,EC 206,4,5.0,CD
2314158,4,EC 207,4,7.0,BC
2314158,4,EC 208,3,7.0,BC
2314158,4,EC 209,4,6.0,CC
2314158,4,EC 212,2,9.0,AB
2314158,4,EC 213,2,10.0,AA
2314158,4,EC 214,2,10.0,AA
2314159,4,EC 204,3,8.0,BB
2314159,4,EC 205,4,7.0,BC
2314159,4,EC 206,4,6.0,CC
2314159,4,EC 207,4,8.0,BB
2314159,4,EC 208,3,10.0,AA
2314159,4,EC 209,4,8.0,BB
2314159,4,EC 212,2,9.0,AB
2314159,4,EC 213,2,10.0,AA
2314159,4,EC 214,2,10.0,AA
2314160,4,EC 204,3,9.0,AB
2314160,4,EC 205,4,8.0,BB
2314160,4,EC 206,4,7.0,BC
2314160,4,EC 207,4,6.0,CC
2314160,4,EC 208,3,10.0,AA
2314160,4,EC 209,4,8.0,BB
2314160,4,EC 212,2,9.0,AB
2314160,4,EC 213,2,10.0,AA
2314160,4,EC 214,2,9.0,AB
2314161,4,EC 204,3,6.0,CC
2314161,4,EC 205,4,5.0,CD
2314161,4,EC 206,4,4.0,DD
2314161,4,EC 207,4,7.0,BC
2314161,4,EC 208,3,5.0,CD
2314161,4,EC 209,4,7.0,BC
2314161,4,EC 212,2,8.0,BB
2314161,4,EC 213,2,10.0,AA
2314161,4,EC 214,2,10.0,AA
2314162,4,EC 204,3,5.0,CD
2314162,4,EC 205,4,4.0,DD
2314162,4,EC 206,4,0.0,F
2314162,4,EC 207,4,0.0,F
2314162,4,EC 208,3,4.0,DD
2314162,4,EC 209,4,0.0,F
2314162,4,EC 212,2,8.0,BB
2314162,4,EC 213,2,10.0,AA
2314162,4,EC 214,2,9.0,AB
2314163,4,EC 204,3,5.0,CD
2314163,4,EC 205,4,4.0,DD
2314163,4,EC 206,4,0.0,F
2314163,4,EC 207,4,6.0,CC
2314163,4,EC 208,3,5.0,CD
2314163,4,EC 209,4,0.0,F
2314163,4,EC 212,2,9.0,AB
2314163,4,EC 213,2,10.0,AA
2314163,4,EC 214,2,9.0,AB
2314164,4,EC 204,3,8.0,BB
2314164,4,EC 205,4,6.0,CC
2314164,4,EC 206,4,6.0,CC
2314164,4,EC 207,4,7.0,BC
2314164,4,EC 208,3,7.0,BC
2314164,4,EC 209,4,5.0,CD
2314164,4,EC 212,2,9.0,AB
2314164,4,EC 213,2,10.0,AA
2314164,4,EC 214,2,9.0,AB
2314165,4,EC 204,3,10.0,AA
2314165,4,EC 205,4,10.0,AA
2314165,4,EC 206,4,10.0,AA
2314165,4,EC 207,4,9.0,AB
2314165,4,EC 208,3,10.0,AA
2314165,4,EC 209,4,10.0,AA
2314165,4,EC 212,2,10.0,AA
2314165,4,EC 213,2,10.0,AA
2314165,4,EC 214,2,10.0,AA
2314166,4,EC 204,3,10.0,AA
2314166,4,EC 205,4,10.0,AA
2314166,4,EC 206,4,9.0,AB
2314166,4,EC 207,4,8.0,BB
2314166,4,EC 208,3,10.0,AA
2314166,4,EC 209,4,10.0,AA
2314166,4,EC 212,2,10.0,AA
2314166,4,EC 213,2,10.0,AA
2314166,4,EC 214,2,10.0,AA
2314167,4,EC 204,3,10.0,AA
2314167,4,EC 205,4,9.0,AB
2314167,4,EC 206,4,8.0,BB
2314167,4,EC 207,4,9.0,AB
2314167,4,EC 208,3,9.0,AB
2314167,4,EC 209,4,10.0,AA
2314167,4,EC 212,2,10.0,AA
2314167,4,EC 213,2,10.0,AA
2314167,4,EC 214,2,10.0,AA
2314168,4,EC 204,3,10.0,AA
2314168,4,EC 205,4,10.0,AA
2314168,4,EC 206,4,10.0,AA
2314168,4,EC 207,4,9.0,AB
2314168,4,EC 208,3,10.0,AA
2314168,4,EC 209,4,10.0,AA
2314168,4,EC 212,2,10.0,AA
2314168,4,EC 213,2,10.0,AA
2314168,4,EC 214,2,10.0,AA
2314169,4,EC 204,3,10.0,AA
2314169,4,EC 205,4,7.0,BC
2314169,4,EC 206,4,8.0,BB
2314169,4,EC 207,4,8.0,BB
2314169,4,EC 208,3,9.0,AB
2314169,4,EC 209,4,10.0,AA
2314169,4,EC 212,2,9.0,AB
2314169,4,EC 213,2,9.0,AB
2314169,4,EC 214,2,9.0,AB
2314170,4,EC 204,3,10.0,AA
2314170,4,EC 205,4,10.0,AA
2314170,4,EC 206,4,9.0,AB
2314170,4,EC 207,4,9.0,AB
2314170,4,EC 208,3,10.0,AA
2314170,4,EC 209,4,10.0,AA
2314170,4,EC 212,2,10.0,AA
2314170,4,EC 213,2,10.0,AA
2314170,4,EC 214,2,10.0,AA
2314171,4,EC 204,3,9.0,AB
2314171,4,EC 205,4,9.0,AB
2314171,4,EC 206,4,9.0,AB
2314171,4,EC 207,4,9.0,AB
2314171,4,EC 208,3,9.0,AB
2314171,4,EC 209,4,10.0,AA
2314171,4,EC 212,2,9.0,AB
2314171,4,EC 213,2,10.0,AA
2314171,4,EC 214,2,10.0,AA
2314172,4,EC 204,3,9.0,AB
2314172,4,EC 205,4,7.0,BC
2314172,4,EC 206,4,9.0,AB
2314172,4,EC 207,4,7.0,BC
2314172,4,EC 208,3,9.0,AB
2314172,4,EC 209,4,9.0,AB
2314172,4,EC 212,2,10.0,AA
2314172,4,EC 213,2,10.0,AA
2314172,4,EC 214,2,10.0,AA
2314173,4,EC 204,3,10.0,AA
2314173,4,EC 205,4,9.0,AB
2314173,4,EC 206,4,8.0,BB
2314173,4,EC 207,4,7.0,BC
2314173,4,EC 208,3,9.0,AB
2314173,4,EC 209,4,10.0,AA
2314173,4,EC 212,2,10.0,AA
2314173,4,EC 213,2,10.0,AA
2314173,4,EC 214,2,10.0,AA
2314174,4,EC 204,3,9.0,AB
2314174,4,EC 205,4,8.0,BB
2314174,4,EC 206,4,6.0,CC
2314174,4,EC 207,4,8.0,BB
2314174,4,EC 208,3,9.0,AB
2314174,4,EC 209,4,7.0,BC
2314174,4,EC 212,2,9.0,AB
2314174,4,EC 213,2,10.0,AA
2314174,4,EC 214,2,10.0,AA
2314175,4,EC 204,3,8.0,BB
2314175,4,EC 205,4,7.0,BC
2314175,4,EC 206,4,6.0,CC
2314175,4,EC 207,4,8.0,BB
2314175,4,EC 208,3,10.0,AA
2314175,4,EC 209,4,7.0,BC
2314175,4,EC 212,2,10.0,AA
2314175,4,EC 213,2,10.0,AA
2314175,4,EC 214,2,10.0,AA
2314176,4,EC 204,3,10.0,AA
2314176,4,EC 205,4,9.0,AB
2314176,4,EC 206,4,8.0,BB
2314176,4,EC 207,4,9.0,AB
2314176,4,EC 208,3,10.0,AA
2314176,4,EC 209,4,8.0,BB
2314176,4,EC 212,2,10.0,AA
2314176,4,EC 213,2,10.0,AA
2314176,4,EC 214,2,10.0,AA
2314177,4,EC 204,3,9.0,AB
2314177,4,EC 205,4,10.0,AA
2314177,4,EC 206,4,7.0,BC
2314177,4,EC 207,4,9.0,AB
2314177,4,EC 208,3,10.0,AA
2314177,4,EC 209,4,7.0,BC
2314177,4,EC 212,2,10.0,AA
2314177,4,EC 213,2,10.0,AA
2314177,4,EC 214,2,10.0,AA
2314178,4,EC 204,3,10.0,AA
2314178,4,EC 205,4,8.0,BB
2314178,4,EC 206,4,8.0,BB
2314178,4,EC 207,4,6.0,CC
2314178,4,EC 208,3,9.0,AB
2314178,4,EC 209,4,9.0,AB
2314178,4,EC 212,2,10.0,AA
2314178,4,EC 213,2,10.0,AA
2314178,4,EC 214,2,10.0,AA
2314179,4,EC 204,3,10.0,AA
2314179,4,EC 205,4,10.0,AA
2314179,4,EC 206,4,8.0,BB
2314179,4,EC 207,4,10.0,AA
2314179,4,EC 208,3,10.0,AA
2314179,4,EC 209,4,9.0,AB
2314179,4,EC 212,2,10.0,AA
2314179,4,EC 213,2,10.0,AA
2314179,4,EC 214,2,10.0,AA
2314180,4,EC 204,3,9.0,AB
2314180,4,EC 205,4,8.0,BB
2314180,4,EC 206,4,8.0,BB
2314180,4,EC 207,4,7.0,BC
2314180,4,EC 208,3,9.0,AB
2314180,4,EC 209,4,8.0,BB
2314180,4,EC 212,2,10.0,AA
2314180,4,EC 213,2,10.0,AA
2314180,4,EC 214,2,9.0,AB
2314181,4,EC 204,3,8.0,BB
2314181,4,EC 205,4,8.0,BB
2314181,4,EC 206,4,7.0,BC
2314181,4,EC 207,4,6.0,CC
2314181,4,EC 208,3,9.0,AB
2314181,4,EC 209,4,7.0,BC
2314181,4,EC 212,2,10.0,AA
2314181,4,EC 213,2,10.0,AA
2314181,4,EC 214,2,9.0,AB
2314182,4,EC 204,3,9.0,AB
2314182,4,EC 205,4,8.0,BB
2314182,4,EC 206,4,7.0,BC
2314182,4,EC 207,4,8.0,BB
2314182,4,EC 208,3,10.0,AA
2314182,4,EC 209,4,8.0,BB
2314182,4,EC 212,2,10.0,AA
2314182,4,EC 213,2,9.0,AB
2314182,4,EC 214,2,9.0,AB
2315003,4,EI 204,4,9.0,AB
2315003,4,EI 205,4,7.0,BC
2315003,4,EI 206,4,9.0,AB
2315003,4,EI 207,4,9.0,AB
2315003,4,EI 208,3,6.0,CC
2315003,4,EI 214,2,10.0,AA
2315003,4,EI 215,2,8.0,BB
2315003,4,EI 216,2,10.0,AA
2315003,4,EI 217,2,10.0,AA
2315004,4,EI 204,4,6.0,CC
2315004,4,EI 205,4,6.0,CC
2315004,4,EI 206,4,6.0,CC
2315004,4,EI 207,4,0.0,F
2315004,4,EI 208,3,5.0,CD
2315004,4,EI 214,2,9.0,AB
2315004,4,EI 215,2,8.0,BB
2315004,4,EI 216,2,9.0,AB
2315004,4,EI 217,2,10.0,AA
2315005,4,EI 204,4,9.0,AB
2315005,4,EI 205,4,10.0,AA
2315005,4,EI 206,4,10.0,AA
2315005,4,EI 207,4,9.0,AB
2315005,4,EI 208,3,10.0,AA
2315005,4,EI 214,2,10.0,AA
2315005,4,EI 215,2,10.0,AA
2315005,4,EI 216,2,10.0,AA
2315005,4,EI 217,2,10.0,AA
2315006,4,EI 204,4,9.0,AB
2315006,4,EI 205,4,5.0,CD
2315006,4,EI 206,4,9.0,AB
2315006,4,EI 207,4,6.0,CC
2315006,4,EI 208,3,6.0,CC
2315006,4,EI 214,2,9.0,AB
2315006,4,EI 215,2,9.0,AB
2315006,4,EI 216,2,10.0,AA
2315006,4,EI 217,2,10.0,AA
2315007,4,EI 204,4,10.0,AA
2315007,4,EI 205,4,10.0,AA
2315007,4,EI 206,4,10.0,AA
2315007,4,EI 207,4,8.0,BB
2315007,4,EI 208,3,10.0,AA
2315007,4,EI 214,2,10.0,AA
2315007,4,EI 215,2,9.0,AB
2315007,4,EI 216,2,10.0,AA
2315007,4,EI 217,2,10.0,AA
2315008,4,EI 204,4,9.0,AB
2315008,4,EI 205,4,10.0,AA
2315008,4,EI 206,4,10.0,AA
2315008,4,EI 207,4,8.0,BB
2315008,4,EI 208,3,8.0,BB
2315008,4,EI 214,2,10.0,AA
2315008,4,EI 215,2,8.0,BB
2315008,4,EI 216,2,10.0,AA
2315008,4,EI 217,2,10.0,AA
2315009,4,EI 204,4,9.0,AB
2315009,4,EI 205,4,8.0,BB
2315009,4,EI 206,4,9.0,AB
2315009,4,EI 207,4,8.0,BB
2315009,4,EI 208,3,9.0,AB
2315009,4,EI 214,2,10.0,AA
2315009,4,EI 215,2,10.0,AA
2315009,4,EI 216,2,10.0,AA
2315009,4,EI 217,2,10.0,AA
2315010,4,EI 204,4,10.0,AA
2315010,4,EI 205,4,10.0,AA
2315010,4,EI 206,4,10.0,AA
2315010,4,EI 207,4,8.0,BB
2315010,4,EI 208,3,10.0,AA
2315010,4,EI 214,2,10.0,AA
2315010,4,EI 215,2,10.0,AA
2315010,4,EI 216,2,10.0,AA
2315010,4,EI 217,2,10.0,AA
2315011,4,EI 204,4,10.0,AA
2315011,4,EI 205,4,8.0,BB
2315011,4,EI 206,4,9.0,AB
2315011,4,EI 207,4,9.0,AB
2315011,4,EI 208,3,10.0,AA
2315011,4,EI 214,2,10.0,AA
2315011,4,EI 215,2,9.0,AB
2315011,4,EI 216,2,10.0,AA
2315011,4,EI 217,2,10.0,AA
2315012,4,EI 204,4,10.0,AA
2315012,4,EI 205,4,10.0,AA
2315012,4,EI 206,4,9.0,AB
2315012,4,EI 207,4,7.0,BC
2315012,4,EI 208,3,9.0,AB
2315012,4,EI 214,2,10.0,AA
2315012,4,EI 215,2,9.0,AB
2315012,4,EI 216,2,10.0,AA
2315012,4,EI 217,2,10.0,AA
2315014,4,EI 204,4,9.0,AB
2315014,4,EI 205,4,7.0,BC
2315014,4,EI 206,4,6.0,CC
2315014,4,EI 207,4,6.0,CC
2315014,4,EI 208,3,10.0,AA
2315014,4,EI 214,2,9.0,AB
2315014,4,EI 215,2,8.0,BB
2315014,4,EI 216,2,10.0,AA
2315014,4,EI 217,2,10.0,AA
2315015,4,EI 204,4,8.0,BB
2315015,4,EI 205,4,8.0,BB
2315015,4,EI 206,4,8.0,BB
2315015,4,EI 207,4,6.0,CC
2315015,4,EI 208,3,7.0,BC
2315015,4,EI 214,2,10.0,AA
2315015,4,EI 215,2,8.0,BB
2315015,4,EI 216,2,10.0,AA
2315015,4,EI 217,2,10.0,AA
2315016,4,EI 204,4,9.0,AB
2315016,4,EI 205,4,6.0,CC
2315016,4,EI 206,4,9.0,AB
2315016,4,EI 207,4,8.0,BB
2315016,4,EI 208,3,9.0,AB
2315016,4,EI 214,2,10.0,AA
2315016,4,EI 215,2,9.0,AB
2315016,4,EI 216,2,10.0,AA
2315016,4,EI 217,2,10.0,AA
2315017,4,EI 204,4,7.0,BC
2315017,4,EI 205,4,9.0,AB
2315017,4,EI 206,4,8.0,BB
2315017,4,EI 207,4,6.0,CC
2315017,4,EI 208,3,9.0,AB
2315017,4,EI 214,2,10.0,AA
2315017,4,EI 215,2,9.0,AB
2315017,4,EI 216,2,10.0,AA
2315017,4,EI 217,2,10.0,AA
2315018,4,EI 204,4,8.0,BB
2315018,4,EI 205,4,8.0,BB
2315018,4,EI 206,4,7.0,BC
2315018,4,EI 207,4,8.0,BB
2315018,4,EI 208,3,7.0,BC
2315018,4,EI 214,2,9.0,AB
2315018,4,EI 215,2,9.0,AB
2315018,4,EI 216,2,10.0,AA
2315018,4,EI 217,2,10.0,AA
2315019,4,EI 204,4,9.0,AB
2315019,4,EI 205,4,9.0,AB
2315019,4,EI 206,4,7.0,BC
2315019,4,EI 207,4,6.0,CC
2315019,4,EI 208,3,8.0,BB
2315019,4,EI 214,2,10.0,AA
2315019,4,EI 215,2,9.0,AB
2315019,4,EI 216,2,9.0,AB
2315019,4,EI 217,2,10.0,AA
2315020,4,EI 204,4,7.0,BC
2315020,4,EI 205,4,7.0,BC
2315020,4,EI 206,4,8.0,BB
2315020,4,EI 207,4,8.0,BB
2315020,4,EI 208,3,7.0,BC
2315020,4,EI 214,2,10.0,AA
2315020,4,EI 215,2,9.0,AB
2315020,4,EI 216,2,10.0,AA
2315020,4,EI 217,2,10.0,AA
2315021,4,EI 204,4,10.0,AA
2315021,4,EI 205,4,8.0,BB
2315021,4,EI 206,4,7.0,BC
2315021,4,EI 207,4,7.0,BC
2315021,4,EI 208,3,9.0,AB
2315021,4,EI 214,2,9.0,AB
2315021,4,EI 215,2,9.0,AB
2315021,4,EI 216,2,10.0,AA
2315021,4,EI 217,2,10.0,AA
2315022,4,EI 204,4,9.0,AB
2315022,4,EI 205,4,9.0,AB
2315022,4,EI 206,4,7.0,BC
2315022,4,EI 207,4,8.0,BB
2315022,4,EI 208,3,8.0,BB
2315022,4,EI 214,2,10.0,AA
2315022,4,EI 215,2,9.0,AB
2315022,4,EI 216,2,10.0,AA
2315022,4,EI 217,2,10.0,AA
2315023,4,EI 204,4,9.0,AB
2315023,4,EI 205,4,8.0,BB
2315023,4,EI 206,4,9.0,AB
2315023,4,EI 207,4,7.0,BC
2315023,4,EI 208,3,9.0,AB
2315023,4,EI 214,2,10.0,AA
2315023,4,EI 215,2,9.0,AB
2315023,4,EI 216,2,10.0,AA
2315023,4,EI 217,2,9.0,AB
2315024,4,EI 204,4,9.0,AB
2315024,4,EI 205,4,8.0,BB
2315024,4,EI 206,4,7.0,BC
2315024,4,EI 207,4,7.0,BC
2315024,4,EI 208,3,7.0,BC
2315024,4,EI 214,2,10.0,AA
2315024,4,EI 215,2,9.0,AB
2315024,4,EI 216,2,10.0,AA
2315024,4,EI 217,2,10.0,AA
2315025,4,EI 204,4,9.0,AB
2315025,4,EI 205,4,8.0,BB
2315025,4,EI 206,4,8.0,BB
2315025,4,EI 207,4,9.0,AB
2315025,4,EI 208,3,9.0,AB
2315025,4,EI 214,2,10.0,AA
2315025,4,EI 215,2,9.0,AB
2315025,4,EI 216,2,10.0,AA
2315025,4,EI 217,2,10.0,AA
2315026,4,EI 204,4,7.0,BC
2315026,4,EI 205,4,5.0,CD
2315026,4,EI 206,4,6.0,CC
2315026,4,EI 207,4,5.0,CD
2315026,4,EI 208,3,7.0,BC
2315026,4,EI 214,2,10.0,AA
2315026,4,EI 215,2,9.0,AB
2315026,4,EI 216,2,10.0,AA
2315026,4,EI 217,2,10.0,AA
2315027,4,EI 204,4,10.0,AA
2315027,4,EI 205,4,6.0,CC
2315027,4,EI 206,4,7.0,BC
2315027,4,EI 207,4,5.0,CD
2315027,4,EI 208,3,7.0,BC
2315027,4,EI 214,2,9.0,AB
2315027,4,EI 215,2,9.0,AB
2315027,4,EI 216,2,10.0,AA
2315027,4,EI 217,2,10.0,AA
2315028,4,EI 204,4,10.0,AA
2315028,4,EI 205,4,9.0,AB
2315028,4,EI 206,4,8.0,BB
2315028,4,EI 207,4,9.0,AB
2315028,4,EI 208,3,10.0,AA
2315028,4,EI 214,2,10.0,AA
2315028,4,EI 215,2,10.0,AA
2315028,4,EI 216,2,10.0,AA
2315028,4,EI 217,2,10.0,AA
2315029,4,EI 204,4,6.0,CC
2315029,4,EI 205,4,4.0,DD
2315029,4,EI 206,4,5.0,CD
2315029,4,EI 207,4,5.0,CD
2315029,4,EI 208,3,5.0,CD
2315029,4,EI 214,2,9.0,AB
2315029,4,EI 215,2,8.0,BB
2315029,4,EI 216,2,10.0,AA
2315029,4,EI 217,2,8.0,BB
2315030,4,EI 204,4,6.0,CC
2315030,4,EI 205,4,6.0,CC
2315030,4,EI 206,4,8.0,BB
2315030,4,EI 207,4,8.0,BB
2315030,4,EI 208,3,7.0,BC
2315030,4,EI 214,2,9.0,AB
2315030,4,EI 215,2,8.0,BB
2315030,4,EI 216,2,10.0,AA
2315030,4,EI 217,2,10.0,AA
2315032,4,EI 204,4,9.0,AB
2315032,4,EI 205,4,8.0,BB
2315032,4,EI 206,4,8.0,BB
2315032,4,EI 207,4,6.0,CC
2315032,4,EI 208,3,9.0,AB
2315032,4,EI 214,2,10.0,AA
2315032,4,EI 215,2,9.0,AB
2315032,4,EI 216,2,10.0,AA
2315032,4,EI 217,2,10.0,AA
2315033,4,EI 204,4,6.0,CC
2315033,4,EI 205,4,5.0,CD
2315033,4,EI 206,4,8.0,BB
2315033,4,EI 207,4,4.0,DD
2315033,4,EI 208,3,6.0,CC
2315033,4,EI 214,2,8.0,BB
2315033,4,EI 215,2,8.0,BB
2315033,4,EI 216,2,9.0,AB
2315033,4,EI 217,2,8.0,BB
2315034,4,EI 204,4,8.0,BB
2315034,4,EI 205,4,9.0,AB
2315034,4,EI 206,4,8.0,BB
2315034,4,EI 207,4,8.0,BB
2315034,4,EI 208,3,9.0,AB
2315034,4,EI 214,2,10.0,AA
2315034,4,EI 215,2,9.0,AB
2315034,4,EI 216,2,10.0,AA
2315034,4,EI 217,2,10.0,AA
2315035,4,EI 204,4,8.0,BB
2315035,4,EI 205,4,7.0,BC
2315035,4,EI 206,4,8.0,BB
2315035,4,EI 207,4,7.0,BC
2315035,4,EI 208,3,7.0,BC
2315035,4,EI 214,2,10.0,AA
2315035,4,EI 215,2,9.0,AB
2315035,4,EI 216,2,10.0,AA
2315035,4,EI 217,2,8.0,BB
2315036,4,EI 204,4,9.0,AB
2315036,4,EI 205,4,9.0,AB
2315036,4,EI 206,4,8.0,BB
2315036,4,EI 207,4,7.0,BC
2315036,4,EI 208,3,8.0,BB
2315036,4,EI 214,2,10.0,AA
2315036,4,EI 215,2,9.0,AB
2315036,4,EI 216,2,10.0,AA
2315036,4,EI 217,2,9.0,AB
2315037,4,EI 204,4,8.0,BB
2315037,4,EI 205,4,8.0,BB
2315037,4,EI 206,4,10.0,AA
2315037,4,EI 207,4,7.0,BC
2315037,4,EI 208,3,10.0,AA
2315037,4,EI 214,2,10.0,AA
2315037,4,EI 215,2,9.0,AB
2315037,4,EI 216,2,10.0,AA
2315037,4,EI 217,2,10.0,AA
2315038,4,EI 204,4,9.0,AB
2315038,4,EI 205,4,9.0,AB
2315038,4,EI 206,4,8.0,BB
2315038,4,EI 207,4,8.0,BB
2315038,4,EI 208,3,10.0,AA
2315038,4,EI 214,2,10.0,AA
2315038,4,EI 215,2,10.0,AA
2315038,4,EI 216,2,10.0,AA
2315038,4,EI 217,2,10.0,AA
2315039,4,EI 204,4,9.0,AB
2315039,4,EI 205,4,8.0,BB
2315039,4,EI 206,4,9.0,AB
2315039,4,EI 207,4,9.0,AB
2315039,4,EI 208,3,9.0,AB
2315039,4,EI 214,2,10.0,AA
2315039,4,EI 215,2,9.0,AB
2315039,4,EI 216,2,10.0,AA
2315039,4,EI 217,2,10.0,AA
2315040,4,EI 204,4,8.0,BB
2315040,4,EI 205,4,10.0,AA
2315040,4,EI 206,4,8.0,BB
2315040,4,EI 207,4,8.0,BB
2315040,4,EI 208,3,10.0,AA
2315040,4,EI 214,2,10.0,AA
2315040,4,EI 215,2,10.0,AA
2315040,4,EI 216,2,10.0,AA
2315040,4,EI 217,2,10.0,AA
2315041,4,EI 204,4,9.0,AB
2315041,4,EI 205,4,10.0,AA
2315041,4,EI 206,4,9.0,AB
2315041,4,EI 207,4,9.0,AB
2315041,4,EI 208,3,9.0,AB
2315041,4,EI 214,2,9.0,AB
2315041,4,EI 215,2,10.0,AA
2315041,4,EI 216,2,10.0,AA
2315041,4,EI 217,2,10.0,AA
2315042,4,EI 204,4,8.0,BB
2315042,4,EI 205,4,9.0,AB
2315042,4,EI 206,4,10.0,AA
2315042,4,EI 207,4,8.0,BB
2315042,4,EI 208,3,9.0,AB
2315042,4,EI 214,2,10.0,AA
2315042,4,EI 215,2,10.0,AA
2315042,4,EI 216,2,10.0,AA
2315042,4,EI 217,2,9.0,AB
2315044,4,EI 204,4,6.0,CC
2315044,4,EI 205,4,5.0,CD
2315044,4,EI 206,4,6.0,CC
2315044,4,EI 207,4,5.0,CD
2315044,4,EI 208,3,7.0,BC
2315044,4,EI 214,2,8.0,BB
2315044,4,EI 215,2,8.0,BB
2315044,4,EI 216,2,10.0,AA
2315044,4,EI 217,2,9.0,AB
2315045,4,EI 204,4,7.0,BC
2315045,4,EI 205,4,7.0,BC
2315045,4,EI 206,4,6.0,CC
2315045,4,EI 207,4,5.0,CD
2315045,4,EI 208,3,7.0,BC
2315045,4,EI 214,2,9.0,AB
2315045,4,EI 215,2,8.0,BB
2315045,4,EI 216,2,10.0,AA
2315045,4,EI 217,2,9.0,AB
2315046,4,EI 204,4,8.0,BB
2315046,4,EI 205,4,8.0,BB
2315046,4,EI 206,4,8.0,BB
2315046,4,EI 207,4,9.0,AB
2315046,4,EI 208,3,8.0,BB
2315046,4,EI 214,2,10.0,AA
2315046,4,EI 215,2,9.0,AB
2315046,4,EI 216,2,10.0,AA
2315046,4,EI 217,2,10.0,AA
2315047,4,EI 204,4,8.0,BB
2315047,4,EI 205,4,7.0,BC
2315047,4,EI 206,4,6.0,CC
2315047,4,EI 207,4,4.0,DD
2315047,4,EI 208,3,6.0,CC
2315047,4,EI 214,2,10.0,AA
2315047,4,EI 215,2,8.0,BB
2315047,4,EI 216,2,10.0,AA
2315047,4,EI 217,2,9.0,AB
2315048,4,EI 204,4,8.0,BB
2315048,4,EI 205,4,9.0,AB
2315048,4,EI 206,4,8.0,BB
2315048,4,EI 207,4,8.0,BB
2315048,4,EI 208,3,9.0,AB
2315048,4,EI 214,2,9.0,AB
2315048,4,EI 215,2,9.0,AB
2315048,4,EI 216,2,10.0,AA
2315048,4,EI 217,2,9.0,AB
2315049,4,EI 204,4,7.0,BC
2315049,4,EI 205,4,7.0,BC
2315049,4,EI 206,4,6.0,CC
2315049,4,EI 207,4,6.0,CC
2315049,4,EI 208,3,6.0,CC
2315049,4,EI 214,2,10.0,AA
2315049,4,EI 215,2,8.0,BB
2315049,4,EI 216,2,10.0,AA
2315049,4,EI 217,2,9.0,AB
2315050,4,EI 204,4,8.0,BB
2315050,4,EI 205,4,9.0,AB
2315050,4,EI 206,4,10.0,AA
2315050,4,EI 207,4,7.0,BC
2315050,4,EI 208,3,9.0,AB
2315050,4,EI 214,2,10.0,AA
2315050,4,EI 215,2,10.0,AA
2315050,4,EI 216,2,10.0,AA
2315050,4,EI 217,2,10.0,AA
2315051,4,EI 204,4,7.0,BC
2315051,4,EI 205,4,10.0,AA
2315051,4,EI 206,4,8.0,BB
2315051,4,EI 207,4,7.0,BC
2315051,4,EI 208,3,8.0,BB
2315051,4,EI 214,2,10.0,AA
2315051,4,EI 215,2,9.0,AB
2315051,4,EI 216,2,10.0,AA
2315051,4,EI 217,2,10.0,AA
2315053,4,EI 204,4,9.0,AB
2315053,4,EI 205,4,8.0,BB
2315053,4,EI 206,4,10.0,AA
2315053,4,EI 207,4,7.0,BC
2315053,4,EI 208,3,8.0,BB
2315053,4,EI 214,2,10.0,AA
2315053,4,EI 215,2,9.0,AB
2315053,4,EI 216,2,10.0,AA
2315053,4,EI 217,2,9.0,AB
2315054,4,EI 204,4,8.0,BB
2315054,4,EI 205,4,5.0,CD
2315054,4,EI 206,4,5.0,CD
2315054,4,EI 207,4,6.0,CC
2315054,4,EI 208,3,8.0,BB
2315054,4,EI 214,2,10.0,AA
2315054,4,EI 215,2,8.0,BB
2315054,4,EI 216,2,10.0,AA
2315054,4,EI 217,2,10.0,AA
2315055,4,EI 204,4,9.0,AB
2315055,4,EI 205,4,9.0,AB
2315055,4,EI 206,4,9.0,AB
2315055,4,EI 207,4,8.0,BB
2315055,4,EI 208,3,10.0,AA
2315055,4,EI 214,2,10.0,AA
2315055,4,EI 215,2,9.0,AB
2315055,4,EI 216,2,10.0,AA
2315055,4,EI 217,2,10.0,AA
2315056,4,EI 204,4,9.0,AB
2315056,4,EI 205,4,8.0,BB
2315056,4,EI 206,4,8.0,BB
2315056,4,EI 207,4,8.0,BB
2315056,4,EI 208,3,9.0,AB
2315056,4,EI 214,2,8.0,BB
2315056,4,EI 215,2,9.0,AB
2315056,4,EI 216,2,10.0,AA
2315056,4,EI 217,2,10.0,AA
2315057,4,EI 204,4,9.0,AB
2315057,4,EI 205,4,9.0,AB
2315057,4,EI 206,4,9.0,AB
2315057,4,EI 207,4,7.0,BC
2315057,4,EI 208,3,10.0,AA
2315057,4,EI 214,2,10.0,AA
2315057,4,EI 215,2,9.0,AB
2315057,4,EI 216,2,10.0,AA
2315057,4,EI 217,2,10.0,AA
2315058,4,EI 204,4,8.0,BB
2315058,4,EI 205,4,8.0,BB
2315058,4,EI 206,4,6.0,CC
2315058,4,EI 207,4,7.0,BC
2315058,4,EI 208,3,9.0,AB
2315058,4,EI 214,2,10.0,AA
2315058,4,EI 215,2,10.0,AA
2315058,4,EI 216,2,10.0,AA
2315058,4,EI 217,2,10.0,AA
2315059,4,EI 204,4,9.0,AB
2315059,4,EI 205,4,8.0,BB
2315059,4,EI 206,4,7.0,BC
2315059,4,EI 207,4,7.0,BC
2315059,4,EI 208,3,9.0,AB
2315059,4,EI 214,2,10.0,AA
2315059,4,EI 215,2,9.0,AB
2315059,4,EI 216,2,10.0,AA
2315059,4,EI 217,2,9.0,AB
2315060,4,EI 204,4,8.0,BB
2315060,4,EI 205,4,7.0,BC
2315060,4,EI 206,4,7.0,BC
2315060,4,EI 207,4,7.0,BC
2315060,4,EI 208,3,8.0,BB
2315060,4,EI 214,2,10.0,AA
2315060,4,EI 215,2,9.0,AB
2315060,4,EI 216,2,10.0,AA
2315060,4,EI 217,2,10.0,AA
2315061,4,EI 204,4,8.0,BB
2315061,4,EI 205,4,8.0,BB
2315061,4,EI 206,4,6.0,CC
2315061,4,EI 207,4,8.0,BB
2315061,4,EI 208,3,8.0,BB
2315061,4,EI 214,2,10.0,AA
2315061,4,EI 215,2,8.0,BB
2315061,4,EI 216,2,10.0,AA
2315061,4,EI 217,2,10.0,AA
2315062,4,EI 204,4,7.0,BC
2315062,4,EI 205,4,5.0,CD
2315062,4,EI 206,4,5.0,CD
2315062,4,EI 207,4,4.0,DD
2315062,4,EI 208,3,6.0,CC
2315062,4,EI 214,2,10.0,AA
2315062,4,EI 215,2,9.0,AB
2315062,4,EI 216,2,9.0,AB
2315062,4,EI 217,2,9.0,AB
2315063,4,EI 204,4,8.0,BB
2315063,4,EI 205,4,8.0,BB
2315063,4,EI 206,4,8.0,BB
2315063,4,EI 207,4,8.0,BB
2315063,4,EI 208,3,8.0,BB
2315063,4,EI 214,2,10.0,AA
2315063,4,EI 215,2,9.0,AB
2315063,4,EI 216,2,10.0,AA
2315063,4,EI 217,2,10.0,AA
2315064,4,EI 204,4,9.0,AB
2315064,4,EI 205,4,10.0,AA
2315064,4,EI 206,4,8.0,BB
2315064,4,EI 207,4,10.0,AA
2315064,4,EI 208,3,10.0,AA
2315064,4,EI 214,2,10.0,AA
2315064,4,EI 215,2,10.0,AA
2315064,4,EI 216,2,10.0,AA
2315064,4,EI 217,2,10.0,AA
2315065,4,EI 204,4,9.0,AB
2315065,4,EI 205,4,7.0,BC
2315065,4,EI 206,4,8.0,BB
2315065,4,EI 207,4,7.0,BC
2315065,4,EI 208,3,9.0,AB
2315065,4,EI 214,2,10.0,AA
2315065,4,EI 215,2,9.0,AB
2315065,4,EI 216,2,10.0,AA
2315065,4,EI 217,2,9.0,AB
2315066,4,EI 204,4,9.0,AB
2315066,4,EI 205,4,9.0,AB
2315066,4,EI 206,4,9.0,AB
2315066,4,EI 207,4,9.0,AB
2315066,4,EI 208,3,10.0,AA
2315066,4,EI 214,2,10.0,AA
2315066,4,EI 215,2,10.0,AA
2315066,4,EI 216,2,10.0,AA
2315066,4,EI 217,2,10.0,AA
2315067,4,EI 204,4,6.0,CC
2315067,4,EI 205,4,7.0,BC
2315067,4,EI 206,4,7.0,BC
2315067,4,EI 207,4,5.0,CD
2315067,4,EI 208,3,5.0,CD
2315067,4,EI 214,2,10.0,AA
2315067,4,EI 215,2,8.0,BB
2315067,4,EI 216,2,10.0,AA
2315067,4,EI 217,2,9.0,AB
2315068,4,EI 204,4,7.0,BC
2315068,4,EI 205,4,5.0,CD
2315068,4,EI 206,4,7.0,BC
2315068,4,EI 207,4,6.0,CC
2315068,4,EI 208,3,7.0,BC
2315068,4,EI 214,2,10.0,AA
2315068,4,EI 215,2,8.0,BB
2315068,4,EI 216,2,9.0,AB
2315068,4,EI 217,2,9.0,AB
2315069,4,EI 204,4,9.0,AB
2315069,4,EI 205,4,10.0,AA
2315069,4,EI 206,4,8.0,BB
2315069,4,EI 207,4,8.0,BB
2315069,4,EI 208,3,9.0,AB
2315069,4,EI 214,2,10.0,AA
2315069,4,EI 215,2,9.0,AB
2315069,4,EI 216,2,10.0,AA
2315069,4,EI 217,2,9.0,AB
2315070,4,EI 204,4,10.0,AA
2315070,4,EI 205,4,8.0,BB
2315070,4,EI 206,4,10.0,AA
2315070,4,EI 207,4,10.0,AA
2315070,4,EI 208,3,10.0,AA
2315070,4,EI 214,2,10.0,AA
2315070,4,EI 215,2,8.0,BB
2315070,4,EI 216,2,10.0,AA
2315070,4,EI 217,2,9.0,AB
2315072,4,EI 204,4,7.0,BC
2315072,4,EI 205,4,7.0,BC
2315072,4,EI 206,4,8.0,BB
2315072,4,EI 207,4,7.0,BC
2315072,4,EI 208,3,7.0,BC
2315072,4,EI 214,2,10.0,AA
2315072,4,EI 215,2,8.0,BB
2315072,4,EI 216,2,10.0,AA
2315072,4,EI 217,2,9.0,AB
2315073,4,EI 204,4,9.0,AB
2315073,4,EI 205,4,7.0,BC
2315073,4,EI 206,4,8.0,BB
2315073,4,EI 207,4,8.0,BB
2315073,4,EI 208,3,8.0,BB
2315073,4,EI 214,2,10.0,AA
2315073,4,EI 215,2,9.0,AB
2315073,4,EI 216,2,10.0,AA
2315073,4,EI 217,2,9.0,AB
2315074,4,EI 204,4,8.0,BB
2315074,4,EI 205,4,7.0,BC
2315074,4,EI 206,4,8.0,BB
2315074,4,EI 207,4,5.0,CD
2315074,4,EI 208,3,8.0,BB
2315074,4,EI 214,2,10.0,AA
2315074,4,EI 215,2,8.0,BB
2315074,4,EI 216,2,10.0,AA
2315074,4,EI 217,2,9.0,AB
2315075,4,EI 204,4,10.0,AA
2315075,4,EI 205,4,8.0,BB
2315075,4,EI 206,4,8.0,BB
2315075,4,EI 207,4,8.0,BB
2315075,4,EI 208,3,7.0,BC
2315075,4,EI 214,2,10.0,AA
2315075,4,EI 215,2,9.0,AB
2315075,4,EI 216,2,10.0,AA
2315075,4,EI 217,2,9.0,AB
2315076,4,EI 204,4,10.0,AA
2315076,4,EI 205,4,8.0,BB
2315076,4,EI 206,4,8.0,BB
2315076,4,EI 207,4,8.0,BB
2315076,4,EI 208,3,9.0,AB
2315076,4,EI 214,2,10.0,AA
2315076,4,EI 215,2,8.0,BB
2315076,4,EI 216,2,10.0,AA
2315076,4,EI 217,2,9.0,AB
2315077,4,EI 204,4,9.0,AB
2315077,4,EI 205,4,9.0,AB
2315077,4,EI 206,4,9.0,AB
2315077,4,EI 207,4,9.0,AB
2315077,4,EI 208,3,9.0,AB
2315077,4,EI 214,2,10.0,AA
2315077,4,EI 215,2,8.0,BB
2315077,4,EI 216,2,10.0,AA
2315077,4,EI 217,2,9.0,AB
2315078,4,EI 204,4,9.0,AB
2315078,4,EI 205,4,8.0,BB
2315078,4,EI 206,4,9.0,AB
2315078,4,EI 207,4,6.0,CC
2315078,4,EI 208,3,8.0,BB
2315078,4,EI 214,2,9.0,AB
2315078,4,EI 215,2,8.0,BB
2315078,4,EI 216,2,10.0,AA
2315078,4,EI 217,2,9.0,AB
2315079,4,EI 204,4,6.0,CC
2315079,4,EI 205,4,4.0,DD
2315079,4,EI 206,4,6.0,CC
2315079,4,EI 207,4,5.0,CD
2315079,4,EI 208,3,6.0,CC
2315079,4,EI 214,2,9.0,AB
2315079,4,EI 215,2,8.0,BB
2315079,4,EI 216,2,10.0,AA
2315079,4,EI 217,2,9.0,AB
2315080,4,EI 204,4,8.0,BB
2315080,4,EI 205,4,6.0,CC
2315080,4,EI 206,4,7.0,BC
2315080,4,EI 207,4,5.0,CD
2315080,4,EI 208,3,8.0,BB
2315080,4,EI 214,2,9.0,AB
2315080,4,EI 215,2,9.0,AB
2315080,4,EI 216,2,10.0,AA
2315080,4,EI 217,2,10.0,AA
2315081,4,EI 204,4,9.0,AB
2315081,4,EI 205,4,7.0,BC
2315081,4,EI 206,4,7.0,BC
2315081,4,EI 207,4,7.0,BC
2315081,4,EI 208,3,6.0,CC
2315081,4,EI 214,2,9.0,AB
2315081,4,EI 215,2,10.0,AA
2315081,4,EI 216,2,10.0,AA
2315081,4,EI 217,2,10.0,AA
2315082,4,EI 204,4,8.0,BB
2315082,4,EI 205,4,5.0,CD
2315082,4,EI 206,4,8.0,BB
2315082,4,EI 207,4,9.0,AB
2315082,4,EI 208,3,6.0,CC
2315082,4,EI 214,2,9.0,AB
2315082,4,EI 215,2,9.0,AB
2315082,4,EI 216,2,9.0,AB
2315082,4,EI 217,2,10.0,AA
2315084,4,EI 204,4,10.0,AA
2315084,4,EI 205,4,10.0,AA
2315084,4,EI 206,4,8.0,BB
2315084,4,EI 207,4,9.0,AB
2315084,4,EI 208,3,9.0,AB
2315084,4,EI 214,2,10.0,AA
2315084,4,EI 215,2,9.0,AB
2315084,4,EI 216,2,10.0,AA
2315084,4,EI 217,2,10.0,AA
2315085,4,EI 204,4,9.0,AB
2315085,4,EI 205,4,8.0,BB
2315085,4,EI 206,4,8.0,BB
2315085,4,EI 207,4,7.0,BC
2315085,4,EI 208,3,7.0,BC
2315085,4,EI 214,2,10.0,AA
2315085,4,EI 215,2,8.0,BB
2315085,4,EI 216,2,10.0,AA
2315085,4,EI 217,2,10.0,AA
2315086,4,EI 204,4,9.0,AB
2315086,4,EI 205,4,8.0,BB
2315086,4,EI 206,4,8.0,BB
2315086,4,EI 207,4,9.0,AB
2315086,4,EI 208,3,8.0,BB
2315086,4,EI 214,2,10.0,AA
2315086,4,EI 215,2,9.0,AB
2315086,4,EI 216,2,10.0,AA
2315086,4,EI 217,2,10.0,AA
2315087,4,EI 204,4,10.0,AA
2315087,4,EI 205,4,7.0,BC
2315087,4,EI 206,4,9.0,AB
2315087,4,EI 207,4,8.0,BB
2315087,4,EI 208,3,9.0,AB
2315087,4,EI 214,2,10.0,AA
2315087,4,EI 215,2,8.0,BB
2315087,4,EI 216,2,10.0,AA
2315087,4,EI 217,2,9.0,AB
2315088,4,EI 204,4,8.0,BB
2315088,4,EI 205,4,9.0,AB
2315088,4,EI 206,4,8.0,BB
2315088,4,EI 207,4,8.0,BB
2315088,4,EI 208,3,9.0,AB
2315088,4,EI 214,2,10.0,AA
2315088,4,EI 215,2,8.0,BB
2315088,4,EI 216,2,10.0,AA
2315088,4,EI 217,2,9.0,AB
2315089,4,EI 204,4,9.0,AB
2315089,4,EI 205,4,8.0,BB
2315089,4,EI 206,4,7.0,BC
2315089,4,EI 207,4,6.0,CC
2315089,4,EI 208,3,7.0,BC
2315089,4,EI 214,2,10.0,AA
2315089,4,EI 215,2,9.0,AB
2315089,4,EI 216,2,10.0,AA
2315089,4,EI 217,2,10.0,AA
2315090,4,EI 204,4,9.0,AB
2315090,4,EI 205,4,8.0,BB
2315090,4,EI 206,4,8.0,BB
2315090,4,EI 207,4,9.0,AB
2315090,4,EI 208,3,9.0,AB
2315090,4,EI 214,2,9.0,AB
2315090,4,EI 215,2,9.0,AB
2315090,4,EI 216,2,10.0,AA
2315090,4,EI 217,2,10.0,AA
2315091,4,EI 204,4,10.0,AA
2315091,4,EI 205,4,8.0,BB
2315091,4,EI 206,4,7.0,BC
2315091,4,EI 207,4,7.0,BC
2315091,4,EI 208,3,9.0,AB
2315091,4,EI 214,2,10.0,AA
2315091,4,EI 215,2,9.0,AB
2315091,4,EI 216,2,10.0,AA
2315091,4,EI 217,2,10.0,AA
2315092,4,EI 204,4,7.0,BC
2315092,4,EI 205,4,8.0,BB
2315092,4,EI 206,4,7.0,BC
2315092,4,EI 207,4,6.0,CC
2315092,4,EI 208,3,7.0,BC
2315092,4,EI 214,2,10.0,AA
2315092,4,EI 215,2,9.0,AB
2315092,4,EI 216,2,10.0,AA
2315092,4,EI 217,2,10.0,AA
2315093,4,EI 204,4,10.0,AA
2315093,4,EI 205,4,8.0,BB
2315093,4,EI 206,4,7.0,BC
2315093,4,EI 207,4,8.0,BB
2315093,4,EI 208,3,10.0,AA
2315093,4,EI 214,2,10.0,AA
2315093,4,EI 215,2,9.0,AB
2315093,4,EI 216,2,10.0,AA
2315093,4,EI 217,2,10.0,AA
2315094,4,EI 204,4,7.0,BC
2315094,4,EI 205,4,5.0,CD
2315094,4,EI 206,4,0.0,I
2315094,4,EI 207,4,0.0,F
2315094,4,EI 208,3,5.0,CD
2315094,4,EI 214,2,9.0,AB
2315094,4,EI 215,2,8.0,BB
2315094,4,EI 216,2,9.0,AB
2315094,4,EI 217,2,9.0,AB
2315095,4,EI 204,4,8.0,BB
2315095,4,EI 205,4,7.0,BC
2315095,4,EI 206,4,8.0,BB
2315095,4,EI 207,4,5.0,CD
2315095,4,EI 208,3,6.0,CC
2315095,4,EI 214,2,10.0,AA
2315095,4,EI 215,2,8.0,BB
2315095,4,EI 216,2,10.0,AA
2315095,4,EI 217,2,9.0,AB
2315097,4,EI 204,4,10.0,AA
2315097,4,EI 205,4,9.0,AB
2315097,4,EI 206,4,9.0,AB
2315097,4,EI 207,4,10.0,AA
2315097,4,EI 208,3,10.0,AA
2315097,4,EI 214,2,9.0,AB
2315097,4,EI 215,2,8.0,BB
2315097,4,EI 216,2,10.0,AA
2315097,4,EI 217,2,10.0,AA
2315098,4,EI 204,4,10.0,AA
2315098,4,EI 205,4,9.0,AB
2315098,4,EI 206,4,8.0,BB
2315098,4,EI 207,4,9.0,AB
2315098,4,EI 208,3,9.0,AB
2315098,4,EI 214,2,10.0,AA
2315098,4,EI 215,2,9.0,AB
2315098,4,EI 216,2,10.0,AA
2315098,4,EI 217,2,10.0,AA
2315099,4,EI 204,4,6.0,CC
2315099,4,EI 205,4,8.0,BB
2315099,4,EI 206,4,9.0,AB
2315099,4,EI 207,4,9.0,AB
2315099,4,EI 208,3,8.0,BB
2315099,4,EI 214,2,10.0,AA
2315099,4,EI 215,2,8.0,BB
2315099,4,EI 216,2,10.0,AA
2315099,4,EI 217,2,10.0,AA
2315100,4,EI 204,4,7.0,BC
2315100,4,EI 205,4,4.0,DD
2315100,4,EI 206,4,5.0,CD
2315100,4,EI 207,4,5.0,CD
2315100,4,EI 208,3,5.0,CD
2315100,4,EI 214,2,9.0,AB
2315100,4,EI 215,2,8.0,BB
2315100,4,EI 216,2,10.0,AA
2315100,4,EI 217,2,10.0,AA
2315101,4,EI 204,4,9.0,AB
2315101,4,EI 205,4,9.0,AB
2315101,4,EI 206,4,8.0,BB
2315101,4,EI 207,4,9.0,AB
2315101,4,EI 208,3,10.0,AA
2315101,4,EI 214,2,10.0,AA
2315101,4,EI 215,2,9.0,AB
2315101,4,EI 216,2,10.0,AA
2315101,4,EI 217,2,10.0,AA
2315102,4,EI 204,4,8.0,BB
2315102,4,EI 205,4,9.0,AB
2315102,4,EI 206,4,9.0,AB
2315102,4,EI 207,4,8.0,BB
2315102,4,EI 208,3,8.0,BB
2315102,4,EI 214,2,10.0,AA
2315102,4,EI 215,2,9.0,AB
2315102,4,EI 216,2,10.0,AA
2315102,4,EI 217,2,10.0,AA
2315103,4,EI 204,4,9.0,AB
2315103,4,EI 205,4,9.0,AB
2315103,4,EI 206,4,9.0,AB
2315103,4,EI 207,4,9.0,AB
2315103,4,EI 208,3,8.0,BB
2315103,4,EI 214,2,9.0,AB
2315103,4,EI 215,2,9.0,AB
2315103,4,EI 216,2,10.0,AA
2315103,4,EI 217,2,10.0,AA
2315104,4,EI 204,4,10.0,AA
2315104,4,EI 205,4,8.0,BB
2315104,4,EI 206,4,10.0,AA
2315104,4,EI 207,4,9.0,AB
2315104,4,EI 208,3,9.0,AB
2315104,4,EI 214,2,10.0,AA
2315104,4,EI 215,2,10.0,AA
2315104,4,EI 216,2,10.0,AA
2315104,4,EI 217,2,10.0,AA
2315105,4,EI 204,4,10.0,AA
2315105,4,EI 205,4,10.0,AA
2315105,4,EI 206,4,10.0,AA
2315105,4,EI 207,4,8.0,BB
2315105,4,EI 208,3,10.0,AA
2315105,4,EI 214,2,10.0,AA
2315105,4,EI 215,2,10.0,AA
2315105,4,EI 216,2,10.0,AA
2315105,4,EI 217,2,10.0,AA
2315106,4,EI 204,4,10.0,AA
2315106,4,EI 205,4,9.0,AB
2315106,4,EI 206,4,10.0,AA
2315106,4,EI 207,4,9.0,AB
2315106,4,EI 208,3,10.0,AA
2315106,4,EI 214,2,9.0,AB
2315106,4,EI 215,2,9.0,AB
2315106,4,EI 216,2,10.0,AA
2315106,4,EI 217,2,10.0,AA
2315107,4,EI 204,4,10.0,AA
2315107,4,EI 205,4,8.0,BB
2315107,4,EI 206,4,8.0,BB
2315107,4,EI 207,4,7.0,BC
2315107,4,EI 208,3,9.0,AB
2315107,4,EI 214,2,10.0,AA
2315107,4,EI 215,2,8.0,BB
2315107,4,EI 216,2,10.0,AA
2315107,4,EI 217,2,10.0,AA
2315108,4,EI 204,4,10.0,AA
2315108,4,EI 205,4,9.0,AB
2315108,4,EI 206,4,10.0,AA
2315108,4,EI 207,4,8.0,BB
2315108,4,EI 208,3,8.0,BB
2315108,4,EI 214,2,10.0,AA
2315108,4,EI 215,2,9.0,AB
2315108,4,EI 216,2,10.0,AA
2315108,4,EI 217,2,10.0,AA
