regn_no,semester,subject_code,credits,grade_point,grade
2311001,5,CE 301,4,9.0,AB
2311001,5,CE 302,4,8.0,BB
2311001,5,CE 303,4,10.0,AA
2311001,5,CE 304,4,7.0,BC
2311001,5,CE 305,4,7.0,BC
2311001,5,CE 311,2,10.0,AA
2311001,5,CE 312,2,10.0,AA
2311001,5,CE 313,2,10.0,AA
2311001,5,CE 314,2,10.0,AA
2311002,5,CE 301,4,6.0,CC
2311002,5,CE 302,4,0.0,F
2311002,5,CE 303,4,8.0,BB
2311002,5,CE 304,4,0.0,F
2311002,5,CE 305,4,0.0,F
2311002,5,CE 311,2,9.0,AB
2311002,5,CE 312,2,10.0,AA
2311002,5,CE 313,2,9.0,AB
2311002,5,CE 314,2,7.0,BC
2311003,5,CE 301,4,8.0,BB
2311003,5,CE 302,4,5.0,CD
2311003,5,CE 303,4,8.0,BB
2311003,5,CE 304,4,5.0,CD
2311003,5,CE 305,4,6.0,CC
2311003,5,CE 311,2,9.0,AB
2311003,5,CE 312,2,9.0,AB
2311003,5,CE 313,2,8.0,BB
2311003,5,CE 314,2,8.0,BB
2311004,5,CE 301,4,7.0,BC
2311004,5,CE 302,4,6.0,CC
2311004,5,CE 303,4,6.0,CC
2311004,5,CE 304,4,5.0,CD
2311004,5,CE 305,4,4.0,DD
2311004,5,CE 311,2,9.0,AB
2311004,5,CE 312,2,10.0,AA
2311004,5,CE 313,2,9.0,AB
2311004,5,CE 314,2,9.0,AB
2311005,5,CE 301,4,9.0,AB
2311005,5,CE 302,4,7.0,BC
2311005,5,CE 303,4,9.0,AB
2311005,5,CE 304,4,9.0,AB
2311005,5,CE 305,4,6.0,CC
2311005,5,CE 311,2,10.0,AA
2311005,5,CE 312,2,10.0,AA
2311005,5,CE 313,2,9.0,AB
2311005,5,CE 314,2,9.0,AB
2311006,5,CE 301,4,8.0,BB
2311006,5,CE 302,4,6.0,CC
2311006,5,CE 303,4,9.0,AB
2311006,5,CE 304,4,7.0,BC
2311006,5,CE 305,4,5.0,CD
2311006,5,CE 311,2,10.0,AA
2311006,5,CE 312,2,10.0,AA
2311006,5,CE 313,2,9.0,AB
2311006,5,CE 314,2,9.0,AB
2311007,5,CE 301,4,8.0,BB
2311007,5,CE 302,4,6.0,CC
2311007,5,CE 303,4,7.0,BC
2311007,5,CE 304,4,6.0,CC
2311007,5,CE 305,4,6.0,CC
2311007,5,CE 311,2,10.0,AA
2311007,5,CE 312,2,9.0,AB
2311007,5,CE 313,2,8.0,BB
2311007,5,CE 314,2,9.0,AB
2311008,5,CE 301,4,10.0,AA
2311008,5,CE 302,4,9.0,AB
2311008,5,CE 303,4,8.0,BB
2311008,5,CE 304,4,9.0,AB
2311008,5,CE 305,4,8.0,BB
2311008,5,CE 311,2,10.0,AA
2311008,5,CE 312,2,10.0,AA
2311008,5,CE 313,2,9.0,AB
2311008,5,CE 314,2,9.0,AB
2311009,5,CE 301,4,8.0,BB
2311009,5,CE 302,4,5.0,CD
2311009,5,CE 303,4,7.0,BC
2311009,5,CE 304,4,6.0,CC
2311009,5,CE 305,4,4.0,DD
2311009,5,CE 311,2,10.0,AA
2311009,5,CE 312,2,10.0,AA
2311009,5,CE 313,2,9.0,AB
2311009,5,CE 314,2,8.0,BB
2311010,5,CE 301,4,9.0,AB
2311010,5,CE 302,4,7.0,BC
2311010,5,CE 303,4,8.0,BB
2311010,5,CE 304,4,8.0,BB
2311010,5,CE 305,4,9.0,AB
2311010,5,CE 311,2,10.0,AA
2311010,5,CE 312,2,10.0,AA
2311010,5,CE 313,2,10.0,AA
2311010,5,CE 314,2,9.0,AB
2311011,5,CE 301,4,10.0,AA
2311011,5,CE 302,4,8.0,BB
2311011,5,CE 303,4,10.0,AA
2311011,5,CE 304,4,8.0,BB
2311011,5,CE 305,4,8.0,BB
2311011,5,CE 311,2,10.0,AA
2311011,5,CE 312,2,10.0,AA
2311011,5,CE 313,2,10.0,AA
2311011,5,CE 314,2,9.0,AB
2311012,5,CE 301,4,10.0,AA
2311012,5,CE 302,4,9.0,AB
2311012,5,CE 303,4,10.0,AA
2311012,5,CE 304,4,8.0,BB
2311012,5,CE 305,4,9.0,AB
2311012,5,CE 311,2,10.0,AA
2311012,5,CE 312,2,9.0,AB
2311012,5,CE 313,2,10.0,AA
2311012,5,CE 314,2,10.0,AA
2311013,5,CE 301,4,9.0,AB
2311013,5,CE 302,4,8.0,BB
2311013,5,CE 303,4,9.0,AB
2311013,5,CE 304,4,9.0,AB
2311013,5,CE 305,4,8.0,BB
2311013,5,CE 311,2,10.0,AA
2311013,5,CE 312,2,10.0,AA
2311013,5,CE 313,2,10.0,AA
2311013,5,CE 314,2,9.0,AB
2311014,5,CE 301,4,9.0,AB
2311014,5,CE 302,4,8.0,BB
2311014,5,CE 303,4,9.0,AB
2311014,5,CE 304,4,7.0,BC
2311014,5,CE 305,4,8.0,BB
2311014,5,CE 311,2,10.0,AA
2311014,5,CE 312,2,10.0,AA
2311014,5,CE 313,2,10.0,AA
2311014,5,CE 314,2,8.0,BB
2311015,5,CE 301,4,8.0,BB
2311015,5,CE 302,4,7.0,BC
2311015,5,CE 303,4,9.0,AB
2311015,5,CE 304,4,6.0,CC
2311015,5,CE 305,4,5.0,CD
2311015,5,CE 311,2,10.0,AA
2311015,5,CE 312,2,10.0,AA
2311015,5,CE 313,2,10.0,AA
2311015,5,CE 314,2,9.0,AB
2311017,5,CE 301,4,9.0,AB
2311017,5,CE 302,4,8.0,BB
2311017,5,CE 303,4,9.0,AB
2311017,5,CE 304,4,7.0,BC
2311017,5,CE 305,4,6.0,CC
2311017,5,CE 311,2,10.0,AA
2311017,5,CE 312,2,9.0,AB
2311017,5,CE 313,2,10.0,AA
2311017,5,CE 314,2,9.0,AB
2311018,5,CE 301,4,10.0,AA
2311018,5,CE 302,4,10.0,AA
2311018,5,CE 303,4,9.0,AB
2311018,5,CE 304,4,9.0,AB
2311018,5,CE 305,4,8.0,BB
2311018,5,CE 311,2,10.0,AA
2311018,5,CE 312,2,10.0,AA
2311018,5,CE 313,2,10.0,AA
2311018,5,CE 314,2,9.0,AB
2311019,5,CE 301,4,10.0,AA
2311019,5,CE 302,4,7.0,BC
2311019,5,CE 303,4,9.0,AB
2311019,5,CE 304,4,8.0,BB
2311019,5,CE 305,4,7.0,BC
2311019,5,CE 311,2,10.0,AA
2311019,5,CE 312,2,10.0,AA
2311019,5,CE 313,2,10.0,AA
2311019,5,CE 314,2,9.0,AB
2311020,5,CE 301,4,10.0,AA
2311020,5,CE 302,4,9.0,AB
2311020,5,CE 303,4,9.0,AB
2311020,5,CE 304,4,9.0,AB
2311020,5,CE 305,4,9.0,AB
2311020,5,CE 311,2,10.0,AA
2311020,5,CE 312,2,10.0,AA
2311020,5,CE 313,2,10.0,AA
2311020,5,CE 314,2,9.0,AB
2311021,5,CE 301,4,7.0,BC
2311021,5,CE 302,4,5.0,CD
2311021,5,CE 303,4,6.0,CC
2311021,5,CE 304,4,0.0,F
2311021,5,CE 305,4,0.0,F
2311021,5,CE 311,2,10.0,AA
2311021,5,CE 312,2,9.0,AB
2311021,5,CE 313,2,8.0,BB
2311021,5,CE 314,2,8.0,BB
2311022,5,CE 301,4,10.0,AA
2311022,5,CE 302,4,8.0,BB
2311022,5,CE 303,4,9.0,AB
2311022,5,CE 304,4,8.0,BB
2311022,5,CE 305,4,10.0,AA
2311022,5,CE 311,2,10.0,AA
2311022,5,CE 312,2,10.0,AA
2311022,5,CE 313,2,10.0,AA
2311022,5,CE 314,2,9.0,AB
2311023,5,CE 301,4,10.0,AA
2311023,5,CE 302,4,8.0,BB
2311023,5,CE 303,4,9.0,AB
2311023,5,CE 304,4,8.0,BB
2311023,5,CE 305,4,8.0,BB
2311023,5,CE 311,2,10.0,AA
2311023,5,CE 312,2,10.0,AA
2311023,5,CE 313,2,9.0,AB
2311023,5,CE 314,2,9.0,AB
2311024,5,CE 301,4,9.0,AB
2311024,5,CE 302,4,8.0,BB
2311024,5,CE 303,4,9.0,AB
2311024,5,CE 304,4,7.0,BC
2311024,5,CE 305,4,6.0,CC
2311024,5,CE 311,2,10.0,AA
2311024,5,CE 312,2,9.0,AB
2311024,5,CE 313,2,10.0,AA
2311024,5,CE 314,2,7.0,BC
2311025,5,CE 301,4,5.0,CD
2311025,5,CE 302,4,5.0,CD
2311025,5,CE 303,4,5.0,CD
2311025,5,CE 304,4,0.0,F
2311025,5,CE 305,4,0.0,F
2311025,5,CE 311,2,10.0,AA
2311025,5,CE 312,2,9.0,AB
2311025,5,CE 313,2,9.0,AB
2311025,5,CE 314,2,8.0,BB
2311026,5,CE 301,4,9.0,AB
2311026,5,CE 302,4,9.0,AB
2311026,5,CE 303,4,9.0,AB
2311026,5,CE 304,4,9.0,AB
2311026,5,CE 305,4,7.0,BC
2311026,5,CE 311,2,10.0,AA
2311026,5,CE 312,2,10.0,AA
2311026,5,CE 313,2,10.0,AA
2311026,5,CE 314,2,9.0,AB
2311027,5,CE 301,4,9.0,AB
2311027,5,CE 302,4,10.0,AA
2311027,5,CE 303,4,10.0,AA
2311027,5,CE 304,4,10.0,AA
2311027,5,CE 305,4,10.0,AA
2311027,5,CE 311,2,10.0,AA
2311027,5,CE 312,2,10.0,AA
2311027,5,CE 313,2,10.0,AA
2311027,5,CE 314,2,9.0,AB
2311028,5,CE 301,4,10.0,AA
2311028,5,CE 302,4,9.0,AB
2311028,5,CE 303,4,9.0,AB
2311028,5,CE 304,4,9.0,AB
2311028,5,CE 305,4,8.0,BB
2311028,5,CE 311,2,10.0,AA
2311028,5,CE 312,2,10.0,AA
2311028,5,CE 313,2,10.0,AA
2311028,5,CE 314,2,9.0,AB
2311029,5,CE 301,4,9.0,AB
2311029,5,CE 302,4,8.0,BB
2311029,5,CE 303,4,8.0,BB
2311029,5,CE 304,4,10.0,AA
2311029,5,CE 305,4,9.0,AB
2311029,5,CE 311,2,9.0,AB
2311029,5,CE 312,2,10.0,AA
2311029,5,CE 313,2,10.0,AA
2311029,5,CE 314,2,8.0,BB
2311030,5,CE 301,4,7.0,BC
2311030,5,CE 302,4,5.0,CD
2311030,5,CE 303,4,6.0,CC
2311030,5,CE 304,4,5.0,CD
2311030,5,CE 305,4,5.0,CD
2311030,5,CE 311,2,10.0,AA
2311030,5,CE 312,2,9.0,AB
2311030,5,CE 313,2,10.0,AA
2311030,5,CE 314,2,9.0,AB
2311032,5,CE 301,4,8.0,BB
2311032,5,CE 302,4,8.0,BB
2311032,5,CE 303,4,9.0,AB
2311032,5,CE 304,4,7.0,BC
2311032,5,CE 305,4,7.0,BC
2311032,5,CE 311,2,10.0,AA
2311032,5,CE 312,2,10.0,AA
2311032,5,CE 313,2,10.0,AA
2311032,5,CE 314,2,8.0,BB
2311034,5,CE 301,4,9.0,AB
2311034,5,CE 302,4,9.0,AB
2311034,5,CE 303,4,10.0,AA
2311034,5,CE 304,4,9.0,AB
2311034,5,CE 305,4,8.0,BB
2311034,5,CE 311,2,10.0,AA
2311034,5,CE 312,2,10.0,AA
2311034,5,CE 313,2,10.0,AA
2311034,5,CE 314,2,10.0,AA
2311035,5,CE 301,4,9.0,AB
2311035,5,CE 302,4,9.0,AB
2311035,5,CE 303,4,8.0,BB
2311035,5,CE 304,4,9.0,AB
2311035,5,CE 305,4,8.0,BB
2311035,5,CE 311,2,10.0,AA
2311035,5,CE 312,2,10.0,AA
2311035,5,CE 313,2,10.0,AA
2311035,5,CE 314,2,8.0,BB
2311036,5,CE 301,4,8.0,BB
2311036,5,CE 302,4,7.0,BC
2311036,5,CE 303,4,8.0,BB
2311036,5,CE 304,4,6.0,CC
2311036,5,CE 305,4,5.0,CD
2311036,5,CE 311,2,10.0,AA
2311036,5,CE 312,2,9.0,AB
2311036,5,CE 313,2,10.0,AA
2311036,5,CE 314,2,9.0,AB
2311037,5,CE 301,4,10.0,AA
2311037,5,CE 302,4,9.0,AB
2311037,5,CE 303,4,8.0,BB
2311037,5,CE 304,4,8.0,BB
2311037,5,CE 305,4,8.0,BB
2311037,5,CE 311,2,10.0,AA
2311037,5,CE 312,2,10.0,AA
2311037,5,CE 313,2,10.0,AA
2311037,5,CE 314,2,8.0,BB
2311038,5,CE 301,4,10.0,AA
2311038,5,CE 302,4,10.0,AA
2311038,5,CE 303,4,10.0,AA
2311038,5,CE 304,4,10.0,AA
2311038,5,CE 305,4,9.0,AB
2311038,5,CE 311,2,10.0,AA
2311038,5,CE 312,2,10.0,AA
2311038,5,CE 313,2,10.0,AA
2311038,5,CE 314,2,10.0,AA
2311039,5,CE 301,4,8.0,BB
2311039,5,CE 302,4,7.0,BC
2311039,5,CE 303,4,7.0,BC
2311039,5,CE 304,4,7.0,BC
2311039,5,CE 305,4,5.0,CD
2311039,5,CE 311,2,9.0,AB
2311039,5,CE 312,2,9.0,AB
2311039,5,CE 313,2,9.0,AB
2311039,5,CE 314,2,9.0,AB
2311040,5,CE 301,4,5.0,CD
2311040,5,CE 302,4,4.0,DD
2311040,5,CE 303,4,6.0,CC
2311040,5,CE 304,4,4.0,DD
2311040,5,CE 305,4,0.0,F
2311040,5,CE 311,2,10.0,AA
2311040,5,CE 312,2,9.0,AB
2311040,5,CE 313,2,8.0,BB
2311040,5,CE 314,2,9.0,AB
2311042,5,CE 301,4,9.0,AB
2311042,5,CE 302,4,6.0,CC
2311042,5,CE 303,4,8.0,BB
2311042,5,CE 304,4,8.0,BB
2311042,5,CE 305,4,0.0,F
2311042,5,CE 311,2,9.0,AB
2311042,5,CE 312,2,9.0,AB
2311042,5,CE 313,2,10.0,AA
2311042,5,CE 314,2,9.0,AB
2311043,5,CE 301,4,8.0,BB
2311043,5,CE 302,4,7.0,BC
2311043,5,CE 303,4,8.0,BB
2311043,5,CE 304,4,8.0,BB
2311043,5,CE 305,4,7.0,BC
2311043,5,CE 311,2,10.0,AA
2311043,5,CE 312,2,10.0,AA
2311043,5,CE 313,2,9.0,AB
2311043,5,CE 314,2,10.0,AA
2311044,5,CE 301,4,9.0,AB
2311044,5,CE 302,4,5.0,CD
2311044,5,CE 303,4,7.0,BC
2311044,5,CE 304,4,7.0,BC
2311044,5,CE 305,4,7.0,BC
2311044,5,CE 311,2,10.0,AA
2311044,5,CE 312,2,10.0,AA
2311044,5,CE 313,2,10.0,AA
2311044,5,CE 314,2,10.0,AA
2311045,5,CE 301,4,4.0,DD
2311045,5,CE 302,4,6.0,CC
2311045,5,CE 303,4,6.0,CC
2311045,5,CE 304,4,0.0,F
2311045,5,CE 305,4,0.0,F
2311045,5,CE 311,2,9.0,AB
2311045,5,CE 312,2,10.0,AA
2311045,5,CE 313,2,8.0,BB
2311045,5,CE 314,2,9.0,AB
2311047,5,CE 301,4,9.0,AB
2311047,5,CE 302,4,7.0,BC
2311047,5,CE 303,4,8.0,BB
2311047,5,CE 304,4,8.0,BB
2311047,5,CE 305,4,6.0,CC
2311047,5,CE 311,2,9.0,AB
2311047,5,CE 312,2,9.0,AB
2311047,5,CE 313,2,8.0,BB
2311047,5,CE 314,2,9.0,AB
2311048,5,CE 301,4,10.0,AA
2311048,5,CE 302,4,6.0,CC
2311048,5,CE 303,4,9.0,AB
2311048,5,CE 304,4,8.0,BB
2311048,5,CE 305,4,8.0,BB
2311048,5,CE 311,2,10.0,AA
2311048,5,CE 312,2,10.0,AA
2311048,5,CE 313,2,9.0,AB
2311048,5,CE 314,2,10.0,AA
2311049,5,CE 301,4,6.0,CC
2311049,5,CE 302,4,5.0,CD
2311049,5,CE 303,4,8.0,BB
2311049,5,CE 304,4,7.0,BC
2311049,5,CE 305,4,5.0,CD
2311049,5,CE 311,2,8.0,BB
2311049,5,CE 312,2,8.0,BB
2311049,5,CE 313,2,8.0,BB
2311049,5,CE 314,2,9.0,AB
2311050,5,CE 301,4,9.0,AB
2311050,5,CE 302,4,6.0,CC
2311050,5,CE 303,4,9.0,AB
2311050,5,CE 304,4,6.0,CC
2311050,5,CE 305,4,7.0,BC
2311050,5,CE 311,2,10.0,AA
2311050,5,CE 312,2,10.0,AA
2311050,5,CE 313,2,10.0,AA
2311050,5,CE 314,2,10.0,AA
2311051,5,CE 301,4,9.0,AB
2311051,5,CE 302,4,8.0,BB
2311051,5,CE 303,4,9.0,AB
2311051,5,CE 304,4,7.0,BC
2311051,5,CE 305,4,6.0,CC
2311051,5,CE 311,2,10.0,AA
2311051,5,CE 312,2,9.0,AB
2311051,5,CE 313,2,9.0,AB
2311051,5,CE 314,2,10.0,AA
2311052,5,CE 301,4,10.0,AA
2311052,5,CE 302,4,8.0,BB
2311052,5,CE 303,4,8.0,BB
2311052,5,CE 304,4,7.0,BC
2311052,5,CE 305,4,7.0,BC
2311052,5,CE 311,2,10.0,AA
2311052,5,CE 312,2,10.0,AA
2311052,5,CE 313,2,9.0,AB
2311052,5,CE 314,2,10.0,AA
2311053,5,CE 301,4,7.0,BC
2311053,5,CE 302,4,5.0,CD
2311053,5,CE 303,4,8.0,BB
2311053,5,CE 304,4,7.0,BC
2311053,5,CE 305,4,5.0,CD
2311053,5,CE 311,2,9.0,AB
2311053,5,CE 312,2,10.0,AA
2311053,5,CE 313,2,8.0,BB
2311053,5,CE 314,2,9.0,AB
2311054,5,CE 301,4,7.0,BC
2311054,5,CE 302,4,6.0,CC
2311054,5,CE 303,4,9.0,AB
2311054,5,CE 304,4,9.0,AB
2311054,5,CE 305,4,7.0,BC
2311054,5,CE 311,2,9.0,AB
2311054,5,CE 312,2,10.0,AA
2311054,5,CE 313,2,9.0,AB
2311054,5,CE 314,2,10.0,AA
2311055,5,CE 301,4,10.0,AA
2311055,5,CE 302,4,9.0,AB
2311055,5,CE 303,4,9.0,AB
2311055,5,CE 304,4,7.0,BC
2311055,5,CE 305,4,9.0,AB
2311055,5,CE 311,2,10.0,AA
2311055,5,CE 312,2,10.0,AA
2311055,5,CE 313,2,8.0,BB
2311055,5,CE 314,2,10.0,AA
2311056,5,CE 301,4,9.0,AB
2311056,5,CE 302,4,9.0,AB
2311056,5,CE 303,4,8.0,BB
2311056,5,CE 304,4,8.0,BB
2311056,5,CE 305,4,6.0,CC
2311056,5,CE 311,2,10.0,AA
2311056,5,CE 312,2,9.0,AB
2311056,5,CE 313,2,10.0,AA
2311056,5,CE 314,2,9.0,AB
2311057,5,CE 301,4,9.0,AB
2311057,5,CE 302,4,8.0,BB
2311057,5,CE 303,4,8.0,BB
2311057,5,CE 304,4,8.0,BB
2311057,5,CE 305,4,6.0,CC
2311057,5,CE 311,2,10.0,AA
2311057,5,CE 312,2,9.0,AB
2311057,5,CE 313,2,9.0,AB
2311057,5,CE 314,2,9.0,AB
2311059,5,CE 301,4,9.0,AB
2311059,5,CE 302,4,7.0,BC
2311059,5,CE 303,4,8.0,BB
2311059,5,CE 304,4,8.0,BB
2311059,5,CE 305,4,5.0,CD
2311059,5,CE 311,2,10.0,AA
2311059,5,CE 312,2,10.0,AA
2311059,5,CE 313,2,10.0,AA
2311059,5,CE 314,2,10.0,AA
2311060,5,CE 301,4,9.0,AB
2311060,5,CE 302,4,8.0,BB
2311060,5,CE 303,4,8.0,BB
2311060,5,CE 304,4,8.0,BB
2311060,5,CE 305,4,7.0,BC
2311060,5,CE 311,2,9.0,AB
2311060,5,CE 312,2,10.0,AA
2311060,5,CE 313,2,10.0,AA
2311060,5,CE 314,2,10.0,AA
2311061,5,CE 301,4,9.0,AB
2311061,5,CE 302,4,9.0,AB
2311061,5,CE 303,4,8.0,BB
2311061,5,CE 304,4,8.0,BB
2311061,5,CE 305,4,7.0,BC
2311061,5,CE 311,2,10.0,AA
2311061,5,CE 312,2,8.0,BB
2311061,5,CE 313,2,10.0,AA
2311061,5,CE 314,2,9.0,AB
2311062,5,CE 301,4,9.0,AB
2311062,5,CE 302,4,8.0,BB
2311062,5,CE 303,4,9.0,AB
2311062,5,CE 304,4,9.0,AB
2311062,5,CE 305,4,9.0,AB
2311062,5,CE 311,2,10.0,AA
2311062,5,CE 312,2,9.0,AB
2311062,5,CE 313,2,8.0,BB
2311062,5,CE 314,2,10.0,AA
2311063,5,CE 301,4,8.0,BB
2311063,5,CE 302,4,8.0,BB
2311063,5,CE 303,4,9.0,AB
2311063,5,CE 304,4,9.0,AB
2311063,5,CE 305,4,8.0,BB
2311063,5,CE 311,2,9.0,AB
2311063,5,CE 312,2,10.0,AA
2311063,5,CE 313,2,9.0,AB
2311063,5,CE 314,2,10.0,AA
2311064,5,CE 301,4,8.0,BB
2311064,5,CE 302,4,7.0,BC
2311064,5,CE 303,4,8.0,BB
2311064,5,CE 304,4,8.0,BB
2311064,5,CE 305,4,5.0,CD
2311064,5,CE 311,2,9.0,AB
2311064,5,CE 312,2,9.0,AB
2311064,5,CE 313,2,9.0,AB
2311064,5,CE 314,2,9.0,AB
2311065,5,CE 301,4,9.0,AB
2311065,5,CE 302,4,7.0,BC
2311065,5,CE 303,4,8.0,BB
2311065,5,CE 304,4,6.0,CC
2311065,5,CE 305,4,6.0,CC
2311065,5,CE 311,2,10.0,AA
2311065,5,CE 312,2,9.0,AB
2311065,5,CE 313,2,10.0,AA
2311065,5,CE 314,2,9.0,AB
2311066,5,CE 301,4,10.0,AA
2311066,5,CE 302,4,9.0,AB
2311066,5,CE 303,4,8.0,BB
2311066,5,CE 304,4,8.0,BB
2311066,5,CE 305,4,7.0,BC
2311066,5,CE 311,2,10.0,AA
2311066,5,CE 312,2,9.0,AB
2311066,5,CE 313,2,10.0,AA
2311066,5,CE 314,2,9.0,AB
2311067,5,CE 301,4,8.0,BB
2311067,5,CE 302,4,6.0,CC
2311067,5,CE 303,4,8.0,BB
2311067,5,CE 304,4,7.0,BC
2311067,5,CE 305,4,5.0,CD
2311067,5,CE 311,2,9.0,AB
2311067,5,CE 312,2,9.0,AB
2311067,5,CE 313,2,9.0,AB
2311067,5,CE 314,2,9.0,AB
2311069,5,CE 301,4,7.0,BC
2311069,5,CE 302,4,6.0,CC
2311069,5,CE 303,4,8.0,BB
2311069,5,CE 304,4,7.0,BC
2311069,5,CE 305,4,7.0,BC
2311069,5,CE 311,2,9.0,AB
2311069,5,CE 312,2,10.0,AA
2311069,5,CE 313,2,10.0,AA
2311069,5,CE 314,2,9.0,AB
2311070,5,CE 301,4,10.0,AA
2311070,5,CE 302,4,8.0,BB
2311070,5,CE 303,4,9.0,AB
2311070,5,CE 304,4,9.0,AB
2311070,5,CE 305,4,9.0,AB
2311070,5,CE 311,2,10.0,AA
2311070,5,CE 312,2,10.0,AA
2311070,5,CE 313,2,10.0,AA
2311070,5,CE 314,2,10.0,AA
2311071,5,CE 301,4,8.0,BB
2311071,5,CE 302,4,8.0,BB
2311071,5,CE 303,4,8.0,BB
2311071,5,CE 304,4,8.0,BB
2311071,5,CE 305,4,5.0,CD
2311071,5,CE 311,2,9.0,AB
2311071,5,CE 312,2,9.0,AB
2311071,5,CE 313,2,9.0,AB
2311071,5,CE 314,2,9.0,AB
2311072,5,CE 301,4,9.0,AB
2311072,5,CE 302,4,9.0,AB
2311072,5,CE 303,4,9.0,AB
2311072,5,CE 304,4,10.0,AA
2311072,5,CE 305,4,10.0,AA
2311072,5,CE 311,2,10.0,AA
2311072,5,CE 312,2,10.0,AA
2311072,5,CE 313,2,10.0,AA
2311072,5,CE 314,2,10.0,AA
2311073,5,CE 301,4,9.0,AB
2311073,5,CE 302,4,6.0,CC
2311073,5,CE 303,4,9.0,AB
2311073,5,CE 304,4,8.0,BB
2311073,5,CE 305,4,8.0,BB
2311073,5,CE 311,2,10.0,AA
2311073,5,CE 312,2,10.0,AA
2311073,5,CE 313,2,10.0,AA
2311073,5,CE 314,2,10.0,AA
2311074,5,CE 301,4,8.0,BB
2311074,5,CE 302,4,7.0,BC
2311074,5,CE 303,4,8.0,BB
2311074,5,CE 304,4,8.0,BB
2311074,5,CE 305,4,6.0,CC
2311074,5,CE 311,2,9.0,AB
2311074,5,CE 312,2,9.0,AB
2311074,5,CE 313,2,10.0,AA
2311074,5,CE 314,2,9.0,AB
2311075,5,CE 301,4,9.0,AB
2311075,5,CE 302,4,7.0,BC
2311075,5,CE 303,4,9.0,AB
2311075,5,CE 304,4,8.0,BB
2311075,5,CE 305,4,8.0,BB
2311075,5,CE 311,2,9.0,AB
2311075,5,CE 312,2,10.0,AA
2311075,5,CE 313,2,10.0,AA
2311075,5,CE 314,2,10.0,AA
2311076,5,CE 301,4,6.0,CC
2311076,5,CE 302,4,6.0,CC
2311076,5,CE 303,4,7.0,BC
2311076,5,CE 304,4,5.0,CD
2311076,5,CE 305,4,7.0,BC
2311076,5,CE 311,2,9.0,AB
2311076,5,CE 312,2,8.0,BB
2311076,5,CE 313,2,10.0,AA
2311076,5,CE 314,2,9.0,AB
2311077,5,CE 301,4,10.0,AA
2311077,5,CE 302,4,8.0,BB
2311077,5,CE 303,4,9.0,AB
2311077,5,CE 304,4,8.0,BB
2311077,5,CE 305,4,7.0,BC
2311077,5,CE 311,2,10.0,AA
2311077,5,CE 312,2,10.0,AA
2311077,5,CE 313,2,9.0,AB
2311077,5,CE 314,2,10.0,AA
2311078,5,CE 301,4,10.0,AA
2311078,5,CE 302,4,8.0,BB
2311078,5,CE 303,4,9.0,AB
2311078,5,CE 304,4,8.0,BB
2311078,5,CE 305,4,7.0,BC
2311078,5,CE 311,2,10.0,AA
2311078,5,CE 312,2,10.0,AA
2311078,5,CE 313,2,10.0,AA
2311078,5,CE 314,2,10.0,AA
2311079,5,CE 301,4,10.0,AA
2311079,5,CE 302,4,9.0,AB
2311079,5,CE 303,4,9.0,AB
2311079,5,CE 304,4,9.0,AB
2311079,5,CE 305,4,8.0,BB
2311079,5,CE 311,2,10.0,AA
2311079,5,CE 312,2,10.0,AA
2311079,5,CE 313,2,10.0,AA
2311079,5,CE 314,2,9.0,AB
2311080,5,CE 301,4,6.0,CC
2311080,5,CE 302,4,6.0,CC
2311080,5,CE 303,4,7.0,BC
2311080,5,CE 304,4,7.0,BC
2311080,5,CE 305,4,6.0,CC
2311080,5,CE 311,2,9.0,AB
2311080,5,CE 312,2,9.0,AB
2311080,5,CE 313,2,8.0,BB
2311080,5,CE 314,2,9.0,AB
2311081,5,CE 301,4,6.0,CC
2311081,5,CE 302,4,6.0,CC
2311081,5,CE 303,4,6.0,CC
2311081,5,CE 304,4,6.0,CC
2311081,5,CE 305,4,7.0,BC
2311081,5,CE 311,2,9.0,AB
2311081,5,CE 312,2,9.0,AB
2311081,5,CE 313,2,9.0,AB
2311081,5,CE 314,2,9.0,AB
2311082,5,CE 301,4,8.0,BB
2311082,5,CE 302,4,8.0,BB
2311082,5,CE 303,4,8.0,BB
2311082,5,CE 304,4,8.0,BB
2311082,5,CE 305,4,7.0,BC
2311082,5,CE 311,2,9.0,AB
2311082,5,CE 312,2,9.0,AB
2311082,5,CE 313,2,9.0,AB
2311082,5,CE 314,2,8.0,BB
2311083,5,CE 301,4,7.0,BC
2311083,5,CE 302,4,8.0,BB
2311083,5,CE 303,4,8.0,BB
2311083,5,CE 304,4,8.0,BB
2311083,5,CE 305,4,8.0,BB
2311083,5,CE 311,2,9.0,AB
2311083,5,CE 312,2,9.0,AB
2311083,5,CE 313,2,10.0,AA
2311083,5,CE 314,2,8.0,BB
2311084,5,CE 301,4,7.0,BC
2311084,5,CE 302,4,7.0,BC
2311084,5,CE 303,4,8.0,BB
2311084,5,CE 304,4,7.0,BC
2311084,5,CE 305,4,7.0,BC
2311084,5,CE 311,2,10.0,AA
2311084,5,CE 312,2,9.0,AB
2311084,5,CE 313,2,9.0,AB
2311084,5,CE 314,2,8.0,BB
2311085,5,CE 301,4,7.0,BC
2311085,5,CE 302,4,7.0,BC
2311085,5,CE 303,4,7.0,BC
2311085,5,CE 304,4,8.0,BB
2311085,5,CE 305,4,8.0,BB
2311085,5,CE 311,2,10.0,AA
2311085,5,CE 312,2,9.0,AB
2311085,5,CE 313,2,7.0,BC
2311085,5,CE 314,2,9.0,AB
2311086,5,CE 301,4,8.0,BB
2311086,5,CE 302,4,7.0,BC
2311086,5,CE 303,4,8.0,BB
2311086,5,CE 304,4,8.0,BB
2311086,5,CE 305,4,8.0,BB
2311086,5,CE 311,2,9.0,AB
2311086,5,CE 312,2,8.0,BB
2311086,5,CE 313,2,10.0,AA
2311086,5,CE 314,2,9.0,AB
2311087,5,CE 301,4,6.0,CC
2311087,5,CE 302,4,5.0,CD
2311087,5,CE 303,4,6.0,CC
2311087,5,CE 304,4,6.0,CC
2311087,5,CE 305,4,6.0,CC
2311087,5,CE 311,2,8.0,BB
2311087,5,CE 312,2,8.0,BB
2311087,5,CE 313,2,8.0,BB
2311087,5,CE 314,2,7.0,BC
2311088,5,CE 301,4,6.0,CC
2311088,5,CE 302,4,4.0,DD
2311088,5,CE 303,4,7.0,BC
2311088,5,CE 304,4,5.0,CD
2311088,5,CE 305,4,6.0,CC
2311088,5,CE 311,2,9.0,AB
2311088,5,CE 312,2,8.0,BB
2311088,5,CE 313,2,8.0,BB
2311088,5,CE 314,2,7.0,BC
2311089,5,CE 301,4,9.0,AB
2311089,5,CE 302,4,5.0,CD
2311089,5,CE 303,4,6.0,CC
2311089,5,CE 304,4,6.0,CC
2311089,5,CE 305,4,7.0,BC
2311089,5,CE 311,2,9.0,AB
2311089,5,CE 312,2,9.0,AB
2311089,5,CE 313,2,8.0,BB
2311089,5,CE 314,2,8.0,BB
2311090,5,CE 301,4,4.0,DD
2311090,5,CE 302,4,5.0,CD
2311090,5,CE 303,4,4.0,DD
2311090,5,CE 304,4,5.0,CD
2311090,5,CE 305,4,5.0,CD
2311090,5,CE 311,2,9.0,AB
2311090,5,CE 312,2,8.0,BB
2311090,5,CE 313,2,8.0,BB
2311090,5,CE 314,2,8.0,BB
2311091,5,CE 301,4,5.0,CD
2311091,5,CE 302,4,4.0,DD
2311091,5,CE 303,4,5.0,CD
2311091,5,CE 304,4,5.0,CD
2311091,5,CE 305,4,5.0,CD
2311091,5,CE 311,2,9.0,AB
2311091,5,CE 312,2,8.0,BB
2311091,5,CE 313,2,8.0,BB
2311091,5,CE 314,2,9.0,AB
2311092,5,CE 301,4,6.0,CC
2311092,5,CE 302,4,8.0,BB
2311092,5,CE 303,4,8.0,BB
2311092,5,CE 304,4,8.0,BB
2311092,5,CE 305,4,7.0,BC
2311092,5,CE 311,2,10.0,AA
2311092,5,CE 312,2,9.0,AB
2311092,5,CE 313,2,9.0,AB
2311092,5,CE 314,2,8.0,BB
2311093,5,CE 301,4,6.0,CC
2311093,5,CE 302,4,8.0,BB
2311093,5,CE 303,4,8.0,BB
2311093,5,CE 304,4,8.0,BB
2311093,5,CE 305,4,8.0,BB
2311093,5,CE 311,2,10.0,AA
2311093,5,CE 312,2,9.0,AB
2311093,5,CE 313,2,10.0,AA
2311093,5,CE 314,2,9.0,AB
2311094,5,CE 301,4,8.0,BB
2311094,5,CE 302,4,10.0,AA
2311094,5,CE 303,4,8.0,BB
2311094,5,CE 304,4,10.0,AA
2311094,5,CE 305,4,10.0,AA
2311094,5,CE 311,2,9.0,AB
2311094,5,CE 312,2,10.0,AA
2311094,5,CE 313,2,10.0,AA
2311094,5,CE 314,2,9.0,AB
2311095,5,CE 301,4,5.0,CD
2311095,5,CE 302,4,6.0,CC
2311095,5,CE 303,4,6.0,CC
2311095,5,CE 304,4,7.0,BC
2311095,5,CE 305,4,8.0,BB
2311095,5,CE 311,2,9.0,AB
2311095,5,CE 312,2,9.0,AB
2311095,5,CE 313,2,9.0,AB
2311095,5,CE 314,2,8.0,BB
2311096,5,CE 301,4,9.0,AB
2311096,5,CE 302,4,9.0,AB
2311096,5,CE 303,4,8.0,BB
2311096,5,CE 304,4,9.0,AB
2311096,5,CE 305,4,9.0,AB
2311096,5,CE 311,2,10.0,AA
2311096,5,CE 312,2,10.0,AA
2311096,5,CE 313,2,10.0,AA
2311096,5,CE 314,2,9.0,AB
2311097,5,CE 301,4,4.0,DD
2311097,5,CE 302,4,0.0,F
2311097,5,CE 303,4,5.0,CD
2311097,5,CE 304,4,4.0,DD
2311097,5,CE 305,4,0.0,F
2311097,5,CE 311,2,9.0,AB
2311097,5,CE 312,2,8.0,BB
2311097,5,CE 313,2,7.0,BC
2311097,5,CE 314,2,7.0,BC
2311098,5,CE 301,4,6.0,CC
2311098,5,CE 302,4,7.0,BC
2311098,5,CE 303,4,8.0,BB
2311098,5,CE 304,4,8.0,BB
2311098,5,CE 305,4,5.0,CD
2311098,5,CE 311,2,9.0,AB
2311098,5,CE 312,2,9.0,AB
2311098,5,CE 313,2,10.0,AA
2311098,5,CE 314,2,8.0,BB
2311100,5,CE 301,4,8.0,BB
2311100,5,CE 302,4,8.0,BB
2311100,5,CE 303,4,9.0,AB
2311100,5,CE 304,4,9.0,AB
2311100,5,CE 305,4,9.0,AB
2311100,5,CE 311,2,10.0,AA
2311100,5,CE 312,2,10.0,AA
2311100,5,CE 313,2,10.0,AA
2311100,5,CE 314,2,8.0,BB
2311101,5,CE 301,4,10.0,AA
2311101,5,CE 302,4,10.0,AA
2311101,5,CE 303,4,10.0,AA
2311101,5,CE 304,4,10.0,AA
2311101,5,CE 305,4,10.0,AA
2311101,5,CE 311,2,9.0,AB
2311101,5,CE 312,2,10.0,AA
2311101,5,CE 313,2,10.0,AA
2311101,5,CE 314,2,10.0,AA
2311102,5,CE 301,4,6.0,CC
2311102,5,CE 302,4,6.0,CC
2311102,5,CE 303,4,7.0,BC
2311102,5,CE 304,4,7.0,BC
2311102,5,CE 305,4,7.0,BC
2311102,5,CE 311,2,9.0,AB
2311102,5,CE 312,2,8.0,BB
2311102,5,CE 313,2,8.0,BB
2311102,5,CE 314,2,8.0,BB
2311103,5,CE 301,4,6.0,CC
2311103,5,CE 302,4,7.0,BC
2311103,5,CE 303,4,8.0,BB
2311103,5,CE 304,4,9.0,AB
2311103,5,CE 305,4,9.0,AB
2311103,5,CE 311,2,10.0,AA
2311103,5,CE 312,2,9.0,AB
2311103,5,CE 313,2,9.0,AB
2311103,5,CE 314,2,9.0,AB
2311104,5,CE 301,4,9.0,AB
2311104,5,CE 302,4,9.0,AB
2311104,5,CE 303,4,8.0,BB
2311104,5,CE 304,4,10.0,AA
2311104,5,CE 305,4,9.0,AB
2311104,5,CE 311,2,9.0,AB
2311104,5,CE 312,2,10.0,AA
2311104,5,CE 313,2,10.0,AA
2311104,5,CE 314,2,9.0,AB
2311106,5,CE 301,4,9.0,AB
2311106,5,CE 302,4,9.0,AB
2311106,5,CE 303,4,10.0,AA
2311106,5,CE 304,4,10.0,AA
2311106,5,CE 305,4,10.0,AA
2311106,5,CE 311,2,10.0,AA
2311106,5,CE 312,2,10.0,AA
2311106,5,CE 313,2,10.0,AA
2311106,5,CE 314,2,9.0,AB
2311107,5,CE 301,4,10.0,AA
2311107,5,CE 302,4,9.0,AB
2311107,5,CE 303,4,9.0,AB
2311107,5,CE 304,4,10.0,AA
2311107,5,CE 305,4,8.0,BB
2311107,5,CE 311,2,9.0,AB
2311107,5,CE 312,2,9.0,AB
2311107,5,CE 313,2,9.0,AB
2311107,5,CE 314,2,9.0,AB
2311108,5,CE 301,4,10.0,AA
2311108,5,CE 302,4,8.0,BB
2311108,5,CE 303,4,10.0,AA
2311108,5,CE 304,4,8.0,BB
2311108,5,CE 305,4,8.0,BB
2311108,5,CE 311,2,10.0,AA
2311108,5,CE 312,2,10.0,AA
2311108,5,CE 313,2,9.0,AB
2311108,5,CE 314,2,9.0,AB
2311109,5,CE 301,4,7.0,BC
2311109,5,CE 302,4,7.0,BC
2311109,5,CE 303,4,8.0,BB
2311109,5,CE 304,4,8.0,BB
2311109,5,CE 305,4,7.0,BC
2311109,5,CE 311,2,9.0,AB
2311109,5,CE 312,2,9.0,AB
2311109,5,CE 313,2,10.0,AA
2311109,5,CE 314,2,8.0,BB
2311110,5,CE 301,4,7.0,BC
2311110,5,CE 302,4,7.0,BC
2311110,5,CE 303,4,7.0,BC
2311110,5,CE 304,4,6.0,CC
2311110,5,CE 305,4,8.0,BB
2311110,5,CE 311,2,10.0,AA
2311110,5,CE 312,2,10.0,AA
2311110,5,CE 313,2,9.0,AB
2311110,5,CE 314,2,9.0,AB
2311111,5,CE 301,4,6.0,CC
2311111,5,CE 302,4,5.0,CD
2311111,5,CE 303,4,6.0,CC
2311111,5,CE 304,4,6.0,CC
2311111,5,CE 305,4,5.0,CD
2311111,5,CE 311,2,10.0,AA
2311111,5,CE 312,2,8.0,BB
2311111,5,CE 313,2,9.0,AB
2311111,5,CE 314,2,9.0,AB
2311112,5,CE 301,4,6.0,CC
2311112,5,CE 302,4,0.0,F
2311112,5,CE 303,4,7.0,BC
2311112,5,CE 304,4,8.0,BB
2311112,5,CE 305,4,0.0,F
2311112,5,CE 311,2,9.0,AB
2311112,5,CE 312,2,9.0,AB
2311112,5,CE 313,2,9.0,AB
2311112,5,CE 314,2,8.0,BB
2311113,5,CE 301,4,8.0,BB
2311113,5,CE 302,4,7.0,BC
2311113,5,CE 303,4,8.0,BB
2311113,5,CE 304,4,8.0,BB
2311113,5,CE 305,4,8.0,BB
2311113,5,CE 311,2,10.0,AA
2311113,5,CE 312,2,10.0,AA
2311113,5,CE 313,2,10.0,AA
2311113,5,CE 314,2,9.0,AB
2311114,5,CE 301,4,5.0,CD
2311114,5,CE 302,4,5.0,CD
2311114,5,CE 303,4,7.0,BC
2311114,5,CE 304,4,5.0,CD
2311114,5,CE 305,4,4.0,DD
2311114,5,CE 311,2,10.0,AA
2311114,5,CE 312,2,8.0,BB
2311114,5,CE 313,2,8.0,BB
2311114,5,CE 314,2,8.0,BB
2311115,5,CE 301,4,4.0,DD
2311115,5,CE 302,4,4.0,DD
2311115,5,CE 303,4,4.0,DD
2311115,5,CE 304,4,4.0,DD
2311115,5,CE 305,4,4.0,DD
2311115,5,CE 311,2,9.0,AB
2311115,5,CE 312,2,8.0,BB
2311115,5,CE 313,2,8.0,BB
2311115,5,CE 314,2,8.0,BB
2311116,5,CE 301,4,7.0,BC
2311116,5,CE 302,4,8.0,BB
2311116,5,CE 303,4,8.0,BB
2311116,5,CE 304,4,8.0,BB
2311116,5,CE 305,4,8.0,BB
2311116,5,CE 311,2,9.0,AB
2311116,5,CE 312,2,10.0,AA
2311116,5,CE 313,2,9.0,AB
2311116,5,CE 314,2,9.0,AB
2311117,5,CE 301,4,8.0,BB
2311117,5,CE 302,4,9.0,AB
2311117,5,CE 303,4,9.0,AB
2311117,5,CE 304,4,8.0,BB
2311117,5,CE 305,4,7.0,BC
2311117,5,CE 311,2,9.0,AB
2311117,5,CE 312,2,10.0,AA
2311117,5,CE 313,2,9.0,AB
2311117,5,CE 314,2,8.0,BB
2311118,5,CE 301,4,4.0,DD
2311118,5,CE 302,4,7.0,BC
2311118,5,CE 303,4,6.0,CC
2311118,5,CE 304,4,8.0,BB
2311118,5,CE 305,4,7.0,BC
2311118,5,CE 311,2,9.0,AB
2311118,5,CE 312,2,10.0,AA
2311118,5,CE 313,2,9.0,AB
2311118,5,CE 314,2,8.0,BB
2311119,5,CE 301,4,9.0,AB
2311119,5,CE 302,4,9.0,AB
2311119,5,CE 303,4,8.0,BB
2311119,5,CE 304,4,10.0,AA
2311119,5,CE 305,4,9.0,AB
2311119,5,CE 311,2,10.0,AA
2311119,5,CE 312,2,10.0,AA
2311119,5,CE 313,2,10.0,AA
2311119,5,CE 314,2,9.0,AB
2311120,5,CE 301,4,9.0,AB
2311120,5,CE 302,4,9.0,AB
2311120,5,CE 303,4,10.0,AA
2311120,5,CE 304,4,10.0,AA
2311120,5,CE 305,4,9.0,AB
2311120,5,CE 311,2,10.0,AA
2311120,5,CE 312,2,10.0,AA
2311120,5,CE 313,2,10.0,AA
2311120,5,CE 314,2,10.0,AA
2311121,5,CE 301,4,0.0,I
2311121,5,CE 302,4,0.0,F
2311121,5,CE 303,4,0.0,F
2311121,5,CE 304,4,0.0,F
2311121,5,CE 305,4,0.0,F
2311121,5,CE 311,2,10.0,AA
2311121,5,CE 312,2,10.0,AA
2311121,5,CE 313,2,10.0,AA
2311121,5,CE 314,2,10.0,AA
2311122,5,CE 301,4,9.0,AB
2311122,5,CE 302,4,7.0,BC
2311122,5,CE 303,4,8.0,BB
2311122,5,CE 304,4,8.0,BB
2311122,5,CE 305,4,8.0,BB
2311122,5,CE 311,2,10.0,AA
2311122,5,CE 312,2,9.0,AB
2311122,5,CE 313,2,10.0,AA
2311122,5,CE 314,2,9.0,AB
2311123,5,CE 301,4,8.0,BB
2311123,5,CE 302,4,6.0,CC
2311123,5,CE 303,4,8.0,BB
2311123,5,CE 304,4,7.0,BC
2311123,5,CE 305,4,6.0,CC
2311123,5,CE 311,2,10.0,AA
2311123,5,CE 312,2,8.0,BB
2311123,5,CE 313,2,9.0,AB
2311123,5,CE 314,2,9.0,AB
2311124,5,CE 301,4,5.0,CD
2311124,5,CE 302,4,5.0,CD
2311124,5,CE 303,4,7.0,BC
2311124,5,CE 304,4,5.0,CD
2311124,5,CE 305,4,6.0,CC
2311124,5,CE 311,2,10.0,AA
2311124,5,CE 312,2,8.0,BB
2311124,5,CE 313,2,10.0,AA
2311124,5,CE 314,2,9.0,AB
2311125,5,CE 301,4,7.0,BC
2311125,5,CE 302,4,8.0,BB
2311125,5,CE 303,4,8.0,BB
2311125,5,CE 304,4,8.0,BB
2311125,5,CE 305,4,8.0,BB
2311125,5,CE 311,2,10.0,AA
2311125,5,CE 312,2,9.0,AB
2311125,5,CE 313,2,8.0,BB
2311125,5,CE 314,2,9.0,AB
2311126,5,CE 301,4,8.0,BB
2311126,5,CE 302,4,8.0,BB
2311126,5,CE 303,4,7.0,BC
2311126,5,CE 304,4,10.0,AA
2311126,5,CE 305,4,9.0,AB
2311126,5,CE 311,2,10.0,AA
2311126,5,CE 312,2,10.0,AA
2311126,5,CE 313,2,10.0,AA
2311126,5,CE 314,2,9.0,AB
2311127,5,CE 301,4,6.0,CC
2311127,5,CE 302,4,7.0,BC
2311127,5,CE 303,4,8.0,BB
2311127,5,CE 304,4,7.0,BC
2311127,5,CE 305,4,7.0,BC
2311127,5,CE 311,2,10.0,AA
2311127,5,CE 312,2,9.0,AB
2311127,5,CE 313,2,9.0,AB
2311127,5,CE 314,2,9.0,AB
2311128,5,CE 301,4,10.0,AA
2311128,5,CE 302,4,10.0,AA
2311128,5,CE 303,4,9.0,AB
2311128,5,CE 304,4,10.0,AA
2311128,5,CE 305,4,9.0,AB
2311128,5,CE 311,2,10.0,AA
2311128,5,CE 312,2,10.0,AA
2311128,5,CE 313,2,10.0,AA
2311128,5,CE 314,2,10.0,AA
2311130,5,CE 301,4,7.0,BC
2311130,5,CE 302,4,6.0,CC
2311130,5,CE 303,4,8.0,BB
2311130,5,CE 304,4,8.0,BB
2311130,5,CE 305,4,8.0,BB
2311130,5,CE 311,2,10.0,AA
2311130,5,CE 312,2,9.0,AB
2311130,5,CE 313,2,10.0,AA
2311130,5,CE 314,2,9.0,AB
2311131,5,CE 301,4,5.0,CD
2311131,5,CE 302,4,7.0,BC
2311131,5,CE 303,4,8.0,BB
2311131,5,CE 304,4,6.0,CC
2311131,5,CE 305,4,7.0,BC
2311131,5,CE 311,2,10.0,AA
2311131,5,CE 312,2,8.0,BB
2311131,5,CE 313,2,9.0,AB
2311131,5,CE 314,2,9.0,AB
2311132,5,CE 301,4,6.0,CC
2311132,5,CE 302,4,7.0,BC
2311132,5,CE 303,4,7.0,BC
2311132,5,CE 304,4,7.0,BC
2311132,5,CE 305,4,6.0,CC
2311132,5,CE 311,2,10.0,AA
2311132,5,CE 312,2,9.0,AB
2311132,5,CE 313,2,9.0,AB
2311132,5,CE 314,2,9.0,AB
2311133,5,CE 301,4,10.0,AA
2311133,5,CE 302,4,10.0,AA
2311133,5,CE 303,4,9.0,AB
2311133,5,CE 304,4,10.0,AA
2311133,5,CE 305,4,10.0,AA
2311133,5,CE 311,2,10.0,AA
2311133,5,CE 312,2,10.0,AA
2311133,5,CE 313,2,10.0,AA
2311133,5,CE 314,2,9.0,AB
2311134,5,CE 301,4,8.0,BB
2311134,5,CE 302,4,8.0,BB
2311134,5,CE 303,4,9.0,AB
2311134,5,CE 304,4,10.0,AA
2311134,5,CE 305,4,7.0,BC
2311134,5,CE 311,2,10.0,AA
2311134,5,CE 312,2,10.0,AA
2311134,5,CE 313,2,10.0,AA
2311134,5,CE 314,2,10.0,AA
2311135,5,CE 301,4,4.0,DD
2311135,5,CE 302,4,6.0,CC
2311135,5,CE 303,4,7.0,BC
2311135,5,CE 304,4,7.0,BC
2311135,5,CE 305,4,6.0,CC
2311135,5,CE 311,2,10.0,AA
2311135,5,CE 312,2,9.0,AB
2311135,5,CE 313,2,9.0,AB
2311135,5,CE 314,2,9.0,AB
2311136,5,CE 301,4,5.0,CD
2311136,5,CE 302,4,9.0,AB
2311136,5,CE 303,4,9.0,AB
2311136,5,CE 304,4,7.0,BC
2311136,5,CE 305,4,8.0,BB
2311136,5,CE 311,2,10.0,AA
2311136,5,CE 312,2,8.0,BB
2311136,5,CE 313,2,9.0,AB
2311136,5,CE 314,2,9.0,AB
2311137,5,CE 301,4,9.0,AB
2311137,5,CE 302,4,9.0,AB
2311137,5,CE 303,4,10.0,AA
2311137,5,CE 304,4,8.0,BB
2311137,5,CE 305,4,10.0,AA
2311137,5,CE 311,2,10.0,AA
2311137,5,CE 312,2,10.0,AA
2311137,5,CE 313,2,9.0,AB
2311137,5,CE 314,2,9.0,AB
2311138,5,CE 301,4,8.0,BB
2311138,5,CE 302,4,8.0,BB
2311138,5,CE 303,4,9.0,AB
2311138,5,CE 304,4,10.0,AA
2311138,5,CE 305,4,9.0,AB
2311138,5,CE 311,2,10.0,AA
2311138,5,CE 312,2,9.0,AB
2311138,5,CE 313,2,10.0,AA
2311138,5,CE 314,2,10.0,AA
2311139,5,CE 301,4,4.0,DD
2311139,5,CE 302,4,0.0,F
2311139,5,CE 303,4,0.0,F
2311139,5,CE 304,4,4.0,DD
2311139,5,CE 305,4,5.0,CD
2311139,5,CE 311,2,9.0,AB
2311139,5,CE 312,2,7.0,BC
2311139,5,CE 313,2,7.0,BC
2311139,5,CE 314,2,9.0,AB
2311141,5,CE 301,4,9.0,AB
2311141,5,CE 302,4,9.0,AB
2311141,5,CE 303,4,9.0,AB
2311141,5,CE 304,4,8.0,BB
2311141,5,CE 305,4,10.0,AA
2311141,5,CE 311,2,10.0,AA
2311141,5,CE 312,2,10.0,AA
2311141,5,CE 313,2,10.0,AA
2311141,5,CE 314,2,9.0,AB
2311142,5,CE 301,4,9.0,AB
2311142,5,CE 302,4,9.0,AB
2311142,5,CE 303,4,8.0,BB
2311142,5,CE 304,4,9.0,AB
2311142,5,CE 305,4,10.0,AA
2311142,5,CE 311,2,10.0,AA
2311142,5,CE 312,2,10.0,AA
2311142,5,CE 313,2,10.0,AA
2311142,5,CE 314,2,9.0,AB
2311143,5,CE 301,4,9.0,AB
2311143,5,CE 302,4,8.0,BB
2311143,5,CE 303,4,8.0,BB
2311143,5,CE 304,4,8.0,BB
2311143,5,CE 305,4,9.0,AB
2311143,5,CE 311,2,10.0,AA
2311143,5,CE 312,2,10.0,AA
2311143,5,CE 313,2,10.0,AA
2311143,5,CE 314,2,10.0,AA
2311144,5,CE 301,4,6.0,CC
2311144,5,CE 302,4,8.0,BB
2311144,5,CE 303,4,8.0,BB
2311144,5,CE 304,4,8.0,BB
2311144,5,CE 305,4,8.0,BB
2311144,5,CE 311,2,10.0,AA
2311144,5,CE 312,2,10.0,AA
2311144,5,CE 313,2,9.0,AB
2311144,5,CE 314,2,10.0,AA
2311145,5,CE 301,4,6.0,CC
2311145,5,CE 302,4,8.0,BB
2311145,5,CE 303,4,7.0,BC
2311145,5,CE 304,4,7.0,BC
2311145,5,CE 305,4,7.0,BC
2311145,5,CE 311,2,10.0,AA
2311145,5,CE 312,2,10.0,AA
2311145,5,CE 313,2,9.0,AB
2311145,5,CE 314,2,9.0,AB
2311146,5,CE 301,4,9.0,AB
2311146,5,CE 302,4,9.0,AB
2311146,5,CE 303,4,10.0,AA
2311146,5,CE 304,4,9.0,AB
2311146,5,CE 305,4,8.0,BB
2311146,5,CE 311,2,10.0,AA
2311146,5,CE 312,2,10.0,AA
2311146,5,CE 313,2,9.0,AB
2311146,5,CE 314,2,9.0,AB
2311147,5,CE 301,4,6.0,CC
2311147,5,CE 302,4,7.0,BC
2311147,5,CE 303,4,8.0,BB
2311147,5,CE 304,4,7.0,BC
2311147,5,CE 305,4,8.0,BB
2311147,5,CE 311,2,9.0,AB
2311147,5,CE 312,2,10.0,AA
2311147,5,CE 313,2,10.0,AA
2311147,5,CE 314,2,9.0,AB
2311149,5,CE 301,4,8.0,BB
2311149,5,CE 302,4,0.0,F
2311149,5,CE 303,4,8.0,BB
2311149,5,CE 304,4,9.0,AB
2311149,5,CE 305,4,8.0,BB
2311149,5,CE 311,2,10.0,AA
2311149,5,CE 312,2,9.0,AB
2311149,5,CE 313,2,10.0,AA
2311149,5,CE 314,2,9.0,AB
2311150,5,CE 301,4,10.0,AA
2311150,5,CE 302,4,9.0,AB
2311150,5,CE 303,4,9.0,AB
2311150,5,CE 304,4,9.0,AB
2311150,5,CE 305,4,10.0,AA
2311150,5,CE 311,2,10.0,AA
2311150,5,CE 312,2,10.0,AA
2311150,5,CE 313,2,10.0,AA
2311150,5,CE 314,2,9.0,AB
2311151,5,CE 301,4,4.0,DD
2311151,5,CE 302,4,0.0,F
2311151,5,CE 303,4,4.0,DD
2311151,5,CE 304,4,5.0,CD
2311151,5,CE 305,4,0.0,F
2311151,5,CE 311,2,9.0,AB
2311151,5,CE 312,2,7.0,BC
2311151,5,CE 313,2,7.0,BC
2311151,5,CE 314,2,9.0,AB
2311152,5,CE 301,4,4.0,DD
2311152,5,CE 302,4,4.0,DD
2311152,5,CE 303,4,7.0,BC
2311152,5,CE 304,4,4.0,DD
2311152,5,CE 305,4,4.0,DD
2311152,5,CE 311,2,9.0,AB
2311152,5,CE 312,2,9.0,AB
2311152,5,CE 313,2,7.0,BC
2311152,5,CE 314,2,9.0,AB
2311153,5,CE 301,4,7.0,BC
2311153,5,CE 302,4,6.0,CC
2311153,5,CE 303,4,8.0,BB
2311153,5,CE 304,4,7.0,BC
2311153,5,CE 305,4,5.0,CD
2311153,5,CE 311,2,9.0,AB
2311153,5,CE 312,2,8.0,BB
2311153,5,CE 313,2,8.0,BB
2311153,5,CE 314,2,9.0,AB
2311154,5,CE 301,4,5.0,CD
2311154,5,CE 302,4,7.0,BC
2311154,5,CE 303,4,8.0,BB
2311154,5,CE 304,4,5.0,CD
2311154,5,CE 305,4,7.0,BC
2311154,5,CE 311,2,10.0,AA
2311154,5,CE 312,2,10.0,AA
2311154,5,CE 313,2,10.0,AA
2311154,5,CE 314,2,10.0,AA
2311155,5,CE 301,4,4.0,DD
2311155,5,CE 302,4,0.0,F
2311155,5,CE 303,4,4.0,DD
2311155,5,CE 304,4,4.0,DD
2311155,5,CE 305,4,4.0,DD
2311155,5,CE 311,2,9.0,AB
2311155,5,CE 312,2,8.0,BB
2311155,5,CE 313,2,7.0,BC
2311155,5,CE 314,2,9.0,AB
2311156,5,CE 301,4,7.0,BC
2311156,5,CE 302,4,7.0,BC
2311156,5,CE 303,4,8.0,BB
2311156,5,CE 304,4,7.0,BC
2311156,5,CE 305,4,7.0,BC
2311156,5,CE 311,2,10.0,AA
2311156,5,CE 312,2,9.0,AB
2311156,5,CE 313,2,10.0,AA
2311156,5,CE 314,2,10.0,AA
2312001,5,CS 301,4,9.0,AB
2312001,5,CS 302,4,10.0,AA
2312001,5,CS 303,4,8.0,BB
2312001,5,CS 304,4,9.0,AB
2312001,5,CS 305,4,8.0,BB
2312001,5,CS 311,2,10.0,AA
2312001,5,CS 312,2,9.0,AB
2312001,5,CS 313,2,10.0,AA
2312001,5,CS 314,2,10.0,AA
2312002,5,CS 301,4,8.0,BB
2312002,5,CS 302,4,10.0,AA
2312002,5,CS 303,4,7.0,BC
2312002,5,CS 304,4,9.0,AB
2312002,5,CS 305,4,5.0,CD
2312002,5,CS 311,2,10.0,AA
2312002,5,CS 312,2,10.0,AA
2312002,5,CS 313,2,10.0,AA
2312002,5,CS 314,2,10.0,AA
2312003,5,CS 301,4,10.0,AA
2312003,5,CS 302,4,10.0,AA
2312003,5,CS 303,4,10.0,AA
2312003,5,CS 304,4,10.0,AA
2312003,5,CS 305,4,10.0,AA
2312003,5,CS 311,2,10.0,AA
2312003,5,CS 312,2,10.0,AA
2312003,5,CS 313,2,10.0,AA
2312003,5,CS 314,2,10.0,AA
2312004,5,CS 301,4,10.0,AA
2312004,5,CS 302,4,10.0,AA
2312004,5,CS 303,4,10.0,AA
2312004,5,CS 304,4,10.0,AA
2312004,5,CS 305,4,9.0,AB
2312004,5,CS 311,2,10.0,AA
2312004,5,CS 312,2,10.0,AA
2312004,5,CS 313,2,10.0,AA
2312004,5,CS 314,2,10.0,AA
2312005,5,CS 301,4,7.0,BC
2312005,5,CS 302,4,8.0,BB
2312005,5,CS 303,4,7.0,BC
2312005,5,CS 304,4,7.0,BC
2312005,5,CS 305,4,8.0,BB
2312005,5,CS 311,2,9.0,AB
2312005,5,CS 312,2,10.0,AA
2312005,5,CS 313,2,10.0,AA
2312005,5,CS 314,2,8.0,BB
2312006,5,CS 301,4,5.0,CD
2312006,5,CS 302,4,8.0,BB
2312006,5,CS 303,4,5.0,CD
2312006,5,CS 304,4,6.0,CC
2312006,5,CS 305,4,6.0,CC
2312006,5,CS 311,2,9.0,AB
2312006,5,CS 312,2,9.0,AB
2312006,5,CS 313,2,10.0,AA
2312006,5,CS 314,2,8.0,BB
2312007,5,CS 301,4,8.0,BB
2312007,5,CS 302,4,9.0,AB
2312007,5,CS 303,4,8.0,BB
2312007,5,CS 304,4,9.0,AB
2312007,5,CS 305,4,6.0,CC
2312007,5,CS 311,2,9.0,AB
2312007,5,CS 312,2,10.0,AA
2312007,5,CS 313,2,10.0,AA
2312007,5,CS 314,2,9.0,AB
2312008,5,CS 301,4,7.0,BC
2312008,5,CS 302,4,8.0,BB
2312008,5,CS 303,4,6.0,CC
2312008,5,CS 304,4,7.0,BC
2312008,5,CS 305,4,6.0,CC
2312008,5,CS 311,2,9.0,AB
2312008,5,CS 312,2,10.0,AA
2312008,5,CS 313,2,10.0,AA
2312008,5,CS 314,2,8.0,BB
2312009,5,CS 301,4,7.0,BC
2312009,5,CS 302,4,8.0,BB
2312009,5,CS 303,4,6.0,CC
2312009,5,CS 304,4,7.0,BC
2312009,5,CS 305,4,6.0,CC
2312009,5,CS 311,2,9.0,AB
2312009,5,CS 312,2,10.0,AA
2312009,5,CS 313,2,10.0,AA
2312009,5,CS 314,2,8.0,BB
2312010,5,CS 301,4,8.0,BB
2312010,5,CS 302,4,9.0,AB
2312010,5,CS 303,4,6.0,CC
2312010,5,CS 304,4,8.0,BB
2312010,5,CS 305,4,7.0,BC
2312010,5,CS 311,2,10.0,AA
2312010,5,CS 312,2,10.0,AA
2312010,5,CS 313,2,10.0,AA
2312010,5,CS 314,2,10.0,AA
2312011,5,CS 301,4,7.0,BC
2312011,5,CS 302,4,10.0,AA
2312011,5,CS 303,4,7.0,BC
2312011,5,CS 304,4,6.0,CC
2312011,5,CS 305,4,7.0,BC
2312011,5,CS 311,2,9.0,AB
2312011,5,CS 312,2,10.0,AA
2312011,5,CS 313,2,10.0,AA
2312011,5,CS 314,2,10.0,AA
2312012,5,CS 301,4,7.0,BC
2312012,5,CS 302,4,9.0,AB
2312012,5,CS 303,4,8.0,BB
2312012,5,CS 304,4,6.0,CC
2312012,5,CS 305,4,7.0,BC
2312012,5,CS 311,2,10.0,AA
2312012,5,CS 312,2,10.0,AA
2312012,5,CS 313,2,10.0,AA
2312012,5,CS 314,2,9.0,AB
2312013,5,CS 301,4,6.0,CC
2312013,5,CS 302,4,5.0,CD
2312013,5,CS 303,4,7.0,BC
2312013,5,CS 304,4,6.0,CC
2312013,5,CS 305,4,7.0,BC
2312013,5,CS 311,2,9.0,AB
2312013,5,CS 312,2,9.0,AB
2312013,5,CS 313,2,10.0,AA
2312013,5,CS 314,2,10.0,AA
2312014,5,CS 301,4,6.0,CC
2312014,5,CS 302,4,9.0,AB
2312014,5,CS 303,4,6.0,CC
2312014,5,CS 304,4,9.0,AB
2312014,5,CS 305,4,7.0,BC
2312014,5,CS 311,2,9.0,AB
2312014,5,CS 312,2,10.0,AA
2312014,5,CS 313,2,10.0,AA
2312014,5,CS 314,2,9.0,AB
2312015,5,CS 301,4,7.0,BC
2312015,5,CS 302,4,9.0,AB
2312015,5,CS 303,4,7.0,BC
2312015,5,CS 304,4,8.0,BB
2312015,5,CS 305,4,5.0,CD
2312015,5,CS 311,2,10.0,AA
2312015,5,CS 312,2,10.0,AA
2312015,5,CS 313,2,10.0,AA
2312015,5,CS 314,2,10.0,AA
2312017,5,CS 301,4,4.0,DD
2312017,5,CS 302,4,6.0,CC
2312017,5,CS 303,4,5.0,CD
2312017,5,CS 304,4,6.0,CC
2312017,5,CS 305,4,5.0,CD
2312017,5,CS 311,2,9.0,AB
2312017,5,CS 312,2,9.0,AB
2312017,5,CS 313,2,9.0,AB
2312017,5,CS 314,2,8.0,BB
2312018,5,CS 301,4,6.0,CC
2312018,5,CS 302,4,7.0,BC
2312018,5,CS 303,4,4.0,DD
2312018,5,CS 304,4,7.0,BC
2312018,5,CS 305,4,0.0,F
2312018,5,CS 311,2,9.0,AB
2312018,5,CS 312,2,9.0,AB
2312018,5,CS 313,2,10.0,AA
2312018,5,CS 314,2,10.0,AA
2312019,5,CS 301,4,7.0,BC
2312019,5,CS 302,4,9.0,AB
2312019,5,CS 303,4,7.0,BC
2312019,5,CS 304,4,9.0,AB
2312019,5,CS 305,4,10.0,AA
2312019,5,CS 311,2,9.0,AB
2312019,5,CS 312,2,10.0,AA
2312019,5,CS 313,2,10.0,AA
2312019,5,CS 314,2,10.0,AA
2312020,5,CS 301,4,8.0,BB
2312020,5,CS 302,4,9.0,AB
2312020,5,CS 303,4,8.0,BB
2312020,5,CS 304,4,7.0,BC
2312020,5,CS 305,4,10.0,AA
2312020,5,CS 311,2,9.0,AB
2312020,5,CS 312,2,10.0,AA
2312020,5,CS 313,2,10.0,AA
2312020,5,CS 314,2,10.0,AA
2312021,5,CS 301,4,9.0,AB
2312021,5,CS 302,4,10.0,AA
2312021,5,CS 303,4,8.0,BB
2312021,5,CS 304,4,10.0,AA
2312021,5,CS 305,4,10.0,AA
2312021,5,CS 311,2,10.0,AA
2312021,5,CS 312,2,10.0,AA
2312021,5,CS 313,2,10.0,AA
2312021,5,CS 314,2,10.0,AA
2312022,5,CS 301,4,6.0,CC
2312022,5,CS 302,4,8.0,BB
2312022,5,CS 303,4,0.0,F
2312022,5,CS 304,4,8.0,BB
2312022,5,CS 305,4,5.0,CD
2312022,5,CS 311,2,9.0,AB
2312022,5,CS 312,2,10.0,AA
2312022,5,CS 313,2,10.0,AA
2312022,5,CS 314,2,9.0,AB
2312023,5,CS 301,4,5.0,CD
2312023,5,CS 302,4,8.0,BB
2312023,5,CS 303,4,7.0,BC
2312023,5,CS 304,4,9.0,AB
2312023,5,CS 305,4,7.0,BC
2312023,5,CS 311,2,10.0,AA
2312023,5,CS 312,2,10.0,AA
2312023,5,CS 313,2,10.0,AA
2312023,5,CS 314,2,10.0,AA
2312024,5,CS 301,4,8.0,BB
2312024,5,CS 302,4,9.0,AB
2312024,5,CS 303,4,8.0,BB
2312024,5,CS 304,4,7.0,BC
2312024,5,CS 305,4,7.0,BC
2312024,5,CS 311,2,10.0,AA
2312024,5,CS 312,2,10.0,AA
2312024,5,CS 313,2,10.0,AA
2312024,5,CS 314,2,10.0,AA
2312025,5,CS 301,4,10.0,AA
2312025,5,CS 302,4,10.0,AA
2312025,5,CS 303,4,9.0,AB
2312025,5,CS 304,4,10.0,AA
2312025,5,CS 305,4,10.0,AA
2312025,5,CS 311,2,10.0,AA
2312025,5,CS 312,2,10.0,AA
2312025,5,CS 313,2,10.0,AA
2312025,5,CS 314,2,10.0,AA
2312026,5,CS 301,4,9.0,AB
2312026,5,CS 302,4,10.0,AA
2312026,5,CS 303,4,8.0,BB
2312026,5,CS 304,4,8.0,BB
2312026,5,CS 305,4,9.0,AB
2312026,5,CS 311,2,9.0,AB
2312026,5,CS 312,2,10.0,AA
2312026,5,CS 313,2,10.0,AA
2312026,5,CS 314,2,10.0,AA
2312027,5,CS 301,4,4.0,DD
2312027,5,CS 302,4,8.0,BB
2312027,5,CS 303,4,6.0,CC
2312027,5,CS 304,4,8.0,BB
2312027,5,CS 305,4,4.0,DD
2312027,5,CS 311,2,8.0,BB
2312027,5,CS 312,2,10.0,AA
2312027,5,CS 313,2,10.0,AA
2312027,5,CS 314,2,9.0,AB
2312028,5,CS 301,4,8.0,BB
2312028,5,CS 302,4,9.0,AB
2312028,5,CS 303,4,9.0,AB
2312028,5,CS 304,4,8.0,BB
2312028,5,CS 305,4,10.0,AA
2312028,5,CS 311,2,10.0,AA
2312028,5,CS 312,2,10.0,AA
2312028,5,CS 313,2,10.0,AA
2312028,5,CS 314,2,10.0,AA
2312029,5,CS 301,4,9.0,AB
2312029,5,CS 302,4,10.0,AA
2312029,5,CS 303,4,8.0,BB
2312029,5,CS 304,4,10.0,AA
2312029,5,CS 305,4,9.0,AB
2312029,5,CS 311,2,10.0,AA
2312029,5,CS 312,2,10.0,AA
2312029,5,CS 313,2,10.0,AA
2312029,5,CS 314,2,10.0,AA
2312030,5,CS 301,4,8.0,BB
2312030,5,CS 302,4,10.0,AA
2312030,5,CS 303,4,8.0,BB
2312030,5,CS 304,4,9.0,AB
2312030,5,CS 305,4,7.0,BC
2312030,5,CS 311,2,10.0,AA
2312030,5,CS 312,2,9.0,AB
2312030,5,CS 313,2,10.0,AA
2312030,5,CS 314,2,10.0,AA
2312031,5,CS 301,4,6.0,CC
2312031,5,CS 302,4,9.0,AB
2312031,5,CS 303,4,7.0,BC
2312031,5,CS 304,4,7.0,BC
2312031,5,CS 305,4,7.0,BC
2312031,5,CS 311,2,10.0,AA
2312031,5,CS 312,2,8.0,BB
2312031,5,CS 313,2,10.0,AA
2312031,5,CS 314,2,9.0,AB
2312032,5,CS 301,4,9.0,AB
2312032,5,CS 302,4,10.0,AA
2312032,5,CS 303,4,8.0,BB
2312032,5,CS 304,4,10.0,AA
2312032,5,CS 305,4,8.0,BB
2312032,5,CS 311,2,9.0,AB
2312032,5,CS 312,2,9.0,AB
2312032,5,CS 313,2,10.0,AA
2312032,5,CS 314,2,10.0,AA
2312033,5,CS 301,4,8.0,BB
2312033,5,CS 302,4,10.0,AA
2312033,5,CS 303,4,8.0,BB
2312033,5,CS 304,4,9.0,AB
2312033,5,CS 305,4,10.0,AA
2312033,5,CS 311,2,10.0,AA
2312033,5,CS 312,2,9.0,AB
2312033,5,CS 313,2,10.0,AA
2312033,5,CS 314,2,9.0,AB
2312034,5,CS 301,4,7.0,BC
2312034,5,CS 302,4,10.0,AA
2312034,5,CS 303,4,7.0,BC
2312034,5,CS 304,4,8.0,BB
2312034,5,CS 305,4,7.0,BC
2312034,5,CS 311,2,8.0,BB
2312034,5,CS 312,2,9.0,AB
2312034,5,CS 313,2,10.0,AA
2312034,5,CS 314,2,10.0,AA
2312035,5,CS 301,4,8.0,BB
2312035,5,CS 302,4,10.0,AA
2312035,5,CS 303,4,6.0,CC
2312035,5,CS 304,4,8.0,BB
2312035,5,CS 305,4,8.0,BB
2312035,5,CS 311,2,10.0,AA
2312035,5,CS 312,2,8.0,BB
2312035,5,CS 313,2,10.0,AA
2312035,5,CS 314,2,10.0,AA
2312036,5,CS 301,4,8.0,BB
2312036,5,CS 302,4,10.0,AA
2312036,5,CS 303,4,8.0,BB
2312036,5,CS 304,4,7.0,BC
2312036,5,CS 305,4,7.0,BC
2312036,5,CS 311,2,9.0,AB
2312036,5,CS 312,2,9.0,AB
2312036,5,CS 313,2,10.0,AA
2312036,5,CS 314,2,9.0,AB
2312037,5,CS 301,4,8.0,BB
2312037,5,CS 302,4,10.0,AA
2312037,5,CS 303,4,8.0,BB
2312037,5,CS 304,4,10.0,AA
2312037,5,CS 305,4,8.0,BB
2312037,5,CS 311,2,10.0,AA
2312037,5,CS 312,2,9.0,AB
2312037,5,CS 313,2,10.0,AA
2312037,5,CS 314,2,10.0,AA
2312038,5,CS 301,4,5.0,CD
2312038,5,CS 302,4,8.0,BB
2312038,5,CS 303,4,6.0,CC
2312038,5,CS 304,4,7.0,BC
2312038,5,CS 305,4,8.0,BB
2312038,5,CS 311,2,10.0,AA
2312038,5,CS 312,2,9.0,AB
2312038,5,CS 313,2,10.0,AA
2312038,5,CS 314,2,10.0,AA
2312039,5,CS 301,4,6.0,CC
2312039,5,CS 302,4,9.0,AB
2312039,5,CS 303,4,6.0,CC
2312039,5,CS 304,4,7.0,BC
2312039,5,CS 305,4,7.0,BC
2312039,5,CS 311,2,10.0,AA
2312039,5,CS 312,2,9.0,AB
2312039,5,CS 313,2,10.0,AA
2312039,5,CS 314,2,10.0,AA
2312040,5,CS 301,4,7.0,BC
2312040,5,CS 302,4,9.0,AB
2312040,5,CS 303,4,7.0,BC
2312040,5,CS 304,4,7.0,BC
2312040,5,CS 305,4,9.0,AB
2312040,5,CS 311,2,10.0,AA
2312040,5,CS 312,2,9.0,AB
2312040,5,CS 313,2,10.0,AA
2312040,5,CS 314,2,10.0,AA
2312041,5,CS 301,4,7.0,BC
2312041,5,CS 302,4,10.0,AA
2312041,5,CS 303,4,8.0,BB
2312041,5,CS 304,4,6.0,CC
2312041,5,CS 305,4,9.0,AB
2312041,5,CS 311,2,10.0,AA
2312041,5,CS 312,2,9.0,AB
2312041,5,CS 313,2,10.0,AA
2312041,5,CS 314,2,10.0,AA
2312042,5,CS 301,4,6.0,CC
2312042,5,CS 302,4,10.0,AA
2312042,5,CS 303,4,8.0,BB
2312042,5,CS 304,4,7.0,BC
2312042,5,CS 305,4,10.0,AA
2312042,5,CS 311,2,9.0,AB
2312042,5,CS 312,2,8.0,BB
2312042,5,CS 313,2,9.0,AB
2312042,5,CS 314,2,9.0,AB
2312043,5,CS 301,4,9.0,AB
2312043,5,CS 302,4,10.0,AA
2312043,5,CS 303,4,8.0,BB
2312043,5,CS 304,4,9.0,AB
2312043,5,CS 305,4,8.0,BB
2312043,5,CS 311,2,10.0,AA
2312043,5,CS 312,2,9.0,AB
2312043,5,CS 313,2,10.0,AA
2312043,5,CS 314,2,10.0,AA
2312044,5,CS 301,4,9.0,AB
2312044,5,CS 302,4,10.0,AA
2312044,5,CS 303,4,8.0,BB
2312044,5,CS 304,4,10.0,AA
2312044,5,CS 305,4,9.0,AB
2312044,5,CS 311,2,9.0,AB
2312044,5,CS 312,2,9.0,AB
2312044,5,CS 313,2,10.0,AA
2312044,5,CS 314,2,10.0,AA
2312045,5,CS 301,4,8.0,BB
2312045,5,CS 302,4,9.0,AB
2312045,5,CS 303,4,6.0,CC
2312045,5,CS 304,4,8.0,BB
2312045,5,CS 305,4,6.0,CC
2312045,5,CS 311,2,9.0,AB
2312045,5,CS 312,2,9.0,AB
2312045,5,CS 313,2,10.0,AA
2312045,5,CS 314,2,10.0,AA
2312046,5,CS 301,4,6.0,CC
2312046,5,CS 302,4,8.0,BB
2312046,5,CS 303,4,6.0,CC
2312046,5,CS 304,4,6.0,CC
2312046,5,CS 305,4,7.0,BC
2312046,5,CS 311,2,8.0,BB
2312046,5,CS 312,2,9.0,AB
2312046,5,CS 313,2,10.0,AA
2312046,5,CS 314,2,7.0,BC
2312047,5,CS 301,4,10.0,AA
2312047,5,CS 302,4,10.0,AA
2312047,5,CS 303,4,10.0,AA
2312047,5,CS 304,4,10.0,AA
2312047,5,CS 305,4,8.0,BB
2312047,5,CS 311,2,10.0,AA
2312047,5,CS 312,2,9.0,AB
2312047,5,CS 313,2,9.0,AB
2312047,5,CS 314,2,10.0,AA
2312048,5,CS 301,4,8.0,BB
2312048,5,CS 302,4,10.0,AA
2312048,5,CS 303,4,7.0,BC
2312048,5,CS 304,4,9.0,AB
2312048,5,CS 305,4,8.0,BB
2312048,5,CS 311,2,9.0,AB
2312048,5,CS 312,2,9.0,AB
2312048,5,CS 313,2,10.0,AA
2312048,5,CS 314,2,10.0,AA
2312049,5,CS 301,4,6.0,CC
2312049,5,CS 302,4,9.0,AB
2312049,5,CS 303,4,6.0,CC
2312049,5,CS 304,4,5.0,CD
2312049,5,CS 305,4,6.0,CC
2312049,5,CS 311,2,5.0,CD
2312049,5,CS 312,2,8.0,BB
2312049,5,CS 313,2,10.0,AA
2312049,5,CS 314,2,7.0,BC
2312050,5,CS 301,4,4.0,DD
2312050,5,CS 302,4,7.0,BC
2312050,5,CS 303,4,6.0,CC
2312050,5,CS 304,4,5.0,CD
2312050,5,CS 305,4,4.0,DD
2312050,5,CS 311,2,9.0,AB
2312050,5,CS 312,2,8.0,BB
2312050,5,CS 313,2,10.0,AA
2312050,5,CS 314,2,9.0,AB
2312051,5,CS 301,4,9.0,AB
2312051,5,CS 302,4,10.0,AA
2312051,5,CS 303,4,7.0,BC
2312051,5,CS 304,4,9.0,AB
2312051,5,CS 305,4,7.0,BC
2312051,5,CS 311,2,10.0,AA
2312051,5,CS 312,2,9.0,AB
2312051,5,CS 313,2,10.0,AA
2312051,5,CS 314,2,10.0,AA
2312052,5,CS 301,4,9.0,AB
2312052,5,CS 302,4,10.0,AA
2312052,5,CS 303,4,8.0,BB
2312052,5,CS 304,4,9.0,AB
2312052,5,CS 305,4,10.0,AA
2312052,5,CS 311,2,10.0,AA
2312052,5,CS 312,2,9.0,AB
2312052,5,CS 313,2,10.0,AA
2312052,5,CS 314,2,9.0,AB
2312053,5,CS 301,4,9.0,AB
2312053,5,CS 302,4,10.0,AA
2312053,5,CS 303,4,7.0,BC
2312053,5,CS 304,4,10.0,AA
2312053,5,CS 305,4,8.0,BB
2312053,5,CS 311,2,9.0,AB
2312053,5,CS 312,2,10.0,AA
2312053,5,CS 313,2,10.0,AA
2312053,5,CS 314,2,10.0,AA
2312054,5,CS 301,4,7.0,BC
2312054,5,CS 302,4,10.0,AA
2312054,5,CS 303,4,7.0,BC
2312054,5,CS 304,4,7.0,BC
2312054,5,CS 305,4,7.0,BC
2312054,5,CS 311,2,9.0,AB
2312054,5,CS 312,2,10.0,AA
2312054,5,CS 313,2,10.0,AA
2312054,5,CS 314,2,8.0,BB
2312055,5,CS 301,4,7.0,BC
2312055,5,CS 302,4,10.0,AA
2312055,5,CS 303,4,7.0,BC
2312055,5,CS 304,4,7.0,BC
2312055,5,CS 305,4,7.0,BC
2312055,5,CS 311,2,9.0,AB
2312055,5,CS 312,2,10.0,AA
2312055,5,CS 313,2,10.0,AA
2312055,5,CS 314,2,9.0,AB
2312056,5,CS 301,4,9.0,AB
2312056,5,CS 302,4,10.0,AA
2312056,5,CS 303,4,8.0,BB
2312056,5,CS 304,4,9.0,AB
2312056,5,CS 305,4,9.0,AB
2312056,5,CS 311,2,9.0,AB
2312056,5,CS 312,2,9.0,AB
2312056,5,CS 313,2,10.0,AA
2312056,5,CS 314,2,9.0,AB
2312057,5,CS 301,4,9.0,AB
2312057,5,CS 302,4,10.0,AA
2312057,5,CS 303,4,9.0,AB
2312057,5,CS 304,4,9.0,AB
2312057,5,CS 305,4,8.0,BB
2312057,5,CS 311,2,9.0,AB
2312057,5,CS 312,2,10.0,AA
2312057,5,CS 313,2,10.0,AA
2312057,5,CS 314,2,10.0,AA
2312058,5,CS 301,4,7.0,BC
2312058,5,CS 302,4,9.0,AB
2312058,5,CS 303,4,8.0,BB
2312058,5,CS 304,4,7.0,BC
2312058,5,CS 305,4,6.0,CC
2312058,5,CS 311,2,9.0,AB
2312058,5,CS 312,2,9.0,AB
2312058,5,CS 313,2,10.0,AA
2312058,5,CS 314,2,8.0,BB
2312059,5,CS 301,4,9.0,AB
2312059,5,CS 302,4,9.0,AB
2312059,5,CS 303,4,7.0,BC
2312059,5,CS 304,4,7.0,BC
2312059,5,CS 305,4,8.0,BB
2312059,5,CS 311,2,10.0,AA
2312059,5,CS 312,2,10.0,AA
2312059,5,CS 313,2,10.0,AA
2312059,5,CS 314,2,10.0,AA
2312060,5,CS 301,4,8.0,BB
2312060,5,CS 302,4,10.0,AA
2312060,5,CS 303,4,8.0,BB
2312060,5,CS 304,4,8.0,BB
2312060,5,CS 305,4,8.0,BB
2312060,5,CS 311,2,10.0,AA
2312060,5,CS 312,2,10.0,AA
2312060,5,CS 313,2,10.0,AA
2312060,5,CS 314,2,10.0,AA
2312061,5,CS 301,4,8.0,BB
2312061,5,CS 302,4,10.0,AA
2312061,5,CS 303,4,7.0,BC
2312061,5,CS 304,4,8.0,BB
2312061,5,CS 305,4,7.0,BC
2312061,5,CS 311,2,10.0,AA
2312061,5,CS 312,2,10.0,AA
2312061,5,CS 313,2,10.0,AA
2312061,5,CS 314,2,10.0,AA
2312062,5,CS 301,4,6.0,CC
2312062,5,CS 302,4,9.0,AB
2312062,5,CS 303,4,7.0,BC
2312062,5,CS 304,4,6.0,CC
2312062,5,CS 305,4,6.0,CC
2312062,5,CS 311,2,9.0,AB
2312062,5,CS 312,2,10.0,AA
2312062,5,CS 313,2,10.0,AA
2312062,5,CS 314,2,8.0,BB
2312063,5,CS 301,4,7.0,BC
2312063,5,CS 302,4,10.0,AA
2312063,5,CS 303,4,7.0,BC
2312063,5,CS 304,4,8.0,BB
2312063,5,CS 305,4,8.0,BB
2312063,5,CS 311,2,9.0,AB
2312063,5,CS 312,2,10.0,AA
2312063,5,CS 313,2,10.0,AA
2312063,5,CS 314,2,9.0,AB
2312064,5,CS 301,4,9.0,AB
2312064,5,CS 302,4,10.0,AA
2312064,5,CS 303,4,7.0,BC
2312064,5,CS 304,4,9.0,AB
2312064,5,CS 305,4,8.0,BB
2312064,5,CS 311,2,10.0,AA
2312064,5,CS 312,2,10.0,AA
2312064,5,CS 313,2,10.0,AA
2312064,5,CS 314,2,10.0,AA
2312065,5,CS 301,4,6.0,CC
2312065,5,CS 302,4,10.0,AA
2312065,5,CS 303,4,6.0,CC
2312065,5,CS 304,4,7.0,BC
2312065,5,CS 305,4,6.0,CC
2312065,5,CS 311,2,10.0,AA
2312065,5,CS 312,2,10.0,AA
2312065,5,CS 313,2,10.0,AA
2312065,5,CS 314,2,10.0,AA
2312066,5,CS 301,4,8.0,BB
2312066,5,CS 302,4,10.0,AA
2312066,5,CS 303,4,7.0,BC
2312066,5,CS 304,4,8.0,BB
2312066,5,CS 305,4,8.0,BB
2312066,5,CS 311,2,10.0,AA
2312066,5,CS 312,2,9.0,AB
2312066,5,CS 313,2,10.0,AA
2312066,5,CS 314,2,10.0,AA
2312067,5,CS 301,4,8.0,BB
2312067,5,CS 302,4,10.0,AA
2312067,5,CS 303,4,8.0,BB
2312067,5,CS 304,4,7.0,BC
2312067,5,CS 305,4,8.0,BB
2312067,5,CS 311,2,9.0,AB
2312067,5,CS 312,2,10.0,AA
2312067,5,CS 313,2,10.0,AA
2312067,5,CS 314,2,10.0,AA
2312068,5,CS 301,4,8.0,BB
2312068,5,CS 302,4,9.0,AB
2312068,5,CS 303,4,6.0,CC
2312068,5,CS 304,4,9.0,AB
2312068,5,CS 305,4,6.0,CC
2312068,5,CS 311,2,10.0,AA
2312068,5,CS 312,2,10.0,AA
2312068,5,CS 313,2,10.0,AA
2312068,5,CS 314,2,10.0,AA
2312069,5,CS 301,4,8.0,BB
2312069,5,CS 302,4,10.0,AA
2312069,5,CS 303,4,7.0,BC
2312069,5,CS 304,4,9.0,AB
2312069,5,CS 305,4,8.0,BB
2312069,5,CS 311,2,10.0,AA
2312069,5,CS 312,2,10.0,AA
2312069,5,CS 313,2,10.0,AA
2312069,5,CS 314,2,10.0,AA
2312070,5,CS 301,4,8.0,BB
2312070,5,CS 302,4,10.0,AA
2312070,5,CS 303,4,8.0,BB
2312070,5,CS 304,4,8.0,BB
2312070,5,CS 305,4,7.0,BC
2312070,5,CS 311,2,10.0,AA
2312070,5,CS 312,2,10.0,AA
2312070,5,CS 313,2,9.0,AB
2312070,5,CS 314,2,9.0,AB
2312071,5,CS 301,4,8.0,BB
2312071,5,CS 302,4,10.0,AA
2312071,5,CS 303,4,8.0,BB
2312071,5,CS 304,4,8.0,BB
2312071,5,CS 305,4,8.0,BB
2312071,5,CS 311,2,9.0,AB
2312071,5,CS 312,2,10.0,AA
2312071,5,CS 313,2,10.0,AA
2312071,5,CS 314,2,9.0,AB
2312072,5,CS 301,4,9.0,AB
2312072,5,CS 302,4,10.0,AA
2312072,5,CS 303,4,9.0,AB
2312072,5,CS 304,4,10.0,AA
2312072,5,CS 305,4,9.0,AB
2312072,5,CS 311,2,10.0,AA
2312072,5,CS 312,2,10.0,AA
2312072,5,CS 313,2,10.0,AA
2312072,5,CS 314,2,10.0,AA
2312073,5,CS 301,4,10.0,AA
2312073,5,CS 302,4,10.0,AA
2312073,5,CS 303,4,8.0,BB
2312073,5,CS 304,4,10.0,AA
2312073,5,CS 305,4,9.0,AB
2312073,5,CS 311,2,10.0,AA
2312073,5,CS 312,2,10.0,AA
2312073,5,CS 313,2,10.0,AA
2312073,5,CS 314,2,10.0,AA
2312074,5,CS 301,4,7.0,BC
2312074,5,CS 302,4,9.0,AB
2312074,5,CS 303,4,8.0,BB
2312074,5,CS 304,4,8.0,BB
2312074,5,CS 305,4,7.0,BC
2312074,5,CS 311,2,10.0,AA
2312074,5,CS 312,2,10.0,AA
2312074,5,CS 313,2,10.0,AA
2312074,5,CS 314,2,10.0,AA
2312075,5,CS 301,4,9.0,AB
2312075,5,CS 302,4,10.0,AA
2312075,5,CS 303,4,9.0,AB
2312075,5,CS 304,4,9.0,AB
2312075,5,CS 305,4,8.0,BB
2312075,5,CS 311,2,10.0,AA
2312075,5,CS 312,2,10.0,AA
2312075,5,CS 313,2,10.0,AA
2312075,5,CS 314,2,10.0,AA
2312076,5,CS 301,4,9.0,AB
2312076,5,CS 302,4,10.0,AA
2312076,5,CS 303,4,8.0,BB
2312076,5,CS 304,4,9.0,AB
2312076,5,CS 305,4,8.0,BB
2312076,5,CS 311,2,10.0,AA
2312076,5,CS 312,2,10.0,AA
2312076,5,CS 313,2,10.0,AA
2312076,5,CS 314,2,10.0,AA
2312077,5,CS 301,4,6.0,CC
2312077,5,CS 302,4,9.0,AB
2312077,5,CS 303,4,5.0,CD
2312077,5,CS 304,4,7.0,BC
2312077,5,CS 305,4,5.0,CD
2312077,5,CS 311,2,9.0,AB
2312077,5,CS 312,2,9.0,AB
2312077,5,CS 313,2,10.0,AA
2312077,5,CS 314,2,9.0,AB
2312078,5,CS 301,4,8.0,BB
2312078,5,CS 302,4,10.0,AA
2312078,5,CS 303,4,8.0,BB
2312078,5,CS 304,4,8.0,BB
2312078,5,CS 305,4,8.0,BB
2312078,5,CS 311,2,9.0,AB
2312078,5,CS 312,2,10.0,AA
2312078,5,CS 313,2,10.0,AA
2312078,5,CS 314,2,10.0,AA
2312079,5,CS 301,4,8.0,BB
2312079,5,CS 302,4,10.0,AA
2312079,5,CS 303,4,7.0,BC
2312079,5,CS 304,4,10.0,AA
2312079,5,CS 305,4,7.0,BC
2312079,5,CS 311,2,10.0,AA
2312079,5,CS 312,2,9.0,AB
2312079,5,CS 313,2,9.0,AB
2312079,5,CS 314,2,10.0,AA
2312080,5,CS 301,4,9.0,AB
2312080,5,CS 302,4,10.0,AA
2312080,5,CS 303,4,8.0,BB
2312080,5,CS 304,4,9.0,AB
2312080,5,CS 305,4,8.0,BB
2312080,5,CS 311,2,10.0,AA
2312080,5,CS 312,2,9.0,AB
2312080,5,CS 313,2,10.0,AA
2312080,5,CS 314,2,10.0,AA
2312081,5,CS 301,4,9.0,AB
2312081,5,CS 302,4,10.0,AA
2312081,5,CS 303,4,9.0,AB
2312081,5,CS 304,4,8.0,BB
2312081,5,CS 305,4,7.0,BC
2312081,5,CS 311,2,9.0,AB
2312081,5,CS 312,2,9.0,AB
2312081,5,CS 313,2,10.0,AA
2312081,5,CS 314,2,9.0,AB
2312082,5,CS 301,4,6.0,CC
2312082,5,CS 302,4,9.0,AB
2312082,5,CS 303,4,7.0,BC
2312082,5,CS 304,4,7.0,BC
2312082,5,CS 305,4,7.0,BC
2312082,5,CS 311,2,9.0,AB
2312082,5,CS 312,2,10.0,AA
2312082,5,CS 313,2,10.0,AA
2312082,5,CS 314,2,9.0,AB
2312083,5,CS 301,4,8.0,BB
2312083,5,CS 302,4,9.0,AB
2312083,5,CS 303,4,8.0,BB
2312083,5,CS 304,4,8.0,BB
2312083,5,CS 305,4,7.0,BC
2312083,5,CS 311,2,10.0,AA
2312083,5,CS 312,2,10.0,AA
2312083,5,CS 313,2,10.0,AA
2312083,5,CS 314,2,9.0,AB
2312084,5,CS 301,4,7.0,BC
2312084,5,CS 302,4,9.0,AB
2312084,5,CS 303,4,7.0,BC
2312084,5,CS 304,4,9.0,AB
2312084,5,CS 305,4,7.0,BC
2312084,5,CS 311,2,10.0,AA
2312084,5,CS 312,2,10.0,AA
2312084,5,CS 313,2,10.0,AA
2312084,5,CS 314,2,9.0,AB
2312085,5,CS 301,4,8.0,BB
2312085,5,CS 302,4,9.0,AB
2312085,5,CS 303,4,8.0,BB
2312085,5,CS 304,4,7.0,BC
2312085,5,CS 305,4,8.0,BB
2312085,5,CS 311,2,10.0,AA
2312085,5,CS 312,2,9.0,AB
2312085,5,CS 313,2,10.0,AA
2312085,5,CS 314,2,10.0,AA
2312086,5,CS 301,4,7.0,BC
2312086,5,CS 302,4,10.0,AA
2312086,5,CS 303,4,8.0,BB
2312086,5,CS 304,4,7.0,BC
2312086,5,CS 305,4,5.0,CD
2312086,5,CS 311,2,10.0,AA
2312086,5,CS 312,2,10.0,AA
2312086,5,CS 313,2,10.0,AA
2312086,5,CS 314,2,9.0,AB
2312087,5,CS 301,4,9.0,AB
2312087,5,CS 302,4,10.0,AA
2312087,5,CS 303,4,8.0,BB
2312087,5,CS 304,4,10.0,AA
2312087,5,CS 305,4,10.0,AA
2312087,5,CS 311,2,9.0,AB
2312087,5,CS 312,2,10.0,AA
2312087,5,CS 313,2,10.0,AA
2312087,5,CS 314,2,10.0,AA
2312088,5,CS 301,4,7.0,BC
2312088,5,CS 302,4,9.0,AB
2312088,5,CS 303,4,7.0,BC
2312088,5,CS 304,4,7.0,BC
2312088,5,CS 305,4,8.0,BB
2312088,5,CS 311,2,9.0,AB
2312088,5,CS 312,2,9.0,AB
2312088,5,CS 313,2,10.0,AA
2312088,5,CS 314,2,9.0,AB
2312089,5,CS 301,4,6.0,CC
2312089,5,CS 302,4,9.0,AB
2312089,5,CS 303,4,7.0,BC
2312089,5,CS 304,4,7.0,BC
2312089,5,CS 305,4,8.0,BB
2312089,5,CS 311,2,10.0,AA
2312089,5,CS 312,2,9.0,AB
2312089,5,CS 313,2,10.0,AA
2312089,5,CS 314,2,10.0,AA
2312090,5,CS 301,4,9.0,AB
2312090,5,CS 302,4,10.0,AA
2312090,5,CS 303,4,9.0,AB
2312090,5,CS 304,4,10.0,AA
2312090,5,CS 305,4,9.0,AB
2312090,5,CS 311,2,10.0,AA
2312090,5,CS 312,2,10.0,AA
2312090,5,CS 313,2,10.0,AA
2312090,5,CS 314,2,10.0,AA
2312091,5,CS 301,4,7.0,BC
2312091,5,CS 302,4,8.0,BB
2312091,5,CS 303,4,5.0,CD
2312091,5,CS 304,4,8.0,BB
2312091,5,CS 305,4,7.0,BC
2312091,5,CS 311,2,10.0,AA
2312091,5,CS 312,2,10.0,AA
2312091,5,CS 313,2,10.0,AA
2312091,5,CS 314,2,10.0,AA
2312092,5,CS 301,4,7.0,BC
2312092,5,CS 302,4,9.0,AB
2312092,5,CS 303,4,10.0,AA
2312092,5,CS 304,4,8.0,BB
2312092,5,CS 305,4,7.0,BC
2312092,5,CS 311,2,10.0,AA
2312092,5,CS 312,2,9.0,AB
2312092,5,CS 313,2,10.0,AA
2312092,5,CS 314,2,10.0,AA
2312093,5,CS 301,4,7.0,BC
2312093,5,CS 302,4,8.0,BB
2312093,5,CS 303,4,8.0,BB
2312093,5,CS 304,4,8.0,BB
2312093,5,CS 305,4,6.0,CC
2312093,5,CS 311,2,10.0,AA
2312093,5,CS 312,2,10.0,AA
2312093,5,CS 313,2,10.0,AA
2312093,5,CS 314,2,10.0,AA
2312094,5,CS 301,4,4.0,DD
2312094,5,CS 302,4,4.0,DD
2312094,5,CS 303,4,4.0,DD
2312094,5,CS 304,4,4.0,DD
2312094,5,CS 305,4,4.0,DD
2312094,5,CS 311,2,10.0,AA
2312094,5,CS 312,2,8.0,BB
2312094,5,CS 313,2,9.0,AB
2312094,5,CS 314,2,10.0,AA
2312095,5,CS 301,4,8.0,BB
2312095,5,CS 302,4,9.0,AB
2312095,5,CS 303,4,9.0,AB
2312095,5,CS 304,4,7.0,BC
2312095,5,CS 305,4,8.0,BB
2312095,5,CS 311,2,10.0,AA
2312095,5,CS 312,2,10.0,AA
2312095,5,CS 313,2,10.0,AA
2312095,5,CS 314,2,8.0,BB
2312096,5,CS 301,4,10.0,AA
2312096,5,CS 302,4,9.0,AB
2312096,5,CS 303,4,9.0,AB
2312096,5,CS 304,4,9.0,AB
2312096,5,CS 305,4,10.0,AA
2312096,5,CS 311,2,10.0,AA
2312096,5,CS 312,2,10.0,AA
2312096,5,CS 313,2,10.0,AA
2312096,5,CS 314,2,10.0,AA
2312097,5,CS 301,4,8.0,BB
2312097,5,CS 302,4,8.0,BB
2312097,5,CS 303,4,10.0,AA
2312097,5,CS 304,4,8.0,BB
2312097,5,CS 305,4,9.0,AB
2312097,5,CS 311,2,10.0,AA
2312097,5,CS 312,2,9.0,AB
2312097,5,CS 313,2,10.0,AA
2312097,5,CS 314,2,9.0,AB
2312098,5,CS 301,4,8.0,BB
2312098,5,CS 302,4,8.0,BB
2312098,5,CS 303,4,10.0,AA
2312098,5,CS 304,4,9.0,AB
2312098,5,CS 305,4,9.0,AB
2312098,5,CS 311,2,10.0,AA
2312098,5,CS 312,2,9.0,AB
2312098,5,CS 313,2,10.0,AA
2312098,5,CS 314,2,10.0,AA
2312099,5,CS 301,4,6.0,CC
2312099,5,CS 302,4,8.0,BB
2312099,5,CS 303,4,9.0,AB
2312099,5,CS 304,4,6.0,CC
2312099,5,CS 305,4,8.0,BB
2312099,5,CS 311,2,10.0,AA
2312099,5,CS 312,2,10.0,AA
2312099,5,CS 313,2,10.0,AA
2312099,5,CS 314,2,10.0,AA
2312100,5,CS 301,4,10.0,AA
2312100,5,CS 302,4,9.0,AB
2312100,5,CS 303,4,9.0,AB
2312100,5,CS 304,4,9.0,AB
2312100,5,CS 305,4,8.0,BB
2312100,5,CS 311,2,10.0,AA
2312100,5,CS 312,2,9.0,AB
2312100,5,CS 313,2,9.0,AB
2312100,5,CS 314,2,10.0,AA
2312101,5,CS 301,4,4.0,DD
2312101,5,CS 302,4,6.0,CC
2312101,5,CS 303,4,5.0,CD
2312101,5,CS 304,4,5.0,CD
2312101,5,CS 305,4,6.0,CC
2312101,5,CS 311,2,10.0,AA
2312101,5,CS 312,2,9.0,AB
2312101,5,CS 313,2,10.0,AA
2312101,5,CS 314,2,10.0,AA
2312102,5,CS 301,4,7.0,BC
2312102,5,CS 302,4,8.0,BB
2312102,5,CS 303,4,9.0,AB
2312102,5,CS 304,4,7.0,BC
2312102,5,CS 305,4,7.0,BC
2312102,5,CS 311,2,10.0,AA
2312102,5,CS 312,2,9.0,AB
2312102,5,CS 313,2,9.0,AB
2312102,5,CS 314,2,10.0,AA
2312103,5,CS 301,4,7.0,BC
2312103,5,CS 302,4,10.0,AA
2312103,5,CS 303,4,9.0,AB
2312103,5,CS 304,4,9.0,AB
2312103,5,CS 305,4,7.0,BC
2312103,5,CS 311,2,10.0,AA
2312103,5,CS 312,2,10.0,AA
2312103,5,CS 313,2,10.0,AA
2312103,5,CS 314,2,9.0,AB
2312104,5,CS 301,4,6.0,CC
2312104,5,CS 302,4,5.0,CD
2312104,5,CS 303,4,5.0,CD
2312104,5,CS 304,4,6.0,CC
2312104,5,CS 305,4,4.0,DD
2312104,5,CS 311,2,10.0,AA
2312104,5,CS 312,2,10.0,AA
2312104,5,CS 313,2,9.0,AB
2312104,5,CS 314,2,10.0,AA
2312105,5,CS 301,4,7.0,BC
2312105,5,CS 302,4,9.0,AB
2312105,5,CS 303,4,9.0,AB
2312105,5,CS 304,4,9.0,AB
2312105,5,CS 305,4,8.0,BB
2312105,5,CS 311,2,9.0,AB
2312105,5,CS 312,2,10.0,AA
2312105,5,CS 313,2,10.0,AA
2312105,5,CS 314,2,9.0,AB
2312106,5,CS 301,4,7.0,BC
2312106,5,CS 302,4,8.0,BB
2312106,5,CS 303,4,8.0,BB
2312106,5,CS 304,4,6.0,CC
2312106,5,CS 305,4,9.0,AB
2312106,5,CS 311,2,10.0,AA
2312106,5,CS 312,2,10.0,AA
2312106,5,CS 313,2,9.0,AB
2312106,5,CS 314,2,10.0,AA
2312107,5,CS 301,4,8.0,BB
2312107,5,CS 302,4,9.0,AB
2312107,5,CS 303,4,10.0,AA
2312107,5,CS 304,4,9.0,AB
2312107,5,CS 305,4,9.0,AB
2312107,5,CS 311,2,10.0,AA
2312107,5,CS 312,2,10.0,AA
2312107,5,CS 313,2,10.0,AA
2312107,5,CS 314,2,10.0,AA
2312108,5,CS 301,4,7.0,BC
2312108,5,CS 302,4,9.0,AB
2312108,5,CS 303,4,8.0,BB
2312108,5,CS 304,4,8.0,BB
2312108,5,CS 305,4,7.0,BC
2312108,5,CS 311,2,10.0,AA
2312108,5,CS 312,2,10.0,AA
2312108,5,CS 313,2,10.0,AA
2312108,5,CS 314,2,10.0,AA
2312109,5,CS 301,4,7.0,BC
2312109,5,CS 302,4,9.0,AB
2312109,5,CS 303,4,8.0,BB
2312109,5,CS 304,4,7.0,BC
2312109,5,CS 305,4,8.0,BB
2312109,5,CS 311,2,9.0,AB
2312109,5,CS 312,2,9.0,AB
2312109,5,CS 313,2,10.0,AA
2312109,5,CS 314,2,10.0,AA
2312110,5,CS 301,4,4.0,DD
2312110,5,CS 302,4,6.0,CC
2312110,5,CS 303,4,9.0,AB
2312110,5,CS 304,4,5.0,CD
2312110,5,CS 305,4,5.0,CD
2312110,5,CS 311,2,10.0,AA
2312110,5,CS 312,2,8.0,BB
2312110,5,CS 313,2,10.0,AA
2312110,5,CS 314,2,10.0,AA
2312111,5,CS 301,4,8.0,BB
2312111,5,CS 302,4,9.0,AB
2312111,5,CS 303,4,8.0,BB
2312111,5,CS 304,4,9.0,AB
2312111,5,CS 305,4,9.0,AB
2312111,5,CS 311,2,10.0,AA
2312111,5,CS 312,2,10.0,AA
2312111,5,CS 313,2,10.0,AA
2312111,5,CS 314,2,10.0,AA
2312112,5,CS 301,4,8.0,BB
2312112,5,CS 302,4,10.0,AA
2312112,5,CS 303,4,10.0,AA
2312112,5,CS 304,4,9.0,AB
2312112,5,CS 305,4,9.0,AB
2312112,5,CS 311,2,10.0,AA
2312112,5,CS 312,2,8.0,BB
2312112,5,CS 313,2,10.0,AA
2312112,5,CS 314,2,10.0,AA
2312113,5,CS 301,4,7.0,BC
2312113,5,CS 302,4,9.0,AB
2312113,5,CS 303,4,9.0,AB
2312113,5,CS 304,4,7.0,BC
2312113,5,CS 305,4,7.0,BC
2312113,5,CS 311,2,10.0,AA
2312113,5,CS 312,2,10.0,AA
2312113,5,CS 313,2,9.0,AB
2312113,5,CS 314,2,10.0,AA
2312114,5,CS 301,4,7.0,BC
2312114,5,CS 302,4,9.0,AB
2312114,5,CS 303,4,9.0,AB
2312114,5,CS 304,4,8.0,BB
2312114,5,CS 305,4,9.0,AB
2312114,5,CS 311,2,10.0,AA
2312114,5,CS 312,2,8.0,BB
2312114,5,CS 313,2,10.0,AA
2312114,5,CS 314,2,10.0,AA
2312115,5,CS 301,4,7.0,BC
2312115,5,CS 302,4,8.0,BB
2312115,5,CS 303,4,8.0,BB
2312115,5,CS 304,4,5.0,CD
2312115,5,CS 305,4,5.0,CD
2312115,5,CS 311,2,10.0,AA
2312115,5,CS 312,2,10.0,AA
2312115,5,CS 313,2,10.0,AA
2312115,5,CS 314,2,10.0,AA
2312116,5,CS 301,4,8.0,BB
2312116,5,CS 302,4,9.0,AB
2312116,5,CS 303,4,9.0,AB
2312116,5,CS 304,4,8.0,BB
2312116,5,CS 305,4,7.0,BC
2312116,5,CS 311,2,10.0,AA
2312116,5,CS 312,2,10.0,AA
2312116,5,CS 313,2,10.0,AA
2312116,5,CS 314,2,10.0,AA
2312117,5,CS 301,4,7.0,BC
2312117,5,CS 302,4,10.0,AA
2312117,5,CS 303,4,10.0,AA
2312117,5,CS 304,4,9.0,AB
2312117,5,CS 305,4,7.0,BC
2312117,5,CS 311,2,10.0,AA
2312117,5,CS 312,2,9.0,AB
2312117,5,CS 313,2,10.0,AA
2312117,5,CS 314,2,10.0,AA
2312118,5,CS 301,4,7.0,BC
2312118,5,CS 302,4,9.0,AB
2312118,5,CS 303,4,9.0,AB
2312118,5,CS 304,4,9.0,AB
2312118,5,CS 305,4,7.0,BC
2312118,5,CS 311,2,10.0,AA
2312118,5,CS 312,2,10.0,AA
2312118,5,CS 313,2,10.0,AA
2312118,5,CS 314,2,10.0,AA
2312119,5,CS 301,4,7.0,BC
2312119,5,CS 302,4,8.0,BB
2312119,5,CS 303,4,9.0,AB
2312119,5,CS 304,4,9.0,AB
2312119,5,CS 305,4,8.0,BB
2312119,5,CS 311,2,10.0,AA
2312119,5,CS 312,2,10.0,AA
2312119,5,CS 313,2,10.0,AA
2312119,5,CS 314,2,10.0,AA
2312120,5,CS 301,4,9.0,AB
2312120,5,CS 302,4,9.0,AB
2312120,5,CS 303,4,9.0,AB
2312120,5,CS 304,4,9.0,AB
2312120,5,CS 305,4,10.0,AA
2312120,5,CS 311,2,10.0,AA
2312120,5,CS 312,2,10.0,AA
2312120,5,CS 313,2,10.0,AA
2312120,5,CS 314,2,10.0,AA
2312121,5,CS 301,4,7.0,BC
2312121,5,CS 302,4,8.0,BB
2312121,5,CS 303,4,7.0,BC
2312121,5,CS 304,4,8.0,BB
2312121,5,CS 305,4,5.0,CD
2312121,5,CS 311,2,10.0,AA
2312121,5,CS 312,2,10.0,AA
2312121,5,CS 313,2,10.0,AA
2312121,5,CS 314,2,10.0,AA
2312122,5,CS 301,4,9.0,AB
2312122,5,CS 302,4,10.0,AA
2312122,5,CS 303,4,10.0,AA
2312122,5,CS 304,4,9.0,AB
2312122,5,CS 305,4,9.0,AB
2312122,5,CS 311,2,10.0,AA
2312122,5,CS 312,2,9.0,AB
2312122,5,CS 313,2,10.0,AA
2312122,5,CS 314,2,10.0,AA
2312123,5,CS 301,4,6.0,CC
2312123,5,CS 302,4,10.0,AA
2312123,5,CS 303,4,10.0,AA
2312123,5,CS 304,4,9.0,AB
2312123,5,CS 305,4,9.0,AB
2312123,5,CS 311,2,10.0,AA
2312123,5,CS 312,2,9.0,AB
2312123,5,CS 313,2,10.0,AA
2312123,5,CS 314,2,10.0,AA
2312124,5,CS 301,4,7.0,BC
2312124,5,CS 302,4,10.0,AA
2312124,5,CS 303,4,10.0,AA
2312124,5,CS 304,4,9.0,AB
2312124,5,CS 305,4,8.0,BB
2312124,5,CS 311,2,10.0,AA
2312124,5,CS 312,2,10.0,AA
2312124,5,CS 313,2,10.0,AA
2312124,5,CS 314,2,10.0,AA
2312125,5,CS 301,4,7.0,BC
2312125,5,CS 302,4,9.0,AB
2312125,5,CS 303,4,8.0,BB
2312125,5,CS 304,4,7.0,BC
2312125,5,CS 305,4,7.0,BC
2312125,5,CS 311,2,10.0,AA
2312125,5,CS 312,2,10.0,AA
2312125,5,CS 313,2,10.0,AA
2312125,5,CS 314,2,10.0,AA
2312126,5,CS 301,4,9.0,AB
2312126,5,CS 302,4,9.0,AB
2312126,5,CS 303,4,10.0,AA
2312126,5,CS 304,4,9.0,AB
2312126,5,CS 305,4,9.0,AB
2312126,5,CS 311,2,10.0,AA
2312126,5,CS 312,2,10.0,AA
2312126,5,CS 313,2,10.0,AA
2312126,5,CS 314,2,10.0,AA
2312127,5,CS 301,4,6.0,CC
2312127,5,CS 302,4,7.0,BC
2312127,5,CS 303,4,8.0,BB
2312127,5,CS 304,4,5.0,CD
2312127,5,CS 305,4,6.0,CC
2312127,5,CS 311,2,9.0,AB
2312127,5,CS 312,2,10.0,AA
2312127,5,CS 313,2,10.0,AA
2312127,5,CS 314,2,10.0,AA
2312128,5,CS 301,4,5.0,CD
2312128,5,CS 302,4,7.0,BC
2312128,5,CS 303,4,6.0,CC
2312128,5,CS 304,4,5.0,CD
2312128,5,CS 305,4,7.0,BC
2312128,5,CS 311,2,10.0,AA
2312128,5,CS 312,2,8.0,BB
2312128,5,CS 313,2,9.0,AB
2312128,5,CS 314,2,9.0,AB
2312129,5,CS 301,4,7.0,BC
2312129,5,CS 302,4,9.0,AB
2312129,5,CS 303,4,9.0,AB
2312129,5,CS 304,4,9.0,AB
2312129,5,CS 305,4,7.0,BC
2312129,5,CS 311,2,10.0,AA
2312129,5,CS 312,2,9.0,AB
2312129,5,CS 313,2,10.0,AA
2312129,5,CS 314,2,10.0,AA
2312130,5,CS 301,4,7.0,BC
2312130,5,CS 302,4,9.0,AB
2312130,5,CS 303,4,9.0,AB
2312130,5,CS 304,4,8.0,BB
2312130,5,CS 305,4,7.0,BC
2312130,5,CS 311,2,10.0,AA
2312130,5,CS 312,2,9.0,AB
2312130,5,CS 313,2,10.0,AA
2312130,5,CS 314,2,10.0,AA
2312131,5,CS 301,4,7.0,BC
2312131,5,CS 302,4,8.0,BB
2312131,5,CS 303,4,9.0,AB
2312131,5,CS 304,4,8.0,BB
2312131,5,CS 305,4,8.0,BB
2312131,5,CS 311,2,9.0,AB
2312131,5,CS 312,2,10.0,AA
2312131,5,CS 313,2,10.0,AA
2312131,5,CS 314,2,10.0,AA
2312132,5,CS 301,4,8.0,BB
2312132,5,CS 302,4,8.0,BB
2312132,5,CS 303,4,9.0,AB
2312132,5,CS 304,4,7.0,BC
2312132,5,CS 305,4,6.0,CC
2312132,5,CS 311,2,10.0,AA
2312132,5,CS 312,2,9.0,AB
2312132,5,CS 313,2,10.0,AA
2312132,5,CS 314,2,10.0,AA
2312133,5,CS 301,4,8.0,BB
2312133,5,CS 302,4,10.0,AA
2312133,5,CS 303,4,9.0,AB
2312133,5,CS 304,4,9.0,AB
2312133,5,CS 305,4,8.0,BB
2312133,5,CS 311,2,10.0,AA
2312133,5,CS 312,2,10.0,AA
2312133,5,CS 313,2,10.0,AA
2312133,5,CS 314,2,8.0,BB
2312134,5,CS 301,4,6.0,CC
2312134,5,CS 302,4,8.0,BB
2312134,5,CS 303,4,9.0,AB
2312134,5,CS 304,4,7.0,BC
2312134,5,CS 305,4,7.0,BC
2312134,5,CS 311,2,10.0,AA
2312134,5,CS 312,2,10.0,AA
2312134,5,CS 313,2,10.0,AA
2312134,5,CS 314,2,10.0,AA
2312135,5,CS 301,4,8.0,BB
2312135,5,CS 302,4,9.0,AB
2312135,5,CS 303,4,7.0,BC
2312135,5,CS 304,4,7.0,BC
2312135,5,CS 305,4,7.0,BC
2312135,5,CS 311,2,9.0,AB
2312135,5,CS 312,2,9.0,AB
2312135,5,CS 313,2,10.0,AA
2312135,5,CS 314,2,9.0,AB
2312136,5,CS 301,4,8.0,BB
2312136,5,CS 302,4,8.0,BB
2312136,5,CS 303,4,9.0,AB
2312136,5,CS 304,4,9.0,AB
2312136,5,CS 305,4,9.0,AB
2312136,5,CS 311,2,9.0,AB
2312136,5,CS 312,2,10.0,AA
2312136,5,CS 313,2,10.0,AA
2312136,5,CS 314,2,9.0,AB
2312137,5,CS 301,4,8.0,BB
2312137,5,CS 302,4,9.0,AB
2312137,5,CS 303,4,8.0,BB
2312137,5,CS 304,4,9.0,AB
2312137,5,CS 305,4,8.0,BB
2312137,5,CS 311,2,10.0,AA
2312137,5,CS 312,2,9.0,AB
2312137,5,CS 313,2,10.0,AA
2312137,5,CS 314,2,8.0,BB
2312138,5,CS 301,4,6.0,CC
2312138,5,CS 302,4,9.0,AB
2312138,5,CS 303,4,9.0,AB
2312138,5,CS 304,4,8.0,BB
2312138,5,CS 305,4,6.0,CC
2312138,5,CS 311,2,10.0,AA
2312138,5,CS 312,2,9.0,AB
2312138,5,CS 313,2,9.0,AB
2312138,5,CS 314,2,8.0,BB
2312139,5,CS 301,4,6.0,CC
2312139,5,CS 302,4,7.0,BC
2312139,5,CS 303,4,7.0,BC
2312139,5,CS 304,4,8.0,BB
2312139,5,CS 305,4,5.0,CD
2312139,5,CS 311,2,9.0,AB
2312139,5,CS 312,2,9.0,AB
2312139,5,CS 313,2,10.0,AA
2312139,5,CS 314,2,9.0,AB
2312140,5,CS 301,4,5.0,CD
2312140,5,CS 302,4,4.0,DD
2312140,5,CS 303,4,6.0,CC
2312140,5,CS 304,4,4.0,DD
2312140,5,CS 305,4,0.0,F
2312140,5,CS 311,2,9.0,AB
2312140,5,CS 312,2,8.0,BB
2312140,5,CS 313,2,9.0,AB
2312140,5,CS 314,2,10.0,AA
2312141,5,CS 301,4,7.0,BC
2312141,5,CS 302,4,9.0,AB
2312141,5,CS 303,4,8.0,BB
2312141,5,CS 304,4,9.0,AB
2312141,5,CS 305,4,7.0,BC
2312141,5,CS 311,2,10.0,AA
2312141,5,CS 312,2,7.0,BC
2312141,5,CS 313,2,10.0,AA
2312141,5,CS 314,2,9.0,AB
2312142,5,CS 301,4,8.0,BB
2312142,5,CS 302,4,10.0,AA
2312142,5,CS 303,4,9.0,AB
2312142,5,CS 304,4,9.0,AB
2312142,5,CS 305,4,7.0,BC
2312142,5,CS 311,2,10.0,AA
2312142,5,CS 312,2,10.0,AA
2312142,5,CS 313,2,10.0,AA
2312142,5,CS 314,2,9.0,AB
2312143,5,CS 301,4,8.0,BB
2312143,5,CS 302,4,9.0,AB
2312143,5,CS 303,4,9.0,AB
2312143,5,CS 304,4,8.0,BB
2312143,5,CS 305,4,9.0,AB
2312143,5,CS 311,2,10.0,AA
2312143,5,CS 312,2,10.0,AA
2312143,5,CS 313,2,10.0,AA
2312143,5,CS 314,2,9.0,AB
2312144,5,CS 301,4,4.0,DD
2312144,5,CS 302,4,7.0,BC
2312144,5,CS 303,4,6.0,CC
2312144,5,CS 304,4,7.0,BC
2312144,5,CS 305,4,5.0,CD
2312144,5,CS 311,2,10.0,AA
2312144,5,CS 312,2,7.0,BC
2312144,5,CS 313,2,10.0,AA
2312144,5,CS 314,2,9.0,AB
2312145,5,CS 301,4,8.0,BB
2312145,5,CS 302,4,8.0,BB
2312145,5,CS 303,4,9.0,AB
2312145,5,CS 304,4,9.0,AB
2312145,5,CS 305,4,8.0,BB
2312145,5,CS 311,2,10.0,AA
2312145,5,CS 312,2,10.0,AA
2312145,5,CS 313,2,9.0,AB
2312145,5,CS 314,2,9.0,AB
2312146,5,CS 301,4,6.0,CC
2312146,5,CS 302,4,9.0,AB
2312146,5,CS 303,4,9.0,AB
2312146,5,CS 304,4,8.0,BB
2312146,5,CS 305,4,7.0,BC
2312146,5,CS 311,2,10.0,AA
2312146,5,CS 312,2,10.0,AA
2312146,5,CS 313,2,10.0,AA
2312146,5,CS 314,2,9.0,AB
2312147,5,CS 301,4,8.0,BB
2312147,5,CS 302,4,10.0,AA
2312147,5,CS 303,4,10.0,AA
2312147,5,CS 304,4,9.0,AB
2312147,5,CS 305,4,9.0,AB
2312147,5,CS 311,2,10.0,AA
2312147,5,CS 312,2,10.0,AA
2312147,5,CS 313,2,10.0,AA
2312147,5,CS 314,2,9.0,AB
2312149,5,CS 301,4,7.0,BC
2312149,5,CS 302,4,9.0,AB
2312149,5,CS 303,4,8.0,BB
2312149,5,CS 304,4,7.0,BC
2312149,5,CS 305,4,7.0,BC
2312149,5,CS 311,2,9.0,AB
2312149,5,CS 312,2,10.0,AA
2312149,5,CS 313,2,9.0,AB
2312149,5,CS 314,2,8.0,BB
2312150,5,CS 301,4,6.0,CC
2312150,5,CS 302,4,8.0,BB
2312150,5,CS 303,4,8.0,BB
2312150,5,CS 304,4,9.0,AB
2312150,5,CS 305,4,8.0,BB
2312150,5,CS 311,2,10.0,AA
2312150,5,CS 312,2,10.0,AA
2312150,5,CS 313,2,9.0,AB
2312150,5,CS 314,2,9.0,AB
2312151,5,CS 301,4,7.0,BC
2312151,5,CS 302,4,8.0,BB
2312151,5,CS 303,4,10.0,AA
2312151,5,CS 304,4,9.0,AB
2312151,5,CS 305,4,8.0,BB
2312151,5,CS 311,2,10.0,AA
2312151,5,CS 312,2,8.0,BB
2312151,5,CS 313,2,10.0,AA
2312151,5,CS 314,2,8.0,BB
2312152,5,CS 301,4,7.0,BC
2312152,5,CS 302,4,9.0,AB
2312152,5,CS 303,4,10.0,AA
2312152,5,CS 304,4,9.0,AB
2312152,5,CS 305,4,7.0,BC
2312152,5,CS 311,2,10.0,AA
2312152,5,CS 312,2,10.0,AA
2312152,5,CS 313,2,10.0,AA
2312152,5,CS 314,2,8.0,BB
2312153,5,CS 301,4,6.0,CC
2312153,5,CS 302,4,7.0,BC
2312153,5,CS 303,4,7.0,BC
2312153,5,CS 304,4,6.0,CC
2312153,5,CS 305,4,4.0,DD
2312153,5,CS 311,2,9.0,AB
2312153,5,CS 312,2,10.0,AA
2312153,5,CS 313,2,9.0,AB
2312153,5,CS 314,2,8.0,BB
2312154,5,CS 301,4,7.0,BC
2312154,5,CS 302,4,9.0,AB
2312154,5,CS 303,4,9.0,AB
2312154,5,CS 304,4,8.0,BB
2312154,5,CS 305,4,9.0,AB
2312154,5,CS 311,2,9.0,AB
2312154,5,CS 312,2,10.0,AA
2312154,5,CS 313,2,10.0,AA
2312154,5,CS 314,2,9.0,AB
2312155,5,CS 301,4,8.0,BB
2312155,5,CS 302,4,9.0,AB
2312155,5,CS 303,4,9.0,AB
2312155,5,CS 304,4,8.0,BB
2312155,5,CS 305,4,7.0,BC
2312155,5,CS 311,2,9.0,AB
2312155,5,CS 312,2,9.0,AB
2312155,5,CS 313,2,10.0,AA
2312155,5,CS 314,2,10.0,AA
2312156,5,CS 301,4,7.0,BC
2312156,5,CS 302,4,9.0,AB
2312156,5,CS 303,4,10.0,AA
2312156,5,CS 304,4,8.0,BB
2312156,5,CS 305,4,7.0,BC
2312156,5,CS 311,2,9.0,AB
2312156,5,CS 312,2,10.0,AA
2312156,5,CS 313,2,10.0,AA
2312156,5,CS 314,2,9.0,AB
2312157,5,CS 301,4,5.0,CD
2312157,5,CS 302,4,7.0,BC
2312157,5,CS 303,4,5.0,CD
2312157,5,CS 304,4,6.0,CC
2312157,5,CS 305,4,5.0,CD
2312157,5,CS 311,2,9.0,AB
2312157,5,CS 312,2,9.0,AB
2312157,5,CS 313,2,7.0,BC
2312157,5,CS 314,2,8.0,BB
2312158,5,CS 301,4,4.0,DD
2312158,5,CS 302,4,4.0,DD
2312158,5,CS 303,4,4.0,DD
2312158,5,CS 304,4,4.0,DD
2312158,5,CS 305,4,5.0,CD
2312158,5,CS 311,2,9.0,AB
2312158,5,CS 312,2,10.0,AA
2312158,5,CS 313,2,10.0,AA
2312158,5,CS 314,2,8.0,BB
2312159,5,CS 301,4,4.0,DD
2312159,5,CS 302,4,5.0,CD
2312159,5,CS 303,4,6.0,CC
2312159,5,CS 304,4,4.0,DD
2312159,5,CS 305,4,4.0,DD
2312159,5,CS 311,2,9.0,AB
2312159,5,CS 312,2,8.0,BB
2312159,5,CS 313,2,8.0,BB
2312159,5,CS 314,2,8.0,BB
2312160,5,CS 301,4,6.0,CC
2312160,5,CS 302,4,8.0,BB
2312160,5,CS 303,4,9.0,AB
2312160,5,CS 304,4,7.0,BC
2312160,5,CS 305,4,7.0,BC
2312160,5,CS 311,2,9.0,AB
2312160,5,CS 312,2,9.0,AB
2312160,5,CS 313,2,9.0,AB
2312160,5,CS 314,2,9.0,AB
2312161,5,CS 301,4,8.0,BB
2312161,5,CS 302,4,7.0,BC
2312161,5,CS 303,4,10.0,AA
2312161,5,CS 304,4,10.0,AA
2312161,5,CS 305,4,7.0,BC
2312161,5,CS 311,2,10.0,AA
2312161,5,CS 312,2,10.0,AA
2312161,5,CS 313,2,10.0,AA
2312161,5,CS 314,2,8.0,BB
2312163,5,CS 301,4,9.0,AB
2312163,5,CS 302,4,9.0,AB
2312163,5,CS 303,4,9.0,AB
2312163,5,CS 304,4,8.0,BB
2312163,5,CS 305,4,7.0,BC
2312163,5,CS 311,2,9.0,AB
2312163,5,CS 312,2,10.0,AA
2312163,5,CS 313,2,10.0,AA
2312163,5,CS 314,2,10.0,AA
2312164,5,CS 301,4,6.0,CC
2312164,5,CS 302,4,9.0,AB
2312164,5,CS 303,4,9.0,AB
2312164,5,CS 304,4,8.0,BB
2312164,5,CS 305,4,9.0,AB
2312164,5,CS 311,2,10.0,AA
2312164,5,CS 312,2,10.0,AA
2312164,5,CS 313,2,9.0,AB
2312164,5,CS 314,2,9.0,AB
2312165,5,CS 301,4,5.0,CD
2312165,5,CS 302,4,7.0,BC
2312165,5,CS 303,4,7.0,BC
2312165,5,CS 304,4,7.0,BC
2312165,5,CS 305,4,6.0,CC
2312165,5,CS 311,2,9.0,AB
2312165,5,CS 312,2,9.0,AB
2312165,5,CS 313,2,9.0,AB
2312165,5,CS 314,2,9.0,AB
2312166,5,CS 301,4,10.0,AA
2312166,5,CS 302,4,10.0,AA
2312166,5,CS 303,4,10.0,AA
2312166,5,CS 304,4,10.0,AA
2312166,5,CS 305,4,8.0,BB
2312166,5,CS 311,2,10.0,AA
2312166,5,CS 312,2,10.0,AA
2312166,5,CS 313,2,10.0,AA
2312166,5,CS 314,2,9.0,AB
2312167,5,CS 301,4,10.0,AA
2312167,5,CS 302,4,10.0,AA
2312167,5,CS 303,4,10.0,AA
2312167,5,CS 304,4,9.0,AB
2312167,5,CS 305,4,9.0,AB
2312167,5,CS 311,2,10.0,AA
2312167,5,CS 312,2,10.0,AA
2312167,5,CS 313,2,10.0,AA
2312167,5,CS 314,2,9.0,AB
2312168,5,CS 301,4,6.0,CC
2312168,5,CS 302,4,7.0,BC
2312168,5,CS 303,4,8.0,BB
2312168,5,CS 304,4,6.0,CC
2312168,5,CS 305,4,7.0,BC
2312168,5,CS 311,2,10.0,AA
2312168,5,CS 312,2,8.0,BB
2312168,5,CS 313,2,9.0,AB
2312168,5,CS 314,2,8.0,BB
2312169,5,CS 301,4,8.0,BB
2312169,5,CS 302,4,9.0,AB
2312169,5,CS 303,4,9.0,AB
2312169,5,CS 304,4,8.0,BB
2312169,5,CS 305,4,8.0,BB
2312169,5,CS 311,2,10.0,AA
2312169,5,CS 312,2,9.0,AB
2312169,5,CS 313,2,9.0,AB
2312169,5,CS 314,2,9.0,AB
2312170,5,CS 301,4,4.0,DD
2312170,5,CS 302,4,4.0,DD
2312170,5,CS 303,4,0.0,F
2312170,5,CS 304,4,0.0,F
2312170,5,CS 305,4,0.0,F
2312170,5,CS 311,2,9.0,AB
2312170,5,CS 312,2,9.0,AB
2312170,5,CS 313,2,9.0,AB
2312170,5,CS 314,2,8.0,BB
2312171,5,CS 301,4,5.0,CD
2312171,5,CS 302,4,7.0,BC
2312171,5,CS 303,4,9.0,AB
2312171,5,CS 304,4,8.0,BB
2312171,5,CS 305,4,6.0,CC
2312171,5,CS 311,2,9.0,AB
2312171,5,CS 312,2,9.0,AB
2312171,5,CS 313,2,10.0,AA
2312171,5,CS 314,2,9.0,AB
2312172,5,CS 301,4,7.0,BC
2312172,5,CS 302,4,9.0,AB
2312172,5,CS 303,4,9.0,AB
2312172,5,CS 304,4,9.0,AB
2312172,5,CS 305,4,8.0,BB
2312172,5,CS 311,2,10.0,AA
2312172,5,CS 312,2,10.0,AA
2312172,5,CS 313,2,10.0,AA
2312172,5,CS 314,2,8.0,BB
2312173,5,CS 301,4,4.0,DD
2312173,5,CS 302,4,5.0,CD
2312173,5,CS 303,4,5.0,CD
2312173,5,CS 304,4,6.0,CC
2312173,5,CS 305,4,0.0,F
2312173,5,CS 311,2,9.0,AB
2312173,5,CS 312,2,9.0,AB
2312173,5,CS 313,2,8.0,BB
2312173,5,CS 314,2,7.0,BC
2312174,5,CS 301,4,4.0,DD
2312174,5,CS 302,4,5.0,CD
2312174,5,CS 303,4,4.0,DD
2312174,5,CS 304,4,0.0,F
2312174,5,CS 305,4,4.0,DD
2312174,5,CS 311,2,9.0,AB
2312174,5,CS 312,2,9.0,AB
2312174,5,CS 313,2,9.0,AB
2312174,5,CS 314,2,8.0,BB
2312175,5,CS 301,4,7.0,BC
2312175,5,CS 302,4,5.0,CD
2312175,5,CS 303,4,5.0,CD
2312175,5,CS 304,4,5.0,CD
2312175,5,CS 305,4,4.0,DD
2312175,5,CS 311,2,10.0,AA
2312175,5,CS 312,2,9.0,AB
2312175,5,CS 313,2,9.0,AB
2312175,5,CS 314,2,7.0,BC
2312176,5,CS 301,4,7.0,BC
2312176,5,CS 302,4,10.0,AA
2312176,5,CS 303,4,8.0,BB
2312176,5,CS 304,4,9.0,AB
2312176,5,CS 305,4,9.0,AB
2312176,5,CS 311,2,10.0,AA
2312176,5,CS 312,2,10.0,AA
2312176,5,CS 313,2,10.0,AA
2312176,5,CS 314,2,10.0,AA
2312177,5,CS 301,4,9.0,AB
2312177,5,CS 302,4,10.0,AA
2312177,5,CS 303,4,6.0,CC
2312177,5,CS 304,4,9.0,AB
2312177,5,CS 305,4,10.0,AA
2312177,5,CS 311,2,10.0,AA
2312177,5,CS 312,2,10.0,AA
2312177,5,CS 313,2,10.0,AA
2312177,5,CS 314,2,10.0,AA
2312178,5,CS 301,4,8.0,BB
2312178,5,CS 302,4,10.0,AA
2312178,5,CS 303,4,8.0,BB
2312178,5,CS 304,4,9.0,AB
2312178,5,CS 305,4,9.0,AB
2312178,5,CS 311,2,10.0,AA
2312178,5,CS 312,2,10.0,AA
2312178,5,CS 313,2,10.0,AA
2312178,5,CS 314,2,10.0,AA
2312179,5,CS 301,4,8.0,BB
2312179,5,CS 302,4,10.0,AA
2312179,5,CS 303,4,8.0,BB
2312179,5,CS 304,4,10.0,AA
2312179,5,CS 305,4,9.0,AB
2312179,5,CS 311,2,10.0,AA
2312179,5,CS 312,2,10.0,AA
2312179,5,CS 313,2,10.0,AA
2312179,5,CS 314,2,9.0,AB
2312180,5,CS 301,4,9.0,AB
2312180,5,CS 302,4,10.0,AA
2312180,5,CS 303,4,8.0,BB
2312180,5,CS 304,4,10.0,AA
2312180,5,CS 305,4,9.0,AB
2312180,5,CS 311,2,10.0,AA
2312180,5,CS 312,2,10.0,AA
2312180,5,CS 313,2,10.0,AA
2312180,5,CS 314,2,10.0,AA
2312181,5,CS 301,4,10.0,AA
2312181,5,CS 302,4,10.0,AA
2312181,5,CS 303,4,8.0,BB
2312181,5,CS 304,4,10.0,AA
2312181,5,CS 305,4,9.0,AB
2312181,5,CS 311,2,10.0,AA
2312181,5,CS 312,2,10.0,AA
2312181,5,CS 313,2,10.0,AA
2312181,5,CS 314,2,10.0,AA
2312182,5,CS 301,4,8.0,BB
2312182,5,CS 302,4,10.0,AA
2312182,5,CS 303,4,7.0,BC
2312182,5,CS 304,4,9.0,AB
2312182,5,CS 305,4,9.0,AB
2312182,5,CS 311,2,9.0,AB
2312182,5,CS 312,2,10.0,AA
2312182,5,CS 313,2,10.0,AA
2312182,5,CS 314,2,8.0,BB
2312183,5,CS 301,4,8.0,BB
2312183,5,CS 302,4,9.0,AB
2312183,5,CS 303,4,7.0,BC
2312183,5,CS 304,4,10.0,AA
2312183,5,CS 305,4,9.0,AB
2312183,5,CS 311,2,10.0,AA
2312183,5,CS 312,2,10.0,AA
2312183,5,CS 313,2,10.0,AA
2312183,5,CS 314,2,10.0,AA
2312184,5,CS 301,4,8.0,BB
2312184,5,CS 302,4,9.0,AB
2312184,5,CS 303,4,7.0,BC
2312184,5,CS 304,4,10.0,AA
2312184,5,CS 305,4,9.0,AB
2312184,5,CS 311,2,10.0,AA
2312184,5,CS 312,2,10.0,AA
2312184,5,CS 313,2,10.0,AA
2312184,5,CS 314,2,10.0,AA
2312185,5,CS 301,4,7.0,BC
2312185,5,CS 302,4,9.0,AB
2312185,5,CS 303,4,9.0,AB
2312185,5,CS 304,4,8.0,BB
2312185,5,CS 305,4,10.0,AA
2312185,5,CS 311,2,10.0,AA
2312185,5,CS 312,2,10.0,AA
2312185,5,CS 313,2,10.0,AA
2312185,5,CS 314,2,10.0,AA
2312186,5,CS 301,4,8.0,BB
2312186,5,CS 302,4,9.0,AB
2312186,5,CS 303,4,9.0,AB
2312186,5,CS 304,4,10.0,AA
2312186,5,CS 305,4,9.0,AB
2312186,5,CS 311,2,10.0,AA
2312186,5,CS 312,2,10.0,AA
2312186,5,CS 313,2,10.0,AA
2312186,5,CS 314,2,10.0,AA
2312187,5,CS 301,4,8.0,BB
2312187,5,CS 302,4,9.0,AB
2312187,5,CS 303,4,10.0,AA
2312187,5,CS 304,4,9.0,AB
2312187,5,CS 305,4,9.0,AB
2312187,5,CS 311,2,10.0,AA
2312187,5,CS 312,2,10.0,AA
2312187,5,CS 313,2,10.0,AA
2312187,5,CS 314,2,10.0,AA
2312188,5,CS 301,4,9.0,AB
2312188,5,CS 302,4,9.0,AB
2312188,5,CS 303,4,9.0,AB
2312188,5,CS 304,4,9.0,AB
2312188,5,CS 305,4,8.0,BB
2312188,5,CS 311,2,10.0,AA
2312188,5,CS 312,2,10.0,AA
2312188,5,CS 313,2,10.0,AA
2312188,5,CS 314,2,10.0,AA
2312189,5,CS 301,4,7.0,BC
2312189,5,CS 302,4,9.0,AB
2312189,5,CS 303,4,9.0,AB
2312189,5,CS 304,4,8.0,BB
2312189,5,CS 305,4,8.0,BB
2312189,5,CS 311,2,10.0,AA
2312189,5,CS 312,2,8.0,BB
2312189,5,CS 313,2,10.0,AA
2312189,5,CS 314,2,10.0,AA
2312190,5,CS 301,4,10.0,AA
2312190,5,CS 302,4,10.0,AA
2312190,5,CS 303,4,9.0,AB
2312190,5,CS 304,4,10.0,AA
2312190,5,CS 305,4,9.0,AB
2312190,5,CS 311,2,10.0,AA
2312190,5,CS 312,2,10.0,AA
2312190,5,CS 313,2,10.0,AA
2312190,5,CS 314,2,8.0,BB
2312191,5,CS 301,4,9.0,AB
2312191,5,CS 302,4,10.0,AA
2312191,5,CS 303,4,10.0,AA
2312191,5,CS 304,4,10.0,AA
2312191,5,CS 305,4,9.0,AB
2312191,5,CS 311,2,10.0,AA
2312191,5,CS 312,2,10.0,AA
2312191,5,CS 313,2,10.0,AA
2312191,5,CS 314,2,9.0,AB
2312192,5,CS 301,4,9.0,AB
2312192,5,CS 302,4,10.0,AA
2312192,5,CS 303,4,9.0,AB
2312192,5,CS 304,4,10.0,AA
2312192,5,CS 305,4,9.0,AB
2312192,5,CS 311,2,10.0,AA
2312192,5,CS 312,2,10.0,AA
2312192,5,CS 313,2,10.0,AA
2312192,5,CS 314,2,8.0,BB
2312193,5,CS 301,4,7.0,BC
2312193,5,CS 302,4,9.0,AB
2312193,5,CS 303,4,10.0,AA
2312193,5,CS 304,4,9.0,AB
2312193,5,CS 305,4,8.0,BB
2312193,5,CS 311,2,10.0,AA
2312193,5,CS 312,2,8.0,BB
2312193,5,CS 313,2,9.0,AB
2312193,5,CS 314,2,8.0,BB
2213066,5,EE 301,4,4.0,DD
2213066,5,EE 302,4,4.0,DD
2213066,5,EE 303,4,4.0,DD
2213066,5,EE 304,4,4.0,DD
2213066,5,EE 305,3,5.0,CD
2213066,5,EE 311,2,9.0,AB
2213066,5,EE 312,2,8.0,BB
2213066,5,EE 313,2,8.0,BB
2213066,5,EE 314,2,9.0,AB
2313001,5,EE 301,4,4.0,DD
2313001,5,EE 302,4,0.0,F
2313001,5,EE 303,4,4.0,DD
2313001,5,EE 304,4,4.0,DD
2313001,5,EE 305,3,6.0,CC
2313001,5,EE 311,2,8.0,BB
2313001,5,EE 312,2,7.0,BC
2313001,5,EE 313,2,8.0,BB
2313001,5,EE 314,2,7.0,BC
2313002,5,EE 301,4,7.0,BC
2313002,5,EE 302,4,5.0,CD
2313002,5,EE 303,4,5.0,CD
2313002,5,EE 304,4,5.0,CD
2313002,5,EE 305,3,9.0,AB
2313002,5,EE 311,2,9.0,AB
2313002,5,EE 312,2,7.0,BC
2313002,5,EE 313,2,10.0,AA
2313002,5,EE 314,2,9.0,AB
2313003,5,EE 301,4,7.0,BC
2313003,5,EE 302,4,0.0,F
2313003,5,EE 303,4,5.0,CD
2313003,5,EE 304,4,6.0,CC
2313003,5,EE 305,3,9.0,AB
2313003,5,EE 311,2,9.0,AB
2313003,5,EE 312,2,9.0,AB
2313003,5,EE 313,2,9.0,AB
2313003,5,EE 314,2,10.0,AA
2313004,5,EE 301,4,4.0,DD
2313004,5,EE 302,4,4.0,DD
2313004,5,EE 303,4,0.0,F
2313004,5,EE 304,4,0.0,F
2313004,5,EE 305,3,6.0,CC
2313004,5,EE 311,2,8.0,BB
2313004,5,EE 312,2,5.0,CD
2313004,5,EE 313,2,7.0,BC
2313004,5,EE 314,2,6.0,CC
2313007,5,EE 301,4,6.0,CC
2313007,5,EE 302,4,5.0,CD
2313007,5,EE 303,4,6.0,CC
2313007,5,EE 304,4,6.0,CC
2313007,5,EE 305,3,7.0,BC
2313007,5,EE 311,2,9.0,AB
2313007,5,EE 312,2,9.0,AB
2313007,5,EE 313,2,9.0,AB
2313007,5,EE 314,2,9.0,AB
2313008,5,EE 301,4,7.0,BC
2313008,5,EE 302,4,6.0,CC
2313008,5,EE 303,4,6.0,CC
2313008,5,EE 304,4,7.0,BC
2313008,5,EE 305,3,9.0,AB
2313008,5,EE 311,2,9.0,AB
2313008,5,EE 312,2,9.0,AB
2313008,5,EE 313,2,9.0,AB
2313008,5,EE 314,2,9.0,AB
2313009,5,EE 301,4,9.0,AB
2313009,5,EE 302,4,6.0,CC
2313009,5,EE 303,4,5.0,CD
2313009,5,EE 304,4,7.0,BC
2313009,5,EE 305,3,7.0,BC
2313009,5,EE 311,2,8.0,BB
2313009,5,EE 312,2,6.0,CC
2313009,5,EE 313,2,9.0,AB
2313009,5,EE 314,2,8.0,BB
2313010,5,EE 301,4,10.0,AA
2313010,5,EE 302,4,8.0,BB
2313010,5,EE 303,4,8.0,BB
2313010,5,EE 304,4,8.0,BB
2313010,5,EE 305,3,10.0,AA
2313010,5,EE 311,2,9.0,AB
2313010,5,EE 312,2,9.0,AB
2313010,5,EE 313,2,10.0,AA
2313010,5,EE 314,2,10.0,AA
2313012,5,EE 301,4,7.0,BC
2313012,5,EE 302,4,7.0,BC
2313012,5,EE 303,4,6.0,CC
2313012,5,EE 304,4,7.0,BC
2313012,5,EE 305,3,7.0,BC
2313012,5,EE 311,2,9.0,AB
2313012,5,EE 312,2,8.0,BB
2313012,5,EE 313,2,10.0,AA
2313012,5,EE 314,2,10.0,AA
2313013,5,EE 301,4,8.0,BB
2313013,5,EE 302,4,6.0,CC
2313013,5,EE 303,4,7.0,BC
2313013,5,EE 304,4,9.0,AB
2313013,5,EE 305,3,8.0,BB
2313013,5,EE 311,2,9.0,AB
2313013,5,EE 312,2,9.0,AB
2313013,5,EE 313,2,10.0,AA
2313013,5,EE 314,2,10.0,AA
2313014,5,EE 301,4,9.0,AB
2313014,5,EE 302,4,7.0,BC
2313014,5,EE 303,4,5.0,CD
2313014,5,EE 304,4,7.0,BC
2313014,5,EE 305,3,8.0,BB
2313014,5,EE 311,2,9.0,AB
2313014,5,EE 312,2,9.0,AB
2313014,5,EE 313,2,9.0,AB
2313014,5,EE 314,2,10.0,AA
2313015,5,EE 301,4,7.0,BC
2313015,5,EE 302,4,6.0,CC
2313015,5,EE 303,4,6.0,CC
2313015,5,EE 304,4,7.0,BC
2313015,5,EE 305,3,8.0,BB
2313015,5,EE 311,2,10.0,AA
2313015,5,EE 312,2,8.0,BB
2313015,5,EE 313,2,10.0,AA
2313015,5,EE 314,2,10.0,AA
2313016,5,EE 301,4,5.0,CD
2313016,5,EE 302,4,4.0,DD
2313016,5,EE 303,4,4.0,DD
2313016,5,EE 304,4,4.0,DD
2313016,5,EE 305,3,6.0,CC
2313016,5,EE 311,2,9.0,AB
2313016,5,EE 312,2,8.0,BB
2313016,5,EE 313,2,8.0,BB
2313016,5,EE 314,2,8.0,BB
2313018,5,EE 301,4,6.0,CC
2313018,5,EE 302,4,6.0,CC
2313018,5,EE 303,4,5.0,CD
2313018,5,EE 304,4,6.0,CC
2313018,5,EE 305,3,8.0,BB
2313018,5,EE 311,2,9.0,AB
2313018,5,EE 312,2,9.0,AB
2313018,5,EE 313,2,9.0,AB
2313018,5,EE 314,2,8.0,BB
2313019,5,EE 301,4,9.0,AB
2313019,5,EE 302,4,8.0,BB
2313019,5,EE 303,4,8.0,BB
2313019,5,EE 304,4,9.0,AB
2313019,5,EE 305,3,10.0,AA
2313019,5,EE 311,2,9.0,AB
2313019,5,EE 312,2,10.0,AA
2313019,5,EE 313,2,10.0,AA
2313019,5,EE 314,2,10.0,AA
2313020,5,EE 301,4,9.0,AB
2313020,5,EE 302,4,10.0,AA
2313020,5,EE 303,4,6.0,CC
2313020,5,EE 304,4,9.0,AB
2313020,5,EE 305,3,10.0,AA
2313020,5,EE 311,2,10.0,AA
2313020,5,EE 312,2,10.0,AA
2313020,5,EE 313,2,10.0,AA
2313020,5,EE 314,2,10.0,AA
2313021,5,EE 301,4,10.0,AA
2313021,5,EE 302,4,9.0,AB
2313021,5,EE 303,4,10.0,AA
2313021,5,EE 304,4,10.0,AA
2313021,5,EE 305,3,10.0,AA
2313021,5,EE 311,2,10.0,AA
2313021,5,EE 312,2,10.0,AA
2313021,5,EE 313,2,10.0,AA
2313021,5,EE 314,2,10.0,AA
2313022,5,EE 301,4,9.0,AB
2313022,5,EE 302,4,9.0,AB
2313022,5,EE 303,4,7.0,BC
2313022,5,EE 304,4,8.0,BB
2313022,5,EE 305,3,10.0,AA
2313022,5,EE 311,2,10.0,AA
2313022,5,EE 312,2,10.0,AA
2313022,5,EE 313,2,10.0,AA
2313022,5,EE 314,2,10.0,AA
2313023,5,EE 301,4,9.0,AB
2313023,5,EE 302,4,10.0,AA
2313023,5,EE 303,4,8.0,BB
2313023,5,EE 304,4,9.0,AB
2313023,5,EE 305,3,10.0,AA
2313023,5,EE 311,2,10.0,AA
2313023,5,EE 312,2,10.0,AA
2313023,5,EE 313,2,10.0,AA
2313023,5,EE 314,2,10.0,AA
2313024,5,EE 301,4,6.0,CC
2313024,5,EE 302,4,5.0,CD
2313024,5,EE 303,4,4.0,DD
2313024,5,EE 304,4,5.0,CD
2313024,5,EE 305,3,7.0,BC
2313024,5,EE 311,2,9.0,AB
2313024,5,EE 312,2,8.0,BB
2313024,5,EE 313,2,8.0,BB
2313024,5,EE 314,2,9.0,AB
2313025,5,EE 301,4,8.0,BB
2313025,5,EE 302,4,9.0,AB
2313025,5,EE 303,4,7.0,BC
2313025,5,EE 304,4,9.0,AB
2313025,5,EE 305,3,9.0,AB
2313025,5,EE 311,2,10.0,AA
2313025,5,EE 312,2,10.0,AA
2313025,5,EE 313,2,10.0,AA
2313025,5,EE 314,2,10.0,AA
2313026,5,EE 301,4,7.0,BC
2313026,5,EE 302,4,7.0,BC
2313026,5,EE 303,4,6.0,CC
2313026,5,EE 304,4,7.0,BC
2313026,5,EE 305,3,8.0,BB
2313026,5,EE 311,2,9.0,AB
2313026,5,EE 312,2,9.0,AB
2313026,5,EE 313,2,10.0,AA
2313026,5,EE 314,2,9.0,AB
2313029,5,EE 301,4,5.0,CD
2313029,5,EE 302,4,5.0,CD
2313029,5,EE 303,4,5.0,CD
2313029,5,EE 304,4,5.0,CD
2313029,5,EE 305,3,5.0,CD
2313029,5,EE 311,2,9.0,AB
2313029,5,EE 312,2,9.0,AB
2313029,5,EE 313,2,9.0,AB
2313029,5,EE 314,2,9.0,AB
2313030,5,EE 301,4,5.0,CD
2313030,5,EE 302,4,6.0,CC
2313030,5,EE 303,4,5.0,CD
2313030,5,EE 304,4,7.0,BC
2313030,5,EE 305,3,7.0,BC
2313030,5,EE 311,2,10.0,AA
2313030,5,EE 312,2,9.0,AB
2313030,5,EE 313,2,9.0,AB
2313030,5,EE 314,2,10.0,AA
2313031,5,EE 301,4,8.0,BB
2313031,5,EE 302,4,7.0,BC
2313031,5,EE 303,4,6.0,CC
2313031,5,EE 304,4,7.0,BC
2313031,5,EE 305,3,8.0,BB
2313031,5,EE 311,2,10.0,AA
2313031,5,EE 312,2,10.0,AA
2313031,5,EE 313,2,10.0,AA
2313031,5,EE 314,2,9.0,AB
2313032,5,EE 301,4,7.0,BC
2313032,5,EE 302,4,6.0,CC
2313032,5,EE 303,4,5.0,CD
2313032,5,EE 304,4,5.0,CD
2313032,5,EE 305,3,8.0,BB
2313032,5,EE 311,2,10.0,AA
2313032,5,EE 312,2,10.0,AA
2313032,5,EE 313,2,10.0,AA
2313032,5,EE 314,2,10.0,AA
2313033,5,EE 301,4,8.0,BB
2313033,5,EE 302,4,7.0,BC
2313033,5,EE 303,4,7.0,BC
2313033,5,EE 304,4,7.0,BC
2313033,5,EE 305,3,8.0,BB
2313033,5,EE 311,2,10.0,AA
2313033,5,EE 312,2,9.0,AB
2313033,5,EE 313,2,10.0,AA
2313033,5,EE 314,2,10.0,AA
2313034,5,EE 301,4,8.0,BB
2313034,5,EE 302,4,7.0,BC
2313034,5,EE 303,4,6.0,CC
2313034,5,EE 304,4,8.0,BB
2313034,5,EE 305,3,8.0,BB
2313034,5,EE 311,2,10.0,AA
2313034,5,EE 312,2,10.0,AA
2313034,5,EE 313,2,10.0,AA
2313034,5,EE 314,2,10.0,AA
2313035,5,EE 301,4,7.0,BC
2313035,5,EE 302,4,5.0,CD
2313035,5,EE 303,4,5.0,CD
2313035,5,EE 304,4,6.0,CC
2313035,5,EE 305,3,8.0,BB
2313035,5,EE 311,2,9.0,AB
2313035,5,EE 312,2,9.0,AB
2313035,5,EE 313,2,9.0,AB
2313035,5,EE 314,2,10.0,AA
2313036,5,EE 301,4,9.0,AB
2313036,5,EE 302,4,7.0,BC
2313036,5,EE 303,4,7.0,BC
2313036,5,EE 304,4,9.0,AB
2313036,5,EE 305,3,10.0,AA
2313036,5,EE 311,2,10.0,AA
2313036,5,EE 312,2,9.0,AB
2313036,5,EE 313,2,10.0,AA
2313036,5,EE 314,2,9.0,AB
2313037,5,EE 301,4,9.0,AB
2313037,5,EE 302,4,0.0,I
2313037,5,EE 303,4,0.0,I
2313037,5,EE 304,4,9.0,AB
2313037,5,EE 305,3,10.0,AA
2313037,5,EE 311,2,10.0,AA
2313037,5,EE 312,2,9.0,AB
2313037,5,EE 313,2,10.0,AA
2313037,5,EE 314,2,8.0,BB
2313038,5,EE 301,4,10.0,AA
2313038,5,EE 302,4,7.0,BC
2313038,5,EE 303,4,8.0,BB
2313038,5,EE 304,4,7.0,BC
2313038,5,EE 305,3,9.0,AB
2313038,5,EE 311,2,10.0,AA
2313038,5,EE 312,2,10.0,AA
2313038,5,EE 313,2,10.0,AA
2313038,5,EE 314,2,10.0,AA
2313039,5,EE 301,4,10.0,AA
2313039,5,EE 302,4,7.0,BC
2313039,5,EE 303,4,7.0,BC
2313039,5,EE 304,4,9.0,AB
2313039,5,EE 305,3,9.0,AB
2313039,5,EE 311,2,10.0,AA
2313039,5,EE 312,2,10.0,AA
2313039,5,EE 313,2,10.0,AA
2313039,5,EE 314,2,10.0,AA
2313040,5,EE 301,4,10.0,AA
2313040,5,EE 302,4,9.0,AB
2313040,5,EE 303,4,8.0,BB
2313040,5,EE 304,4,10.0,AA
2313040,5,EE 305,3,9.0,AB
2313040,5,EE 311,2,10.0,AA
2313040,5,EE 312,2,10.0,AA
2313040,5,EE 313,2,10.0,AA
2313040,5,EE 314,2,10.0,AA
2313041,5,EE 301,4,9.0,AB
2313041,5,EE 302,4,8.0,BB
2313041,5,EE 303,4,9.0,AB
2313041,5,EE 304,4,9.0,AB
2313041,5,EE 305,3,9.0,AB
2313041,5,EE 311,2,10.0,AA
2313041,5,EE 312,2,10.0,AA
2313041,5,EE 313,2,10.0,AA
2313041,5,EE 314,2,10.0,AA
2313042,5,EE 301,4,10.0,AA
2313042,5,EE 302,4,9.0,AB
2313042,5,EE 303,4,10.0,AA
2313042,5,EE 304,4,10.0,AA
2313042,5,EE 305,3,10.0,AA
2313042,5,EE 311,2,10.0,AA
2313042,5,EE 312,2,10.0,AA
2313042,5,EE 313,2,10.0,AA
2313042,5,EE 314,2,10.0,AA
2313043,5,EE 301,4,4.0,DD
2313043,5,EE 302,4,0.0,F
2313043,5,EE 303,4,4.0,DD
2313043,5,EE 304,4,4.0,DD
2313043,5,EE 305,3,5.0,CD
2313043,5,EE 311,2,9.0,AB
2313043,5,EE 312,2,8.0,BB
2313043,5,EE 313,2,9.0,AB
2313043,5,EE 314,2,8.0,BB
2313044,5,EE 301,4,10.0,AA
2313044,5,EE 302,4,9.0,AB
2313044,5,EE 303,4,9.0,AB
2313044,5,EE 304,4,10.0,AA
2313044,5,EE 305,3,10.0,AA
2313044,5,EE 311,2,10.0,AA
2313044,5,EE 312,2,10.0,AA
2313044,5,EE 313,2,10.0,AA
2313044,5,EE 314,2,10.0,AA
2313045,5,EE 301,4,8.0,BB
2313045,5,EE 302,4,8.0,BB
2313045,5,EE 303,4,5.0,CD
2313045,5,EE 304,4,7.0,BC
2313045,5,EE 305,3,9.0,AB
2313045,5,EE 311,2,10.0,AA
2313045,5,EE 312,2,9.0,AB
2313045,5,EE 313,2,9.0,AB
2313045,5,EE 314,2,9.0,AB
2313046,5,EE 301,4,5.0,CD
2313046,5,EE 302,4,6.0,CC
2313046,5,EE 303,4,4.0,DD
2313046,5,EE 304,4,5.0,CD
2313046,5,EE 305,3,7.0,BC
2313046,5,EE 311,2,9.0,AB
2313046,5,EE 312,2,10.0,AA
2313046,5,EE 313,2,10.0,AA
2313046,5,EE 314,2,10.0,AA
2313047,5,EE 301,4,8.0,BB
2313047,5,EE 302,4,7.0,BC
2313047,5,EE 303,4,5.0,CD
2313047,5,EE 304,4,5.0,CD
2313047,5,EE 305,3,8.0,BB
2313047,5,EE 311,2,9.0,AB
2313047,5,EE 312,2,9.0,AB
2313047,5,EE 313,2,9.0,AB
2313047,5,EE 314,2,9.0,AB
2313048,5,EE 301,4,8.0,BB
2313048,5,EE 302,4,8.0,BB
2313048,5,EE 303,4,8.0,BB
2313048,5,EE 304,4,10.0,AA
2313048,5,EE 305,3,10.0,AA
2313048,5,EE 311,2,9.0,AB
2313048,5,EE 312,2,9.0,AB
2313048,5,EE 313,2,10.0,AA
2313048,5,EE 314,2,9.0,AB
2313049,5,EE 301,4,8.0,BB
2313049,5,EE 302,4,5.0,CD
2313049,5,EE 303,4,7.0,BC
2313049,5,EE 304,4,8.0,BB
2313049,5,EE 305,3,9.0,AB
2313049,5,EE 311,2,9.0,AB
2313049,5,EE 312,2,10.0,AA
2313049,5,EE 313,2,10.0,AA
2313049,5,EE 314,2,9.0,AB
2313050,5,EE 301,4,8.0,BB
2313050,5,EE 302,4,6.0,CC
2313050,5,EE 303,4,6.0,CC
2313050,5,EE 304,4,6.0,CC
2313050,5,EE 305,3,8.0,BB
2313050,5,EE 311,2,8.0,BB
2313050,5,EE 312,2,10.0,AA
2313050,5,EE 313,2,9.0,AB
2313050,5,EE 314,2,9.0,AB
2313051,5,EE 301,4,6.0,CC
2313051,5,EE 302,4,5.0,CD
2313051,5,EE 303,4,5.0,CD
2313051,5,EE 304,4,5.0,CD
2313051,5,EE 305,3,7.0,BC
2313051,5,EE 311,2,9.0,AB
2313051,5,EE 312,2,10.0,AA
2313051,5,EE 313,2,8.0,BB
2313051,5,EE 314,2,9.0,AB
2313052,5,EE 301,4,5.0,CD
2313052,5,EE 302,4,5.0,CD
2313052,5,EE 303,4,5.0,CD
2313052,5,EE 304,4,5.0,CD
2313052,5,EE 305,3,6.0,CC
2313052,5,EE 311,2,9.0,AB
2313052,5,EE 312,2,8.0,BB
2313052,5,EE 313,2,8.0,BB
2313052,5,EE 314,2,9.0,AB
2313053,5,EE 301,4,9.0,AB
2313053,5,EE 302,4,5.0,CD
2313053,5,EE 303,4,5.0,CD
2313053,5,EE 304,4,7.0,BC
2313053,5,EE 305,3,8.0,BB
2313053,5,EE 311,2,9.0,AB
2313053,5,EE 312,2,9.0,AB
2313053,5,EE 313,2,10.0,AA
2313053,5,EE 314,2,9.0,AB
2313054,5,EE 301,4,7.0,BC
2313054,5,EE 302,4,5.0,CD
2313054,5,EE 303,4,5.0,CD
2313054,5,EE 304,4,6.0,CC
2313054,5,EE 305,3,6.0,CC
2313054,5,EE 311,2,9.0,AB
2313054,5,EE 312,2,8.0,BB
2313054,5,EE 313,2,9.0,AB
2313054,5,EE 314,2,7.0,BC
2313055,5,EE 301,4,8.0,BB
2313055,5,EE 302,4,8.0,BB
2313055,5,EE 303,4,7.0,BC
2313055,5,EE 304,4,8.0,BB
2313055,5,EE 305,3,8.0,BB
2313055,5,EE 311,2,8.0,BB
2313055,5,EE 312,2,9.0,AB
2313055,5,EE 313,2,9.0,AB
2313055,5,EE 314,2,10.0,AA
2313057,5,EE 301,4,8.0,BB
2313057,5,EE 302,4,9.0,AB
2313057,5,EE 303,4,8.0,BB
2313057,5,EE 304,4,9.0,AB
2313057,5,EE 305,3,9.0,AB
2313057,5,EE 311,2,8.0,BB
2313057,5,EE 312,2,10.0,AA
2313057,5,EE 313,2,9.0,AB
2313057,5,EE 314,2,10.0,AA
2313059,5,EE 301,4,7.0,BC
2313059,5,EE 302,4,5.0,CD
2313059,5,EE 303,4,5.0,CD
2313059,5,EE 304,4,6.0,CC
2313059,5,EE 305,3,8.0,BB
2313059,5,EE 311,2,8.0,BB
2313059,5,EE 312,2,9.0,AB
2313059,5,EE 313,2,8.0,BB
2313059,5,EE 314,2,9.0,AB
2313060,5,EE 301,4,8.0,BB
2313060,5,EE 302,4,4.0,DD
2313060,5,EE 303,4,5.0,CD
2313060,5,EE 304,4,6.0,CC
2313060,5,EE 305,3,7.0,BC
2313060,5,EE 311,2,9.0,AB
2313060,5,EE 312,2,8.0,BB
2313060,5,EE 313,2,9.0,AB
2313060,5,EE 314,2,9.0,AB
2313061,5,EE 301,4,9.0,AB
2313061,5,EE 302,4,8.0,BB
2313061,5,EE 303,4,7.0,BC
2313061,5,EE 304,4,8.0,BB
2313061,5,EE 305,3,9.0,AB
2313061,5,EE 311,2,9.0,AB
2313061,5,EE 312,2,9.0,AB
2313061,5,EE 313,2,9.0,AB
2313061,5,EE 314,2,9.0,AB
2313062,5,EE 301,4,9.0,AB
2313062,5,EE 302,4,9.0,AB
2313062,5,EE 303,4,6.0,CC
2313062,5,EE 304,4,8.0,BB
2313062,5,EE 305,3,9.0,AB
2313062,5,EE 311,2,10.0,AA
2313062,5,EE 312,2,10.0,AA
2313062,5,EE 313,2,9.0,AB
2313062,5,EE 314,2,9.0,AB
2313063,5,EE 301,4,7.0,BC
2313063,5,EE 302,4,7.0,BC
2313063,5,EE 303,4,6.0,CC
2313063,5,EE 304,4,8.0,BB
2313063,5,EE 305,3,9.0,AB
2313063,5,EE 311,2,10.0,AA
2313063,5,EE 312,2,9.0,AB
2313063,5,EE 313,2,9.0,AB
2313063,5,EE 314,2,9.0,AB
2313064,5,EE 301,4,8.0,BB
2313064,5,EE 302,4,6.0,CC
2313064,5,EE 303,4,5.0,CD
2313064,5,EE 304,4,7.0,BC
2313064,5,EE 305,3,8.0,BB
2313064,5,EE 311,2,9.0,AB
2313064,5,EE 312,2,10.0,AA
2313064,5,EE 313,2,8.0,BB
2313064,5,EE 314,2,9.0,AB
2313065,5,EE 301,4,9.0,AB
2313065,5,EE 302,4,7.0,BC
2313065,5,EE 303,4,5.0,CD
2313065,5,EE 304,4,7.0,BC
2313065,5,EE 305,3,10.0,AA
2313065,5,EE 311,2,9.0,AB
2313065,5,EE 312,2,10.0,AA
2313065,5,EE 313,2,10.0,AA
2313065,5,EE 314,2,9.0,AB
2313066,5,EE 301,4,9.0,AB
2313066,5,EE 302,4,6.0,CC
2313066,5,EE 303,4,5.0,CD
2313066,5,EE 304,4,6.0,CC
2313066,5,EE 305,3,7.0,BC
2313066,5,EE 311,2,10.0,AA
2313066,5,EE 312,2,10.0,AA
2313066,5,EE 313,2,9.0,AB
2313066,5,EE 314,2,10.0,AA
2313067,5,EE 301,4,10.0,AA
2313067,5,EE 302,4,10.0,AA
2313067,5,EE 303,4,8.0,BB
2313067,5,EE 304,4,10.0,AA
2313067,5,EE 305,3,10.0,AA
2313067,5,EE 311,2,10.0,AA
2313067,5,EE 312,2,10.0,AA
2313067,5,EE 313,2,10.0,AA
2313067,5,EE 314,2,10.0,AA
2313068,5,EE 301,4,6.0,CC
2313068,5,EE 302,4,5.0,CD
2313068,5,EE 303,4,5.0,CD
2313068,5,EE 304,4,6.0,CC
2313068,5,EE 305,3,7.0,BC
2313068,5,EE 311,2,9.0,AB
2313068,5,EE 312,2,10.0,AA
2313068,5,EE 313,2,8.0,BB
2313068,5,EE 314,2,9.0,AB
2313069,5,EE 301,4,8.0,BB
2313069,5,EE 302,4,9.0,AB
2313069,5,EE 303,4,9.0,AB
2313069,5,EE 304,4,9.0,AB
2313069,5,EE 305,3,10.0,AA
2313069,5,EE 311,2,9.0,AB
2313069,5,EE 312,2,10.0,AA
2313069,5,EE 313,2,10.0,AA
2313069,5,EE 314,2,10.0,AA
2313071,5,EE 301,4,7.0,BC
2313071,5,EE 302,4,6.0,CC
2313071,5,EE 303,4,4.0,DD
2313071,5,EE 304,4,6.0,CC
2313071,5,EE 305,3,6.0,CC
2313071,5,EE 311,2,9.0,AB
2313071,5,EE 312,2,8.0,BB
2313071,5,EE 313,2,9.0,AB
2313071,5,EE 314,2,9.0,AB
2313072,5,EE 301,4,7.0,BC
2313072,5,EE 302,4,5.0,CD
2313072,5,EE 303,4,6.0,CC
2313072,5,EE 304,4,7.0,BC
2313072,5,EE 305,3,8.0,BB
2313072,5,EE 311,2,9.0,AB
2313072,5,EE 312,2,9.0,AB
2313072,5,EE 313,2,9.0,AB
2313072,5,EE 314,2,9.0,AB
2313073,5,EE 301,4,9.0,AB
2313073,5,EE 302,4,8.0,BB
2313073,5,EE 303,4,7.0,BC
2313073,5,EE 304,4,7.0,BC
2313073,5,EE 305,3,9.0,AB
2313073,5,EE 311,2,9.0,AB
2313073,5,EE 312,2,9.0,AB
2313073,5,EE 313,2,10.0,AA
2313073,5,EE 314,2,10.0,AA
2313074,5,EE 301,4,8.0,BB
2313074,5,EE 302,4,6.0,CC
2313074,5,EE 303,4,7.0,BC
2313074,5,EE 304,4,8.0,BB
2313074,5,EE 305,3,8.0,BB
2313074,5,EE 311,2,10.0,AA
2313074,5,EE 312,2,10.0,AA
2313074,5,EE 313,2,10.0,AA
2313074,5,EE 314,2,9.0,AB
2313075,5,EE 301,4,9.0,AB
2313075,5,EE 302,4,6.0,CC
2313075,5,EE 303,4,8.0,BB
2313075,5,EE 304,4,9.0,AB
2313075,5,EE 305,3,10.0,AA
2313075,5,EE 311,2,10.0,AA
2313075,5,EE 312,2,10.0,AA
2313075,5,EE 313,2,9.0,AB
2313075,5,EE 314,2,9.0,AB
2313076,5,EE 301,4,8.0,BB
2313076,5,EE 302,4,7.0,BC
2313076,5,EE 303,4,7.0,BC
2313076,5,EE 304,4,6.0,CC
2313076,5,EE 305,3,7.0,BC
2313076,5,EE 311,2,9.0,AB
2313076,5,EE 312,2,10.0,AA
2313076,5,EE 313,2,9.0,AB
2313076,5,EE 314,2,9.0,AB
2313077,5,EE 301,4,6.0,CC
2313077,5,EE 302,4,4.0,DD
2313077,5,EE 303,4,4.0,DD
2313077,5,EE 304,4,0.0,F
2313077,5,EE 305,3,4.0,DD
2313077,5,EE 311,2,7.0,BC
2313077,5,EE 312,2,8.0,BB
2313077,5,EE 313,2,6.0,CC
2313077,5,EE 314,2,8.0,BB
2313078,5,EE 301,4,9.0,AB
2313078,5,EE 302,4,9.0,AB
2313078,5,EE 303,4,8.0,BB
2313078,5,EE 304,4,10.0,AA
2313078,5,EE 305,3,10.0,AA
2313078,5,EE 311,2,9.0,AB
2313078,5,EE 312,2,10.0,AA
2313078,5,EE 313,2,9.0,AB
2313078,5,EE 314,2,10.0,AA
2313079,5,EE 301,4,8.0,BB
2313079,5,EE 302,4,7.0,BC
2313079,5,EE 303,4,8.0,BB
2313079,5,EE 304,4,7.0,BC
2313079,5,EE 305,3,8.0,BB
2313079,5,EE 311,2,9.0,AB
2313079,5,EE 312,2,10.0,AA
2313079,5,EE 313,2,9.0,AB
2313079,5,EE 314,2,9.0,AB
2313080,5,EE 301,4,9.0,AB
2313080,5,EE 302,4,8.0,BB
2313080,5,EE 303,4,6.0,CC
2313080,5,EE 304,4,8.0,BB
2313080,5,EE 305,3,9.0,AB
2313080,5,EE 311,2,9.0,AB
2313080,5,EE 312,2,10.0,AA
2313080,5,EE 313,2,10.0,AA
2313080,5,EE 314,2,10.0,AA
2313081,5,EE 301,4,4.0,DD
2313081,5,EE 302,4,0.0,F
2313081,5,EE 303,4,0.0,F
2313081,5,EE 304,4,0.0,F
2313081,5,EE 305,3,0.0,F
2313081,5,EE 311,2,7.0,BC
2313081,5,EE 312,2,9.0,AB
2313081,5,EE 313,2,8.0,BB
2313081,5,EE 314,2,8.0,BB
2313082,5,EE 301,4,9.0,AB
2313082,5,EE 302,4,6.0,CC
2313082,5,EE 303,4,7.0,BC
2313082,5,EE 304,4,6.0,CC
2313082,5,EE 305,3,8.0,BB
2313082,5,EE 311,2,9.0,AB
2313082,5,EE 312,2,9.0,AB
2313082,5,EE 313,2,10.0,AA
2313082,5,EE 314,2,9.0,AB
2313083,5,EE 301,4,9.0,AB
2313083,5,EE 302,4,9.0,AB
2313083,5,EE 303,4,8.0,BB
2313083,5,EE 304,4,9.0,AB
2313083,5,EE 305,3,10.0,AA
2313083,5,EE 311,2,9.0,AB
2313083,5,EE 312,2,10.0,AA
2313083,5,EE 313,2,10.0,AA
2313083,5,EE 314,2,10.0,AA
2313084,5,EE 301,4,0.0,F
2313084,5,EE 302,4,0.0,F
2313084,5,EE 303,4,4.0,DD
2313084,5,EE 304,4,5.0,CD
2313084,5,EE 305,3,5.0,CD
2313084,5,EE 311,2,9.0,AB
2313084,5,EE 312,2,9.0,AB
2313084,5,EE 313,2,9.0,AB
2313084,5,EE 314,2,9.0,AB
2313085,5,EE 301,4,6.0,CC
2313085,5,EE 302,4,4.0,DD
2313085,5,EE 303,4,0.0,F
2313085,5,EE 304,4,4.0,DD
2313085,5,EE 305,3,6.0,CC
2313085,5,EE 311,2,9.0,AB
2313085,5,EE 312,2,5.0,CD
2313085,5,EE 313,2,5.0,CD
2313085,5,EE 314,2,4.0,DD
2313086,5,EE 301,4,10.0,AA
2313086,5,EE 302,4,5.0,CD
2313086,5,EE 303,4,6.0,CC
2313086,5,EE 304,4,8.0,BB
2313086,5,EE 305,3,10.0,AA
2313086,5,EE 311,2,8.0,BB
2313086,5,EE 312,2,8.0,BB
2313086,5,EE 313,2,9.0,AB
2313086,5,EE 314,2,9.0,AB
2313087,5,EE 301,4,10.0,AA
2313087,5,EE 302,4,9.0,AB
2313087,5,EE 303,4,7.0,BC
2313087,5,EE 304,4,10.0,AA
2313087,5,EE 305,3,10.0,AA
2313087,5,EE 311,2,10.0,AA
2313087,5,EE 312,2,10.0,AA
2313087,5,EE 313,2,10.0,AA
2313087,5,EE 314,2,10.0,AA
2313089,5,EE 301,4,7.0,BC
2313089,5,EE 302,4,6.0,CC
2313089,5,EE 303,4,6.0,CC
2313089,5,EE 304,4,7.0,BC
2313089,5,EE 305,3,9.0,AB
2313089,5,EE 311,2,8.0,BB
2313089,5,EE 312,2,10.0,AA
2313089,5,EE 313,2,9.0,AB
2313089,5,EE 314,2,9.0,AB
2313090,5,EE 301,4,10.0,AA
2313090,5,EE 302,4,7.0,BC
2313090,5,EE 303,4,6.0,CC
2313090,5,EE 304,4,8.0,BB
2313090,5,EE 305,3,10.0,AA
2313090,5,EE 311,2,10.0,AA
2313090,5,EE 312,2,9.0,AB
2313090,5,EE 313,2,9.0,AB
2313090,5,EE 314,2,10.0,AA
2313091,5,EE 301,4,9.0,AB
2313091,5,EE 302,4,7.0,BC
2313091,5,EE 303,4,7.0,BC
2313091,5,EE 304,4,8.0,BB
2313091,5,EE 305,3,9.0,AB
2313091,5,EE 311,2,10.0,AA
2313091,5,EE 312,2,8.0,BB
2313091,5,EE 313,2,9.0,AB
2313091,5,EE 314,2,8.0,BB
2313092,5,EE 301,4,7.0,BC
2313092,5,EE 302,4,5.0,CD
2313092,5,EE 303,4,5.0,CD
2313092,5,EE 304,4,6.0,CC
2313092,5,EE 305,3,8.0,BB
2313092,5,EE 311,2,9.0,AB
2313092,5,EE 312,2,8.0,BB
2313092,5,EE 313,2,8.0,BB
2313092,5,EE 314,2,8.0,BB
2313093,5,EE 301,4,7.0,BC
2313093,5,EE 302,4,4.0,DD
2313093,5,EE 303,4,4.0,DD
2313093,5,EE 304,4,5.0,CD
2313093,5,EE 305,3,9.0,AB
2313093,5,EE 311,2,8.0,BB
2313093,5,EE 312,2,9.0,AB
2313093,5,EE 313,2,9.0,AB
2313093,5,EE 314,2,8.0,BB
2313094,5,EE 301,4,7.0,BC
2313094,5,EE 302,4,5.0,CD
2313094,5,EE 303,4,5.0,CD
2313094,5,EE 304,4,7.0,BC
2313094,5,EE 305,3,9.0,AB
2313094,5,EE 311,2,9.0,AB
2313094,5,EE 312,2,7.0,BC
2313094,5,EE 313,2,9.0,AB
2313094,5,EE 314,2,8.0,BB
2313095,5,EE 301,4,9.0,AB
2313095,5,EE 302,4,6.0,CC
2313095,5,EE 303,4,5.0,CD
2313095,5,EE 304,4,6.0,CC
2313095,5,EE 305,3,9.0,AB
2313095,5,EE 311,2,9.0,AB
2313095,5,EE 312,2,8.0,BB
2313095,5,EE 313,2,9.0,AB
2313095,5,EE 314,2,10.0,AA
2313096,5,EE 301,4,9.0,AB
2313096,5,EE 302,4,9.0,AB
2313096,5,EE 303,4,6.0,CC
2313096,5,EE 304,4,9.0,AB
2313096,5,EE 305,3,10.0,AA
2313096,5,EE 311,2,10.0,AA
2313096,5,EE 312,2,10.0,AA
2313096,5,EE 313,2,10.0,AA
2313096,5,EE 314,2,10.0,AA
2313097,5,EE 301,4,8.0,BB
2313097,5,EE 302,4,6.0,CC
2313097,5,EE 303,4,6.0,CC
2313097,5,EE 304,4,7.0,BC
2313097,5,EE 305,3,9.0,AB
2313097,5,EE 311,2,10.0,AA
2313097,5,EE 312,2,10.0,AA
2313097,5,EE 313,2,10.0,AA
2313097,5,EE 314,2,9.0,AB
2313098,5,EE 301,4,10.0,AA
2313098,5,EE 302,4,7.0,BC
2313098,5,EE 303,4,7.0,BC
2313098,5,EE 304,4,7.0,BC
2313098,5,EE 305,3,10.0,AA
2313098,5,EE 311,2,9.0,AB
2313098,5,EE 312,2,10.0,AA
2313098,5,EE 313,2,10.0,AA
2313098,5,EE 314,2,10.0,AA
2313099,5,EE 301,4,10.0,AA
2313099,5,EE 302,4,5.0,CD
2313099,5,EE 303,4,10.0,AA
2313099,5,EE 304,4,10.0,AA
2313099,5,EE 305,3,10.0,AA
2313099,5,EE 311,2,10.0,AA
2313099,5,EE 312,2,10.0,AA
2313099,5,EE 313,2,10.0,AA
2313099,5,EE 314,2,10.0,AA
2313100,5,EE 301,4,10.0,AA
2313100,5,EE 302,4,7.0,BC
2313100,5,EE 303,4,7.0,BC
2313100,5,EE 304,4,9.0,AB
2313100,5,EE 305,3,10.0,AA
2313100,5,EE 311,2,10.0,AA
2313100,5,EE 312,2,7.0,BC
2313100,5,EE 313,2,9.0,AB
2313100,5,EE 314,2,10.0,AA
2313101,5,EE 301,4,6.0,CC
2313101,5,EE 302,4,0.0,F
2313101,5,EE 303,4,0.0,F
2313101,5,EE 304,4,5.0,CD
2313101,5,EE 305,3,6.0,CC
2313101,5,EE 311,2,7.0,BC
2313101,5,EE 312,2,6.0,CC
2313101,5,EE 313,2,9.0,AB
2313101,5,EE 314,2,8.0,BB
2313102,5,EE 301,4,9.0,AB
2313102,5,EE 302,4,4.0,DD
2313102,5,EE 303,4,4.0,DD
2313102,5,EE 304,4,6.0,CC
2313102,5,EE 305,3,8.0,BB
2313102,5,EE 311,2,7.0,BC
2313102,5,EE 312,2,9.0,AB
2313102,5,EE 313,2,9.0,AB
2313102,5,EE 314,2,8.0,BB
2313103,5,EE 301,4,7.0,BC
2313103,5,EE 302,4,6.0,CC
2313103,5,EE 303,4,5.0,CD
2313103,5,EE 304,4,7.0,BC
2313103,5,EE 305,3,9.0,AB
2313103,5,EE 311,2,10.0,AA
2313103,5,EE 312,2,10.0,AA
2313103,5,EE 313,2,9.0,AB
2313103,5,EE 314,2,10.0,AA
2313104,5,EE 301,4,8.0,BB
2313104,5,EE 302,4,5.0,CD
2313104,5,EE 303,4,0.0,F
2313104,5,EE 304,4,6.0,CC
2313104,5,EE 305,3,7.0,BC
2313104,5,EE 311,2,8.0,BB
2313104,5,EE 312,2,9.0,AB
2313104,5,EE 313,2,8.0,BB
2313104,5,EE 314,2,7.0,BC
2313105,5,EE 301,4,7.0,BC
2313105,5,EE 302,4,4.0,DD
2313105,5,EE 303,4,0.0,F
2313105,5,EE 304,4,5.0,CD
2313105,5,EE 305,3,8.0,BB
2313105,5,EE 311,2,9.0,AB
2313105,5,EE 312,2,9.0,AB
2313105,5,EE 313,2,9.0,AB
2313105,5,EE 314,2,9.0,AB
2313106,5,EE 301,4,9.0,AB
2313106,5,EE 302,4,5.0,CD
2313106,5,EE 303,4,5.0,CD
2313106,5,EE 304,4,6.0,CC
2313106,5,EE 305,3,8.0,BB
2313106,5,EE 311,2,8.0,BB
2313106,5,EE 312,2,8.0,BB
2313106,5,EE 313,2,9.0,AB
2313106,5,EE 314,2,8.0,BB
2313107,5,EE 301,4,6.0,CC
2313107,5,EE 302,4,6.0,CC
2313107,5,EE 303,4,4.0,DD
2313107,5,EE 304,4,6.0,CC
2313107,5,EE 305,3,8.0,BB
2313107,5,EE 311,2,9.0,AB
2313107,5,EE 312,2,7.0,BC
2313107,5,EE 313,2,9.0,AB
2313107,5,EE 314,2,9.0,AB
2313109,5,EE 301,4,8.0,BB
2313109,5,EE 302,4,8.0,BB
2313109,5,EE 303,4,7.0,BC
2313109,5,EE 304,4,8.0,BB
2313109,5,EE 305,3,10.0,AA
2313109,5,EE 311,2,9.0,AB
2313109,5,EE 312,2,10.0,AA
2313109,5,EE 313,2,9.0,AB
2313109,5,EE 314,2,10.0,AA
2313110,5,EE 301,4,7.0,BC
2313110,5,EE 302,4,4.0,DD
2313110,5,EE 303,4,0.0,F
2313110,5,EE 304,4,5.0,CD
2313110,5,EE 305,3,8.0,BB
2313110,5,EE 311,2,8.0,BB
2313110,5,EE 312,2,8.0,BB
2313110,5,EE 313,2,9.0,AB
2313110,5,EE 314,2,9.0,AB
2313111,5,EE 301,4,8.0,BB
2313111,5,EE 302,4,7.0,BC
2313111,5,EE 303,4,4.0,DD
2313111,5,EE 304,4,6.0,CC
2313111,5,EE 305,3,9.0,AB
2313111,5,EE 311,2,9.0,AB
2313111,5,EE 312,2,8.0,BB
2313111,5,EE 313,2,10.0,AA
2313111,5,EE 314,2,9.0,AB
2313112,5,EE 301,4,10.0,AA
2313112,5,EE 302,4,6.0,CC
2313112,5,EE 303,4,6.0,CC
2313112,5,EE 304,4,7.0,BC
2313112,5,EE 305,3,9.0,AB
2313112,5,EE 311,2,10.0,AA
2313112,5,EE 312,2,9.0,AB
2313112,5,EE 313,2,10.0,AA
2313112,5,EE 314,2,8.0,BB
2313114,5,EE 301,4,4.0,DD
2313114,5,EE 302,4,4.0,DD
2313114,5,EE 303,4,0.0,F
2313114,5,EE 304,4,0.0,F
2313114,5,EE 305,3,6.0,CC
2313114,5,EE 311,2,8.0,BB
2313114,5,EE 312,2,7.0,BC
2313114,5,EE 313,2,9.0,AB
2313114,5,EE 314,2,8.0,BB
2313115,5,EE 301,4,9.0,AB
2313115,5,EE 302,4,6.0,CC
2313115,5,EE 303,4,6.0,CC
2313115,5,EE 304,4,8.0,BB
2313115,5,EE 305,3,10.0,AA
2313115,5,EE 311,2,10.0,AA
2313115,5,EE 312,2,9.0,AB
2313115,5,EE 313,2,8.0,BB
2313115,5,EE 314,2,10.0,AA
2313116,5,EE 301,NA,8.0,NA
2313116,5,None,NA,,BB
2313116,5,None,NA,,NA
2313116,5,None,NA,7.0,NA
2313116,5,None,NA,,BC
2313116,5,EE 302,NA,,NA
2313116,5,None,NA,6.0,NA
2313116,5,None,4,,CC
2313116,5,None,NA,,NA
2313116,5,None,NA,8.0,NA
2313116,5,EE 303,NA,,BB
2313116,5,None,NA,,NA
2313116,5,None,4,9.0,NA
2313116,5,None,NA,,AB
2313116,5,None,NA,,NA
2313116,5,EE 304,NA,9.0,NA
2313116,5,None,NA,,AB
2313116,5,None,NA,,NA
2313116,5,None,NA,9.0,NA
2313116,5,None,NA,,AB
2313116,5,EE 305,NA,,NA
2313116,5,None,NA,9.0,NA
2313116,5,None,3,,AB
2313116,5,None,NA,,NA
2313116,5,None,NA,9.0,NA
2313116,5,EE 311,NA,,AB
2313116,5,None,NA,,NA
2313116,5,None,2,215.0,NA
2313116,5,None,NA,,7.96
2313116,5,None,NA,,NA
2313116,5,EE 312,NA,8.0,NA
2313116,5,None,NA,,NA
2313116,5,None,NA,,NA
2313116,5,None,NA,,NA
2313116,5,None,NA,,NA
2313116,5,EE 313,NA,,NA
2313116,5,None,NA,,NA
2313116,5,None,NA,,NA
2313116,5,None,NA,,NA
2313116,5,None,NA,,NA
2313116,5,EE 314,NA,,NA
2313116,5,None,NA,,NA
2313116,5,None,NA,,NA
2313116,5,None,NA,,NA
2313116,5,None,NA,,NA
2313118,5,EE 301,NA,8.0,NA
2313118,5,None,NA,,BB
2313118,5,None,NA,,NA
2313118,5,None,NA,9.0,NA
2313118,5,None,NA,,AB
2313118,5,EE 302,NA,,NA
2313118,5,None,NA,9.0,NA
2313118,5,None,4,,AB
2313118,5,None,NA,,NA
2313118,5,None,NA,8.0,NA
2313118,5,EE 303,NA,,BB
2313118,5,None,NA,,NA
2313118,5,None,4,10.0,NA
2313118,5,None,NA,,AA
2313118,5,None,NA,,NA
2313118,5,EE 304,NA,10.0,NA
2313118,5,None,NA,,AA
2313118,5,None,NA,,NA
2313118,5,None,NA,10.0,NA
2313118,5,None,NA,,AA
2313118,5,EE 305,NA,,NA
2313118,5,None,NA,10.0,NA
2313118,5,None,3,,AA
2313118,5,None,NA,,NA
2313118,5,None,NA,10.0,NA
2313118,5,EE 311,NA,,AA
2313118,5,None,NA,,NA
2313118,5,None,2,246.0,NA
2313118,5,None,NA,,9.11
2313118,5,None,NA,,NA
2313118,5,EE 312,NA,8.85,NA
2313118,5,None,NA,,NA
2313118,5,None,NA,,NA
2313118,5,None,NA,,NA
2313118,5,None,NA,,NA
2313118,5,EE 313,NA,,NA
2313118,5,None,NA,,NA
2313118,5,None,NA,,NA
2313118,5,None,NA,,NA
2313118,5,None,NA,,NA
2313118,5,EE 314,NA,,NA
2313118,5,None,NA,,NA
2313118,5,None,NA,,NA
2313118,5,None,NA,,NA
2313118,5,None,NA,,NA
2313120,5,EE 301,NA,9.0,NA
2313120,5,None,NA,,AB
2313120,5,None,NA,,NA
2313120,5,None,NA,8.0,NA
2313120,5,None,NA,,BB
2313120,5,EE 302,NA,,NA
2313120,5,None,NA,5.0,NA
2313120,5,None,4,,CD
2313120,5,None,NA,,NA
2313120,5,None,NA,9.0,NA
2313120,5,EE 303,NA,,AB
2313120,5,None,NA,,NA
2313120,5,None,4,10.0,NA
2313120,5,None,NA,,AA
2313120,5,None,NA,,NA
2313120,5,EE 304,NA,10.0,NA
2313120,5,None,NA,,AA
2313120,5,None,NA,,NA
2313120,5,None,NA,9.0,NA
2313120,5,None,NA,,AB
2313120,5,EE 305,NA,,NA
2313120,5,None,NA,10.0,NA
2313120,5,None,3,,AA
2313120,5,None,NA,,NA
2313120,5,None,NA,10.0,NA
2313120,5,EE 311,NA,,AA
2313120,5,None,NA,,NA
2313120,5,None,2,232.0,NA
2313120,5,None,NA,,8.59
2313120,5,None,NA,,NA
2313120,5,EE 312,NA,8.15,NA
2313120,5,None,NA,,NA
2313120,5,None,NA,,NA
2313120,5,None,NA,,NA
2313120,5,None,NA,,NA
2313120,5,EE 313,NA,,NA
2313120,5,None,NA,,NA
2313120,5,None,NA,,NA
2313120,5,None,NA,,NA
2313120,5,None,NA,,NA
2313120,5,EE 314,NA,,NA
2313120,5,None,NA,,NA
2313120,5,None,NA,,NA
2313120,5,None,NA,,NA
2313120,5,None,NA,,NA
2313121,5,EE 301,NA,9.0,NA
2313121,5,None,NA,,AB
2313121,5,None,NA,,NA
2313121,5,None,NA,6.0,NA
2313121,5,None,NA,,CC
2313121,5,EE 302,NA,,NA
2313121,5,None,NA,6.0,NA
2313121,5,None,4,,CC
2313121,5,None,NA,,NA
2313121,5,None,NA,8.0,NA
2313121,5,EE 303,NA,,BB
2313121,5,None,NA,,NA
2313121,5,None,4,10.0,NA
2313121,5,None,NA,,AA
2313121,5,None,NA,,NA
2313121,5,EE 304,NA,10.0,NA
2313121,5,None,NA,,AA
2313121,5,None,NA,,NA
2313121,5,None,NA,9.0,NA
2313121,5,None,NA,,AB
2313121,5,EE 305,NA,,NA
2313121,5,None,NA,10.0,NA
2313121,5,None,3,,AA
2313121,5,None,NA,,NA
2313121,5,None,NA,10.0,NA
2313121,5,EE 311,NA,,AA
2313121,5,None,NA,,NA
2313121,5,None,2,224.0,NA
2313121,5,None,NA,,8.30
2313121,5,None,NA,,NA
2313121,5,EE 312,NA,8.27,NA
2313121,5,None,NA,,NA
2313121,5,None,NA,,NA
2313121,5,None,NA,,NA
2313121,5,None,NA,,NA
2313121,5,EE 313,NA,,NA
2313121,5,None,NA,,NA
2313121,5,None,NA,,NA
2313121,5,None,NA,,NA
2313121,5,None,NA,,NA
2313121,5,EE 314,NA,,NA
2313121,5,None,NA,,NA
2313121,5,None,NA,,NA
2313121,5,None,NA,,NA
2313121,5,None,NA,,NA
2313122,5,EE 301,NA,6.0,NA
2313122,5,None,NA,,CC
2313122,5,None,NA,,NA
2313122,5,None,NA,0.0,NA
2313122,5,None,NA,,F
2313122,5,EE 302,NA,,NA
2313122,5,None,NA,0.0,NA
2313122,5,None,4,,F
2313122,5,None,NA,,NA
2313122,5,None,NA,5.0,NA
2313122,5,EE 303,NA,,CD
2313122,5,None,NA,,NA
2313122,5,None,4,6.0,NA
2313122,5,None,NA,,CC
2313122,5,None,NA,,NA
2313122,5,EE 304,NA,7.0,NA
2313122,5,None,NA,,BC
2313122,5,None,NA,,NA
2313122,5,None,NA,8.0,NA
2313122,5,None,NA,,BB
2313122,5,EE 305,NA,,NA
2313122,5,None,NA,8.0,NA
2313122,5,None,3,,BB
2313122,5,None,NA,,NA
2313122,5,None,NA,8.0,NA
2313122,5,EE 311,NA,,BB
2313122,5,None,NA,,NA
2313122,5,None,2,124.0,NA
2313122,5,None,NA,,4.59
2313122,5,None,NA,,NA
2313122,5,EE 312,NA,5.02,NA
2313122,5,None,NA,,NA
2313122,5,None,NA,,NA
2313122,5,None,NA,,NA
2313122,5,None,NA,,NA
2313122,5,EE 313,NA,,NA
2313122,5,None,NA,,NA
2313122,5,None,NA,,NA
2313122,5,None,NA,,NA
2313122,5,None,NA,,NA
2313122,5,EE 314,NA,,NA
2313122,5,None,NA,,NA
2313122,5,None,NA,,NA
2313122,5,None,NA,,NA
2313122,5,None,NA,,NA
2313123,5,EE 301,NA,8.0,NA
2313123,5,None,NA,,BB
2313123,5,None,NA,,NA
2313123,5,None,NA,5.0,NA
2313123,5,None,NA,,CD
2313123,5,EE 302,NA,,NA
2313123,5,None,NA,4.0,NA
2313123,5,None,4,,DD
2313123,5,None,NA,,NA
2313123,5,None,NA,6.0,NA
2313123,5,EE 303,NA,,CC
2313123,5,None,NA,,NA
2313123,5,None,4,10.0,NA
2313123,5,None,NA,,AA
2313123,5,None,NA,,NA
2313123,5,EE 304,NA,8.0,NA
2313123,5,None,NA,,BB
2313123,5,None,NA,,NA
2313123,5,None,NA,8.0,NA
2313123,5,None,NA,,BB
2313123,5,EE 305,NA,,NA
2313123,5,None,NA,8.0,NA
2313123,5,None,3,,BB
2313123,5,None,NA,,NA
2313123,5,None,NA,8.0,NA
2313123,5,EE 311,NA,,BB
2313123,5,None,NA,,NA
2313123,5,None,2,186.0,NA
2313123,5,None,NA,,6.89
2313123,5,None,NA,,NA
2313123,5,EE 312,NA,6.52,NA
2313123,5,None,NA,,NA
2313123,5,None,NA,,NA
2313123,5,None,NA,,NA
2313123,5,None,NA,,NA
2313123,5,EE 313,NA,,NA
2313123,5,None,NA,,NA
2313123,5,None,NA,,NA
2313123,5,None,NA,,NA
2313123,5,None,NA,,NA
2313123,5,EE 314,NA,,NA
2313123,5,None,NA,,NA
2313123,5,None,NA,,NA
2313123,5,None,NA,,NA
2313123,5,None,NA,,NA
2313124,5,EE 301,NA,8.0,NA
2313124,5,None,NA,,BB
2313124,5,None,NA,,NA
2313124,5,None,NA,7.0,NA
2313124,5,None,NA,,BC
2313124,5,EE 302,NA,,NA
2313124,5,None,NA,7.0,NA
2313124,5,None,4,,BC
2313124,5,None,NA,,NA
2313124,5,None,NA,9.0,NA
2313124,5,EE 303,NA,,AB
2313124,5,None,NA,,NA
2313124,5,None,4,10.0,NA
2313124,5,None,NA,,AA
2313124,5,None,NA,,NA
2313124,5,EE 304,NA,8.0,NA
2313124,5,None,NA,,BB
2313124,5,None,NA,,NA
2313124,5,None,NA,8.0,NA
2313124,5,None,NA,,BB
2313124,5,EE 305,NA,,NA
2313124,5,None,NA,8.0,NA
2313124,5,None,3,,BB
2313124,5,None,NA,,NA
2313124,5,None,NA,10.0,NA
2313124,5,EE 311,NA,,AA
2313124,5,None,NA,,NA
2313124,5,None,2,222.0,NA
2313124,5,None,NA,,8.22
2313124,5,None,NA,,NA
2313124,5,EE 312,NA,7.94,NA
2313124,5,None,NA,,NA
2313124,5,None,NA,,NA
2313124,5,None,NA,,NA
2313124,5,None,NA,,NA
2313124,5,EE 313,NA,,NA
2313124,5,None,NA,,NA
2313124,5,None,NA,,NA
2313124,5,None,NA,,NA
2313124,5,None,NA,,NA
2313124,5,EE 314,NA,,NA
2313124,5,None,NA,,NA
2313124,5,None,NA,,NA
2313124,5,None,NA,,NA
2313124,5,None,NA,,NA
2313125,5,EE 301,NA,8.0,NA
2313125,5,None,NA,,BB
2313125,5,None,NA,,NA
2313125,5,None,NA,7.0,NA
2313125,5,None,NA,,BC
2313125,5,EE 302,NA,,NA
2313125,5,None,NA,4.0,NA
2313125,5,None,4,,DD
2313125,5,None,NA,,NA
2313125,5,None,NA,7.0,NA
2313125,5,EE 303,NA,,BC
2313125,5,None,NA,,NA
2313125,5,None,4,10.0,NA
2313125,5,None,NA,,AA
2313125,5,None,NA,,NA
2313125,5,EE 304,NA,8.0,NA
2313125,5,None,NA,,BB
2313125,5,None,NA,,NA
2313125,5,None,NA,9.0,NA
2313125,5,None,NA,,AB
2313125,5,EE 305,NA,,NA
2313125,5,None,NA,8.0,NA
2313125,5,None,3,,BB
2313125,5,None,NA,,NA
2313125,5,None,NA,9.0,NA
2313125,5,EE 311,NA,,AB
2313125,5,None,NA,,NA
2313125,5,None,2,202.0,NA
2313125,5,None,NA,,7.48
2313125,5,None,NA,,NA
2313125,5,EE 312,NA,6.53,NA
2313125,5,None,NA,,NA
2313125,5,None,NA,,NA
2313125,5,None,NA,,NA
2313125,5,None,NA,,NA
2313125,5,EE 313,NA,,NA
2313125,5,None,NA,,NA
2313125,5,None,NA,,NA
2313125,5,None,NA,,NA
2313125,5,None,NA,,NA
2313125,5,EE 314,NA,,NA
2313125,5,None,NA,,NA
2313125,5,None,NA,,NA
2313125,5,None,NA,,NA
2313125,5,None,NA,,NA
2313126,5,EE 301,NA,7.0,NA
2313126,5,None,NA,,BC
2313126,5,None,NA,,NA
2313126,5,None,NA,6.0,NA
2313126,5,None,NA,,CC
2313126,5,EE 302,NA,,NA
2313126,5,None,NA,5.0,NA
2313126,5,None,4,,CD
2313126,5,None,NA,,NA
2313126,5,None,NA,7.0,NA
2313126,5,EE 303,NA,,BC
2313126,5,None,NA,,NA
2313126,5,None,4,9.0,NA
2313126,5,None,NA,,AB
2313126,5,None,NA,,NA
2313126,5,EE 304,NA,9.0,NA
2313126,5,None,NA,,AB
2313126,5,None,NA,,NA
2313126,5,None,NA,9.0,NA
2313126,5,None,NA,,AB
2313126,5,EE 305,NA,,NA
2313126,5,None,NA,9.0,NA
2313126,5,None,3,,AB
2313126,5,None,NA,,NA
2313126,5,None,NA,9.0,NA
2313126,5,EE 311,NA,,AB
2313126,5,None,NA,,NA
2313126,5,None,2,199.0,NA
2313126,5,None,NA,,7.37
2313126,5,None,NA,,NA
2313126,5,EE 312,NA,7.35,NA
2313126,5,None,NA,,NA
2313126,5,None,NA,,NA
2313126,5,None,NA,,NA
2313126,5,None,NA,,NA
2313126,5,EE 313,NA,,NA
2313126,5,None,NA,,NA
2313126,5,None,NA,,NA
2313126,5,None,NA,,NA
2313126,5,None,NA,,NA
2313126,5,EE 314,NA,,NA
2313126,5,None,NA,,NA
2313126,5,None,NA,,NA
2313126,5,None,NA,,NA
2313126,5,None,NA,,NA
2313127,5,EE 301,NA,8.0,NA
2313127,5,None,NA,,BB
2313127,5,None,NA,,NA
2313127,5,None,NA,5.0,NA
2313127,5,None,NA,,CD
2313127,5,EE 302,NA,,NA
2313127,5,None,NA,0.0,NA
2313127,5,None,4,,I
2313127,5,None,NA,,NA
2313127,5,None,NA,6.0,NA
2313127,5,EE 303,NA,,CC
2313127,5,None,NA,,NA
2313127,5,None,4,7.0,NA
2313127,5,None,NA,,BC
2313127,5,None,NA,,NA
2313127,5,EE 304,NA,8.0,NA
2313127,5,None,NA,,BB
2313127,5,None,NA,,NA
2313127,5,None,NA,8.0,NA
2313127,5,None,NA,,BB
2313127,5,EE 305,NA,,NA
2313127,5,None,NA,9.0,NA
2313127,5,None,3,,AB
2313127,5,None,NA,,NA
2313127,5,None,NA,9.0,NA
2313127,5,EE 311,NA,,AB
2313127,5,None,NA,,NA
2313127,5,None,2,165.0,NA
2313127,5,None,NA,,6.11
2313127,5,None,NA,,NA
2313127,5,EE 312,NA,6.09,NA
2313127,5,None,NA,,NA
2313127,5,None,NA,,NA
2313127,5,None,NA,,NA
2313127,5,None,NA,,NA
2313127,5,EE 313,NA,,NA
2313127,5,None,NA,,NA
2313127,5,None,NA,,NA
2313127,5,None,NA,,NA
2313127,5,None,NA,,NA
2313127,5,EE 314,NA,,NA
2313127,5,None,NA,,NA
2313127,5,None,NA,,NA
2313127,5,None,NA,,NA
2313127,5,None,NA,,NA
2313128,5,EE 301,NA,7.0,NA
2313128,5,None,NA,,BC
2313128,5,None,NA,,NA
2313128,5,None,NA,6.0,NA
2313128,5,None,NA,,CC
2313128,5,EE 302,NA,,NA
2313128,5,None,NA,6.0,NA
2313128,5,None,4,,CC
2313128,5,None,NA,,NA
2313128,5,None,NA,8.0,NA
2313128,5,EE 303,NA,,BB
2313128,5,None,NA,,NA
2313128,5,None,4,8.0,NA
2313128,5,None,NA,,BB
2313128,5,None,NA,,NA
2313128,5,EE 304,NA,8.0,NA
2313128,5,None,NA,,BB
2313128,5,None,NA,,NA
2313128,5,None,NA,9.0,NA
2313128,5,None,NA,,AB
2313128,5,EE 305,NA,,NA
2313128,5,None,NA,9.0,NA
2313128,5,None,3,,AB
2313128,5,None,NA,,NA
2313128,5,None,NA,10.0,NA
2313128,5,EE 311,NA,,AA
2313128,5,None,NA,,NA
2313128,5,None,2,204.0,NA
2313128,5,None,NA,,7.56
2313128,5,None,NA,,NA
2313128,5,EE 312,NA,7.22,NA
2313128,5,None,NA,,NA
2313128,5,None,NA,,NA
2313128,5,None,NA,,NA
2313128,5,None,NA,,NA
2313128,5,EE 313,NA,,NA
2313128,5,None,NA,,NA
2313128,5,None,NA,,NA
2313128,5,None,NA,,NA
2313128,5,None,NA,,NA
2313128,5,EE 314,NA,,NA
2313128,5,None,NA,,NA
2313128,5,None,NA,,NA
2313128,5,None,NA,,NA
2313128,5,None,NA,,NA
2313129,5,EE 301,NA,7.0,NA
2313129,5,None,NA,,BC
2313129,5,None,NA,,NA
2313129,5,None,NA,5.0,NA
2313129,5,None,NA,,CD
2313129,5,EE 302,NA,,NA
2313129,5,None,NA,5.0,NA
2313129,5,None,4,,CD
2313129,5,None,NA,,NA
2313129,5,None,NA,6.0,NA
2313129,5,EE 303,NA,,CC
2313129,5,None,NA,,NA
2313129,5,None,4,8.0,NA
2313129,5,None,NA,,BB
2313129,5,None,NA,,NA
2313129,5,EE 304,NA,9.0,NA
2313129,5,None,NA,,AB
2313129,5,None,NA,,NA
2313129,5,None,NA,7.0,NA
2313129,5,None,NA,,BC
2313129,5,EE 305,NA,,NA
2313129,5,None,NA,9.0,NA
2313129,5,None,3,,AB
2313129,5,None,NA,,NA
2313129,5,None,NA,9.0,NA
2313129,5,EE 311,NA,,AB
2313129,5,None,NA,,NA
2313129,5,None,2,184.0,NA
2313129,5,None,NA,,6.81
2313129,5,None,NA,,NA
2313129,5,EE 312,NA,6.63,NA
2313129,5,None,NA,,NA
2313129,5,None,NA,,NA
2313129,5,None,NA,,NA
2313129,5,None,NA,,NA
2313129,5,EE 313,NA,,NA
2313129,5,None,NA,,NA
2313129,5,None,NA,,NA
2313129,5,None,NA,,NA
2313129,5,None,NA,,NA
2313129,5,EE 314,NA,,NA
2313129,5,None,NA,,NA
2313129,5,None,NA,,NA
2313129,5,None,NA,,NA
2313129,5,None,NA,,NA
2313130,5,EE 301,NA,8.0,NA
2313130,5,None,NA,,BB
2313130,5,None,NA,,NA
2313130,5,None,NA,5.0,NA
2313130,5,None,NA,,CD
2313130,5,EE 302,NA,,NA
2313130,5,None,NA,5.0,NA
2313130,5,None,4,,CD
2313130,5,None,NA,,NA
2313130,5,None,NA,6.0,NA
2313130,5,EE 303,NA,,CC
2313130,5,None,NA,,NA
2313130,5,None,4,9.0,NA
2313130,5,None,NA,,AB
2313130,5,None,NA,,NA
2313130,5,EE 304,NA,8.0,NA
2313130,5,None,NA,,BB
2313130,5,None,NA,,NA
2313130,5,None,NA,8.0,NA
2313130,5,None,NA,,BB
2313130,5,EE 305,NA,,NA
2313130,5,None,NA,9.0,NA
2313130,5,None,3,,AB
2313130,5,None,NA,,NA
2313130,5,None,NA,10.0,NA
2313130,5,EE 311,NA,,AA
2313130,5,None,NA,,NA
2313130,5,None,2,193.0,NA
2313130,5,None,NA,,7.15
2313130,5,None,NA,,NA
2313130,5,EE 312,NA,6.91,NA
2313130,5,None,NA,,NA
2313130,5,None,NA,,NA
2313130,5,None,NA,,NA
2313130,5,None,NA,,NA
2313130,5,EE 313,NA,,NA
2313130,5,None,NA,,NA
2313130,5,None,NA,,NA
2313130,5,None,NA,,NA
2313130,5,None,NA,,NA
2313130,5,EE 314,NA,,NA
2313130,5,None,NA,,NA
2313130,5,None,NA,,NA
2313130,5,None,NA,,NA
2313130,5,None,NA,,NA
2313132,5,EE 301,NA,,4
2313132,5,None,NA,,NA
2313132,5,None,4,,NA
2313132,5,None,NA,,0
2313132,5,None,NA,,NA
2313132,5,EE 302,NA,,NA
2313132,5,None,NA,,0
2313132,5,None,NA,,NA
2313132,5,None,NA,,NA
2313132,5,None,NA,,0
2313132,5,EE 303,NA,,NA
2313132,5,None,NA,,NA
2313132,5,None,4,,5
2313132,5,None,NA,,NA
2313132,5,None,NA,,NA
2313132,5,EE 304,NA,,7
2313132,5,None,NA,,NA
2313132,5,None,4,,NA
2313132,5,None,NA,,6
2313132,5,None,NA,,NA
2313132,5,EE 305,NA,,NA
2313132,5,None,NA,,7
2313132,5,None,NA,,NA
2313132,5,None,NA,,NA
2313132,5,None,NA,,9
2313132,5,EE 311,NA,,NA
2313132,5,None,NA,,NA
2313132,5,None,2,,89
2313132,5,None,NA,,NA
2313132,5,None,NA,3.3,NA
2313132,5,EE 312,NA,,5.26
2313132,5,None,NA,,NA
2313132,5,None,NA,,NA
2313132,5,None,NA,,NA
2313132,5,None,NA,,NA
2313132,5,EE 313,NA,,NA
2313132,5,None,NA,,NA
2313132,5,None,NA,,NA
2313132,5,None,NA,,NA
2313132,5,None,NA,,NA
2313132,5,EE 314,NA,,NA
2313132,5,None,NA,,NA
2313132,5,None,NA,,NA
2313132,5,None,NA,,NA
2313132,5,None,NA,,NA
2313133,5,EE 301,NA,7.0,NA
2313133,5,None,NA,,BC
2313133,5,None,NA,,NA
2313133,5,None,NA,4.0,NA
2313133,5,None,NA,,DD
2313133,5,EE 302,NA,,NA
2313133,5,None,NA,4.0,NA
2313133,5,None,4,,DD
2313133,5,None,NA,,NA
2313133,5,None,NA,7.0,NA
2313133,5,EE 303,NA,,BC
2313133,5,None,NA,,NA
2313133,5,None,4,10.0,NA
2313133,5,None,NA,,AA
2313133,5,None,NA,,NA
2313133,5,EE 304,NA,7.0,NA
2313133,5,None,NA,,BC
2313133,5,None,NA,,NA
2313133,5,None,NA,8.0,NA
2313133,5,None,NA,,BB
2313133,5,EE 305,NA,,NA
2313133,5,None,NA,8.0,NA
2313133,5,None,3,,BB
2313133,5,None,NA,,NA
2313133,5,None,NA,9.0,NA
2313133,5,EE 311,NA,,AB
2313133,5,None,NA,,NA
2313133,5,None,2,182.0,NA
2313133,5,None,NA,,6.74
2313133,5,None,NA,,NA
2313133,5,EE 312,NA,6.47,NA
2313133,5,None,NA,,NA
2313133,5,None,NA,,NA
2313133,5,None,NA,,NA
2313133,5,None,NA,,NA
2313133,5,EE 313,NA,,NA
2313133,5,None,NA,,NA
2313133,5,None,NA,,NA
2313133,5,None,NA,,NA
2313133,5,None,NA,,NA
2313133,5,EE 314,NA,,NA
2313133,5,None,NA,,NA
2313133,5,None,NA,,NA
2313133,5,None,NA,,NA
2313133,5,None,NA,,NA
2313134,5,EE 301,NA,6.0,NA
2313134,5,None,NA,,CC
2313134,5,None,NA,,NA
2313134,5,None,NA,0.0,NA
2313134,5,None,NA,,F
2313134,5,EE 302,NA,,NA
2313134,5,None,NA,0.0,NA
2313134,5,None,4,,F
2313134,5,None,NA,,NA
2313134,5,None,NA,5.0,NA
2313134,5,EE 303,NA,,CD
2313134,5,None,NA,,NA
2313134,5,None,4,6.0,NA
2313134,5,None,NA,,CC
2313134,5,None,NA,,NA
2313134,5,EE 304,NA,7.0,NA
2313134,5,None,NA,,BC
2313134,5,None,NA,,NA
2313134,5,None,NA,8.0,NA
2313134,5,None,NA,,BB
2313134,5,EE 305,NA,,NA
2313134,5,None,NA,7.0,NA
2313134,5,None,3,,BC
2313134,5,None,NA,,NA
2313134,5,None,NA,8.0,NA
2313134,5,EE 311,NA,,BB
2313134,5,None,NA,,NA
2313134,5,None,2,122.0,NA
2313134,5,None,NA,,4.52
2313134,5,None,NA,,NA
2313134,5,EE 312,NA,5.41,NA
2313134,5,None,NA,,NA
2313134,5,None,NA,,NA
2313134,5,None,NA,,NA
2313134,5,None,NA,,NA
2313134,5,EE 313,NA,,NA
2313134,5,None,NA,,NA
2313134,5,None,NA,,NA
2313134,5,None,NA,,NA
2313134,5,None,NA,,NA
2313134,5,EE 314,NA,,NA
2313134,5,None,NA,,NA
2313134,5,None,NA,,NA
2313134,5,None,NA,,NA
2313134,5,None,NA,,NA
2313135,5,EE 301,NA,8.0,NA
2313135,5,None,NA,,BB
2313135,5,None,NA,,NA
2313135,5,None,NA,6.0,NA
2313135,5,None,NA,,CC
2313135,5,EE 302,NA,,NA
2313135,5,None,NA,5.0,NA
2313135,5,None,4,,CD
2313135,5,None,NA,,NA
2313135,5,None,NA,7.0,NA
2313135,5,EE 303,NA,,BC
2313135,5,None,NA,,NA
2313135,5,None,4,9.0,NA
2313135,5,None,NA,,AB
2313135,5,None,NA,,NA
2313135,5,EE 304,NA,7.0,NA
2313135,5,None,NA,,BC
2313135,5,None,NA,,NA
2313135,5,None,NA,9.0,NA
2313135,5,None,NA,,AB
2313135,5,EE 305,NA,,NA
2313135,5,None,NA,8.0,NA
2313135,5,None,3,,BB
2313135,5,None,NA,,NA
2313135,5,None,NA,8.0,NA
2313135,5,EE 311,NA,,BB
2313135,5,None,NA,,NA
2313135,5,None,2,195.0,NA
2313135,5,None,NA,,7.22
2313135,5,None,NA,,NA
2313135,5,EE 312,NA,5.75,NA
2313135,5,None,NA,,NA
2313135,5,None,NA,,NA
2313135,5,None,NA,,NA
2313135,5,None,NA,,NA
2313135,5,EE 313,NA,,NA
2313135,5,None,NA,,NA
2313135,5,None,NA,,NA
2313135,5,None,NA,,NA
2313135,5,None,NA,,NA
2313135,5,EE 314,NA,,NA
2313135,5,None,NA,,NA
2313135,5,None,NA,,NA
2313135,5,None,NA,,NA
2313135,5,None,NA,,NA
2313136,5,EE 301,NA,10.0,NA
2313136,5,None,NA,,AA
2313136,5,None,NA,,NA
2313136,5,None,NA,6.0,NA
2313136,5,None,NA,,CC
2313136,5,EE 302,NA,,NA
2313136,5,None,NA,5.0,NA
2313136,5,None,4,,CD
2313136,5,None,NA,,NA
2313136,5,None,NA,7.0,NA
2313136,5,EE 303,NA,,BC
2313136,5,None,NA,,NA
2313136,5,None,4,9.0,NA
2313136,5,None,NA,,AB
2313136,5,None,NA,,NA
2313136,5,EE 304,NA,9.0,NA
2313136,5,None,NA,,AB
2313136,5,None,NA,,NA
2313136,5,None,NA,9.0,NA
2313136,5,None,NA,,AB
2313136,5,EE 305,NA,,NA
2313136,5,None,NA,10.0,NA
2313136,5,None,3,,AA
2313136,5,None,NA,,NA
2313136,5,None,NA,9.0,NA
2313136,5,EE 311,NA,,AB
2313136,5,None,NA,,NA
2313136,5,None,2,213.0,NA
2313136,5,None,NA,,7.89
2313136,5,None,NA,,NA
2313136,5,EE 312,NA,7.09,NA
2313136,5,None,NA,,NA
2313136,5,None,NA,,NA
2313136,5,None,NA,,NA
2313136,5,None,NA,,NA
2313136,5,EE 313,NA,,NA
2313136,5,None,NA,,NA
2313136,5,None,NA,,NA
2313136,5,None,NA,,NA
2313136,5,None,NA,,NA
2313136,5,EE 314,NA,,NA
2313136,5,None,NA,,NA
2313136,5,None,NA,,NA
2313136,5,None,NA,,NA
2313136,5,None,NA,,NA
2313137,5,EE 301,NA,5.0,NA
2313137,5,None,NA,,CD
2313137,5,None,NA,,NA
2313137,5,None,NA,0.0,NA
2313137,5,None,NA,,F
2313137,5,EE 302,NA,,NA
2313137,5,None,NA,0.0,NA
2313137,5,None,4,,F
2313137,5,None,NA,,NA
2313137,5,None,NA,4.0,NA
2313137,5,EE 303,NA,,DD
2313137,5,None,NA,,NA
2313137,5,None,4,5.0,NA
2313137,5,None,NA,,CD
2313137,5,None,NA,,NA
2313137,5,EE 304,NA,7.0,NA
2313137,5,None,NA,,BC
2313137,5,None,NA,,NA
2313137,5,None,NA,6.0,NA
2313137,5,None,NA,,CC
2313137,5,EE 305,NA,,NA
2313137,5,None,NA,8.0,NA
2313137,5,None,3,,BB
2313137,5,None,NA,,NA
2313137,5,None,NA,10.0,NA
2313137,5,EE 311,NA,,AA
2313137,5,None,NA,,NA
2313137,5,None,2,113.0,NA
2313137,5,None,NA,,4.19
2313137,5,None,NA,,NA
2313137,5,EE 312,NA,5.21,NA
2313137,5,None,NA,,NA
2313137,5,None,NA,,NA
2313137,5,None,NA,,NA
2313137,5,None,NA,,NA
2313137,5,EE 313,NA,,NA
2313137,5,None,NA,,NA
2313137,5,None,NA,,NA
2313137,5,None,NA,,NA
2313137,5,None,NA,,NA
2313137,5,EE 314,NA,,NA
2313137,5,None,NA,,NA
2313137,5,None,NA,,NA
2313137,5,None,NA,,NA
2313137,5,None,NA,,NA
2313138,5,EE 301,NA,10.0,NA
2313138,5,None,NA,,AA
2313138,5,None,NA,,NA
2313138,5,None,NA,9.0,NA
2313138,5,None,NA,,AB
2313138,5,EE 302,NA,,NA
2313138,5,None,NA,7.0,NA
2313138,5,None,4,,BC
2313138,5,None,NA,,NA
2313138,5,None,NA,10.0,NA
2313138,5,EE 303,NA,,AA
2313138,5,None,NA,,NA
2313138,5,None,4,10.0,NA
2313138,5,None,NA,,AA
2313138,5,None,NA,,NA
2313138,5,EE 304,NA,10.0,NA
2313138,5,None,NA,,AA
2313138,5,None,NA,,NA
2313138,5,None,NA,10.0,NA
2313138,5,None,NA,,AA
2313138,5,EE 305,NA,,NA
2313138,5,None,NA,10.0,NA
2313138,5,None,3,,AA
2313138,5,None,NA,,NA
2313138,5,None,NA,10.0,NA
2313138,5,EE 311,NA,,AA
2313138,5,None,NA,,NA
2313138,5,None,2,254.0,NA
2313138,5,None,NA,,9.41
2313138,5,None,NA,,NA
2313138,5,EE 312,NA,9.08,NA
2313138,5,None,NA,,NA
2313138,5,None,NA,,NA
2313138,5,None,NA,,NA
2313138,5,None,NA,,NA
2313138,5,EE 313,NA,,NA
2313138,5,None,NA,,NA
2313138,5,None,NA,,NA
2313138,5,None,NA,,NA
2313138,5,None,NA,,NA
2313138,5,EE 314,NA,,NA
2313138,5,None,NA,,NA
2313138,5,None,NA,,NA
2313138,5,None,NA,,NA
2313138,5,None,NA,,NA
2313139,5,EE 301,NA,7.0,NA
2313139,5,None,NA,,BC
2313139,5,None,NA,,NA
2313139,5,None,NA,4.0,NA
2313139,5,None,NA,,DD
2313139,5,EE 302,NA,,NA
2313139,5,None,NA,0.0,NA
2313139,5,None,4,,F
2313139,5,None,NA,,NA
2313139,5,None,NA,4.0,NA
2313139,5,EE 303,NA,,DD
2313139,5,None,NA,,NA
2313139,5,None,4,6.0,NA
2313139,5,None,NA,,CC
2313139,5,None,NA,,NA
2313139,5,EE 304,NA,8.0,NA
2313139,5,None,NA,,BB
2313139,5,None,NA,,NA
2313139,5,None,NA,8.0,NA
2313139,5,None,NA,,BB
2313139,5,EE 305,NA,,NA
2313139,5,None,NA,8.0,NA
2313139,5,None,3,,BB
2313139,5,None,NA,,NA
2313139,5,None,NA,9.0,NA
2313139,5,EE 311,NA,,AB
2313139,5,None,NA,,NA
2313139,5,None,2,144.0,NA
2313139,5,None,NA,,5.33
2313139,5,None,NA,,NA
2313139,5,EE 312,NA,6.32,NA
2313139,5,None,NA,,NA
2313139,5,None,NA,,NA
2313139,5,None,NA,,NA
2313139,5,None,NA,,NA
2313139,5,EE 313,NA,,NA
2313139,5,None,NA,,NA
2313139,5,None,NA,,NA
2313139,5,None,NA,,NA
2313139,5,None,NA,,NA
2313139,5,EE 314,NA,,NA
2313139,5,None,NA,,NA
2313139,5,None,NA,,NA
2313139,5,None,NA,,NA
2313139,5,None,NA,,NA
2313140,5,EE 301,NA,8.0,NA
2313140,5,None,NA,,BB
2313140,5,None,NA,,NA
2313140,5,None,NA,7.0,NA
2313140,5,None,NA,,BC
2313140,5,EE 302,NA,,NA
2313140,5,None,NA,5.0,NA
2313140,5,None,4,,CD
2313140,5,None,NA,,NA
2313140,5,None,NA,7.0,NA
2313140,5,EE 303,NA,,BC
2313140,5,None,NA,,NA
2313140,5,None,4,9.0,NA
2313140,5,None,NA,,AB
2313140,5,None,NA,,NA
2313140,5,EE 304,NA,9.0,NA
2313140,5,None,NA,,AB
2313140,5,None,NA,,NA
2313140,5,None,NA,10.0,NA
2313140,5,None,NA,,AA
2313140,5,EE 305,NA,,NA
2313140,5,None,NA,9.0,NA
2313140,5,None,3,,AB
2313140,5,None,NA,,NA
2313140,5,None,NA,10.0,NA
2313140,5,EE 311,NA,,AA
2313140,5,None,NA,,NA
2313140,5,None,2,211.0,NA
2313140,5,None,NA,,7.81
2313140,5,None,NA,,NA
2313140,5,EE 312,NA,7.37,NA
2313140,5,None,NA,,NA
2313140,5,None,NA,,NA
2313140,5,None,NA,,NA
2313140,5,None,NA,,NA
2313140,5,EE 313,NA,,NA
2313140,5,None,NA,,NA
2313140,5,None,NA,,NA
2313140,5,None,NA,,NA
2313140,5,None,NA,,NA
2313140,5,EE 314,NA,,NA
2313140,5,None,NA,,NA
2313140,5,None,NA,,NA
2313140,5,None,NA,,NA
2313140,5,None,NA,,NA
2313141,5,EE 301,NA,10.0,NA
2313141,5,None,NA,,AA
2313141,5,None,NA,,NA
2313141,5,None,NA,8.0,NA
2313141,5,None,NA,,BB
2313141,5,EE 302,NA,,NA
2313141,5,None,NA,8.0,NA
2313141,5,None,4,,BB
2313141,5,None,NA,,NA
2313141,5,None,NA,10.0,NA
2313141,5,EE 303,NA,,AA
2313141,5,None,NA,,NA
2313141,5,None,4,10.0,NA
2313141,5,None,NA,,AA
2313141,5,None,NA,,NA
2313141,5,EE 304,NA,10.0,NA
2313141,5,None,NA,,AA
2313141,5,None,NA,,NA
2313141,5,None,NA,9.0,NA
2313141,5,None,NA,,AB
2313141,5,EE 305,NA,,NA
2313141,5,None,NA,10.0,NA
2313141,5,None,3,,AA
2313141,5,None,NA,,NA
2313141,5,None,NA,10.0,NA
2313141,5,EE 311,NA,,AA
2313141,5,None,NA,,NA
2313141,5,None,2,252.0,NA
2313141,5,None,NA,,9.33
2313141,5,None,NA,,NA
2313141,5,EE 312,NA,8.83,NA
2313141,5,None,NA,,NA
2313141,5,None,NA,,NA
2313141,5,None,NA,,NA
2313141,5,None,NA,,NA
2313141,5,EE 313,NA,,NA
2313141,5,None,NA,,NA
2313141,5,None,NA,,NA
2313141,5,None,NA,,NA
2313141,5,None,NA,,NA
2313141,5,EE 314,NA,,NA
2313141,5,None,NA,,NA
2313141,5,None,NA,,NA
2313141,5,None,NA,,NA
2313141,5,None,NA,,NA
2313142,5,EE 301,NA,9.0,NA
2313142,5,None,NA,,AB
2313142,5,None,NA,,NA
2313142,5,None,NA,7.0,NA
2313142,5,None,NA,,BC
2313142,5,EE 302,NA,,NA
2313142,5,None,NA,6.0,NA
2313142,5,None,4,,CC
2313142,5,None,NA,,NA
2313142,5,None,NA,7.0,NA
2313142,5,EE 303,NA,,BC
2313142,5,None,NA,,NA
2313142,5,None,4,10.0,NA
2313142,5,None,NA,,AA
2313142,5,None,NA,,NA
2313142,5,EE 304,NA,9.0,NA
2313142,5,None,NA,,AB
2313142,5,None,NA,,NA
2313142,5,None,NA,9.0,NA
2313142,5,None,NA,,AB
2313142,5,EE 305,NA,,NA
2313142,5,None,NA,9.0,NA
2313142,5,None,3,,AB
2313142,5,None,NA,,NA
2313142,5,None,NA,9.0,NA
2313142,5,EE 311,NA,,AB
2313142,5,None,NA,,NA
2313142,5,None,2,218.0,NA
2313142,5,None,NA,,8.07
2313142,5,None,NA,,NA
2313142,5,EE 312,NA,8.47,NA
2313142,5,None,NA,,NA
2313142,5,None,NA,,NA
2313142,5,None,NA,,NA
2313142,5,None,NA,,NA
2313142,5,EE 313,NA,,NA
2313142,5,None,NA,,NA
2313142,5,None,NA,,NA
2313142,5,None,NA,,NA
2313142,5,None,NA,,NA
2313142,5,EE 314,NA,,NA
2313142,5,None,NA,,NA
2313142,5,None,NA,,NA
2313142,5,None,NA,,NA
2313142,5,None,NA,,NA
2313143,5,EE 301,NA,9.0,NA
2313143,5,None,NA,,AB
2313143,5,None,NA,,NA
2313143,5,None,NA,6.0,NA
2313143,5,None,NA,,CC
2313143,5,EE 302,NA,,NA
2313143,5,None,NA,4.0,NA
2313143,5,None,4,,DD
2313143,5,None,NA,,NA
2313143,5,None,NA,7.0,NA
2313143,5,EE 303,NA,,BC
2313143,5,None,NA,,NA
2313143,5,None,4,9.0,NA
2313143,5,None,NA,,AB
2313143,5,None,NA,,NA
2313143,5,EE 304,NA,9.0,NA
2313143,5,None,NA,,AB
2313143,5,None,NA,,NA
2313143,5,None,NA,8.0,NA
2313143,5,None,NA,,BB
2313143,5,EE 305,NA,,NA
2313143,5,None,NA,9.0,NA
2313143,5,None,3,,AB
2313143,5,None,NA,,NA
2313143,5,None,NA,9.0,NA
2313143,5,EE 311,NA,,AB
2313143,5,None,NA,,NA
2313143,5,None,2,201.0,NA
2313143,5,None,NA,,7.44
2313143,5,None,NA,,NA
2313143,5,EE 312,NA,8.47,NA
2313143,5,None,NA,,NA
2313143,5,None,NA,,NA
2313143,5,None,NA,,NA
2313143,5,None,NA,,NA
2313143,5,EE 313,NA,,NA
2313143,5,None,NA,,NA
2313143,5,None,NA,,NA
2313143,5,None,NA,,NA
2313143,5,None,NA,,NA
2313143,5,EE 314,NA,,NA
2313143,5,None,NA,,NA
2313143,5,None,NA,,NA
2313143,5,None,NA,,NA
2313143,5,None,NA,,NA
2313144,5,EE 301,NA,7.0,NA
2313144,5,None,NA,,BC
2313144,5,None,NA,,NA
2313144,5,None,NA,6.0,NA
2313144,5,None,NA,,CC
2313144,5,EE 302,NA,,NA
2313144,5,None,NA,5.0,NA
2313144,5,None,4,,CD
2313144,5,None,NA,,NA
2313144,5,None,NA,6.0,NA
2313144,5,EE 303,NA,,CC
2313144,5,None,NA,,NA
2313144,5,None,4,9.0,NA
2313144,5,None,NA,,AB
2313144,5,None,NA,,NA
2313144,5,EE 304,NA,9.0,NA
2313144,5,None,NA,,AB
2313144,5,None,NA,,NA
2313144,5,None,NA,10.0,NA
2313144,5,None,NA,,AA
2313144,5,EE 305,NA,,NA
2313144,5,None,NA,10.0,NA
2313144,5,None,3,,AA
2313144,5,None,NA,,NA
2313144,5,None,NA,10.0,NA
2313144,5,EE 311,NA,,AA
2313144,5,None,NA,,NA
2313144,5,None,2,201.0,NA
2313144,5,None,NA,,7.44
2313144,5,None,NA,,NA
2313144,5,EE 312,NA,7.19,NA
2313144,5,None,NA,,NA
2313144,5,None,NA,,NA
2313144,5,None,NA,,NA
2313144,5,None,NA,,NA
2313144,5,EE 313,NA,,NA
2313144,5,None,NA,,NA
2313144,5,None,NA,,NA
2313144,5,None,NA,,NA
2313144,5,None,NA,,NA
2313144,5,EE 314,NA,,NA
2313144,5,None,NA,,NA
2313144,5,None,NA,,NA
2313144,5,None,NA,,NA
2313144,5,None,NA,,NA
2313145,5,EE 301,NA,7.0,NA
2313145,5,None,NA,,BC
2313145,5,None,NA,,NA
2313145,5,None,NA,6.0,NA
2313145,5,None,NA,,CC
2313145,5,EE 302,NA,,NA
2313145,5,None,NA,5.0,NA
2313145,5,None,4,,CD
2313145,5,None,NA,,NA
2313145,5,None,NA,6.0,NA
2313145,5,EE 303,NA,,CC
2313145,5,None,NA,,NA
2313145,5,None,4,9.0,NA
2313145,5,None,NA,,AB
2313145,5,None,NA,,NA
2313145,5,EE 304,NA,8.0,NA
2313145,5,None,NA,,BB
2313145,5,None,NA,,NA
2313145,5,None,NA,9.0,NA
2313145,5,None,NA,,AB
2313145,5,EE 305,NA,,NA
2313145,5,None,NA,8.0,NA
2313145,5,None,3,,BB
2313145,5,None,NA,,NA
2313145,5,None,NA,9.0,NA
2313145,5,EE 311,NA,,AB
2313145,5,None,NA,,NA
2313145,5,None,2,191.0,NA
2313145,5,None,NA,,7.07
2313145,5,None,NA,,NA
2313145,5,EE 312,NA,7.83,NA
2313145,5,None,NA,,NA
2313145,5,None,NA,,NA
2313145,5,None,NA,,NA
2313145,5,None,NA,,NA
2313145,5,EE 313,NA,,NA
2313145,5,None,NA,,NA
2313145,5,None,NA,,NA
2313145,5,None,NA,,NA
2313145,5,None,NA,,NA
2313145,5,EE 314,NA,,NA
2313145,5,None,NA,,NA
2313145,5,None,NA,,NA
2313145,5,None,NA,,NA
2313145,5,None,NA,,NA
2313146,5,EE 301,NA,8.0,NA
2313146,5,None,NA,,BB
2313146,5,None,NA,,NA
2313146,5,None,NA,0.0,NA
2313146,5,None,NA,,I
2313146,5,EE 302,NA,,NA
2313146,5,None,NA,5.0,NA
2313146,5,None,4,,CD
2313146,5,None,NA,,NA
2313146,5,None,NA,7.0,NA
2313146,5,EE 303,NA,,BC
2313146,5,None,NA,,NA
2313146,5,None,4,9.0,NA
2313146,5,None,NA,,AB
2313146,5,None,NA,,NA
2313146,5,EE 304,NA,8.0,NA
2313146,5,None,NA,,BB
2313146,5,None,NA,,NA
2313146,5,None,NA,7.0,NA
2313146,5,None,NA,,BC
2313146,5,EE 305,NA,,NA
2313146,5,None,NA,8.0,NA
2313146,5,None,3,,BB
2313146,5,None,NA,,NA
2313146,5,None,NA,9.0,NA
2313146,5,EE 311,NA,,AB
2313146,5,None,NA,,NA
2313146,5,None,2,171.0,NA
2313146,5,None,NA,,6.33
2313146,5,None,NA,,NA
2313146,5,EE 312,NA,7.14,NA
2313146,5,None,NA,,NA
2313146,5,None,NA,,NA
2313146,5,None,NA,,NA
2313146,5,None,NA,,NA
2313146,5,EE 313,NA,,NA
2313146,5,None,NA,,NA
2313146,5,None,NA,,NA
2313146,5,None,NA,,NA
2313146,5,None,NA,,NA
2313146,5,EE 314,NA,,NA
2313146,5,None,NA,,NA
2313146,5,None,NA,,NA
2313146,5,None,NA,,NA
2313146,5,None,NA,,NA
2313149,5,EE 301,NA,9.0,NA
2313149,5,None,NA,,AB
2313149,5,None,NA,,NA
2313149,5,None,NA,8.0,NA
2313149,5,None,NA,,BB
2313149,5,EE 302,NA,,NA
2313149,5,None,NA,9.0,NA
2313149,5,None,4,,AB
2313149,5,None,NA,,NA
2313149,5,None,NA,10.0,NA
2313149,5,EE 303,NA,,AA
2313149,5,None,NA,,NA
2313149,5,None,4,10.0,NA
2313149,5,None,NA,,AA
2313149,5,None,NA,,NA
2313149,5,EE 304,NA,9.0,NA
2313149,5,None,NA,,AB
2313149,5,None,NA,,NA
2313149,5,None,NA,10.0,NA
2313149,5,None,NA,,AA
2313149,5,EE 305,NA,,NA
2313149,5,None,NA,10.0,NA
2313149,5,None,3,,AA
2313149,5,None,NA,,NA
2313149,5,None,NA,10.0,NA
2313149,5,EE 311,NA,,AA
2313149,5,None,NA,,NA
2313149,5,None,2,252.0,NA
2313149,5,None,NA,,9.33
2313149,5,None,NA,,NA
2313149,5,EE 312,NA,8.81,NA
2313149,5,None,NA,,NA
2313149,5,None,NA,,NA
2313149,5,None,NA,,NA
2313149,5,None,NA,,NA
2313149,5,EE 313,NA,,NA
2313149,5,None,NA,,NA
2313149,5,None,NA,,NA
2313149,5,None,NA,,NA
2313149,5,None,NA,,NA
2313149,5,EE 314,NA,,NA
2313149,5,None,NA,,NA
2313149,5,None,NA,,NA
2313149,5,None,NA,,NA
2313149,5,None,NA,,NA
2313150,5,EE 301,NA,8.0,NA
2313150,5,None,NA,,BB
2313150,5,None,NA,,NA
2313150,5,None,NA,7.0,NA
2313150,5,None,NA,,BC
2313150,5,EE 302,NA,,NA
2313150,5,None,NA,5.0,NA
2313150,5,None,4,,CD
2313150,5,None,NA,,NA
2313150,5,None,NA,5.0,NA
2313150,5,EE 303,NA,,CD
2313150,5,None,NA,,NA
2313150,5,None,4,8.0,NA
2313150,5,None,NA,,BB
2313150,5,None,NA,,NA
2313150,5,EE 304,NA,9.0,NA
2313150,5,None,NA,,AB
2313150,5,None,NA,,NA
2313150,5,None,NA,8.0,NA
2313150,5,None,NA,,BB
2313150,5,EE 305,NA,,NA
2313150,5,None,NA,9.0,NA
2313150,5,None,3,,AB
2313150,5,None,NA,,NA
2313150,5,None,NA,9.0,NA
2313150,5,EE 311,NA,,AB
2313150,5,None,NA,,NA
2313150,5,None,2,194.0,NA
2313150,5,None,NA,,7.19
2313150,5,None,NA,,NA
2313150,5,EE 312,NA,6.83,NA
2313150,5,None,NA,,NA
2313150,5,None,NA,,NA
2313150,5,None,NA,,NA
2313150,5,None,NA,,NA
2313150,5,EE 313,NA,,NA
2313150,5,None,NA,,NA
2313150,5,None,NA,,NA
2313150,5,None,NA,,NA
2313150,5,None,NA,,NA
2313150,5,EE 314,NA,,NA
2313150,5,None,NA,,NA
2313150,5,None,NA,,NA
2313150,5,None,NA,,NA
2313150,5,None,NA,,NA
2313151,5,EE 301,NA,9.0,NA
2313151,5,None,NA,,AB
2313151,5,None,NA,,NA
2313151,5,None,NA,6.0,NA
2313151,5,None,NA,,CC
2313151,5,EE 302,NA,,NA
2313151,5,None,NA,6.0,NA
2313151,5,None,4,,CC
2313151,5,None,NA,,NA
2313151,5,None,NA,10.0,NA
2313151,5,EE 303,NA,,AA
2313151,5,None,NA,,NA
2313151,5,None,4,10.0,NA
2313151,5,None,NA,,AA
2313151,5,None,NA,,NA
2313151,5,EE 304,NA,8.0,NA
2313151,5,None,NA,,BB
2313151,5,None,NA,,NA
2313151,5,None,NA,9.0,NA
2313151,5,None,NA,,AB
2313151,5,EE 305,NA,,NA
2313151,5,None,NA,9.0,NA
2313151,5,None,3,,AB
2313151,5,None,NA,,NA
2313151,5,None,NA,9.0,NA
2313151,5,EE 311,NA,,AB
2313151,5,None,NA,,NA
2313151,5,None,2,224.0,NA
2313151,5,None,NA,,8.30
2313151,5,None,NA,,NA
2313151,5,EE 312,NA,7.52,NA
2313151,5,None,NA,,NA
2313151,5,None,NA,,NA
2313151,5,None,NA,,NA
2313151,5,None,NA,,NA
2313151,5,EE 313,NA,,NA
2313151,5,None,NA,,NA
2313151,5,None,NA,,NA
2313151,5,None,NA,,NA
2313151,5,None,NA,,NA
2313151,5,EE 314,NA,,NA
2313151,5,None,NA,,NA
2313151,5,None,NA,,NA
2313151,5,None,NA,,NA
2313151,5,None,NA,,NA
2313152,5,EE 301,NA,8.0,NA
2313152,5,None,NA,,BB
2313152,5,None,NA,,NA
2313152,5,None,NA,5.0,NA
2313152,5,None,NA,,CD
2313152,5,EE 302,NA,,NA
2313152,5,None,NA,4.0,NA
2313152,5,None,4,,DD
2313152,5,None,NA,,NA
2313152,5,None,NA,8.0,NA
2313152,5,EE 303,NA,,BB
2313152,5,None,NA,,NA
2313152,5,None,4,9.0,NA
2313152,5,None,NA,,AB
2313152,5,None,NA,,NA
2313152,5,EE 304,NA,8.0,NA
2313152,5,None,NA,,BB
2313152,5,None,NA,,NA
2313152,5,None,NA,8.0,NA
2313152,5,None,NA,,BB
2313152,5,EE 305,NA,,NA
2313152,5,None,NA,9.0,NA
2313152,5,None,3,,AB
2313152,5,None,NA,,NA
2313152,5,None,NA,9.0,NA
2313152,5,EE 311,NA,,AB
2313152,5,None,NA,,NA
2313152,5,None,2,195.0,NA
2313152,5,None,NA,,7.22
2313152,5,None,NA,,NA
2313152,5,EE 312,NA,6.5,NA
2313152,5,None,NA,,NA
2313152,5,None,NA,,NA
2313152,5,None,NA,,NA
2313152,5,None,NA,,NA
2313152,5,EE 313,NA,,NA
2313152,5,None,NA,,NA
2313152,5,None,NA,,NA
2313152,5,None,NA,,NA
2313152,5,None,NA,,NA
2313152,5,EE 314,NA,,NA
2313152,5,None,NA,,NA
2313152,5,None,NA,,NA
2313152,5,None,NA,,NA
2313152,5,None,NA,,NA
2313153,5,EE 301,NA,10.0,NA
2313153,5,None,NA,,AA
2313153,5,None,NA,,NA
2313153,5,None,NA,10.0,NA
2313153,5,None,NA,,AA
2313153,5,EE 302,NA,,NA
2313153,5,None,NA,8.0,NA
2313153,5,None,4,,BB
2313153,5,None,NA,,NA
2313153,5,None,NA,9.0,NA
2313153,5,EE 303,NA,,AB
2313153,5,None,NA,,NA
2313153,5,None,4,10.0,NA
2313153,5,None,NA,,AA
2313153,5,None,NA,,NA
2313153,5,EE 304,NA,10.0,NA
2313153,5,None,NA,,AA
2313153,5,None,NA,,NA
2313153,5,None,NA,10.0,NA
2313153,5,None,NA,,AA
2313153,5,EE 305,NA,,NA
2313153,5,None,NA,10.0,NA
2313153,5,None,3,,AA
2313153,5,None,NA,,NA
2313153,5,None,NA,10.0,NA
2313153,5,EE 311,NA,,AA
2313153,5,None,NA,,NA
2313153,5,None,2,258.0,NA
2313153,5,None,NA,,9.56
2313153,5,None,NA,,NA
2313153,5,EE 312,NA,8.62,NA
2313153,5,None,NA,,NA
2313153,5,None,NA,,NA
2313153,5,None,NA,,NA
2313153,5,None,NA,,NA
2313153,5,EE 313,NA,,NA
2313153,5,None,NA,,NA
2313153,5,None,NA,,NA
2313153,5,None,NA,,NA
2313153,5,None,NA,,NA
2313153,5,EE 314,NA,,NA
2313153,5,None,NA,,NA
2313153,5,None,NA,,NA
2313153,5,None,NA,,NA
2313153,5,None,NA,,NA
2313154,5,EE 301,NA,9.0,NA
2313154,5,None,NA,,AB
2313154,5,None,NA,,NA
2313154,5,None,NA,9.0,NA
2313154,5,None,NA,,AB
2313154,5,EE 302,NA,,NA
2313154,5,None,NA,7.0,NA
2313154,5,None,4,,BC
2313154,5,None,NA,,NA
2313154,5,None,NA,9.0,NA
2313154,5,EE 303,NA,,AB
2313154,5,None,NA,,NA
2313154,5,None,4,10.0,NA
2313154,5,None,NA,,AA
2313154,5,None,NA,,NA
2313154,5,EE 304,NA,9.0,NA
2313154,5,None,NA,,AB
2313154,5,None,NA,,NA
2313154,5,None,NA,8.0,NA
2313154,5,None,NA,,BB
2313154,5,EE 305,NA,,NA
2313154,5,None,NA,10.0,NA
2313154,5,None,3,,AA
2313154,5,None,NA,,NA
2313154,5,None,NA,9.0,NA
2313154,5,EE 311,NA,,AB
2313154,5,None,NA,,NA
2313154,5,None,2,238.0,NA
2313154,5,None,NA,,8.81
2313154,5,None,NA,,NA
2313154,5,EE 312,NA,8.59,NA
2313154,5,None,NA,,NA
2313154,5,None,NA,,NA
2313154,5,None,NA,,NA
2313154,5,None,NA,,NA
2313154,5,EE 313,NA,,NA
2313154,5,None,NA,,NA
2313154,5,None,NA,,NA
2313154,5,None,NA,,NA
2313154,5,None,NA,,NA
2313154,5,EE 314,NA,,NA
2313154,5,None,NA,,NA
2313154,5,None,NA,,NA
2313154,5,None,NA,,NA
2313154,5,None,NA,,NA
2313155,5,EE 301,NA,8.0,NA
2313155,5,None,NA,,BB
2313155,5,None,NA,,NA
2313155,5,None,NA,5.0,NA
2313155,5,None,NA,,CD
2313155,5,EE 302,NA,,NA
2313155,5,None,NA,4.0,NA
2313155,5,None,4,,DD
2313155,5,None,NA,,NA
2313155,5,None,NA,5.0,NA
2313155,5,EE 303,NA,,CD
2313155,5,None,NA,,NA
2313155,5,None,4,7.0,NA
2313155,5,None,NA,,BC
2313155,5,None,NA,,NA
2313155,5,EE 304,NA,8.0,NA
2313155,5,None,NA,,BB
2313155,5,None,NA,,NA
2313155,5,None,NA,9.0,NA
2313155,5,None,NA,,AB
2313155,5,EE 305,NA,,NA
2313155,5,None,NA,10.0,NA
2313155,5,None,3,,AA
2313155,5,None,NA,,NA
2313155,5,None,NA,10.0,NA
2313155,5,EE 311,NA,,AA
2313155,5,None,NA,,NA
2313155,5,None,2,183.0,NA
2313155,5,None,NA,,6.78
2313155,5,None,NA,,NA
2313155,5,EE 312,NA,7.22,NA
2313155,5,None,NA,,NA
2313155,5,None,NA,,NA
2313155,5,None,NA,,NA
2313155,5,None,NA,,NA
2313155,5,EE 313,NA,,NA
2313155,5,None,NA,,NA
2313155,5,None,NA,,NA
2313155,5,None,NA,,NA
2313155,5,None,NA,,NA
2313155,5,EE 314,NA,,NA
2313155,5,None,NA,,NA
2313155,5,None,NA,,NA
2313155,5,None,NA,,NA
2313155,5,None,NA,,NA
2313156,5,EE 301,NA,8.0,NA
2313156,5,None,NA,,BB
2313156,5,None,NA,,NA
2313156,5,None,NA,5.0,NA
2313156,5,None,NA,,CD
2313156,5,EE 302,NA,,NA
2313156,5,None,NA,4.0,NA
2313156,5,None,4,,DD
2313156,5,None,NA,,NA
2313156,5,None,NA,6.0,NA
2313156,5,EE 303,NA,,CC
2313156,5,None,NA,,NA
2313156,5,None,4,9.0,NA
2313156,5,None,NA,,AB
2313156,5,None,NA,,NA
2313156,5,EE 304,NA,8.0,NA
2313156,5,None,NA,,BB
2313156,5,None,NA,,NA
2313156,5,None,NA,8.0,NA
2313156,5,None,NA,,BB
2313156,5,EE 305,NA,,NA
2313156,5,None,NA,7.0,NA
2313156,5,None,3,,BC
2313156,5,None,NA,,NA
2313156,5,None,NA,9.0,NA
2313156,5,EE 311,NA,,AB
2313156,5,None,NA,,NA
2313156,5,None,2,183.0,NA
2313156,5,None,NA,,6.78
2313156,5,None,NA,,NA
2313156,5,EE 312,NA,7.23,NA
2313156,5,None,NA,,NA
2313156,5,None,NA,,NA
2313156,5,None,NA,,NA
2313156,5,None,NA,,NA
2313156,5,EE 313,NA,,NA
2313156,5,None,NA,,NA
2313156,5,None,NA,,NA
2313156,5,None,NA,,NA
2313156,5,None,NA,,NA
2313156,5,EE 314,NA,,NA
2313156,5,None,NA,,NA
2313156,5,None,NA,,NA
2313156,5,None,NA,,NA
2313156,5,None,NA,,NA
2313157,5,EE 301,NA,8.0,NA
2313157,5,None,NA,,BB
2313157,5,None,NA,,NA
2313157,5,None,NA,5.0,NA
2313157,5,None,NA,,CD
2313157,5,EE 302,NA,,NA
2313157,5,None,NA,4.0,NA
2313157,5,None,4,,DD
2313157,5,None,NA,,NA
2313157,5,None,NA,8.0,NA
2313157,5,EE 303,NA,,BB
2313157,5,None,NA,,NA
2313157,5,None,4,8.0,NA
2313157,5,None,NA,,BB
2313157,5,None,NA,,NA
2313157,5,EE 304,NA,8.0,NA
2313157,5,None,NA,,BB
2313157,5,None,NA,,NA
2313157,5,None,NA,9.0,NA
2313157,5,None,NA,,AB
2313157,5,EE 305,NA,,NA
2313157,5,None,NA,8.0,NA
2313157,5,None,3,,BB
2313157,5,None,NA,,NA
2313157,5,None,NA,9.0,NA
2313157,5,EE 311,NA,,AB
2313157,5,None,NA,,NA
2313157,5,None,2,192.0,NA
2313157,5,None,NA,,7.11
2313157,5,None,NA,,NA
2313157,5,EE 312,NA,4.72,NA
2313157,5,None,NA,,NA
2313157,5,None,NA,,NA
2313157,5,None,NA,,NA
2313157,5,None,NA,,NA
2313157,5,EE 313,NA,,NA
2313157,5,None,NA,,NA
2313157,5,None,NA,,NA
2313157,5,None,NA,,NA
2313157,5,None,NA,,NA
2313157,5,EE 314,NA,,NA
2313157,5,None,NA,,NA
2313157,5,None,NA,,NA
2313157,5,None,NA,,NA
2313157,5,None,NA,,NA
2313159,5,EE 301,NA,8.0,NA
2313159,5,None,NA,,BB
2313159,5,None,NA,,NA
2313159,5,None,NA,7.0,NA
2313159,5,None,NA,,BC
2313159,5,EE 302,NA,,NA
2313159,5,None,NA,7.0,NA
2313159,5,None,4,,BC
2313159,5,None,NA,,NA
2313159,5,None,NA,6.0,NA
2313159,5,EE 303,NA,,CC
2313159,5,None,NA,,NA
2313159,5,None,4,9.0,NA
2313159,5,None,NA,,AB
2313159,5,None,NA,,NA
2313159,5,EE 304,NA,9.0,NA
2313159,5,None,NA,,AB
2313159,5,None,NA,,NA
2313159,5,None,NA,8.0,NA
2313159,5,None,NA,,BB
2313159,5,EE 305,NA,,NA
2313159,5,None,NA,9.0,NA
2313159,5,None,3,,AB
2313159,5,None,NA,,NA
2313159,5,None,NA,10.0,NA
2313159,5,EE 311,NA,,AA
2313159,5,None,NA,,NA
2313159,5,None,2,211.0,NA
2313159,5,None,NA,,7.81
2313159,5,None,NA,,NA
2313159,5,EE 312,NA,7.88,NA
2313159,5,None,NA,,NA
2313159,5,None,NA,,NA
2313159,5,None,NA,,NA
2313159,5,None,NA,,NA
2313159,5,EE 313,NA,,NA
2313159,5,None,NA,,NA
2313159,5,None,NA,,NA
2313159,5,None,NA,,NA
2313159,5,None,NA,,NA
2313159,5,EE 314,NA,,NA
2313159,5,None,NA,,NA
2313159,5,None,NA,,NA
2313159,5,None,NA,,NA
2313159,5,None,NA,,NA
2313160,5,EE 301,NA,10.0,NA
2313160,5,None,NA,,AA
2313160,5,None,NA,,NA
2313160,5,None,NA,5.0,NA
2313160,5,None,NA,,CD
2313160,5,EE 302,NA,,NA
2313160,5,None,NA,5.0,NA
2313160,5,None,4,,CD
2313160,5,None,NA,,NA
2313160,5,None,NA,7.0,NA
2313160,5,EE 303,NA,,BC
2313160,5,None,NA,,NA
2313160,5,None,4,9.0,NA
2313160,5,None,NA,,AB
2313160,5,None,NA,,NA
2313160,5,EE 304,NA,9.0,NA
2313160,5,None,NA,,AB
2313160,5,None,NA,,NA
2313160,5,None,NA,9.0,NA
2313160,5,None,NA,,AB
2313160,5,EE 305,NA,,NA
2313160,5,None,NA,8.0,NA
2313160,5,None,3,,BB
2313160,5,None,NA,,NA
2313160,5,None,NA,9.0,NA
2313160,5,EE 311,NA,,AB
2313160,5,None,NA,,NA
2313160,5,None,2,205.0,NA
2313160,5,None,NA,,7.59
2313160,5,None,NA,,NA
2313160,5,EE 312,NA,7.46,NA
2313160,5,None,NA,,NA
2313160,5,None,NA,,NA
2313160,5,None,NA,,NA
2313160,5,None,NA,,NA
2313160,5,EE 313,NA,,NA
2313160,5,None,NA,,NA
2313160,5,None,NA,,NA
2313160,5,None,NA,,NA
2313160,5,None,NA,,NA
2313160,5,EE 314,NA,,NA
2313160,5,None,NA,,NA
2313160,5,None,NA,,NA
2313160,5,None,NA,,NA
2313160,5,None,NA,,NA
2313161,5,EE 301,NA,7.0,NA
2313161,5,None,NA,,BC
2313161,5,None,NA,,NA
2313161,5,None,NA,4.0,NA
2313161,5,None,NA,,DD
2313161,5,EE 302,NA,,NA
2313161,5,None,NA,6.0,NA
2313161,5,None,4,,CC
2313161,5,None,NA,,NA
2313161,5,None,NA,5.0,NA
2313161,5,EE 303,NA,,CD
2313161,5,None,NA,,NA
2313161,5,None,4,6.0,NA
2313161,5,None,NA,,CC
2313161,5,None,NA,,NA
2313161,5,EE 304,NA,8.0,NA
2313161,5,None,NA,,BB
2313161,5,None,NA,,NA
2313161,5,None,NA,7.0,NA
2313161,5,None,NA,,BC
2313161,5,EE 305,NA,,NA
2313161,5,None,NA,9.0,NA
2313161,5,None,3,,AB
2313161,5,None,NA,,NA
2313161,5,None,NA,8.0,NA
2313161,5,EE 311,NA,,BB
2313161,5,None,NA,,NA
2313161,5,None,2,170.0,NA
2313161,5,None,NA,,6.30
2313161,5,None,NA,,NA
2313161,5,EE 312,NA,6.6,NA
2313161,5,None,NA,,NA
2313161,5,None,NA,,NA
2313161,5,None,NA,,NA
2313161,5,None,NA,,NA
2313161,5,EE 313,NA,,NA
2313161,5,None,NA,,NA
2313161,5,None,NA,,NA
2313161,5,None,NA,,NA
2313161,5,None,NA,,NA
2313161,5,EE 314,NA,,NA
2313161,5,None,NA,,NA
2313161,5,None,NA,,NA
2313161,5,None,NA,,NA
2313161,5,None,NA,,NA
2313162,5,EE 301,NA,0.0,NA
2313162,5,None,NA,,F
2313162,5,None,NA,,NA
2313162,5,None,NA,0.0,NA
2313162,5,None,NA,,F
2313162,5,EE 302,NA,,NA
2313162,5,None,NA,0.0,NA
2313162,5,None,4,,F
2313162,5,None,NA,,NA
2313162,5,None,NA,0.0,NA
2313162,5,EE 303,NA,,F
2313162,5,None,NA,,NA
2313162,5,None,4,0.0,NA
2313162,5,None,NA,,F
2313162,5,None,NA,,NA
2313162,5,EE 304,NA,7.0,NA
2313162,5,None,NA,,BC
2313162,5,None,NA,,NA
2313162,5,None,NA,5.0,NA
2313162,5,None,NA,,CD
2313162,5,EE 305,NA,,NA
2313162,5,None,NA,7.0,NA
2313162,5,None,3,,BC
2313162,5,None,NA,,NA
2313162,5,None,NA,6.0,NA
2313162,5,EE 311,NA,,CC
2313162,5,None,NA,,NA
2313162,5,None,2,50.0,NA
2313162,5,None,NA,,1.85
2313162,5,None,NA,,NA
2313162,5,EE 312,NA,3.31,NA
2313162,5,None,NA,,NA
2313162,5,None,NA,,NA
2313162,5,None,NA,,NA
2313162,5,None,NA,,NA
2313162,5,EE 313,NA,,NA
2313162,5,None,NA,,NA
2313162,5,None,NA,,NA
2313162,5,None,NA,,NA
2313162,5,None,NA,,NA
2313162,5,EE 314,NA,,NA
2313162,5,None,NA,,NA
2313162,5,None,NA,,NA
2313162,5,None,NA,,NA
2313162,5,None,NA,,NA
2313164,5,EE 301,NA,4.0,NA
2313164,5,None,NA,,DD
2313164,5,None,NA,,NA
2313164,5,None,NA,0.0,NA
2313164,5,None,NA,,F
2313164,5,EE 302,NA,,NA
2313164,5,None,NA,0.0,NA
2313164,5,None,4,,F
2313164,5,None,NA,,NA
2313164,5,None,NA,0.0,NA
2313164,5,EE 303,NA,,F
2313164,5,None,NA,,NA
2313164,5,None,4,0.0,NA
2313164,5,None,NA,,F
2313164,5,None,NA,,NA
2313164,5,EE 304,NA,7.0,NA
2313164,5,None,NA,,BC
2313164,5,None,NA,,NA
2313164,5,None,NA,7.0,NA
2313164,5,None,NA,,BC
2313164,5,EE 305,NA,,NA
2313164,5,None,NA,7.0,NA
2313164,5,None,3,,BC
2313164,5,None,NA,,NA
2313164,5,None,NA,8.0,NA
2313164,5,EE 311,NA,,BB
2313164,5,None,NA,,NA
2313164,5,None,2,74.0,NA
2313164,5,None,NA,,2.74
2313164,5,None,NA,,NA
2313164,5,EE 312,NA,4.43,NA
2313164,5,None,NA,,NA
2313164,5,None,NA,,NA
2313164,5,None,NA,,NA
2313164,5,None,NA,,NA
2313164,5,EE 313,NA,,NA
2313164,5,None,NA,,NA
2313164,5,None,NA,,NA
2313164,5,None,NA,,NA
2313164,5,None,NA,,NA
2313164,5,EE 314,NA,,NA
2313164,5,None,NA,,NA
2313164,5,None,NA,,NA
2313164,5,None,NA,,NA
2313164,5,None,NA,,NA
2313165,5,EE 301,NA,9.0,NA
2313165,5,None,NA,,AB
2313165,5,None,NA,,NA
2313165,5,None,NA,6.0,NA
2313165,5,None,NA,,CC
2313165,5,EE 302,NA,,NA
2313165,5,None,NA,4.0,NA
2313165,5,None,4,,DD
2313165,5,None,NA,,NA
2313165,5,None,NA,8.0,NA
2313165,5,EE 303,NA,,BB
2313165,5,None,NA,,NA
2313165,5,None,4,8.0,NA
2313165,5,None,NA,,BB
2313165,5,None,NA,,NA
2313165,5,EE 304,NA,9.0,NA
2313165,5,None,NA,,AB
2313165,5,None,NA,,NA
2313165,5,None,NA,10.0,NA
2313165,5,None,NA,,AA
2313165,5,EE 305,NA,,NA
2313165,5,None,NA,9.0,NA
2313165,5,None,3,,AB
2313165,5,None,NA,,NA
2313165,5,None,NA,10.0,NA
2313165,5,EE 311,NA,,AA
2313165,5,None,NA,,NA
2313165,5,None,2,208.0,NA
2313165,5,None,NA,,7.70
2313165,5,None,NA,,NA
2313165,5,EE 312,NA,7.95,NA
2313165,5,None,NA,,NA
2313165,5,None,NA,,NA
2313165,5,None,NA,,NA
2313165,5,None,NA,,NA
2313165,5,EE 313,NA,,NA
2313165,5,None,NA,,NA
2313165,5,None,NA,,NA
2313165,5,None,NA,,NA
2313165,5,None,NA,,NA
2313165,5,EE 314,NA,,NA
2313165,5,None,NA,,NA
2313165,5,None,NA,,NA
2313165,5,None,NA,,NA
2313165,5,None,NA,,NA
2313166,5,EE 301,NA,8.0,NA
2313166,5,None,NA,,BB
2313166,5,None,NA,,NA
2313166,5,None,NA,7.0,NA
2313166,5,None,NA,,BC
2313166,5,EE 302,NA,,NA
2313166,5,None,NA,7.0,NA
2313166,5,None,4,,BC
2313166,5,None,NA,,NA
2313166,5,None,NA,8.0,NA
2313166,5,EE 303,NA,,BB
2313166,5,None,NA,,NA
2313166,5,None,4,8.0,NA
2313166,5,None,NA,,BB
2313166,5,None,NA,,NA
2313166,5,EE 304,NA,9.0,NA
2313166,5,None,NA,,AB
2313166,5,None,NA,,NA
2313166,5,None,NA,10.0,NA
2313166,5,None,NA,,AA
2313166,5,EE 305,NA,,NA
2313166,5,None,NA,9.0,NA
2313166,5,None,3,,AB
2313166,5,None,NA,,NA
2313166,5,None,NA,9.0,NA
2313166,5,EE 311,NA,,AB
2313166,5,None,NA,,NA
2313166,5,None,2,218.0,NA
2313166,5,None,NA,,8.07
2313166,5,None,NA,,NA
2313166,5,EE 312,NA,8.38,NA
2313166,5,None,NA,,NA
2313166,5,None,NA,,NA
2313166,5,None,NA,,NA
2313166,5,None,NA,,NA
2313166,5,EE 313,NA,,NA
2313166,5,None,NA,,NA
2313166,5,None,NA,,NA
2313166,5,None,NA,,NA
2313166,5,None,NA,,NA
2313166,5,EE 314,NA,,NA
2313166,5,None,NA,,NA
2313166,5,None,NA,,NA
2313166,5,None,NA,,NA
2313166,5,None,NA,,NA
2313167,5,EE 301,NA,9.0,NA
2313167,5,None,NA,,AB
2313167,5,None,NA,,NA
2313167,5,None,NA,9.0,NA
2313167,5,None,NA,,AB
2313167,5,EE 302,NA,,NA
2313167,5,None,NA,7.0,NA
2313167,5,None,4,,BC
2313167,5,None,NA,,NA
2313167,5,None,NA,9.0,NA
2313167,5,EE 303,NA,,AB
2313167,5,None,NA,,NA
2313167,5,None,4,7.0,NA
2313167,5,None,NA,,BC
2313167,5,None,NA,,NA
2313167,5,EE 304,NA,10.0,NA
2313167,5,None,NA,,AA
2313167,5,None,NA,,NA
2313167,5,None,NA,9.0,NA
2313167,5,None,NA,,AB
2313167,5,EE 305,NA,,NA
2313167,5,None,NA,9.0,NA
2313167,5,None,3,,AB
2313167,5,None,NA,,NA
2313167,5,None,NA,9.0,NA
2313167,5,EE 311,NA,,AB
2313167,5,None,NA,,NA
2313167,5,None,2,231.0,NA
2313167,5,None,NA,,8.56
2313167,5,None,NA,,NA
2313167,5,EE 312,NA,8.4,NA
2313167,5,None,NA,,NA
2313167,5,None,NA,,NA
2313167,5,None,NA,,NA
2313167,5,None,NA,,NA
2313167,5,EE 313,NA,,NA
2313167,5,None,NA,,NA
2313167,5,None,NA,,NA
2313167,5,None,NA,,NA
2313167,5,None,NA,,NA
2313167,5,EE 314,NA,,NA
2313167,5,None,NA,,NA
2313167,5,None,NA,,NA
2313167,5,None,NA,,NA
2313167,5,None,NA,,NA
2313168,5,EE 301,NA,10.0,NA
2313168,5,None,NA,,AA
2313168,5,None,NA,,NA
2313168,5,None,NA,6.0,NA
2313168,5,None,NA,,CC
2313168,5,EE 302,NA,,NA
2313168,5,None,NA,5.0,NA
2313168,5,None,4,,CD
2313168,5,None,NA,,NA
2313168,5,None,NA,9.0,NA
2313168,5,EE 303,NA,,AB
2313168,5,None,NA,,NA
2313168,5,None,4,9.0,NA
2313168,5,None,NA,,AB
2313168,5,None,NA,,NA
2313168,5,EE 304,NA,9.0,NA
2313168,5,None,NA,,AB
2313168,5,None,NA,,NA
2313168,5,None,NA,9.0,NA
2313168,5,None,NA,,AB
2313168,5,EE 305,NA,,NA
2313168,5,None,NA,9.0,NA
2313168,5,None,3,,AB
2313168,5,None,NA,,NA
2313168,5,None,NA,9.0,NA
2313168,5,EE 311,NA,,AB
2313168,5,None,NA,,NA
2313168,5,None,2,219.0,NA
2313168,5,None,NA,,8.11
2313168,5,None,NA,,NA
2313168,5,EE 312,NA,7.85,NA
2313168,5,None,NA,,NA
2313168,5,None,NA,,NA
2313168,5,None,NA,,NA
2313168,5,None,NA,,NA
2313168,5,EE 313,NA,,NA
2313168,5,None,NA,,NA
2313168,5,None,NA,,NA
2313168,5,None,NA,,NA
2313168,5,None,NA,,NA
2313168,5,EE 314,NA,,NA
2313168,5,None,NA,,NA
2313168,5,None,NA,,NA
2313168,5,None,NA,,NA
2313168,5,None,NA,,NA
2313169,5,EE 301,NA,8.0,NA
2313169,5,None,NA,,BB
2313169,5,None,NA,,NA
2313169,5,None,NA,7.0,NA
2313169,5,None,NA,,BC
2313169,5,EE 302,NA,,NA
2313169,5,None,NA,6.0,NA
2313169,5,None,4,,CC
2313169,5,None,NA,,NA
2313169,5,None,NA,8.0,NA
2313169,5,EE 303,NA,,BB
2313169,5,None,NA,,NA
2313169,5,None,4,10.0,NA
2313169,5,None,NA,,AA
2313169,5,None,NA,,NA
2313169,5,EE 304,NA,8.0,NA
2313169,5,None,NA,,BB
2313169,5,None,NA,,NA
2313169,5,None,NA,9.0,NA
2313169,5,None,NA,,AB
2313169,5,EE 305,NA,,NA
2313169,5,None,NA,10.0,NA
2313169,5,None,3,,AA
2313169,5,None,NA,,NA
2313169,5,None,NA,10.0,NA
2313169,5,EE 311,NA,,AA
2313169,5,None,NA,,NA
2313169,5,None,2,220.0,NA
2313169,5,None,NA,,8.15
2313169,5,None,NA,,NA
2313169,5,EE 312,NA,8.3,NA
2313169,5,None,NA,,NA
2313169,5,None,NA,,NA
2313169,5,None,NA,,NA
2313169,5,None,NA,,NA
2313169,5,EE 313,NA,,NA
2313169,5,None,NA,,NA
2313169,5,None,NA,,NA
2313169,5,None,NA,,NA
2313169,5,None,NA,,NA
2313169,5,EE 314,NA,,NA
2313169,5,None,NA,,NA
2313169,5,None,NA,,NA
2313169,5,None,NA,,NA
2313169,5,None,NA,,NA
2313170,5,EE 301,NA,10.0,NA
2313170,5,None,NA,,AA
2313170,5,None,NA,,NA
2313170,5,None,NA,7.0,NA
2313170,5,None,NA,,BC
2313170,5,EE 302,NA,,NA
2313170,5,None,NA,7.0,NA
2313170,5,None,4,,BC
2313170,5,None,NA,,NA
2313170,5,None,NA,9.0,NA
2313170,5,EE 303,NA,,AB
2313170,5,None,NA,,NA
2313170,5,None,4,10.0,NA
2313170,5,None,NA,,AA
2313170,5,None,NA,,NA
2313170,5,EE 304,NA,9.0,NA
2313170,5,None,NA,,AB
2313170,5,None,NA,,NA
2313170,5,None,NA,9.0,NA
2313170,5,None,NA,,AB
2313170,5,EE 305,NA,,NA
2313170,5,None,NA,10.0,NA
2313170,5,None,3,,AA
2313170,5,None,NA,,NA
2313170,5,None,NA,10.0,NA
2313170,5,EE 311,NA,,AA
2313170,5,None,NA,,NA
2313170,5,None,2,238.0,NA
2313170,5,None,NA,,8.81
2313170,5,None,NA,,NA
2313170,5,EE 312,NA,8.27,NA
2313170,5,None,NA,,NA
2313170,5,None,NA,,NA
2313170,5,None,NA,,NA
2313170,5,None,NA,,NA
2313170,5,EE 313,NA,,NA
2313170,5,None,NA,,NA
2313170,5,None,NA,,NA
2313170,5,None,NA,,NA
2313170,5,None,NA,,NA
2313170,5,EE 314,NA,,NA
2313170,5,None,NA,,NA
2313170,5,None,NA,,NA
2313170,5,None,NA,,NA
2313170,5,None,NA,,NA
2313171,5,EE 301,NA,9.0,NA
2313171,5,None,NA,,AB
2313171,5,None,NA,,NA
2313171,5,None,NA,7.0,NA
2313171,5,None,NA,,BC
2313171,5,EE 302,NA,,NA
2313171,5,None,NA,6.0,NA
2313171,5,None,4,,CC
2313171,5,None,NA,,NA
2313171,5,None,NA,9.0,NA
2313171,5,EE 303,NA,,AB
2313171,5,None,NA,,NA
2313171,5,None,4,10.0,NA
2313171,5,None,NA,,AA
2313171,5,None,NA,,NA
2313171,5,EE 304,NA,9.0,NA
2313171,5,None,NA,,AB
2313171,5,None,NA,,NA
2313171,5,None,NA,10.0,NA
2313171,5,None,NA,,AA
2313171,5,EE 305,NA,,NA
2313171,5,None,NA,9.0,NA
2313171,5,None,3,,AB
2313171,5,None,NA,,NA
2313171,5,None,NA,9.0,NA
2313171,5,EE 311,NA,,AB
2313171,5,None,NA,,NA
2313171,5,None,2,228.0,NA
2313171,5,None,NA,,8.44
2313171,5,None,NA,,NA
2313171,5,EE 312,NA,8.37,NA
2313171,5,None,NA,,NA
2313171,5,None,NA,,NA
2313171,5,None,NA,,NA
2313171,5,None,NA,,NA
2313171,5,EE 313,NA,,NA
2313171,5,None,NA,,NA
2313171,5,None,NA,,NA
2313171,5,None,NA,,NA
2313171,5,None,NA,,NA
2313171,5,EE 314,NA,,NA
2313171,5,None,NA,,NA
2313171,5,None,NA,,NA
2313171,5,None,NA,,NA
2313171,5,None,NA,,NA
2314001,5,EC 301,4,9.0,AB
2314001,5,EC 302,3,7.0,BC
2314001,5,EC 303,4,8.0,BB
2314001,5,EC 304,4,8.0,BB
2314001,5,EC 305,3,8.0,BB
2314001,5,EC 306,3,6.0,CC
2314001,5,EC 311,2,10.0,AA
2314001,5,EC 312,2,10.0,AA
2314001,5,EC 313,2,9.0,AB
2314002,5,EC 301,4,7.0,BC
2314002,5,EC 302,3,6.0,CC
2314002,5,EC 303,4,7.0,BC
2314002,5,EC 304,4,6.0,CC
2314002,5,EC 305,3,6.0,CC
2314002,5,EC 306,3,5.0,CD
2314002,5,EC 311,2,10.0,AA
2314002,5,EC 312,2,10.0,AA
2314002,5,EC 313,2,8.0,BB
2314003,5,EC 301,4,6.0,CC
2314003,5,EC 302,3,4.0,DD
2314003,5,EC 303,4,5.0,CD
2314003,5,EC 304,4,0.0,F
2314003,5,EC 305,3,4.0,DD
2314003,5,EC 306,3,4.0,DD
2314003,5,EC 311,2,10.0,AA
2314003,5,EC 312,2,10.0,AA
2314003,5,EC 313,2,8.0,BB
2314004,5,EC 301,4,9.0,AB
2314004,5,EC 302,3,7.0,BC
2314004,5,EC 303,4,9.0,AB
2314004,5,EC 304,4,10.0,AA
2314004,5,EC 305,3,8.0,BB
2314004,5,EC 306,3,7.0,BC
2314004,5,EC 311,2,10.0,AA
2314004,5,EC 312,2,10.0,AA
2314004,5,EC 313,2,9.0,AB
2314005,5,EC 301,4,10.0,AA
2314005,5,EC 302,3,6.0,CC
2314005,5,EC 303,4,7.0,BC
2314005,5,EC 304,4,6.0,CC
2314005,5,EC 305,3,8.0,BB
2314005,5,EC 306,3,7.0,BC
2314005,5,EC 311,2,9.0,AB
2314005,5,EC 312,2,10.0,AA
2314005,5,EC 313,2,9.0,AB
2314006,5,EC 301,4,8.0,BB
2314006,5,EC 302,3,6.0,CC
2314006,5,EC 303,4,8.0,BB
2314006,5,EC 304,4,7.0,BC
2314006,5,EC 305,3,6.0,CC
2314006,5,EC 306,3,7.0,BC
2314006,5,EC 311,2,10.0,AA
2314006,5,EC 312,2,10.0,AA
2314006,5,EC 313,2,9.0,AB
2314007,5,EC 301,4,7.0,BC
2314007,5,EC 302,3,5.0,CD
2314007,5,EC 303,4,7.0,BC
2314007,5,EC 304,4,6.0,CC
2314007,5,EC 305,3,5.0,CD
2314007,5,EC 306,3,4.0,DD
2314007,5,EC 311,2,9.0,AB
2314007,5,EC 312,2,9.0,AB
2314007,5,EC 313,2,8.0,BB
2314008,5,EC 301,4,9.0,AB
2314008,5,EC 302,3,8.0,BB
2314008,5,EC 303,4,8.0,BB
2314008,5,EC 304,4,7.0,BC
2314008,5,EC 305,3,9.0,AB
2314008,5,EC 306,3,9.0,AB
2314008,5,EC 311,2,10.0,AA
2314008,5,EC 312,2,9.0,AB
2314008,5,EC 313,2,9.0,AB
2314009,5,EC 301,4,10.0,AA
2314009,5,EC 302,3,7.0,BC
2314009,5,EC 303,4,8.0,BB
2314009,5,EC 304,4,7.0,BC
2314009,5,EC 305,3,7.0,BC
2314009,5,EC 306,3,9.0,AB
2314009,5,EC 311,2,10.0,AA
2314009,5,EC 312,2,10.0,AA
2314009,5,EC 313,2,8.0,BB
2314010,5,EC 301,4,10.0,AA
2314010,5,EC 302,3,8.0,BB
2314010,5,EC 303,4,9.0,AB
2314010,5,EC 304,4,8.0,BB
2314010,5,EC 305,3,8.0,BB
2314010,5,EC 306,3,9.0,AB
2314010,5,EC 311,2,10.0,AA
2314010,5,EC 312,2,10.0,AA
2314010,5,EC 313,2,9.0,AB
2314012,5,EC 301,4,10.0,AA
2314012,5,EC 302,3,9.0,AB
2314012,5,EC 303,4,10.0,AA
2314012,5,EC 304,4,8.0,BB
2314012,5,EC 305,3,9.0,AB
2314012,5,EC 306,3,9.0,AB
2314012,5,EC 311,2,10.0,AA
2314012,5,EC 312,2,10.0,AA
2314012,5,EC 313,2,10.0,AA
2314013,5,EC 301,4,10.0,AA
2314013,5,EC 302,3,7.0,BC
2314013,5,EC 303,4,9.0,AB
2314013,5,EC 304,4,8.0,BB
2314013,5,EC 305,3,8.0,BB
2314013,5,EC 306,3,9.0,AB
2314013,5,EC 311,2,10.0,AA
2314013,5,EC 312,2,10.0,AA
2314013,5,EC 313,2,9.0,AB
2314014,5,EC 301,4,8.0,BB
2314014,5,EC 302,3,5.0,CD
2314014,5,EC 303,4,8.0,BB
2314014,5,EC 304,4,8.0,BB
2314014,5,EC 305,3,7.0,BC
2314014,5,EC 306,3,7.0,BC
2314014,5,EC 311,2,10.0,AA
2314014,5,EC 312,2,9.0,AB
2314014,5,EC 313,2,9.0,AB
2314015,5,EC 301,4,8.0,BB
2314015,5,EC 302,3,6.0,CC
2314015,5,EC 303,4,9.0,AB
2314015,5,EC 304,4,7.0,BC
2314015,5,EC 305,3,8.0,BB
2314015,5,EC 306,3,7.0,BC
2314015,5,EC 311,2,10.0,AA
2314015,5,EC 312,2,10.0,AA
2314015,5,EC 313,2,10.0,AA
2314016,5,EC 301,4,9.0,AB
2314016,5,EC 302,3,8.0,BB
2314016,5,EC 303,4,9.0,AB
2314016,5,EC 304,4,8.0,BB
2314016,5,EC 305,3,8.0,BB
2314016,5,EC 306,3,7.0,BC
2314016,5,EC 311,2,10.0,AA
2314016,5,EC 312,2,9.0,AB
2314016,5,EC 313,2,10.0,AA
2314017,5,EC 301,4,10.0,AA
2314017,5,EC 302,3,7.0,BC
2314017,5,EC 303,4,9.0,AB
2314017,5,EC 304,4,6.0,CC
2314017,5,EC 305,3,9.0,AB
2314017,5,EC 306,3,8.0,BB
2314017,5,EC 311,2,10.0,AA
2314017,5,EC 312,2,10.0,AA
2314017,5,EC 313,2,10.0,AA
2314018,5,EC 301,4,8.0,BB
2314018,5,EC 302,3,6.0,CC
2314018,5,EC 303,4,9.0,AB
2314018,5,EC 304,4,6.0,CC
2314018,5,EC 305,3,7.0,BC
2314018,5,EC 306,3,7.0,BC
2314018,5,EC 311,2,10.0,AA
2314018,5,EC 312,2,10.0,AA
2314018,5,EC 313,2,9.0,AB
2314019,5,EC 301,4,8.0,BB
2314019,5,EC 302,3,5.0,CD
2314019,5,EC 303,4,5.0,CD
2314019,5,EC 304,4,5.0,CD
2314019,5,EC 305,3,7.0,BC
2314019,5,EC 306,3,7.0,BC
2314019,5,EC 311,2,9.0,AB
2314019,5,EC 312,2,10.0,AA
2314019,5,EC 313,2,8.0,BB
2314020,5,EC 301,4,8.0,BB
2314020,5,EC 302,3,7.0,BC
2314020,5,EC 303,4,7.0,BC
2314020,5,EC 304,4,10.0,AA
2314020,5,EC 305,3,7.0,BC
2314020,5,EC 306,3,8.0,BB
2314020,5,EC 311,2,10.0,AA
2314020,5,EC 312,2,10.0,AA
2314020,5,EC 313,2,10.0,AA
2314021,5,EC 301,4,4.0,DD
2314021,5,EC 302,3,4.0,DD
2314021,5,EC 303,4,4.0,DD
2314021,5,EC 304,4,0.0,F
2314021,5,EC 305,3,4.0,DD
2314021,5,EC 306,3,5.0,CD
2314021,5,EC 311,2,9.0,AB
2314021,5,EC 312,2,8.0,BB
2314021,5,EC 313,2,8.0,BB
2314022,5,EC 301,4,8.0,BB
2314022,5,EC 302,3,7.0,BC
2314022,5,EC 303,4,6.0,CC
2314022,5,EC 304,4,8.0,BB
2314022,5,EC 305,3,6.0,CC
2314022,5,EC 306,3,6.0,CC
2314022,5,EC 311,2,10.0,AA
2314022,5,EC 312,2,9.0,AB
2314022,5,EC 313,2,9.0,AB
2314023,5,EC 301,4,9.0,AB
2314023,5,EC 302,3,6.0,CC
2314023,5,EC 303,4,9.0,AB
2314023,5,EC 304,4,7.0,BC
2314023,5,EC 305,3,9.0,AB
2314023,5,EC 306,3,8.0,BB
2314023,5,EC 311,2,10.0,AA
2314023,5,EC 312,2,10.0,AA
2314023,5,EC 313,2,9.0,AB
2314024,5,EC 301,4,10.0,AA
2314024,5,EC 302,3,8.0,BB
2314024,5,EC 303,4,10.0,AA
2314024,5,EC 304,4,10.0,AA
2314024,5,EC 305,3,10.0,AA
2314024,5,EC 306,3,10.0,AA
2314024,5,EC 311,2,10.0,AA
2314024,5,EC 312,2,10.0,AA
2314024,5,EC 313,2,9.0,AB
2314025,5,EC 301,4,9.0,AB
2314025,5,EC 302,3,7.0,BC
2314025,5,EC 303,4,10.0,AA
2314025,5,EC 304,4,9.0,AB
2314025,5,EC 305,3,9.0,AB
2314025,5,EC 306,3,8.0,BB
2314025,5,EC 311,2,10.0,AA
2314025,5,EC 312,2,10.0,AA
2314025,5,EC 313,2,9.0,AB
2314026,5,EC 301,4,8.0,BB
2314026,5,EC 302,3,8.0,BB
2314026,5,EC 303,4,7.0,BC
2314026,5,EC 304,4,8.0,BB
2314026,5,EC 305,3,6.0,CC
2314026,5,EC 306,3,7.0,BC
2314026,5,EC 311,2,10.0,AA
2314026,5,EC 312,2,10.0,AA
2314026,5,EC 313,2,10.0,AA
2314027,5,EC 301,4,0.0,F
2314027,5,EC 302,3,0.0,F
2314027,5,EC 303,4,0.0,F
2314027,5,EC 304,4,0.0,F
2314027,5,EC 305,3,0.0,F
2314027,5,EC 306,3,0.0,F
2314027,5,EC 311,2,0.0,F
2314027,5,EC 312,2,0.0,F
2314027,5,EC 313,2,0.0,F
2314028,5,EC 301,4,6.0,CC
2314028,5,EC 302,3,6.0,CC
2314028,5,EC 303,4,6.0,CC
2314028,5,EC 304,4,6.0,CC
2314028,5,EC 305,3,5.0,CD
2314028,5,EC 306,3,5.0,CD
2314028,5,EC 311,2,9.0,AB
2314028,5,EC 312,2,9.0,AB
2314028,5,EC 313,2,9.0,AB
2314029,5,EC 301,4,7.0,BC
2314029,5,EC 302,3,5.0,CD
2314029,5,EC 303,4,7.0,BC
2314029,5,EC 304,4,6.0,CC
2314029,5,EC 305,3,6.0,CC
2314029,5,EC 306,3,6.0,CC
2314029,5,EC 311,2,10.0,AA
2314029,5,EC 312,2,9.0,AB
2314029,5,EC 313,2,9.0,AB
2314030,5,EC 301,4,9.0,AB
2314030,5,EC 302,3,7.0,BC
2314030,5,EC 303,4,9.0,AB
2314030,5,EC 304,4,10.0,AA
2314030,5,EC 305,3,10.0,AA
2314030,5,EC 306,3,9.0,AB
2314030,5,EC 311,2,10.0,AA
2314030,5,EC 312,2,10.0,AA
2314030,5,EC 313,2,9.0,AB
2314031,5,EC 301,4,7.0,BC
2314031,5,EC 302,3,6.0,CC
2314031,5,EC 303,4,7.0,BC
2314031,5,EC 304,4,7.0,BC
2314031,5,EC 305,3,6.0,CC
2314031,5,EC 306,3,7.0,BC
2314031,5,EC 311,2,10.0,AA
2314031,5,EC 312,2,10.0,AA
2314031,5,EC 313,2,9.0,AB
2314032,5,EC 301,4,9.0,AB
2314032,5,EC 302,3,7.0,BC
2314032,5,EC 303,4,9.0,AB
2314032,5,EC 304,4,8.0,BB
2314032,5,EC 305,3,9.0,AB
2314032,5,EC 306,3,8.0,BB
2314032,5,EC 311,2,9.0,AB
2314032,5,EC 312,2,10.0,AA
2314032,5,EC 313,2,9.0,AB
2314033,5,EC 301,4,8.0,BB
2314033,5,EC 302,3,5.0,CD
2314033,5,EC 303,4,7.0,BC
2314033,5,EC 304,4,7.0,BC
2314033,5,EC 305,3,0.0,F
2314033,5,EC 306,3,5.0,CD
2314033,5,EC 311,2,10.0,AA
2314033,5,EC 312,2,9.0,AB
2314033,5,EC 313,2,9.0,AB
2314034,5,EC 301,4,9.0,AB
2314034,5,EC 302,3,6.0,CC
2314034,5,EC 303,4,8.0,BB
2314034,5,EC 304,4,7.0,BC
2314034,5,EC 305,3,8.0,BB
2314034,5,EC 306,3,7.0,BC
2314034,5,EC 311,2,10.0,AA
2314034,5,EC 312,2,9.0,AB
2314034,5,EC 313,2,10.0,AA
2314035,5,EC 301,4,10.0,AA
2314035,5,EC 302,3,7.0,BC
2314035,5,EC 303,4,10.0,AA
2314035,5,EC 304,4,8.0,BB
2314035,5,EC 305,3,10.0,AA
2314035,5,EC 306,3,8.0,BB
2314035,5,EC 311,2,10.0,AA
2314035,5,EC 312,2,10.0,AA
2314035,5,EC 313,2,9.0,AB
2314036,5,EC 301,4,10.0,AA
2314036,5,EC 302,3,8.0,BB
2314036,5,EC 303,4,9.0,AB
2314036,5,EC 304,4,8.0,BB
2314036,5,EC 305,3,6.0,CC
2314036,5,EC 306,3,9.0,AB
2314036,5,EC 311,2,10.0,AA
2314036,5,EC 312,2,10.0,AA
2314036,5,EC 313,2,10.0,AA
2314037,5,EC 301,4,7.0,BC
2314037,5,EC 302,3,5.0,CD
2314037,5,EC 303,4,6.0,CC
2314037,5,EC 304,4,6.0,CC
2314037,5,EC 305,3,8.0,BB
2314037,5,EC 306,3,6.0,CC
2314037,5,EC 311,2,10.0,AA
2314037,5,EC 312,2,9.0,AB
2314037,5,EC 313,2,10.0,AA
2314038,5,EC 301,4,6.0,CC
2314038,5,EC 302,3,8.0,BB
2314038,5,EC 303,4,7.0,BC
2314038,5,EC 304,4,7.0,BC
2314038,5,EC 305,3,5.0,CD
2314038,5,EC 306,3,7.0,BC
2314038,5,EC 311,2,9.0,AB
2314038,5,EC 312,2,10.0,AA
2314038,5,EC 313,2,9.0,AB
2314040,5,EC 301,4,0.0,I
2314040,5,EC 302,3,0.0,F
2314040,5,EC 303,4,0.0,I
2314040,5,EC 304,4,0.0,F
2314040,5,EC 305,3,0.0,I
2314040,5,EC 306,3,0.0,I
2314040,5,EC 311,2,10.0,AA
2314040,5,EC 312,2,10.0,AA
2314040,5,EC 313,2,9.0,AB
2314041,5,EC 301,4,7.0,BC
2314041,5,EC 302,3,5.0,CD
2314041,5,EC 303,4,6.0,CC
2314041,5,EC 304,4,9.0,AB
2314041,5,EC 305,3,7.0,BC
2314041,5,EC 306,3,5.0,CD
2314041,5,EC 311,2,10.0,AA
2314041,5,EC 312,2,10.0,AA
2314041,5,EC 313,2,9.0,AB
2314042,5,EC 301,4,6.0,CC
2314042,5,EC 302,3,4.0,DD
2314042,5,EC 303,4,5.0,CD
2314042,5,EC 304,4,5.0,CD
2314042,5,EC 305,3,5.0,CD
2314042,5,EC 306,3,6.0,CC
2314042,5,EC 311,2,9.0,AB
2314042,5,EC 312,2,9.0,AB
2314042,5,EC 313,2,8.0,BB
2314043,5,EC 301,4,7.0,BC
2314043,5,EC 302,3,5.0,CD
2314043,5,EC 303,4,7.0,BC
2314043,5,EC 304,4,5.0,CD
2314043,5,EC 305,3,6.0,CC
2314043,5,EC 306,3,5.0,CD
2314043,5,EC 311,2,9.0,AB
2314043,5,EC 312,2,9.0,AB
2314043,5,EC 313,2,8.0,BB
2314044,5,EC 301,4,9.0,AB
2314044,5,EC 302,3,7.0,BC
2314044,5,EC 303,4,8.0,BB
2314044,5,EC 304,4,7.0,BC
2314044,5,EC 305,3,8.0,BB
2314044,5,EC 306,3,8.0,BB
2314044,5,EC 311,2,10.0,AA
2314044,5,EC 312,2,9.0,AB
2314044,5,EC 313,2,9.0,AB
2314045,5,EC 301,4,9.0,AB
2314045,5,EC 302,3,7.0,BC
2314045,5,EC 303,4,8.0,BB
2314045,5,EC 304,4,7.0,BC
2314045,5,EC 305,3,8.0,BB
2314045,5,EC 306,3,8.0,BB
2314045,5,EC 311,2,10.0,AA
2314045,5,EC 312,2,9.0,AB
2314045,5,EC 313,2,10.0,AA
2314046,5,EC 301,4,7.0,BC
2314046,5,EC 302,3,7.0,BC
2314046,5,EC 303,4,7.0,BC
2314046,5,EC 304,4,9.0,AB
2314046,5,EC 305,3,8.0,BB
2314046,5,EC 306,3,8.0,BB
2314046,5,EC 311,2,10.0,AA
2314046,5,EC 312,2,9.0,AB
2314046,5,EC 313,2,10.0,AA
2314047,5,EC 301,4,8.0,BB
2314047,5,EC 302,3,5.0,CD
2314047,5,EC 303,4,7.0,BC
2314047,5,EC 304,4,7.0,BC
2314047,5,EC 305,3,6.0,CC
2314047,5,EC 306,3,7.0,BC
2314047,5,EC 311,2,10.0,AA
2314047,5,EC 312,2,9.0,AB
2314047,5,EC 313,2,8.0,BB
2314048,5,EC 301,4,8.0,BB
2314048,5,EC 302,3,5.0,CD
2314048,5,EC 303,4,8.0,BB
2314048,5,EC 304,4,6.0,CC
2314048,5,EC 305,3,7.0,BC
2314048,5,EC 306,3,6.0,CC
2314048,5,EC 311,2,10.0,AA
2314048,5,EC 312,2,9.0,AB
2314048,5,EC 313,2,9.0,AB
2314049,5,EC 301,4,8.0,BB
2314049,5,EC 302,3,7.0,BC
2314049,5,EC 303,4,7.0,BC
2314049,5,EC 304,4,7.0,BC
2314049,5,EC 305,3,7.0,BC
2314049,5,EC 306,3,7.0,BC
2314049,5,EC 311,2,10.0,AA
2314049,5,EC 312,2,9.0,AB
2314049,5,EC 313,2,9.0,AB
2314051,5,EC 301,4,9.0,AB
2314051,5,EC 302,3,7.0,BC
2314051,5,EC 303,4,7.0,BC
2314051,5,EC 304,4,7.0,BC
2314051,5,EC 305,3,9.0,AB
2314051,5,EC 306,3,8.0,BB
2314051,5,EC 311,2,10.0,AA
2314051,5,EC 312,2,9.0,AB
2314051,5,EC 313,2,9.0,AB
2314052,5,EC 301,4,8.0,BB
2314052,5,EC 302,3,6.0,CC
2314052,5,EC 303,4,7.0,BC
2314052,5,EC 304,4,8.0,BB
2314052,5,EC 305,3,8.0,BB
2314052,5,EC 306,3,7.0,BC
2314052,5,EC 311,2,10.0,AA
2314052,5,EC 312,2,9.0,AB
2314052,5,EC 313,2,10.0,AA
2314054,5,EC 301,4,10.0,AA
2314054,5,EC 302,3,7.0,BC
2314054,5,EC 303,4,10.0,AA
2314054,5,EC 304,4,8.0,BB
2314054,5,EC 305,3,9.0,AB
2314054,5,EC 306,3,8.0,BB
2314054,5,EC 311,2,10.0,AA
2314054,5,EC 312,2,9.0,AB
2314054,5,EC 313,2,9.0,AB
2314055,5,EC 301,4,10.0,AA
2314055,5,EC 302,3,7.0,BC
2314055,5,EC 303,4,9.0,AB
2314055,5,EC 304,4,9.0,AB
2314055,5,EC 305,3,9.0,AB
2314055,5,EC 306,3,8.0,BB
2314055,5,EC 311,2,10.0,AA
2314055,5,EC 312,2,9.0,AB
2314055,5,EC 313,2,10.0,AA
2314056,5,EC 301,4,9.0,AB
2314056,5,EC 302,3,7.0,BC
2314056,5,EC 303,4,8.0,BB
2314056,5,EC 304,4,7.0,BC
2314056,5,EC 305,3,7.0,BC
2314056,5,EC 306,3,7.0,BC
2314056,5,EC 311,2,10.0,AA
2314056,5,EC 312,2,9.0,AB
2314056,5,EC 313,2,9.0,AB
2314057,5,EC 301,4,6.0,CC
2314057,5,EC 302,3,5.0,CD
2314057,5,EC 303,4,4.0,DD
2314057,5,EC 304,4,4.0,DD
2314057,5,EC 305,3,6.0,CC
2314057,5,EC 306,3,6.0,CC
2314057,5,EC 311,2,10.0,AA
2314057,5,EC 312,2,9.0,AB
2314057,5,EC 313,2,9.0,AB
2314058,5,EC 301,4,9.0,AB
2314058,5,EC 302,3,7.0,BC
2314058,5,EC 303,4,9.0,AB
2314058,5,EC 304,4,9.0,AB
2314058,5,EC 305,3,9.0,AB
2314058,5,EC 306,3,7.0,BC
2314058,5,EC 311,2,10.0,AA
2314058,5,EC 312,2,9.0,AB
2314058,5,EC 313,2,10.0,AA
2314059,5,EC 301,4,9.0,AB
2314059,5,EC 302,3,8.0,BB
2314059,5,EC 303,4,10.0,AA
2314059,5,EC 304,4,7.0,BC
2314059,5,EC 305,3,7.0,BC
2314059,5,EC 306,3,9.0,AB
2314059,5,EC 311,2,10.0,AA
2314059,5,EC 312,2,10.0,AA
2314059,5,EC 313,2,10.0,AA
2314060,5,EC 301,4,8.0,BB
2314060,5,EC 302,3,7.0,BC
2314060,5,EC 303,4,9.0,AB
2314060,5,EC 304,4,9.0,AB
2314060,5,EC 305,3,8.0,BB
2314060,5,EC 306,3,8.0,BB
2314060,5,EC 311,2,10.0,AA
2314060,5,EC 312,2,10.0,AA
2314060,5,EC 313,2,9.0,AB
2314061,5,EC 301,4,8.0,BB
2314061,5,EC 302,3,7.0,BC
2314061,5,EC 303,4,8.0,BB
2314061,5,EC 304,4,5.0,CD
2314061,5,EC 305,3,6.0,CC
2314061,5,EC 306,3,7.0,BC
2314061,5,EC 311,2,10.0,AA
2314061,5,EC 312,2,9.0,AB
2314061,5,EC 313,2,9.0,AB
2314063,5,EC 301,4,9.0,AB
2314063,5,EC 302,3,8.0,BB
2314063,5,EC 303,4,8.0,BB
2314063,5,EC 304,4,8.0,BB
2314063,5,EC 305,3,9.0,AB
2314063,5,EC 306,3,9.0,AB
2314063,5,EC 311,2,10.0,AA
2314063,5,EC 312,2,9.0,AB
2314063,5,EC 313,2,10.0,AA
2314065,5,EC 301,4,7.0,BC
2314065,5,EC 302,3,5.0,CD
2314065,5,EC 303,4,5.0,CD
2314065,5,EC 304,4,4.0,DD
2314065,5,EC 305,3,0.0,F
2314065,5,EC 306,3,6.0,CC
2314065,5,EC 311,2,10.0,AA
2314065,5,EC 312,2,9.0,AB
2314065,5,EC 313,2,8.0,BB
2314066,5,EC 301,4,9.0,AB
2314066,5,EC 302,3,7.0,BC
2314066,5,EC 303,4,8.0,BB
2314066,5,EC 304,4,7.0,BC
2314066,5,EC 305,3,6.0,CC
2314066,5,EC 306,3,8.0,BB
2314066,5,EC 311,2,10.0,AA
2314066,5,EC 312,2,10.0,AA
2314066,5,EC 313,2,10.0,AA
2314067,5,EC 301,4,10.0,AA
2314067,5,EC 302,3,8.0,BB
2314067,5,EC 303,4,9.0,AB
2314067,5,EC 304,4,8.0,BB
2314067,5,EC 305,3,9.0,AB
2314067,5,EC 306,3,10.0,AA
2314067,5,EC 311,2,10.0,AA
2314067,5,EC 312,2,10.0,AA
2314067,5,EC 313,2,9.0,AB
2314068,5,EC 301,4,7.0,BC
2314068,5,EC 302,3,6.0,CC
2314068,5,EC 303,4,8.0,BB
2314068,5,EC 304,4,7.0,BC
2314068,5,EC 305,3,7.0,BC
2314068,5,EC 306,3,7.0,BC
2314068,5,EC 311,2,10.0,AA
2314068,5,EC 312,2,10.0,AA
2314068,5,EC 313,2,9.0,AB
2314069,5,EC 301,4,7.0,BC
2314069,5,EC 302,3,6.0,CC
2314069,5,EC 303,4,7.0,BC
2314069,5,EC 304,4,7.0,BC
2314069,5,EC 305,3,7.0,BC
2314069,5,EC 306,3,8.0,BB
2314069,5,EC 311,2,10.0,AA
2314069,5,EC 312,2,10.0,AA
2314069,5,EC 313,2,9.0,AB
2314070,5,EC 301,4,7.0,BC
2314070,5,EC 302,3,6.0,CC
2314070,5,EC 303,4,8.0,BB
2314070,5,EC 304,4,9.0,AB
2314070,5,EC 305,3,5.0,CD
2314070,5,EC 306,3,7.0,BC
2314070,5,EC 311,2,9.0,AB
2314070,5,EC 312,2,9.0,AB
2314070,5,EC 313,2,9.0,AB
2314071,5,EC 301,4,9.0,AB
2314071,5,EC 302,3,8.0,BB
2314071,5,EC 303,4,7.0,BC
2314071,5,EC 304,4,8.0,BB
2314071,5,EC 305,3,9.0,AB
2314071,5,EC 306,3,8.0,BB
2314071,5,EC 311,2,10.0,AA
2314071,5,EC 312,2,9.0,AB
2314071,5,EC 313,2,9.0,AB
2314072,5,EC 301,4,7.0,BC
2314072,5,EC 302,3,6.0,CC
2314072,5,EC 303,4,6.0,CC
2314072,5,EC 304,4,0.0,F
2314072,5,EC 305,3,5.0,CD
2314072,5,EC 306,3,7.0,BC
2314072,5,EC 311,2,10.0,AA
2314072,5,EC 312,2,9.0,AB
2314072,5,EC 313,2,9.0,AB
2314073,5,EC 301,4,7.0,BC
2314073,5,EC 302,3,7.0,BC
2314073,5,EC 303,4,7.0,BC
2314073,5,EC 304,4,5.0,CD
2314073,5,EC 305,3,5.0,CD
2314073,5,EC 306,3,7.0,BC
2314073,5,EC 311,2,10.0,AA
2314073,5,EC 312,2,10.0,AA
2314073,5,EC 313,2,10.0,AA
2314074,5,EC 301,4,5.0,CD
2314074,5,EC 302,3,7.0,BC
2314074,5,EC 303,4,7.0,BC
2314074,5,EC 304,4,5.0,CD
2314074,5,EC 305,3,5.0,CD
2314074,5,EC 306,3,7.0,BC
2314074,5,EC 311,2,10.0,AA
2314074,5,EC 312,2,10.0,AA
2314074,5,EC 313,2,10.0,AA
2314075,5,EC 301,4,8.0,BB
2314075,5,EC 302,3,7.0,BC
2314075,5,EC 303,4,6.0,CC
2314075,5,EC 304,4,6.0,CC
2314075,5,EC 305,3,7.0,BC
2314075,5,EC 306,3,8.0,BB
2314075,5,EC 311,2,10.0,AA
2314075,5,EC 312,2,9.0,AB
2314075,5,EC 313,2,9.0,AB
2314076,5,EC 301,4,8.0,BB
2314076,5,EC 302,3,7.0,BC
2314076,5,EC 303,4,9.0,AB
2314076,5,EC 304,4,7.0,BC
2314076,5,EC 305,3,8.0,BB
2314076,5,EC 306,3,7.0,BC
2314076,5,EC 311,2,10.0,AA
2314076,5,EC 312,2,10.0,AA
2314076,5,EC 313,2,9.0,AB
2314077,5,EC 301,4,10.0,AA
2314077,5,EC 302,3,8.0,BB
2314077,5,EC 303,4,10.0,AA
2314077,5,EC 304,4,9.0,AB
2314077,5,EC 305,3,9.0,AB
2314077,5,EC 306,3,9.0,AB
2314077,5,EC 311,2,10.0,AA
2314077,5,EC 312,2,10.0,AA
2314077,5,EC 313,2,9.0,AB
2314078,5,EC 301,4,9.0,AB
2314078,5,EC 302,3,8.0,BB
2314078,5,EC 303,4,6.0,CC
2314078,5,EC 304,4,5.0,CD
2314078,5,EC 305,3,8.0,BB
2314078,5,EC 306,3,6.0,CC
2314078,5,EC 311,2,10.0,AA
2314078,5,EC 312,2,9.0,AB
2314078,5,EC 313,2,10.0,AA
2314079,5,EC 301,4,10.0,AA
2314079,5,EC 302,3,7.0,BC
2314079,5,EC 303,4,10.0,AA
2314079,5,EC 304,4,9.0,AB
2314079,5,EC 305,3,8.0,BB
2314079,5,EC 306,3,9.0,AB
2314079,5,EC 311,2,10.0,AA
2314079,5,EC 312,2,9.0,AB
2314079,5,EC 313,2,10.0,AA
2314080,5,EC 301,4,9.0,AB
2314080,5,EC 302,3,6.0,CC
2314080,5,EC 303,4,8.0,BB
2314080,5,EC 304,4,8.0,BB
2314080,5,EC 305,3,9.0,AB
2314080,5,EC 306,3,7.0,BC
2314080,5,EC 311,2,10.0,AA
2314080,5,EC 312,2,9.0,AB
2314080,5,EC 313,2,9.0,AB
2314081,5,EC 301,4,6.0,CC
2314081,5,EC 302,3,4.0,DD
2314081,5,EC 303,4,5.0,CD
2314081,5,EC 304,4,4.0,DD
2314081,5,EC 305,3,4.0,DD
2314081,5,EC 306,3,0.0,F
2314081,5,EC 311,2,9.0,AB
2314081,5,EC 312,2,9.0,AB
2314081,5,EC 313,2,8.0,BB
2314082,5,EC 301,4,9.0,AB
2314082,5,EC 302,3,9.0,AB
2314082,5,EC 303,4,10.0,AA
2314082,5,EC 304,4,8.0,BB
2314082,5,EC 305,3,6.0,CC
2314082,5,EC 306,3,7.0,BC
2314082,5,EC 311,2,10.0,AA
2314082,5,EC 312,2,9.0,AB
2314082,5,EC 313,2,9.0,AB
2314083,5,EC 301,4,9.0,AB
2314083,5,EC 302,3,7.0,BC
2314083,5,EC 303,4,9.0,AB
2314083,5,EC 304,4,7.0,BC
2314083,5,EC 305,3,9.0,AB
2314083,5,EC 306,3,9.0,AB
2314083,5,EC 311,2,10.0,AA
2314083,5,EC 312,2,10.0,AA
2314083,5,EC 313,2,10.0,AA
2314084,5,EC 301,4,9.0,AB
2314084,5,EC 302,3,5.0,CD
2314084,5,EC 303,4,8.0,BB
2314084,5,EC 304,4,8.0,BB
2314084,5,EC 305,3,6.0,CC
2314084,5,EC 306,3,7.0,BC
2314084,5,EC 311,2,10.0,AA
2314084,5,EC 312,2,9.0,AB
2314084,5,EC 313,2,9.0,AB
2314085,5,EC 301,4,10.0,AA
2314085,5,EC 302,3,8.0,BB
2314085,5,EC 303,4,10.0,AA
2314085,5,EC 304,4,10.0,AA
2314085,5,EC 305,3,10.0,AA
2314085,5,EC 306,3,10.0,AA
2314085,5,EC 311,2,10.0,AA
2314085,5,EC 312,2,10.0,AA
2314085,5,EC 313,2,10.0,AA
2314086,5,EC 301,4,7.0,BC
2314086,5,EC 302,3,6.0,CC
2314086,5,EC 303,4,8.0,BB
2314086,5,EC 304,4,9.0,AB
2314086,5,EC 305,3,8.0,BB
2314086,5,EC 306,3,6.0,CC
2314086,5,EC 311,2,9.0,AB
2314086,5,EC 312,2,9.0,AB
2314086,5,EC 313,2,9.0,AB
2314087,5,EC 301,4,7.0,BC
2314087,5,EC 302,3,6.0,CC
2314087,5,EC 303,4,7.0,BC
2314087,5,EC 304,4,8.0,BB
2314087,5,EC 305,3,6.0,CC
2314087,5,EC 306,3,6.0,CC
2314087,5,EC 311,2,10.0,AA
2314087,5,EC 312,2,10.0,AA
2314087,5,EC 313,2,10.0,AA
2314088,5,EC 301,4,7.0,BC
2314088,5,EC 302,3,8.0,BB
2314088,5,EC 303,4,7.0,BC
2314088,5,EC 304,4,8.0,BB
2314088,5,EC 305,3,6.0,CC
2314088,5,EC 306,3,6.0,CC
2314088,5,EC 311,2,10.0,AA
2314088,5,EC 312,2,10.0,AA
2314088,5,EC 313,2,10.0,AA
2314089,5,EC 301,4,8.0,BB
2314089,5,EC 302,3,10.0,AA
2314089,5,EC 303,4,10.0,AA
2314089,5,EC 304,4,10.0,AA
2314089,5,EC 305,3,9.0,AB
2314089,5,EC 306,3,9.0,AB
2314089,5,EC 311,2,10.0,AA
2314089,5,EC 312,2,10.0,AA
2314089,5,EC 313,2,10.0,AA
2314090,5,EC 301,4,6.0,CC
2314090,5,EC 302,3,7.0,BC
2314090,5,EC 303,4,7.0,BC
2314090,5,EC 304,4,8.0,BB
2314090,5,EC 305,3,6.0,CC
2314090,5,EC 306,3,6.0,CC
2314090,5,EC 311,2,10.0,AA
2314090,5,EC 312,2,9.0,AB
2314090,5,EC 313,2,9.0,AB
2314091,5,EC 301,4,8.0,BB
2314091,5,EC 302,3,9.0,AB
2314091,5,EC 303,4,7.0,BC
2314091,5,EC 304,4,8.0,BB
2314091,5,EC 305,3,10.0,AA
2314091,5,EC 306,3,8.0,BB
2314091,5,EC 311,2,10.0,AA
2314091,5,EC 312,2,9.0,AB
2314091,5,EC 313,2,10.0,AA
2314092,5,EC 301,4,9.0,AB
2314092,5,EC 302,3,9.0,AB
2314092,5,EC 303,4,8.0,BB
2314092,5,EC 304,4,9.0,AB
2314092,5,EC 305,3,9.0,AB
2314092,5,EC 306,3,9.0,AB
2314092,5,EC 311,2,9.0,AB
2314092,5,EC 312,2,9.0,AB
2314092,5,EC 313,2,10.0,AA
2314093,5,EC 301,4,7.0,BC
2314093,5,EC 302,3,8.0,BB
2314093,5,EC 303,4,9.0,AB
2314093,5,EC 304,4,8.0,BB
2314093,5,EC 305,3,8.0,BB
2314093,5,EC 306,3,8.0,BB
2314093,5,EC 311,2,10.0,AA
2314093,5,EC 312,2,9.0,AB
2314093,5,EC 313,2,10.0,AA
2314094,5,EC 301,4,7.0,BC
2314094,5,EC 302,3,9.0,AB
2314094,5,EC 303,4,9.0,AB
2314094,5,EC 304,4,9.0,AB
2314094,5,EC 305,3,10.0,AA
2314094,5,EC 306,3,7.0,BC
2314094,5,EC 311,2,10.0,AA
2314094,5,EC 312,2,9.0,AB
2314094,5,EC 313,2,10.0,AA
2314095,5,EC 301,4,7.0,BC
2314095,5,EC 302,3,9.0,AB
2314095,5,EC 303,4,7.0,BC
2314095,5,EC 304,4,8.0,BB
2314095,5,EC 305,3,7.0,BC
2314095,5,EC 306,3,7.0,BC
2314095,5,EC 311,2,9.0,AB
2314095,5,EC 312,2,9.0,AB
2314095,5,EC 313,2,10.0,AA
2314096,5,EC 301,4,8.0,BB
2314096,5,EC 302,3,7.0,BC
2314096,5,EC 303,4,9.0,AB
2314096,5,EC 304,4,9.0,AB
2314096,5,EC 305,3,8.0,BB
2314096,5,EC 306,3,8.0,BB
2314096,5,EC 311,2,9.0,AB
2314096,5,EC 312,2,10.0,AA
2314096,5,EC 313,2,10.0,AA
2314097,5,EC 301,4,9.0,AB
2314097,5,EC 302,3,7.0,BC
2314097,5,EC 303,4,10.0,AA
2314097,5,EC 304,4,9.0,AB
2314097,5,EC 305,3,9.0,AB
2314097,5,EC 306,3,9.0,AB
2314097,5,EC 311,2,10.0,AA
2314097,5,EC 312,2,9.0,AB
2314097,5,EC 313,2,10.0,AA
2314099,5,EC 301,4,7.0,BC
2314099,5,EC 302,3,7.0,BC
2314099,5,EC 303,4,8.0,BB
2314099,5,EC 304,4,8.0,BB
2314099,5,EC 305,3,7.0,BC
2314099,5,EC 306,3,6.0,CC
2314099,5,EC 311,2,9.0,AB
2314099,5,EC 312,2,9.0,AB
2314099,5,EC 313,2,10.0,AA
2314100,5,EC 301,4,10.0,AA
2314100,5,EC 302,3,10.0,AA
2314100,5,EC 303,4,9.0,AB
2314100,5,EC 304,4,9.0,AB
2314100,5,EC 305,3,8.0,BB
2314100,5,EC 306,3,7.0,BC
2314100,5,EC 311,2,10.0,AA
2314100,5,EC 312,2,10.0,AA
2314100,5,EC 313,2,10.0,AA
2314102,5,EC 301,4,7.0,BC
2314102,5,EC 302,3,5.0,CD
2314102,5,EC 303,4,5.0,CD
2314102,5,EC 304,4,8.0,BB
2314102,5,EC 305,3,6.0,CC
2314102,5,EC 306,3,5.0,CD
2314102,5,EC 311,2,9.0,AB
2314102,5,EC 312,2,9.0,AB
2314102,5,EC 313,2,10.0,AA
2314103,5,EC 301,4,5.0,CD
2314103,5,EC 302,3,4.0,DD
2314103,5,EC 303,4,5.0,CD
2314103,5,EC 304,4,7.0,BC
2314103,5,EC 305,3,5.0,CD
2314103,5,EC 306,NA,,NA
2314103,5,EC 311,2,9.0,AB
2314103,5,EC 312,2,9.0,AB
2314103,5,EC 313,2,10.0,AA
2314104,5,EC 301,4,10.0,AA
2314104,5,EC 302,3,9.0,AB
2314104,5,EC 303,4,9.0,AB
2314104,5,EC 304,4,9.0,AB
2314104,5,EC 305,3,10.0,AA
2314104,5,EC 306,3,9.0,AB
2314104,5,EC 311,2,10.0,AA
2314104,5,EC 312,2,10.0,AA
2314104,5,EC 313,2,10.0,AA
2314105,5,EC 301,4,8.0,BB
2314105,5,EC 302,3,7.0,BC
2314105,5,EC 303,4,8.0,BB
2314105,5,EC 304,4,8.0,BB
2314105,5,EC 305,3,8.0,BB
2314105,5,EC 306,3,9.0,AB
2314105,5,EC 311,2,9.0,AB
2314105,5,EC 312,2,9.0,AB
2314105,5,EC 313,2,10.0,AA
2314106,5,EC 301,4,6.0,CC
2314106,5,EC 302,3,8.0,BB
2314106,5,EC 303,4,8.0,BB
2314106,5,EC 304,4,9.0,AB
2314106,5,EC 305,3,8.0,BB
2314106,5,EC 306,3,8.0,BB
2314106,5,EC 311,2,9.0,AB
2314106,5,EC 312,2,10.0,AA
2314106,5,EC 313,2,10.0,AA
2314107,5,EC 301,4,8.0,BB
2314107,5,EC 302,3,9.0,AB
2314107,5,EC 303,4,10.0,AA
2314107,5,EC 304,4,9.0,AB
2314107,5,EC 305,3,7.0,BC
2314107,5,EC 306,3,8.0,BB
2314107,5,EC 311,2,9.0,AB
2314107,5,EC 312,2,9.0,AB
2314107,5,EC 313,2,10.0,AA
2314108,5,EC 301,4,9.0,AB
2314108,5,EC 302,3,8.0,BB
2314108,5,EC 303,4,10.0,AA
2314108,5,EC 304,4,10.0,AA
2314108,5,EC 305,3,8.0,BB
2314108,5,EC 306,3,8.0,BB
2314108,5,EC 311,2,10.0,AA
2314108,5,EC 312,2,9.0,AB
2314108,5,EC 313,2,10.0,AA
2314109,5,EC 301,4,4.0,DD
2314109,5,EC 302,3,7.0,BC
2314109,5,EC 303,4,7.0,BC
2314109,5,EC 304,4,6.0,CC
2314109,5,EC 305,3,5.0,CD
2314109,5,EC 306,3,5.0,CD
2314109,5,EC 311,2,10.0,AA
2314109,5,EC 312,2,9.0,AB
2314109,5,EC 313,2,10.0,AA
2314110,5,EC 301,4,9.0,AB
2314110,5,EC 302,3,9.0,AB
2314110,5,EC 303,4,8.0,BB
2314110,5,EC 304,4,10.0,AA
2314110,5,EC 305,3,9.0,AB
2314110,5,EC 306,3,8.0,BB
2314110,5,EC 311,2,9.0,AB
2314110,5,EC 312,2,10.0,AA
2314110,5,EC 313,2,10.0,AA
2314111,5,EC 301,4,9.0,AB
2314111,5,EC 302,3,7.0,BC
2314111,5,EC 303,4,10.0,AA
2314111,5,EC 304,4,9.0,AB
2314111,5,EC 305,3,9.0,AB
2314111,5,EC 306,3,8.0,BB
2314111,5,EC 311,2,10.0,AA
2314111,5,EC 312,2,10.0,AA
2314111,5,EC 313,2,10.0,AA
2314112,5,EC 301,4,5.0,CD
2314112,5,EC 302,3,8.0,BB
2314112,5,EC 303,4,8.0,BB
2314112,5,EC 304,4,8.0,BB
2314112,5,EC 305,3,8.0,BB
2314112,5,EC 306,3,7.0,BC
2314112,5,EC 311,2,10.0,AA
2314112,5,EC 312,2,10.0,AA
2314112,5,EC 313,2,10.0,AA
2314113,5,EC 301,4,8.0,BB
2314113,5,EC 302,3,9.0,AB
2314113,5,EC 303,4,9.0,AB
2314113,5,EC 304,4,9.0,AB
2314113,5,EC 305,3,7.0,BC
2314113,5,EC 306,3,6.0,CC
2314113,5,EC 311,2,10.0,AA
2314113,5,EC 312,2,10.0,AA
2314113,5,EC 313,2,10.0,AA
2314114,5,EC 301,4,6.0,CC
2314114,5,EC 302,3,7.0,BC
2314114,5,EC 303,4,7.0,BC
2314114,5,EC 304,4,8.0,BB
2314114,5,EC 305,3,8.0,BB
2314114,5,EC 306,3,7.0,BC
2314114,5,EC 311,2,9.0,AB
2314114,5,EC 312,2,9.0,AB
2314114,5,EC 313,2,10.0,AA
2314115,5,EC 301,4,9.0,AB
2314115,5,EC 302,3,9.0,AB
2314115,5,EC 303,4,8.0,BB
2314115,5,EC 304,4,9.0,AB
2314115,5,EC 305,3,8.0,BB
2314115,5,EC 306,3,8.0,BB
2314115,5,EC 311,2,10.0,AA
2314115,5,EC 312,2,10.0,AA
2314115,5,EC 313,2,10.0,AA
2314116,5,EC 301,4,8.0,BB
2314116,5,EC 302,3,8.0,BB
2314116,5,EC 303,4,7.0,BC
2314116,5,EC 304,4,9.0,AB
2314116,5,EC 305,3,8.0,BB
2314116,5,EC 306,3,8.0,BB
2314116,5,EC 311,2,9.0,AB
2314116,5,EC 312,2,9.0,AB
2314116,5,EC 313,2,10.0,AA
2314117,5,EC 301,4,5.0,CD
2314117,5,EC 302,3,0.0,F
2314117,5,EC 303,4,4.0,DD
2314117,5,EC 304,4,0.0,F
2314117,5,EC 305,3,5.0,CD
2314117,5,EC 306,3,4.0,DD
2314117,5,EC 311,2,9.0,AB
2314117,5,EC 312,2,9.0,AB
2314117,5,EC 313,2,10.0,AA
2314118,5,EC 301,4,8.0,BB
2314118,5,EC 302,3,7.0,BC
2314118,5,EC 303,4,9.0,AB
2314118,5,EC 304,4,10.0,AA
2314118,5,EC 305,3,9.0,AB
2314118,5,EC 306,3,8.0,BB
2314118,5,EC 311,2,10.0,AA
2314118,5,EC 312,2,10.0,AA
2314118,5,EC 313,2,10.0,AA
2314119,5,EC 301,4,4.0,DD
2314119,5,EC 302,3,4.0,DD
2314119,5,EC 303,4,5.0,CD
2314119,5,EC 304,4,7.0,BC
2314119,5,EC 305,3,0.0,F
2314119,5,EC 306,3,4.0,DD
2314119,5,EC 311,2,10.0,AA
2314119,5,EC 312,2,9.0,AB
2314119,5,EC 313,2,8.0,BB
2314120,5,EC 301,4,7.0,BC
2314120,5,EC 302,3,9.0,AB
2314120,5,EC 303,4,8.0,BB
2314120,5,EC 304,4,9.0,AB
2314120,5,EC 305,3,7.0,BC
2314120,5,EC 306,3,6.0,CC
2314120,5,EC 311,2,10.0,AA
2314120,5,EC 312,2,10.0,AA
2314120,5,EC 313,2,10.0,AA
2314121,5,EC 301,4,7.0,BC
2314121,5,EC 302,3,8.0,BB
2314121,5,EC 303,4,9.0,AB
2314121,5,EC 304,4,8.0,BB
2314121,5,EC 305,3,9.0,AB
2314121,5,EC 306,3,6.0,CC
2314121,5,EC 311,2,10.0,AA
2314121,5,EC 312,2,10.0,AA
2314121,5,EC 313,2,10.0,AA
2314122,5,EC 301,4,8.0,BB
2314122,5,EC 302,3,8.0,BB
2314122,5,EC 303,4,6.0,CC
2314122,5,EC 304,4,9.0,AB
2314122,5,EC 305,3,9.0,AB
2314122,5,EC 306,3,7.0,BC
2314122,5,EC 311,2,10.0,AA
2314122,5,EC 312,2,10.0,AA
2314122,5,EC 313,2,10.0,AA
2314123,5,EC 301,4,6.0,CC
2314123,5,EC 302,3,7.0,BC
2314123,5,EC 303,4,7.0,BC
2314123,5,EC 304,4,9.0,AB
2314123,5,EC 305,3,7.0,BC
2314123,5,EC 306,3,7.0,BC
2314123,5,EC 311,2,9.0,AB
2314123,5,EC 312,2,9.0,AB
2314123,5,EC 313,2,10.0,AA
2314124,5,EC 301,4,9.0,AB
2314124,5,EC 302,3,6.0,CC
2314124,5,EC 303,4,8.0,BB
2314124,5,EC 304,4,8.0,BB
2314124,5,EC 305,3,9.0,AB
2314124,5,EC 306,3,8.0,BB
2314124,5,EC 311,2,9.0,AB
2314124,5,EC 312,2,9.0,AB
2314124,5,EC 313,2,10.0,AA
2314125,5,EC 301,4,6.0,CC
2314125,5,EC 302,3,6.0,CC
2314125,5,EC 303,4,8.0,BB
2314125,5,EC 304,4,7.0,BC
2314125,5,EC 305,3,7.0,BC
2314125,5,EC 306,3,6.0,CC
2314125,5,EC 311,2,9.0,AB
2314125,5,EC 312,2,10.0,AA
2314125,5,EC 313,2,10.0,AA
2314126,5,EC 301,4,6.0,CC
2314126,5,EC 302,3,6.0,CC
2314126,5,EC 303,4,7.0,BC
2314126,5,EC 304,4,9.0,AB
2314126,5,EC 305,3,7.0,BC
2314126,5,EC 306,3,5.0,CD
2314126,5,EC 311,2,10.0,AA
2314126,5,EC 312,2,10.0,AA
2314126,5,EC 313,2,9.0,AB
2314127,5,EC 301,4,6.0,CC
2314127,5,EC 302,3,7.0,BC
2314127,5,EC 303,4,7.0,BC
2314127,5,EC 304,4,9.0,AB
2314127,5,EC 305,3,6.0,CC
2314127,5,EC 306,3,7.0,BC
2314127,5,EC 311,2,10.0,AA
2314127,5,EC 312,2,9.0,AB
2314127,5,EC 313,2,9.0,AB
2314128,5,EC 301,4,7.0,BC
2314128,5,EC 302,3,5.0,CD
2314128,5,EC 303,4,7.0,BC
2314128,5,EC 304,4,8.0,BB
2314128,5,EC 305,3,6.0,CC
2314128,5,EC 306,3,4.0,DD
2314128,5,EC 311,2,9.0,AB
2314128,5,EC 312,2,9.0,AB
2314128,5,EC 313,2,10.0,AA
2314129,5,EC 301,4,6.0,CC
2314129,5,EC 302,3,4.0,DD
2314129,5,EC 303,4,6.0,CC
2314129,5,EC 304,4,9.0,AB
2314129,5,EC 305,3,5.0,CD
2314129,5,EC 306,3,6.0,CC
2314129,5,EC 311,2,9.0,AB
2314129,5,EC 312,2,9.0,AB
2314129,5,EC 313,2,8.0,BB
2314130,5,EC 301,4,7.0,BC
2314130,5,EC 302,3,8.0,BB
2314130,5,EC 303,4,7.0,BC
2314130,5,EC 304,4,8.0,BB
2314130,5,EC 305,3,8.0,BB
2314130,5,EC 306,3,6.0,CC
2314130,5,EC 311,2,10.0,AA
2314130,5,EC 312,2,9.0,AB
2314130,5,EC 313,2,10.0,AA
2314131,5,EC 301,4,5.0,CD
2314131,5,EC 302,3,7.0,BC
2314131,5,EC 303,4,7.0,BC
2314131,5,EC 304,4,9.0,AB
2314131,5,EC 305,3,0.0,F
2314131,5,EC 306,3,6.0,CC
2314131,5,EC 311,2,10.0,AA
2314131,5,EC 312,2,9.0,AB
2314131,5,EC 313,2,9.0,AB
2314132,5,EC 301,4,4.0,DD
2314132,5,EC 302,3,0.0,F
2314132,5,EC 303,4,5.0,CD
2314132,5,EC 304,4,6.0,CC
2314132,5,EC 305,3,4.0,DD
2314132,5,EC 306,3,4.0,DD
2314132,5,EC 311,2,9.0,AB
2314132,5,EC 312,2,9.0,AB
2314132,5,EC 313,2,9.0,AB
2314133,5,EC 301,4,9.0,AB
2314133,5,EC 302,3,10.0,AA
2314133,5,EC 303,4,10.0,AA
2314133,5,EC 304,4,9.0,AB
2314133,5,EC 305,3,9.0,AB
2314133,5,EC 306,3,7.0,BC
2314133,5,EC 311,2,10.0,AA
2314133,5,EC 312,2,10.0,AA
2314133,5,EC 313,2,10.0,AA
2314134,5,EC 301,4,5.0,CD
2314134,5,EC 302,3,5.0,CD
2314134,5,EC 303,4,6.0,CC
2314134,5,EC 304,4,7.0,BC
2314134,5,EC 305,3,5.0,CD
2314134,5,EC 306,3,6.0,CC
2314134,5,EC 311,2,10.0,AA
2314134,5,EC 312,2,9.0,AB
2314134,5,EC 313,2,10.0,AA
2314136,5,EC 301,4,7.0,BC
2314136,5,EC 302,3,5.0,CD
2314136,5,EC 303,4,6.0,CC
2314136,5,EC 304,4,10.0,AA
2314136,5,EC 305,3,7.0,BC
2314136,5,EC 306,3,6.0,CC
2314136,5,EC 311,2,10.0,AA
2314136,5,EC 312,2,9.0,AB
2314136,5,EC 313,2,10.0,AA
2314137,5,EC 301,4,5.0,CD
2314137,5,EC 302,3,5.0,CD
2314137,5,EC 303,4,6.0,CC
2314137,5,EC 304,4,7.0,BC
2314137,5,EC 305,3,5.0,CD
2314137,5,EC 306,3,5.0,CD
2314137,5,EC 311,2,9.0,AB
2314137,5,EC 312,2,9.0,AB
2314137,5,EC 313,2,8.0,BB
2314138,5,EC 301,4,6.0,CC
2314138,5,EC 302,3,4.0,DD
2314138,5,EC 303,4,8.0,BB
2314138,5,EC 304,4,8.0,BB
2314138,5,EC 305,3,8.0,BB
2314138,5,EC 306,3,8.0,BB
2314138,5,EC 311,2,9.0,AB
2314138,5,EC 312,2,9.0,AB
2314138,5,EC 313,2,9.0,AB
2314139,5,EC 301,4,7.0,BC
2314139,5,EC 302,3,9.0,AB
2314139,5,EC 303,4,10.0,AA
2314139,5,EC 304,4,6.0,CC
2314139,5,EC 305,3,7.0,BC
2314139,5,EC 306,3,8.0,BB
2314139,5,EC 311,2,10.0,AA
2314139,5,EC 312,2,10.0,AA
2314139,5,EC 313,2,9.0,AB
2314140,5,EC 301,4,6.0,CC
2314140,5,EC 302,3,6.0,CC
2314140,5,EC 303,4,9.0,AB
2314140,5,EC 304,4,8.0,BB
2314140,5,EC 305,3,6.0,CC
2314140,5,EC 306,3,6.0,CC
2314140,5,EC 311,2,9.0,AB
2314140,5,EC 312,2,9.0,AB
2314140,5,EC 313,2,9.0,AB
2314141,5,EC 301,4,7.0,BC
2314141,5,EC 302,3,10.0,AA
2314141,5,EC 303,4,7.0,BC
2314141,5,EC 304,4,9.0,AB
2314141,5,EC 305,3,7.0,BC
2314141,5,EC 306,3,8.0,BB
2314141,5,EC 311,2,10.0,AA
2314141,5,EC 312,2,10.0,AA
2314141,5,EC 313,2,10.0,AA
2314142,5,EC 301,4,8.0,BB
2314142,5,EC 302,3,9.0,AB
2314142,5,EC 303,4,9.0,AB
2314142,5,EC 304,4,9.0,AB
2314142,5,EC 305,3,8.0,BB
2314142,5,EC 306,3,8.0,BB
2314142,5,EC 311,2,10.0,AA
2314142,5,EC 312,2,9.0,AB
2314142,5,EC 313,2,10.0,AA
2314143,5,EC 301,4,7.0,BC
2314143,5,EC 302,3,7.0,BC
2314143,5,EC 303,4,7.0,BC
2314143,5,EC 304,4,8.0,BB
2314143,5,EC 305,3,6.0,CC
2314143,5,EC 306,3,7.0,BC
2314143,5,EC 311,2,10.0,AA
2314143,5,EC 312,2,10.0,AA
2314143,5,EC 313,2,9.0,AB
2314144,5,EC 301,4,8.0,BB
2314144,5,EC 302,3,8.0,BB
2314144,5,EC 303,4,9.0,AB
2314144,5,EC 304,4,9.0,AB
2314144,5,EC 305,3,10.0,AA
2314144,5,EC 306,3,8.0,BB
2314144,5,EC 311,2,10.0,AA
2314144,5,EC 312,2,10.0,AA
2314144,5,EC 313,2,10.0,AA
2314145,5,EC 301,4,5.0,CD
2314145,5,EC 302,3,4.0,DD
2314145,5,EC 303,4,4.0,DD
2314145,5,EC 304,4,6.0,CC
2314145,5,EC 305,3,8.0,BB
2314145,5,EC 306,3,6.0,CC
2314145,5,EC 311,2,9.0,AB
2314145,5,EC 312,2,9.0,AB
2314145,5,EC 313,2,9.0,AB
2314146,5,EC 301,4,8.0,BB
2314146,5,EC 302,3,7.0,BC
2314146,5,EC 303,4,8.0,BB
2314146,5,EC 304,4,9.0,AB
2314146,5,EC 305,3,8.0,BB
2314146,5,EC 306,3,7.0,BC
2314146,5,EC 311,2,10.0,AA
2314146,5,EC 312,2,9.0,AB
2314146,5,EC 313,2,10.0,AA
2314147,5,EC 301,4,9.0,AB
2314147,5,EC 302,3,9.0,AB
2314147,5,EC 303,4,8.0,BB
2314147,5,EC 304,4,10.0,AA
2314147,5,EC 305,3,8.0,BB
2314147,5,EC 306,3,7.0,BC
2314147,5,EC 311,2,9.0,AB
2314147,5,EC 312,2,9.0,AB
2314147,5,EC 313,2,10.0,AA
2314148,5,EC 301,4,7.0,BC
2314148,5,EC 302,3,7.0,BC
2314148,5,EC 303,4,8.0,BB
2314148,5,EC 304,4,10.0,AA
2314148,5,EC 305,3,8.0,BB
2314148,5,EC 306,3,7.0,BC
2314148,5,EC 311,2,10.0,AA
2314148,5,EC 312,2,9.0,AB
2314148,5,EC 313,2,10.0,AA
2314149,5,EC 301,4,8.0,BB
2314149,5,EC 302,3,9.0,AB
2314149,5,EC 303,4,9.0,AB
2314149,5,EC 304,4,9.0,AB
2314149,5,EC 305,3,6.0,CC
2314149,5,EC 306,3,7.0,BC
2314149,5,EC 311,2,10.0,AA
2314149,5,EC 312,2,9.0,AB
2314149,5,EC 313,2,10.0,AA
2314151,5,EC 301,4,7.0,BC
2314151,5,EC 302,3,7.0,BC
2314151,5,EC 303,4,8.0,BB
2314151,5,EC 304,4,8.0,BB
2314151,5,EC 305,3,9.0,AB
2314151,5,EC 306,3,8.0,BB
2314151,5,EC 311,2,10.0,AA
2314151,5,EC 312,2,10.0,AA
2314151,5,EC 313,2,9.0,AB
2314152,5,EC 301,4,10.0,AA
2314152,5,EC 302,3,8.0,BB
2314152,5,EC 303,4,10.0,AA
2314152,5,EC 304,4,10.0,AA
2314152,5,EC 305,3,10.0,AA
2314152,5,EC 306,3,9.0,AB
2314152,5,EC 311,2,10.0,AA
2314152,5,EC 312,2,10.0,AA
2314152,5,EC 313,2,10.0,AA
2314153,5,EC 301,4,8.0,BB
2314153,5,EC 302,3,9.0,AB
2314153,5,EC 303,4,7.0,BC
2314153,5,EC 304,4,8.0,BB
2314153,5,EC 305,3,8.0,BB
2314153,5,EC 306,3,8.0,BB
2314153,5,EC 311,2,9.0,AB
2314153,5,EC 312,2,9.0,AB
2314153,5,EC 313,2,9.0,AB
2314154,5,EC 301,4,7.0,BC
2314154,5,EC 302,3,8.0,BB
2314154,5,EC 303,4,9.0,AB
2314154,5,EC 304,4,10.0,AA
2314154,5,EC 305,3,9.0,AB
2314154,5,EC 306,3,8.0,BB
2314154,5,EC 311,2,10.0,AA
2314154,5,EC 312,2,10.0,AA
2314154,5,EC 313,2,10.0,AA
2314155,5,EC 301,4,6.0,CC
2314155,5,EC 302,3,7.0,BC
2314155,5,EC 303,4,6.0,CC
2314155,5,EC 304,4,8.0,BB
2314155,5,EC 305,3,8.0,BB
2314155,5,EC 306,3,7.0,BC
2314155,5,EC 311,2,10.0,AA
2314155,5,EC 312,2,9.0,AB
2314155,5,EC 313,2,9.0,AB
2314156,5,EC 301,4,6.0,CC
2314156,5,EC 302,3,6.0,CC
2314156,5,EC 303,4,7.0,BC
2314156,5,EC 304,4,8.0,BB
2314156,5,EC 305,3,6.0,CC
2314156,5,EC 306,3,7.0,BC
2314156,5,EC 311,2,10.0,AA
2314156,5,EC 312,2,9.0,AB
2314156,5,EC 313,2,9.0,AB
2314157,5,EC 301,4,8.0,BB
2314157,5,EC 302,3,6.0,CC
2314157,5,EC 303,4,9.0,AB
2314157,5,EC 304,4,10.0,AA
2314157,5,EC 305,3,9.0,AB
2314157,5,EC 306,3,8.0,BB
2314157,5,EC 311,2,9.0,AB
2314157,5,EC 312,2,10.0,AA
2314157,5,EC 313,2,10.0,AA
2314158,5,EC 301,4,6.0,CC
2314158,5,EC 302,3,7.0,BC
2314158,5,EC 303,4,7.0,BC
2314158,5,EC 304,4,9.0,AB
2314158,5,EC 305,3,8.0,BB
2314158,5,EC 306,3,7.0,BC
2314158,5,EC 311,2,10.0,AA
2314158,5,EC 312,2,10.0,AA
2314158,5,EC 313,2,9.0,AB
2314159,5,EC 301,4,7.0,BC
2314159,5,EC 302,3,5.0,CD
2314159,5,EC 303,4,7.0,BC
2314159,5,EC 304,4,0.0,F
2314159,5,EC 305,3,8.0,BB
2314159,5,EC 306,3,8.0,BB
2314159,5,EC 311,2,10.0,AA
2314159,5,EC 312,2,9.0,AB
2314159,5,EC 313,2,10.0,AA
2314160,5,EC 301,4,7.0,BC
2314160,5,EC 302,3,7.0,BC
2314160,5,EC 303,4,9.0,AB
2314160,5,EC 304,4,9.0,AB
2314160,5,EC 305,3,8.0,BB
2314160,5,EC 306,3,7.0,BC
2314160,5,EC 311,2,9.0,AB
2314160,5,EC 312,2,9.0,AB
2314160,5,EC 313,2,10.0,AA
2314161,5,EC 301,4,7.0,BC
2314161,5,EC 302,3,4.0,DD
2314161,5,EC 303,4,4.0,DD
2314161,5,EC 304,4,7.0,BC
2314161,5,EC 305,NA,,NA
2314161,5,EC 306,3,7.0,BC
2314161,5,EC 311,2,9.0,AB
2314161,5,EC 312,2,9.0,AB
2314161,5,EC 313,2,10.0,AA
2314162,5,EC 301,4,4.0,DD
2314162,5,EC 302,3,4.0,DD
2314162,5,EC 303,4,0.0,F
2314162,5,EC 304,4,0.0,F
2314162,5,EC 305,3,0.0,F
2314162,5,EC 306,3,0.0,F
2314162,5,EC 311,2,8.0,BB
2314162,5,EC 312,2,9.0,AB
2314162,5,EC 313,2,8.0,BB
2314163,5,EC 301,4,0.0,F
2314163,5,EC 302,3,0.0,F
2314163,5,EC 303,4,0.0,F
2314163,5,EC 304,4,5.0,CD
2314163,5,EC 305,3,0.0,F
2314163,5,EC 306,3,5.0,CD
2314163,5,EC 311,2,9.0,AB
2314163,5,EC 312,2,9.0,AB
2314163,5,EC 313,2,9.0,AB
2314164,5,EC 301,4,6.0,CC
2314164,5,EC 302,3,6.0,CC
2314164,5,EC 303,4,6.0,CC
2314164,5,EC 304,4,7.0,BC
2314164,5,EC 305,3,6.0,CC
2314164,5,EC 306,3,5.0,CD
2314164,5,EC 311,2,10.0,AA
2314164,5,EC 312,2,10.0,AA
2314164,5,EC 313,2,10.0,AA
2314165,5,EC 301,4,10.0,AA
2314165,5,EC 302,3,10.0,AA
2314165,5,EC 303,4,10.0,AA
2314165,5,EC 304,4,10.0,AA
2314165,5,EC 305,3,10.0,AA
2314165,5,EC 306,3,10.0,AA
2314165,5,EC 311,2,10.0,AA
2314165,5,EC 312,2,10.0,AA
2314165,5,EC 313,2,10.0,AA
2314166,5,EC 301,4,9.0,AB
2314166,5,EC 302,3,10.0,AA
2314166,5,EC 303,4,10.0,AA
2314166,5,EC 304,4,8.0,BB
2314166,5,EC 305,3,8.0,BB
2314166,5,EC 306,3,9.0,AB
2314166,5,EC 311,2,10.0,AA
2314166,5,EC 312,2,10.0,AA
2314166,5,EC 313,2,9.0,AB
2314167,5,EC 301,4,9.0,AB
2314167,5,EC 302,3,9.0,AB
2314167,5,EC 303,4,9.0,AB
2314167,5,EC 304,4,9.0,AB
2314167,5,EC 305,3,9.0,AB
2314167,5,EC 306,3,8.0,BB
2314167,5,EC 311,2,10.0,AA
2314167,5,EC 312,2,10.0,AA
2314167,5,EC 313,2,9.0,AB
2314168,5,EC 301,4,10.0,AA
2314168,5,EC 302,3,9.0,AB
2314168,5,EC 303,4,9.0,AB
2314168,5,EC 304,4,10.0,AA
2314168,5,EC 305,3,9.0,AB
2314168,5,EC 306,3,10.0,AA
2314168,5,EC 311,2,10.0,AA
2314168,5,EC 312,2,10.0,AA
2314168,5,EC 313,2,10.0,AA
2314169,5,EC 301,4,8.0,BB
2314169,5,EC 302,3,7.0,BC
2314169,5,EC 303,4,5.0,CD
2314169,5,EC 304,4,7.0,BC
2314169,5,EC 305,3,7.0,BC
2314169,5,EC 306,3,7.0,BC
2314169,5,EC 311,2,10.0,AA
2314169,5,EC 312,2,10.0,AA
2314169,5,EC 313,2,8.0,BB
2314170,5,EC 301,4,10.0,AA
2314170,5,EC 302,3,9.0,AB
2314170,5,EC 303,4,9.0,AB
2314170,5,EC 304,4,10.0,AA
2314170,5,EC 305,3,9.0,AB
2314170,5,EC 306,3,10.0,AA
2314170,5,EC 311,2,10.0,AA
2314170,5,EC 312,2,10.0,AA
2314170,5,EC 313,2,10.0,AA
2314171,5,EC 301,4,9.0,AB
2314171,5,EC 302,3,8.0,BB
2314171,5,EC 303,4,10.0,AA
2314171,5,EC 304,4,8.0,BB
2314171,5,EC 305,3,9.0,AB
2314171,5,EC 306,3,8.0,BB
2314171,5,EC 311,2,10.0,AA
2314171,5,EC 312,2,8.0,BB
2314171,5,EC 313,2,10.0,AA
2314172,5,EC 301,4,7.0,BC
2314172,5,EC 302,3,8.0,BB
2314172,5,EC 303,4,7.0,BC
2314172,5,EC 304,4,7.0,BC
2314172,5,EC 305,3,8.0,BB
2314172,5,EC 306,3,6.0,CC
2314172,5,EC 311,2,10.0,AA
2314172,5,EC 312,2,10.0,AA
2314172,5,EC 313,2,10.0,AA
2314173,5,EC 301,4,9.0,AB
2314173,5,EC 302,3,8.0,BB
2314173,5,EC 303,4,10.0,AA
2314173,5,EC 304,4,9.0,AB
2314173,5,EC 305,3,10.0,AA
2314173,5,EC 306,3,9.0,AB
2314173,5,EC 311,2,10.0,AA
2314173,5,EC 312,2,10.0,AA
2314173,5,EC 313,2,10.0,AA
2314174,5,EC 301,4,7.0,BC
2314174,5,EC 302,3,8.0,BB
2314174,5,EC 303,4,9.0,AB
2314174,5,EC 304,4,10.0,AA
2314174,5,EC 305,3,7.0,BC
2314174,5,EC 306,3,8.0,BB
2314174,5,EC 311,2,10.0,AA
2314174,5,EC 312,2,9.0,AB
2314174,5,EC 313,2,10.0,AA
2314175,5,EC 301,4,7.0,BC
2314175,5,EC 302,3,8.0,BB
2314175,5,EC 303,4,6.0,CC
2314175,5,EC 304,4,7.0,BC
2314175,5,EC 305,3,8.0,BB
2314175,5,EC 306,3,6.0,CC
2314175,5,EC 311,2,9.0,AB
2314175,5,EC 312,2,10.0,AA
2314175,5,EC 313,2,10.0,AA
2314176,5,EC 301,4,10.0,AA
2314176,5,EC 302,3,10.0,AA
2314176,5,EC 303,4,9.0,AB
2314176,5,EC 304,4,10.0,AA
2314176,5,EC 305,3,10.0,AA
2314176,5,EC 306,3,8.0,BB
2314176,5,EC 311,2,9.0,AB
2314176,5,EC 312,2,9.0,AB
2314176,5,EC 313,2,10.0,AA
2314177,5,EC 301,4,8.0,BB
2314177,5,EC 302,3,7.0,BC
2314177,5,EC 303,4,9.0,AB
2314177,5,EC 304,4,10.0,AA
2314177,5,EC 305,3,8.0,BB
2314177,5,EC 306,3,8.0,BB
2314177,5,EC 311,2,10.0,AA
2314177,5,EC 312,2,9.0,AB
2314177,5,EC 313,2,10.0,AA
2314178,5,EC 301,4,10.0,AA
2314178,5,EC 302,3,10.0,AA
2314178,5,EC 303,4,10.0,AA
2314178,5,EC 304,4,10.0,AA
2314178,5,EC 305,3,9.0,AB
2314178,5,EC 306,3,9.0,AB
2314178,5,EC 311,2,9.0,AB
2314178,5,EC 312,2,10.0,AA
2314178,5,EC 313,2,10.0,AA
2314179,5,EC 301,4,10.0,AA
2314179,5,EC 302,3,10.0,AA
2314179,5,EC 303,4,10.0,AA
2314179,5,EC 304,4,10.0,AA
2314179,5,EC 305,3,9.0,AB
2314179,5,EC 306,3,9.0,AB
2314179,5,EC 311,2,10.0,AA
2314179,5,EC 312,2,9.0,AB
2314179,5,EC 313,2,10.0,AA
2314180,5,EC 301,4,9.0,AB
2314180,5,EC 302,3,9.0,AB
2314180,5,EC 303,4,10.0,AA
2314180,5,EC 304,4,10.0,AA
2314180,5,EC 305,3,10.0,AA
2314180,5,EC 306,3,10.0,AA
2314180,5,EC 311,2,10.0,AA
2314180,5,EC 312,2,9.0,AB
2314180,5,EC 313,2,10.0,AA
2314181,5,EC 301,4,8.0,BB
2314181,5,EC 302,3,8.0,BB
2314181,5,EC 303,4,9.0,AB
2314181,5,EC 304,4,9.0,AB
2314181,5,EC 305,3,9.0,AB
2314181,5,EC 306,3,8.0,BB
2314181,5,EC 311,2,10.0,AA
2314181,5,EC 312,2,8.0,BB
2314181,5,EC 313,2,10.0,AA
2314182,5,EC 301,4,10.0,AA
2314182,5,EC 302,3,9.0,AB
2314182,5,EC 303,4,9.0,AB
2314182,5,EC 304,4,10.0,AA
2314182,5,EC 305,3,9.0,AB
2314182,5,EC 306,3,9.0,AB
2314182,5,EC 311,2,10.0,AA
2314182,5,EC 312,2,10.0,AA
2314182,5,EC 313,2,10.0,AA
2315003,5,EI 301,4,10.0,AA
2315003,5,EI 302,4,8.0,BB
2315003,5,EI 303,3,7.0,BC
2315003,5,EI 304,4,10.0,AA
2315003,5,EI 305,4,9.0,AB
2315003,5,EI 311,2,9.0,AB
2315003,5,EI 312,2,9.0,AB
2315003,5,EI 313,2,8.0,BB
2315003,5,EI 314,3,8.0,BB
2315004,5,EI 301,4,9.0,AB
2315004,5,EI 302,4,7.0,BC
2315004,5,EI 303,3,7.0,BC
2315004,5,EI 304,4,8.0,BB
2315004,5,EI 305,4,6.0,CC
2315004,5,EI 311,2,9.0,AB
2315004,5,EI 312,2,10.0,AA
2315004,5,EI 313,2,8.0,BB
2315004,5,EI 314,3,8.0,BB
2315005,5,EI 301,4,10.0,AA
2315005,5,EI 302,4,10.0,AA
2315005,5,EI 303,3,10.0,AA
2315005,5,EI 304,4,10.0,AA
2315005,5,EI 305,4,10.0,AA
2315005,5,EI 311,2,10.0,AA
2315005,5,EI 312,2,10.0,AA
2315005,5,EI 313,2,9.0,AB
2315005,5,EI 314,3,10.0,AA
2315006,5,EI 301,4,9.0,AB
2315006,5,EI 302,4,9.0,AB
2315006,5,EI 303,3,8.0,BB
2315006,5,EI 304,4,9.0,AB
2315006,5,EI 305,4,8.0,BB
2315006,5,EI 311,2,9.0,AB
2315006,5,EI 312,2,10.0,AA
2315006,5,EI 313,2,9.0,AB
2315006,5,EI 314,3,8.0,BB
2315007,5,EI 301,4,10.0,AA
2315007,5,EI 302,4,10.0,AA
2315007,5,EI 303,3,9.0,AB
2315007,5,EI 304,4,10.0,AA
2315007,5,EI 305,4,10.0,AA
2315007,5,EI 311,2,10.0,AA
2315007,5,EI 312,2,10.0,AA
2315007,5,EI 313,2,10.0,AA
2315007,5,EI 314,3,10.0,AA
2315008,5,EI 301,4,9.0,AB
2315008,5,EI 302,4,7.0,BC
2315008,5,EI 303,3,8.0,BB
2315008,5,EI 304,4,8.0,BB
2315008,5,EI 305,4,10.0,AA
2315008,5,EI 311,2,10.0,AA
2315008,5,EI 312,2,10.0,AA
2315008,5,EI 313,2,9.0,AB
2315008,5,EI 314,3,9.0,AB
2315009,5,EI 301,4,10.0,AA
2315009,5,EI 302,4,9.0,AB
2315009,5,EI 303,3,10.0,AA
2315009,5,EI 304,4,10.0,AA
2315009,5,EI 305,4,10.0,AA
2315009,5,EI 311,2,10.0,AA
2315009,5,EI 312,2,10.0,AA
2315009,5,EI 313,2,10.0,AA
2315009,5,EI 314,3,10.0,AA
2315010,5,EI 301,4,8.0,BB
2315010,5,EI 302,4,9.0,AB
2315010,5,EI 303,3,8.0,BB
2315010,5,EI 304,4,10.0,AA
2315010,5,EI 305,4,10.0,AA
2315010,5,EI 311,2,9.0,AB
2315010,5,EI 312,2,10.0,AA
2315010,5,EI 313,2,9.0,AB
2315010,5,EI 314,3,9.0,AB
2315011,5,EI 301,4,9.0,AB
2315011,5,EI 302,4,9.0,AB
2315011,5,EI 303,3,8.0,BB
2315011,5,EI 304,4,9.0,AB
2315011,5,EI 305,4,9.0,AB
2315011,5,EI 311,2,10.0,AA
2315011,5,EI 312,2,10.0,AA
2315011,5,EI 313,2,9.0,AB
2315011,5,EI 314,3,9.0,AB
2315012,5,EI 301,4,9.0,AB
2315012,5,EI 302,4,8.0,BB
2315012,5,EI 303,3,8.0,BB
2315012,5,EI 304,4,10.0,AA
2315012,5,EI 305,4,9.0,AB
2315012,5,EI 311,2,10.0,AA
2315012,5,EI 312,2,10.0,AA
2315012,5,EI 313,2,9.0,AB
2315012,5,EI 314,3,8.0,BB
2315014,5,EI 301,4,8.0,BB
2315014,5,EI 302,4,8.0,BB
2315014,5,EI 303,3,8.0,BB
2315014,5,EI 304,4,8.0,BB
2315014,5,EI 305,4,9.0,AB
2315014,5,EI 311,2,10.0,AA
2315014,5,EI 312,2,10.0,AA
2315014,5,EI 313,2,9.0,AB
2315014,5,EI 314,3,8.0,BB
2315015,5,EI 301,4,7.0,BC
2315015,5,EI 302,4,7.0,BC
2315015,5,EI 303,3,5.0,CD
2315015,5,EI 304,4,8.0,BB
2315015,5,EI 305,4,7.0,BC
2315015,5,EI 311,2,9.0,AB
2315015,5,EI 312,2,9.0,AB
2315015,5,EI 313,2,9.0,AB
2315015,5,EI 314,3,7.0,BC
2315016,5,EI 301,4,10.0,AA
2315016,5,EI 302,4,9.0,AB
2315016,5,EI 303,3,10.0,AA
2315016,5,EI 304,4,9.0,AB
2315016,5,EI 305,4,9.0,AB
2315016,5,EI 311,2,9.0,AB
2315016,5,EI 312,2,8.0,BB
2315016,5,EI 313,2,9.0,AB
2315016,5,EI 314,3,8.0,BB
2315017,5,EI 301,4,9.0,AB
2315017,5,EI 302,4,9.0,AB
2315017,5,EI 303,3,8.0,BB
2315017,5,EI 304,4,8.0,BB
2315017,5,EI 305,4,9.0,AB
2315017,5,EI 311,2,10.0,AA
2315017,5,EI 312,2,10.0,AA
2315017,5,EI 313,2,9.0,AB
2315017,5,EI 314,3,8.0,BB
2315018,5,EI 301,4,9.0,AB
2315018,5,EI 302,4,9.0,AB
2315018,5,EI 303,3,6.0,CC
2315018,5,EI 304,4,9.0,AB
2315018,5,EI 305,4,9.0,AB
2315018,5,EI 311,2,10.0,AA
2315018,5,EI 312,2,10.0,AA
2315018,5,EI 313,2,9.0,AB
2315018,5,EI 314,3,8.0,BB
2315019,5,EI 301,4,9.0,AB
2315019,5,EI 302,4,8.0,BB
2315019,5,EI 303,3,7.0,BC
2315019,5,EI 304,4,9.0,AB
2315019,5,EI 305,4,9.0,AB
2315019,5,EI 311,2,9.0,AB
2315019,5,EI 312,2,10.0,AA
2315019,5,EI 313,2,8.0,BB
2315019,5,EI 314,3,9.0,AB
2315020,5,EI 301,4,9.0,AB
2315020,5,EI 302,4,7.0,BC
2315020,5,EI 303,3,7.0,BC
2315020,5,EI 304,4,8.0,BB
2315020,5,EI 305,4,9.0,AB
2315020,5,EI 311,2,9.0,AB
2315020,5,EI 312,2,10.0,AA
2315020,5,EI 313,2,8.0,BB
2315020,5,EI 314,3,9.0,AB
2315021,5,EI 301,4,9.0,AB
2315021,5,EI 302,4,8.0,BB
2315021,5,EI 303,3,8.0,BB
2315021,5,EI 304,4,7.0,BC
2315021,5,EI 305,4,9.0,AB
2315021,5,EI 311,2,10.0,AA
2315021,5,EI 312,2,10.0,AA
2315021,5,EI 313,2,10.0,AA
2315021,5,EI 314,3,9.0,AB
2315022,5,EI 301,4,8.0,BB
2315022,5,EI 302,4,9.0,AB
2315022,5,EI 303,3,8.0,BB
2315022,5,EI 304,4,9.0,AB
2315022,5,EI 305,4,8.0,BB
2315022,5,EI 311,2,10.0,AA
2315022,5,EI 312,2,10.0,AA
2315022,5,EI 313,2,9.0,AB
2315022,5,EI 314,3,9.0,AB
2315023,5,EI 301,4,10.0,AA
2315023,5,EI 302,4,10.0,AA
2315023,5,EI 303,3,9.0,AB
2315023,5,EI 304,4,8.0,BB
2315023,5,EI 305,4,9.0,AB
2315023,5,EI 311,2,10.0,AA
2315023,5,EI 312,2,10.0,AA
2315023,5,EI 313,2,9.0,AB
2315023,5,EI 314,3,9.0,AB
2315024,5,EI 301,4,8.0,BB
2315024,5,EI 302,4,8.0,BB
2315024,5,EI 303,3,7.0,BC
2315024,5,EI 304,4,9.0,AB
2315024,5,EI 305,4,8.0,BB
2315024,5,EI 311,2,10.0,AA
2315024,5,EI 312,2,10.0,AA
2315024,5,EI 313,2,10.0,AA
2315024,5,EI 314,3,9.0,AB
2315025,5,EI 301,4,9.0,AB
2315025,5,EI 302,4,9.0,AB
2315025,5,EI 303,3,8.0,BB
2315025,5,EI 304,4,10.0,AA
2315025,5,EI 305,4,9.0,AB
2315025,5,EI 311,2,10.0,AA
2315025,5,EI 312,2,10.0,AA
2315025,5,EI 313,2,9.0,AB
2315025,5,EI 314,3,9.0,AB
2315026,5,EI 301,4,7.0,BC
2315026,5,EI 302,4,7.0,BC
2315026,5,EI 303,3,5.0,CD
2315026,5,EI 304,4,6.0,CC
2315026,5,EI 305,4,6.0,CC
2315026,5,EI 311,2,9.0,AB
2315026,5,EI 312,2,10.0,AA
2315026,5,EI 313,2,9.0,AB
2315026,5,EI 314,3,6.0,CC
2315027,5,EI 301,4,9.0,AB
2315027,5,EI 302,4,8.0,BB
2315027,5,EI 303,3,8.0,BB
2315027,5,EI 304,4,10.0,AA
2315027,5,EI 305,4,9.0,AB
2315027,5,EI 311,2,10.0,AA
2315027,5,EI 312,2,10.0,AA
2315027,5,EI 313,2,10.0,AA
2315027,5,EI 314,3,9.0,AB
2315028,5,EI 301,4,10.0,AA
2315028,5,EI 302,4,10.0,AA
2315028,5,EI 303,3,10.0,AA
2315028,5,EI 304,4,9.0,AB
2315028,5,EI 305,4,9.0,AB
2315028,5,EI 311,2,10.0,AA
2315028,5,EI 312,2,10.0,AA
2315028,5,EI 313,2,10.0,AA
2315028,5,EI 314,3,10.0,AA
2315029,5,EI 301,4,8.0,BB
2315029,5,EI 302,4,6.0,CC
2315029,5,EI 303,3,5.0,CD
2315029,5,EI 304,4,8.0,BB
2315029,5,EI 305,4,6.0,CC
2315029,5,EI 311,2,9.0,AB
2315029,5,EI 312,2,9.0,AB
2315029,5,EI 313,2,7.0,BC
2315029,5,EI 314,3,7.0,BC
2315030,5,EI 301,4,8.0,BB
2315030,5,EI 302,4,9.0,AB
2315030,5,EI 303,3,9.0,AB
2315030,5,EI 304,4,8.0,BB
2315030,5,EI 305,4,8.0,BB
2315030,5,EI 311,2,10.0,AA
2315030,5,EI 312,2,10.0,AA
2315030,5,EI 313,2,10.0,AA
2315030,5,EI 314,3,10.0,AA
2315032,5,EI 301,4,9.0,AB
2315032,5,EI 302,4,9.0,AB
2315032,5,EI 303,3,6.0,CC
2315032,5,EI 304,4,9.0,AB
2315032,5,EI 305,4,8.0,BB
2315032,5,EI 311,2,9.0,AB
2315032,5,EI 312,2,10.0,AA
2315032,5,EI 313,2,9.0,AB
2315032,5,EI 314,3,9.0,AB
2315033,5,EI 301,4,6.0,CC
2315033,5,EI 302,4,7.0,BC
2315033,5,EI 303,3,7.0,BC
2315033,5,EI 304,4,8.0,BB
2315033,5,EI 305,4,7.0,BC
2315033,5,EI 311,2,9.0,AB
2315033,5,EI 312,2,8.0,BB
2315033,5,EI 313,2,8.0,BB
2315033,5,EI 314,3,8.0,BB
2315034,5,EI 301,4,9.0,AB
2315034,5,EI 302,4,9.0,AB
2315034,5,EI 303,3,8.0,BB
2315034,5,EI 304,4,10.0,AA
2315034,5,EI 305,4,9.0,AB
2315034,5,EI 311,2,9.0,AB
2315034,5,EI 312,2,10.0,AA
2315034,5,EI 313,2,10.0,AA
2315034,5,EI 314,3,10.0,AA
2315035,5,EI 301,4,9.0,AB
2315035,5,EI 302,4,9.0,AB
2315035,5,EI 303,3,8.0,BB
2315035,5,EI 304,4,10.0,AA
2315035,5,EI 305,4,7.0,BC
2315035,5,EI 311,2,10.0,AA
2315035,5,EI 312,2,10.0,AA
2315035,5,EI 313,2,9.0,AB
2315035,5,EI 314,3,9.0,AB
2315036,5,EI 301,4,9.0,AB
2315036,5,EI 302,4,9.0,AB
2315036,5,EI 303,3,9.0,AB
2315036,5,EI 304,4,10.0,AA
2315036,5,EI 305,4,8.0,BB
2315036,5,EI 311,2,10.0,AA
2315036,5,EI 312,2,10.0,AA
2315036,5,EI 313,2,9.0,AB
2315036,5,EI 314,3,9.0,AB
2315037,5,EI 301,4,7.0,BC
2315037,5,EI 302,4,10.0,AA
2315037,5,EI 303,3,8.0,BB
2315037,5,EI 304,4,10.0,AA
2315037,5,EI 305,4,8.0,BB
2315037,5,EI 311,2,10.0,AA
2315037,5,EI 312,2,10.0,AA
2315037,5,EI 313,2,10.0,AA
2315037,5,EI 314,3,9.0,AB
2315038,5,EI 301,4,9.0,AB
2315038,5,EI 302,4,8.0,BB
2315038,5,EI 303,3,8.0,BB
2315038,5,EI 304,4,9.0,AB
2315038,5,EI 305,4,9.0,AB
2315038,5,EI 311,2,10.0,AA
2315038,5,EI 312,2,10.0,AA
2315038,5,EI 313,2,9.0,AB
2315038,5,EI 314,3,9.0,AB
2315039,5,EI 301,4,8.0,BB
2315039,5,EI 302,4,9.0,AB
2315039,5,EI 303,3,9.0,AB
2315039,5,EI 304,4,9.0,AB
2315039,5,EI 305,4,9.0,AB
2315039,5,EI 311,2,10.0,AA
2315039,5,EI 312,2,10.0,AA
2315039,5,EI 313,2,9.0,AB
2315039,5,EI 314,3,9.0,AB
2315040,5,EI 301,4,9.0,AB
2315040,5,EI 302,4,10.0,AA
2315040,5,EI 303,3,7.0,BC
2315040,5,EI 304,4,9.0,AB
2315040,5,EI 305,4,10.0,AA
2315040,5,EI 311,2,10.0,AA
2315040,5,EI 312,2,9.0,AB
2315040,5,EI 313,2,10.0,AA
2315040,5,EI 314,3,9.0,AB
2315041,5,EI 301,4,10.0,AA
2315041,5,EI 302,4,10.0,AA
2315041,5,EI 303,3,9.0,AB
2315041,5,EI 304,4,10.0,AA
2315041,5,EI 305,4,10.0,AA
2315041,5,EI 311,2,10.0,AA
2315041,5,EI 312,2,10.0,AA
2315041,5,EI 313,2,10.0,AA
2315041,5,EI 314,3,10.0,AA
2315042,5,EI 301,4,10.0,AA
2315042,5,EI 302,4,10.0,AA
2315042,5,EI 303,3,5.0,CD
2315042,5,EI 304,4,9.0,AB
2315042,5,EI 305,4,9.0,AB
2315042,5,EI 311,2,10.0,AA
2315042,5,EI 312,2,9.0,AB
2315042,5,EI 313,2,9.0,AB
2315042,5,EI 314,3,9.0,AB
2315044,5,EI 301,4,4.0,DD
2315044,5,EI 302,4,6.0,CC
2315044,5,EI 303,3,6.0,CC
2315044,5,EI 304,4,7.0,BC
2315044,5,EI 305,4,6.0,CC
2315044,5,EI 311,2,9.0,AB
2315044,5,EI 312,2,8.0,BB
2315044,5,EI 313,2,7.0,BC
2315044,5,EI 314,3,8.0,BB
2315045,5,EI 301,4,8.0,BB
2315045,5,EI 302,4,7.0,BC
2315045,5,EI 303,3,7.0,BC
2315045,5,EI 304,4,8.0,BB
2315045,5,EI 305,4,7.0,BC
2315045,5,EI 311,2,9.0,AB
2315045,5,EI 312,2,10.0,AA
2315045,5,EI 313,2,9.0,AB
2315045,5,EI 314,3,9.0,AB
2315046,5,EI 301,4,9.0,AB
2315046,5,EI 302,4,9.0,AB
2315046,5,EI 303,3,8.0,BB
2315046,5,EI 304,4,9.0,AB
2315046,5,EI 305,4,9.0,AB
2315046,5,EI 311,2,10.0,AA
2315046,5,EI 312,2,10.0,AA
2315046,5,EI 313,2,9.0,AB
2315046,5,EI 314,3,10.0,AA
2315047,5,EI 301,4,6.0,CC
2315047,5,EI 302,4,7.0,BC
2315047,5,EI 303,3,6.0,CC
2315047,5,EI 304,4,7.0,BC
2315047,5,EI 305,4,6.0,CC
2315047,5,EI 311,2,9.0,AB
2315047,5,EI 312,2,9.0,AB
2315047,5,EI 313,2,8.0,BB
2315047,5,EI 314,3,9.0,AB
2315048,5,EI 301,4,10.0,AA
2315048,5,EI 302,4,8.0,BB
2315048,5,EI 303,3,8.0,BB
2315048,5,EI 304,4,10.0,AA
2315048,5,EI 305,4,9.0,AB
2315048,5,EI 311,2,10.0,AA
2315048,5,EI 312,2,9.0,AB
2315048,5,EI 313,2,9.0,AB
2315048,5,EI 314,3,8.0,BB
2315049,5,EI 301,4,9.0,AB
2315049,5,EI 302,4,9.0,AB
2315049,5,EI 303,3,8.0,BB
2315049,5,EI 304,4,9.0,AB
2315049,5,EI 305,4,8.0,BB
2315049,5,EI 311,2,9.0,AB
2315049,5,EI 312,2,10.0,AA
2315049,5,EI 313,2,9.0,AB
2315049,5,EI 314,3,9.0,AB
2315050,5,EI 301,4,6.0,CC
2315050,5,EI 302,4,10.0,AA
2315050,5,EI 303,3,7.0,BC
2315050,5,EI 304,4,8.0,BB
2315050,5,EI 305,4,9.0,AB
2315050,5,EI 311,2,10.0,AA
2315050,5,EI 312,2,10.0,AA
2315050,5,EI 313,2,10.0,AA
2315050,5,EI 314,3,10.0,AA
2315051,5,EI 301,4,10.0,AA
2315051,5,EI 302,4,9.0,AB
2315051,5,EI 303,3,7.0,BC
2315051,5,EI 304,4,9.0,AB
2315051,5,EI 305,4,8.0,BB
2315051,5,EI 311,2,10.0,AA
2315051,5,EI 312,2,10.0,AA
2315051,5,EI 313,2,9.0,AB
2315051,5,EI 314,3,10.0,AA
2315053,5,EI 301,4,8.0,BB
2315053,5,EI 302,4,9.0,AB
2315053,5,EI 303,3,8.0,BB
2315053,5,EI 304,4,10.0,AA
2315053,5,EI 305,4,9.0,AB
2315053,5,EI 311,2,10.0,AA
2315053,5,EI 312,2,9.0,AB
2315053,5,EI 313,2,10.0,AA
2315053,5,EI 314,3,10.0,AA
2315054,5,EI 301,4,9.0,AB
2315054,5,EI 302,4,8.0,BB
2315054,5,EI 303,3,8.0,BB
2315054,5,EI 304,4,9.0,AB
2315054,5,EI 305,4,8.0,BB
2315054,5,EI 311,2,10.0,AA
2315054,5,EI 312,2,10.0,AA
2315054,5,EI 313,2,9.0,AB
2315054,5,EI 314,3,9.0,AB
2315055,5,EI 301,4,9.0,AB
2315055,5,EI 302,4,8.0,BB
2315055,5,EI 303,3,9.0,AB
2315055,5,EI 304,4,9.0,AB
2315055,5,EI 305,4,9.0,AB
2315055,5,EI 311,2,10.0,AA
2315055,5,EI 312,2,10.0,AA
2315055,5,EI 313,2,9.0,AB
2315055,5,EI 314,3,10.0,AA
2315056,5,EI 301,4,10.0,AA
2315056,5,EI 302,4,9.0,AB
2315056,5,EI 303,3,7.0,BC
2315056,5,EI 304,4,9.0,AB
2315056,5,EI 305,4,9.0,AB
2315056,5,EI 311,2,9.0,AB
2315056,5,EI 312,2,10.0,AA
2315056,5,EI 313,2,9.0,AB
2315056,5,EI 314,3,9.0,AB
2315057,5,EI 301,4,10.0,AA
2315057,5,EI 302,4,9.0,AB
2315057,5,EI 303,3,7.0,BC
2315057,5,EI 304,4,8.0,BB
2315057,5,EI 305,4,10.0,AA
2315057,5,EI 311,2,10.0,AA
2315057,5,EI 312,2,10.0,AA
2315057,5,EI 313,2,9.0,AB
2315057,5,EI 314,3,9.0,AB
2315058,5,EI 301,4,9.0,AB
2315058,5,EI 302,4,9.0,AB
2315058,5,EI 303,3,8.0,BB
2315058,5,EI 304,4,9.0,AB
2315058,5,EI 305,4,8.0,BB
2315058,5,EI 311,2,10.0,AA
2315058,5,EI 312,2,10.0,AA
2315058,5,EI 313,2,8.0,BB
2315058,5,EI 314,3,9.0,AB
2315059,5,EI 301,4,9.0,AB
2315059,5,EI 302,4,8.0,BB
2315059,5,EI 303,3,9.0,AB
2315059,5,EI 304,4,9.0,AB
2315059,5,EI 305,4,8.0,BB
2315059,5,EI 311,2,10.0,AA
2315059,5,EI 312,2,10.0,AA
2315059,5,EI 313,2,9.0,AB
2315059,5,EI 314,3,9.0,AB
2315060,5,EI 301,4,8.0,BB
2315060,5,EI 302,4,9.0,AB
2315060,5,EI 303,3,7.0,BC
2315060,5,EI 304,4,10.0,AA
2315060,5,EI 305,4,9.0,AB
2315060,5,EI 311,2,10.0,AA
2315060,5,EI 312,2,10.0,AA
2315060,5,EI 313,2,8.0,BB
2315060,5,EI 314,3,9.0,AB
2315061,5,EI 301,4,6.0,CC
2315061,5,EI 302,4,9.0,AB
2315061,5,EI 303,3,7.0,BC
2315061,5,EI 304,4,9.0,AB
2315061,5,EI 305,4,8.0,BB
2315061,5,EI 311,2,8.0,BB
2315061,5,EI 312,2,5.0,CD
2315061,5,EI 313,2,7.0,BC
2315061,5,EI 314,3,8.0,BB
2315062,5,EI 301,4,6.0,CC
2315062,5,EI 302,4,7.0,BC
2315062,5,EI 303,3,4.0,DD
2315062,5,EI 304,4,7.0,BC
2315062,5,EI 305,4,5.0,CD
2315062,5,EI 311,2,9.0,AB
2315062,5,EI 312,2,9.0,AB
2315062,5,EI 313,2,8.0,BB
2315062,5,EI 314,3,8.0,BB
2315063,5,EI 301,4,10.0,AA
2315063,5,EI 302,4,9.0,AB
2315063,5,EI 303,3,7.0,BC
2315063,5,EI 304,4,10.0,AA
2315063,5,EI 305,4,9.0,AB
2315063,5,EI 311,2,10.0,AA
2315063,5,EI 312,2,10.0,AA
2315063,5,EI 313,2,10.0,AA
2315063,5,EI 314,3,10.0,AA
2315064,5,EI 301,4,7.0,BC
2315064,5,EI 302,4,10.0,AA
2315064,5,EI 303,3,8.0,BB
2315064,5,EI 304,4,9.0,AB
2315064,5,EI 305,4,9.0,AB
2315064,5,EI 311,2,10.0,AA
2315064,5,EI 312,2,10.0,AA
2315064,5,EI 313,2,10.0,AA
2315064,5,EI 314,3,9.0,AB
2315065,5,EI 301,4,7.0,BC
2315065,5,EI 302,4,8.0,BB
2315065,5,EI 303,3,7.0,BC
2315065,5,EI 304,4,10.0,AA
2315065,5,EI 305,4,8.0,BB
2315065,5,EI 311,2,10.0,AA
2315065,5,EI 312,2,10.0,AA
2315065,5,EI 313,2,9.0,AB
2315065,5,EI 314,3,10.0,AA
2315066,5,EI 301,4,8.0,BB
2315066,5,EI 302,4,9.0,AB
2315066,5,EI 303,3,8.0,BB
2315066,5,EI 304,4,8.0,BB
2315066,5,EI 305,4,8.0,BB
2315066,5,EI 311,2,10.0,AA
2315066,5,EI 312,2,10.0,AA
2315066,5,EI 313,2,9.0,AB
2315066,5,EI 314,3,9.0,AB
2315067,5,EI 301,4,6.0,CC
2315067,5,EI 302,4,6.0,CC
2315067,5,EI 303,3,5.0,CD
2315067,5,EI 304,4,8.0,BB
2315067,5,EI 305,4,7.0,BC
2315067,5,EI 311,2,10.0,AA
2315067,5,EI 312,2,10.0,AA
2315067,5,EI 313,2,7.0,BC
2315067,5,EI 314,3,8.0,BB
2315068,5,EI 301,4,8.0,BB
2315068,5,EI 302,4,7.0,BC
2315068,5,EI 303,3,7.0,BC
2315068,5,EI 304,4,8.0,BB
2315068,5,EI 305,4,7.0,BC
2315068,5,EI 311,2,9.0,AB
2315068,5,EI 312,2,10.0,AA
2315068,5,EI 313,2,8.0,BB
2315068,5,EI 314,3,7.0,BC
2315069,5,EI 301,4,9.0,AB
2315069,5,EI 302,4,7.0,BC
2315069,5,EI 303,3,6.0,CC
2315069,5,EI 304,4,9.0,AB
2315069,5,EI 305,4,8.0,BB
2315069,5,EI 311,2,10.0,AA
2315069,5,EI 312,2,10.0,AA
2315069,5,EI 313,2,8.0,BB
2315069,5,EI 314,3,8.0,BB
2315070,5,EI 301,4,10.0,AA
2315070,5,EI 302,4,9.0,AB
2315070,5,EI 303,3,9.0,AB
2315070,5,EI 304,4,10.0,AA
2315070,5,EI 305,4,10.0,AA
2315070,5,EI 311,2,10.0,AA
2315070,5,EI 312,2,10.0,AA
2315070,5,EI 313,2,9.0,AB
2315070,5,EI 314,3,9.0,AB
2315072,5,EI 301,4,8.0,BB
2315072,5,EI 302,4,8.0,BB
2315072,5,EI 303,3,7.0,BC
2315072,5,EI 304,4,8.0,BB
2315072,5,EI 305,4,7.0,BC
2315072,5,EI 311,2,10.0,AA
2315072,5,EI 312,2,10.0,AA
2315072,5,EI 313,2,8.0,BB
2315072,5,EI 314,3,9.0,AB
2315073,5,EI 301,4,8.0,BB
2315073,5,EI 302,4,9.0,AB
2315073,5,EI 303,3,6.0,CC
2315073,5,EI 304,4,10.0,AA
2315073,5,EI 305,4,8.0,BB
2315073,5,EI 311,2,10.0,AA
2315073,5,EI 312,2,9.0,AB
2315073,5,EI 313,2,10.0,AA
2315073,5,EI 314,3,9.0,AB
2315074,5,EI 301,4,9.0,AB
2315074,5,EI 302,4,8.0,BB
2315074,5,EI 303,3,6.0,CC
2315074,5,EI 304,4,9.0,AB
2315074,5,EI 305,4,7.0,BC
2315074,5,EI 311,2,10.0,AA
2315074,5,EI 312,2,10.0,AA
2315074,5,EI 313,2,9.0,AB
2315074,5,EI 314,3,9.0,AB
2315075,5,EI 301,4,7.0,BC
2315075,5,EI 302,4,8.0,BB
2315075,5,EI 303,3,6.0,CC
2315075,5,EI 304,4,8.0,BB
2315075,5,EI 305,4,7.0,BC
2315075,5,EI 311,2,9.0,AB
2315075,5,EI 312,2,9.0,AB
2315075,5,EI 313,2,8.0,BB
2315075,5,EI 314,3,8.0,BB
2315076,5,EI 301,4,8.0,BB
2315076,5,EI 302,4,9.0,AB
2315076,5,EI 303,3,8.0,BB
2315076,5,EI 304,4,9.0,AB
2315076,5,EI 305,4,9.0,AB
2315076,5,EI 311,2,10.0,AA
2315076,5,EI 312,2,10.0,AA
2315076,5,EI 313,2,9.0,AB
2315076,5,EI 314,3,9.0,AB
2315077,5,EI 301,4,9.0,AB
2315077,5,EI 302,4,10.0,AA
2315077,5,EI 303,3,7.0,BC
2315077,5,EI 304,4,9.0,AB
2315077,5,EI 305,4,9.0,AB
2315077,5,EI 311,2,10.0,AA
2315077,5,EI 312,2,10.0,AA
2315077,5,EI 313,2,9.0,AB
2315077,5,EI 314,3,9.0,AB
2315078,5,EI 301,4,10.0,AA
2315078,5,EI 302,4,8.0,BB
2315078,5,EI 303,3,7.0,BC
2315078,5,EI 304,4,10.0,AA
2315078,5,EI 305,4,9.0,AB
2315078,5,EI 311,2,9.0,AB
2315078,5,EI 312,2,10.0,AA
2315078,5,EI 313,2,8.0,BB
2315078,5,EI 314,3,9.0,AB
2315079,5,EI 301,4,7.0,BC
2315079,5,EI 302,4,7.0,BC
2315079,5,EI 303,3,6.0,CC
2315079,5,EI 304,4,7.0,BC
2315079,5,EI 305,4,6.0,CC
2315079,5,EI 311,2,9.0,AB
2315079,5,EI 312,2,9.0,AB
2315079,5,EI 313,2,9.0,AB
2315079,5,EI 314,3,7.0,BC
2315080,5,EI 301,4,8.0,BB
2315080,5,EI 302,4,8.0,BB
2315080,5,EI 303,3,7.0,BC
2315080,5,EI 304,4,10.0,AA
2315080,5,EI 305,4,7.0,BC
2315080,5,EI 311,2,9.0,AB
2315080,5,EI 312,2,10.0,AA
2315080,5,EI 313,2,8.0,BB
2315080,5,EI 314,3,9.0,AB
2315081,5,EI 301,4,8.0,BB
2315081,5,EI 302,4,9.0,AB
2315081,5,EI 303,3,7.0,BC
2315081,5,EI 304,4,10.0,AA
2315081,5,EI 305,4,8.0,BB
2315081,5,EI 311,2,10.0,AA
2315081,5,EI 312,2,9.0,AB
2315081,5,EI 313,2,9.0,AB
2315081,5,EI 314,3,9.0,AB
2315082,5,EI 301,4,8.0,BB
2315082,5,EI 302,4,8.0,BB
2315082,5,EI 303,3,6.0,CC
2315082,5,EI 304,4,8.0,BB
2315082,5,EI 305,4,7.0,BC
2315082,5,EI 311,2,10.0,AA
2315082,5,EI 312,2,9.0,AB
2315082,5,EI 313,2,9.0,AB
2315082,5,EI 314,3,9.0,AB
2315084,5,EI 301,4,9.0,AB
2315084,5,EI 302,4,10.0,AA
2315084,5,EI 303,3,7.0,BC
2315084,5,EI 304,4,10.0,AA
2315084,5,EI 305,4,9.0,AB
2315084,5,EI 311,2,10.0,AA
2315084,5,EI 312,2,10.0,AA
2315084,5,EI 313,2,9.0,AB
2315084,5,EI 314,3,9.0,AB
2315085,5,EI 301,4,9.0,AB
2315085,5,EI 302,4,9.0,AB
2315085,5,EI 303,3,8.0,BB
2315085,5,EI 304,4,10.0,AA
2315085,5,EI 305,4,9.0,AB
2315085,5,EI 311,2,9.0,AB
2315085,5,EI 312,2,9.0,AB
2315085,5,EI 313,2,10.0,AA
2315085,5,EI 314,3,8.0,BB
2315086,5,EI 301,4,9.0,AB
2315086,5,EI 302,4,9.0,AB
2315086,5,EI 303,3,8.0,BB
2315086,5,EI 304,4,9.0,AB
2315086,5,EI 305,4,8.0,BB
2315086,5,EI 311,2,10.0,AA
2315086,5,EI 312,2,10.0,AA
2315086,5,EI 313,2,9.0,AB
2315086,5,EI 314,3,10.0,AA
2315087,5,EI 301,4,9.0,AB
2315087,5,EI 302,4,8.0,BB
2315087,5,EI 303,3,9.0,AB
2315087,5,EI 304,4,9.0,AB
2315087,5,EI 305,4,9.0,AB
2315087,5,EI 311,2,10.0,AA
2315087,5,EI 312,2,10.0,AA
2315087,5,EI 313,2,9.0,AB
2315087,5,EI 314,3,9.0,AB
2315088,5,EI 301,4,9.0,AB
2315088,5,EI 302,4,8.0,BB
2315088,5,EI 303,3,7.0,BC
2315088,5,EI 304,4,8.0,BB
2315088,5,EI 305,4,9.0,AB
2315088,5,EI 311,2,9.0,AB
2315088,5,EI 312,2,8.0,BB
2315088,5,EI 313,2,9.0,AB
2315088,5,EI 314,3,8.0,BB
2315089,5,EI 301,4,9.0,AB
2315089,5,EI 302,4,8.0,BB
2315089,5,EI 303,3,7.0,BC
2315089,5,EI 304,4,9.0,AB
2315089,5,EI 305,4,7.0,BC
2315089,5,EI 311,2,10.0,AA
2315089,5,EI 312,2,9.0,AB
2315089,5,EI 313,2,7.0,BC
2315089,5,EI 314,3,10.0,AA
2315090,5,EI 301,4,10.0,AA
2315090,5,EI 302,4,9.0,AB
2315090,5,EI 303,3,8.0,BB
2315090,5,EI 304,4,10.0,AA
2315090,5,EI 305,4,9.0,AB
2315090,5,EI 311,2,10.0,AA
2315090,5,EI 312,2,10.0,AA
2315090,5,EI 313,2,10.0,AA
2315090,5,EI 314,3,9.0,AB
2315091,5,EI 301,4,9.0,AB
2315091,5,EI 302,4,8.0,BB
2315091,5,EI 303,3,8.0,BB
2315091,5,EI 304,4,9.0,AB
2315091,5,EI 305,4,9.0,AB
2315091,5,EI 311,2,10.0,AA
2315091,5,EI 312,2,10.0,AA
2315091,5,EI 313,2,9.0,AB
2315091,5,EI 314,3,9.0,AB
2315092,5,EI 301,4,7.0,BC
2315092,5,EI 302,4,7.0,BC
2315092,5,EI 303,3,7.0,BC
2315092,5,EI 304,4,9.0,AB
2315092,5,EI 305,4,7.0,BC
2315092,5,EI 311,2,10.0,AA
2315092,5,EI 312,2,8.0,BB
2315092,5,EI 313,2,8.0,BB
2315092,5,EI 314,3,8.0,BB
2315093,5,EI 301,4,9.0,AB
2315093,5,EI 302,4,8.0,BB
2315093,5,EI 303,3,7.0,BC
2315093,5,EI 304,4,8.0,BB
2315093,5,EI 305,4,8.0,BB
2315093,5,EI 311,2,10.0,AA
2315093,5,EI 312,2,9.0,AB
2315093,5,EI 313,2,9.0,AB
2315093,5,EI 314,3,9.0,AB
2315094,5,EI 301,4,8.0,BB
2315094,5,EI 302,4,7.0,BC
2315094,5,EI 303,3,6.0,CC
2315094,5,EI 304,4,8.0,BB
2315094,5,EI 305,4,7.0,BC
2315094,5,EI 311,2,9.0,AB
2315094,5,EI 312,2,9.0,AB
2315094,5,EI 313,2,7.0,BC
2315094,5,EI 314,3,7.0,BC
2315095,5,EI 301,4,7.0,BC
2315095,5,EI 302,4,6.0,CC
2315095,5,EI 303,3,7.0,BC
2315095,5,EI 304,4,9.0,AB
2315095,5,EI 305,4,7.0,BC
2315095,5,EI 311,2,10.0,AA
2315095,5,EI 312,2,10.0,AA
2315095,5,EI 313,2,10.0,AA
2315095,5,EI 314,3,8.0,BB
2315097,5,EI 301,4,10.0,AA
2315097,5,EI 302,4,10.0,AA
2315097,5,EI 303,3,8.0,BB
2315097,5,EI 304,4,10.0,AA
2315097,5,EI 305,4,9.0,AB
2315097,5,EI 311,2,10.0,AA
2315097,5,EI 312,2,10.0,AA
2315097,5,EI 313,2,9.0,AB
2315097,5,EI 314,3,9.0,AB
2315098,5,EI 301,4,9.0,AB
2315098,5,EI 302,4,9.0,AB
2315098,5,EI 303,3,9.0,AB
2315098,5,EI 304,4,9.0,AB
2315098,5,EI 305,4,10.0,AA
2315098,5,EI 311,2,9.0,AB
2315098,5,EI 312,2,10.0,AA
2315098,5,EI 313,2,8.0,BB
2315098,5,EI 314,3,9.0,AB
2315099,5,EI 301,4,7.0,BC
2315099,5,EI 302,4,7.0,BC
2315099,5,EI 303,3,8.0,BB
2315099,5,EI 304,4,8.0,BB
2315099,5,EI 305,4,8.0,BB
2315099,5,EI 311,2,10.0,AA
2315099,5,EI 312,2,10.0,AA
2315099,5,EI 313,2,9.0,AB
2315099,5,EI 314,3,8.0,BB
2315100,5,EI 301,4,6.0,CC
2315100,5,EI 302,4,5.0,CD
2315100,5,EI 303,3,8.0,BB
2315100,5,EI 304,4,6.0,CC
2315100,5,EI 305,4,6.0,CC
2315100,5,EI 311,2,9.0,AB
2315100,5,EI 312,2,8.0,BB
2315100,5,EI 313,2,9.0,AB
2315100,5,EI 314,3,9.0,AB
2315101,5,EI 301,4,9.0,AB
2315101,5,EI 302,4,9.0,AB
2315101,5,EI 303,3,10.0,AA
2315101,5,EI 304,4,10.0,AA
2315101,5,EI 305,4,10.0,AA
2315101,5,EI 311,2,10.0,AA
2315101,5,EI 312,2,9.0,AB
2315101,5,EI 313,2,10.0,AA
2315101,5,EI 314,3,10.0,AA
2315102,5,EI 301,4,9.0,AB
2315102,5,EI 302,4,10.0,AA
2315102,5,EI 303,3,7.0,BC
2315102,5,EI 304,4,9.0,AB
2315102,5,EI 305,4,7.0,BC
2315102,5,EI 311,2,9.0,AB
2315102,5,EI 312,2,8.0,BB
2315102,5,EI 313,2,8.0,BB
2315102,5,EI 314,3,9.0,AB
2315103,5,EI 301,4,10.0,AA
2315103,5,EI 302,4,9.0,AB
2315103,5,EI 303,3,8.0,BB
2315103,5,EI 304,4,10.0,AA
2315103,5,EI 305,4,10.0,AA
2315103,5,EI 311,2,10.0,AA
2315103,5,EI 312,2,10.0,AA
2315103,5,EI 313,2,9.0,AB
2315103,5,EI 314,3,8.0,BB
2315104,5,EI 301,4,10.0,AA
2315104,5,EI 302,4,10.0,AA
2315104,5,EI 303,3,9.0,AB
2315104,5,EI 304,4,10.0,AA
2315104,5,EI 305,4,10.0,AA
2315104,5,EI 311,2,10.0,AA
2315104,5,EI 312,2,10.0,AA
2315104,5,EI 313,2,10.0,AA
2315104,5,EI 314,3,10.0,AA
2315105,5,EI 301,4,10.0,AA
2315105,5,EI 302,4,9.0,AB
2315105,5,EI 303,3,8.0,BB
2315105,5,EI 304,4,10.0,AA
2315105,5,EI 305,4,9.0,AB
2315105,5,EI 311,2,10.0,AA
2315105,5,EI 312,2,10.0,AA
2315105,5,EI 313,2,10.0,AA
2315105,5,EI 314,3,9.0,AB
2315106,5,EI 301,4,8.0,BB
2315106,5,EI 302,4,9.0,AB
2315106,5,EI 303,3,7.0,BC
2315106,5,EI 304,4,10.0,AA
2315106,5,EI 305,4,10.0,AA
2315106,5,EI 311,2,10.0,AA
2315106,5,EI 312,2,9.0,AB
2315106,5,EI 313,2,9.0,AB
2315106,5,EI 314,3,10.0,AA
2315107,5,EI 301,4,7.0,BC
2315107,5,EI 302,4,9.0,AB
2315107,5,EI 303,3,8.0,BB
2315107,5,EI 304,4,10.0,AA
2315107,5,EI 305,4,9.0,AB
2315107,5,EI 311,2,10.0,AA
2315107,5,EI 312,2,9.0,AB
2315107,5,EI 313,2,10.0,AA
2315107,5,EI 314,3,9.0,AB
2315108,5,EI 301,4,9.0,AB
2315108,5,EI 302,4,9.0,AB
2315108,5,EI 303,3,7.0,BC
2315108,5,EI 304,4,10.0,AA
2315108,5,EI 305,4,9.0,AB
2315108,5,EI 311,2,10.0,AA
2315108,5,EI 312,2,10.0,AA
2315108,5,EI 313,2,9.0,AB
2315108,5,EI 314,3,9.0,AB
2316001,5,ME 301,4,7.0,BC
2316001,5,ME 302,4,7.0,BC
2316001,5,ME 303,4,6.0,CC
2316001,5,ME 304,4,7.0,BC
2316001,5,ME 305,3,8.0,BB
2316001,5,ME 306,3,9.0,AB
2316001,5,ME 311,2,8.0,BB
2316001,5,ME 312,2,10.0,AA
2316001,5,ME 313,2,9.0,AB
2316002,5,ME 301,4,6.0,CC
2316002,5,ME 302,4,7.0,BC
2316002,5,ME 303,4,6.0,CC
2316002,5,ME 304,4,5.0,CD
2316002,5,ME 305,3,7.0,BC
2316002,5,ME 306,3,8.0,BB
2316002,5,ME 311,2,8.0,BB
2316002,5,ME 312,2,10.0,AA
2316002,5,ME 313,2,10.0,AA
2316003,5,ME 301,4,7.0,BC
2316003,5,ME 302,4,7.0,BC
2316003,5,ME 303,4,6.0,CC
2316003,5,ME 304,4,7.0,BC
2316003,5,ME 305,3,7.0,BC
2316003,5,ME 306,3,8.0,BB
2316003,5,ME 311,2,8.0,BB
2316003,5,ME 312,2,10.0,AA
2316003,5,ME 313,2,10.0,AA
2316004,5,ME 301,4,8.0,BB
2316004,5,ME 302,4,7.0,BC
2316004,5,ME 303,4,8.0,BB
2316004,5,ME 304,4,7.0,BC
2316004,5,ME 305,3,9.0,AB
2316004,5,ME 306,3,10.0,AA
2316004,5,ME 311,2,8.0,BB
2316004,5,ME 312,2,10.0,AA
2316004,5,ME 313,2,10.0,AA
2316005,5,ME 301,4,0.0,F
2316005,5,ME 302,4,0.0,F
2316005,5,ME 303,4,0.0,F
2316005,5,ME 304,4,0.0,F
2316005,5,ME 305,3,0.0,F
2316005,5,ME 306,3,0.0,F
2316005,5,ME 311,2,8.0,BB
2316005,5,ME 312,2,7.0,BC
2316005,5,ME 313,2,8.0,BB
2316006,5,ME 301,4,0.0,F
2316006,5,ME 302,4,0.0,F
2316006,5,ME 303,4,0.0,F
2316006,5,ME 304,4,0.0,F
2316006,5,ME 305,3,0.0,F
2316006,5,ME 306,3,0.0,F
2316006,5,ME 311,2,8.0,BB
2316006,5,ME 312,2,8.0,BB
2316006,5,ME 313,2,8.0,BB
2316007,5,ME 301,4,6.0,CC
2316007,5,ME 302,4,6.0,CC
2316007,5,ME 303,4,4.0,DD
2316007,5,ME 304,4,8.0,BB
2316007,5,ME 305,3,6.0,CC
2316007,5,ME 306,3,8.0,BB
2316007,5,ME 311,2,8.0,BB
2316007,5,ME 312,2,9.0,AB
2316007,5,ME 313,2,10.0,AA
2316008,5,ME 301,4,9.0,AB
2316008,5,ME 302,4,8.0,BB
2316008,5,ME 303,4,8.0,BB
2316008,5,ME 304,4,9.0,AB
2316008,5,ME 305,3,10.0,AA
2316008,5,ME 306,3,9.0,AB
2316008,5,ME 311,2,8.0,BB
2316008,5,ME 312,2,10.0,AA
2316008,5,ME 313,2,10.0,AA
2316009,5,ME 301,4,8.0,BB
2316009,5,ME 302,4,9.0,AB
2316009,5,ME 303,4,9.0,AB
2316009,5,ME 304,4,9.0,AB
2316009,5,ME 305,3,9.0,AB
2316009,5,ME 306,3,8.0,BB
2316009,5,ME 311,2,9.0,AB
2316009,5,ME 312,2,10.0,AA
2316009,5,ME 313,2,10.0,AA
2316011,5,ME 301,4,8.0,BB
2316011,5,ME 302,4,7.0,BC
2316011,5,ME 303,4,6.0,CC
2316011,5,ME 304,4,7.0,BC
2316011,5,ME 305,3,0.0,I
2316011,5,ME 306,3,9.0,AB
2316011,5,ME 311,2,9.0,AB
2316011,5,ME 312,2,10.0,AA
2316011,5,ME 313,2,10.0,AA
2316012,5,ME 301,4,7.0,BC
2316012,5,ME 302,4,7.0,BC
2316012,5,ME 303,4,0.0,I
2316012,5,ME 304,4,7.0,BC
2316012,5,ME 305,3,7.0,BC
2316012,5,ME 306,3,8.0,BB
2316012,5,ME 311,2,9.0,AB
2316012,5,ME 312,2,10.0,AA
2316012,5,ME 313,2,10.0,AA
2316014,5,ME 301,4,5.0,CD
2316014,5,ME 302,4,7.0,BC
2316014,5,ME 303,4,6.0,CC
2316014,5,ME 304,4,6.0,CC
2316014,5,ME 305,3,7.0,BC
2316014,5,ME 306,3,7.0,BC
2316014,5,ME 311,2,8.0,BB
2316014,5,ME 312,2,10.0,AA
2316014,5,ME 313,2,10.0,AA
2316015,5,ME 301,4,5.0,CD
2316015,5,ME 302,4,7.0,BC
2316015,5,ME 303,4,8.0,BB
2316015,5,ME 304,4,7.0,BC
2316015,5,ME 305,3,7.0,BC
2316015,5,ME 306,3,8.0,BB
2316015,5,ME 311,2,10.0,AA
2316015,5,ME 312,2,10.0,AA
2316015,5,ME 313,2,10.0,AA
2316018,5,ME 301,4,7.0,BC
2316018,5,ME 302,4,6.0,CC
2316018,5,ME 303,4,7.0,BC
2316018,5,ME 304,4,7.0,BC
2316018,5,ME 305,3,6.0,CC
2316018,5,ME 306,3,6.0,CC
2316018,5,ME 311,2,8.0,BB
2316018,5,ME 312,2,9.0,AB
2316018,5,ME 313,2,10.0,AA
2316019,5,ME 301,4,7.0,BC
2316019,5,ME 302,4,7.0,BC
2316019,5,ME 303,4,8.0,BB
2316019,5,ME 304,4,7.0,BC
2316019,5,ME 305,3,7.0,BC
2316019,5,ME 306,3,6.0,CC
2316019,5,ME 311,2,8.0,BB
2316019,5,ME 312,2,10.0,AA
2316019,5,ME 313,2,10.0,AA
2316020,5,ME 301,4,8.0,BB
2316020,5,ME 302,4,8.0,BB
2316020,5,ME 303,4,9.0,AB
2316020,5,ME 304,4,9.0,AB
2316020,5,ME 305,3,8.0,BB
2316020,5,ME 306,3,7.0,BC
2316020,5,ME 311,2,8.0,BB
2316020,5,ME 312,2,10.0,AA
2316020,5,ME 313,2,10.0,AA
2316021,5,ME 301,4,7.0,BC
2316021,5,ME 302,4,6.0,CC
2316021,5,ME 303,4,8.0,BB
2316021,5,ME 304,4,9.0,AB
2316021,5,ME 305,3,8.0,BB
2316021,5,ME 306,3,8.0,BB
2316021,5,ME 311,2,9.0,AB
2316021,5,ME 312,2,10.0,AA
2316021,5,ME 313,2,10.0,AA
2316023,5,ME 301,4,7.0,BC
2316023,5,ME 302,4,7.0,BC
2316023,5,ME 303,4,5.0,CD
2316023,5,ME 304,4,7.0,BC
2316023,5,ME 305,3,5.0,CD
2316023,5,ME 306,3,9.0,AB
2316023,5,ME 311,2,8.0,BB
2316023,5,ME 312,2,10.0,AA
2316023,5,ME 313,2,10.0,AA
2316024,5,ME 301,4,7.0,BC
2316024,5,ME 302,4,6.0,CC
2316024,5,ME 303,4,7.0,BC
2316024,5,ME 304,4,9.0,AB
2316024,5,ME 305,3,6.0,CC
2316024,5,ME 306,3,6.0,CC
2316024,5,ME 311,2,8.0,BB
2316024,5,ME 312,2,10.0,AA
2316024,5,ME 313,2,10.0,AA
2316025,5,ME 301,4,0.0,F
2316025,5,ME 302,4,4.0,DD
2316025,5,ME 303,4,4.0,DD
2316025,5,ME 304,4,0.0,F
2316025,5,ME 305,3,6.0,CC
2316025,5,ME 306,3,6.0,CC
2316025,5,ME 311,2,9.0,AB
2316025,5,ME 312,2,9.0,AB
2316025,5,ME 313,2,10.0,AA
2316026,5,ME 301,4,7.0,BC
2316026,5,ME 302,4,8.0,BB
2316026,5,ME 303,4,8.0,BB
2316026,5,ME 304,4,8.0,BB
2316026,5,ME 305,3,9.0,AB
2316026,5,ME 306,3,8.0,BB
2316026,5,ME 311,2,9.0,AB
2316026,5,ME 312,2,10.0,AA
2316026,5,ME 313,2,10.0,AA
2316027,5,ME 301,4,8.0,BB
2316027,5,ME 302,4,7.0,BC
2316027,5,ME 303,4,8.0,BB
2316027,5,ME 304,4,7.0,BC
2316027,5,ME 305,3,9.0,AB
2316027,5,ME 306,3,9.0,AB
2316027,5,ME 311,2,9.0,AB
2316027,5,ME 312,2,10.0,AA
2316027,5,ME 313,2,10.0,AA
2316028,5,ME 301,4,7.0,BC
2316028,5,ME 302,4,7.0,BC
2316028,5,ME 303,4,7.0,BC
2316028,5,ME 304,4,8.0,BB
2316028,5,ME 305,3,9.0,AB
2316028,5,ME 306,3,8.0,BB
2316028,5,ME 311,2,8.0,BB
2316028,5,ME 312,2,10.0,AA
2316028,5,ME 313,2,10.0,AA
2316029,5,ME 301,4,7.0,BC
2316029,5,ME 302,4,6.0,CC
2316029,5,ME 303,4,6.0,CC
2316029,5,ME 304,4,6.0,CC
2316029,5,ME 305,3,7.0,BC
2316029,5,ME 306,3,8.0,BB
2316029,5,ME 311,2,8.0,BB
2316029,5,ME 312,2,10.0,AA
2316029,5,ME 313,2,10.0,AA
2316030,5,ME 301,4,9.0,AB
2316030,5,ME 302,4,7.0,BC
2316030,5,ME 303,4,8.0,BB
2316030,5,ME 304,4,8.0,BB
2316030,5,ME 305,3,9.0,AB
2316030,5,ME 306,3,8.0,BB
2316030,5,ME 311,2,9.0,AB
2316030,5,ME 312,2,10.0,AA
2316030,5,ME 313,2,10.0,AA
2316031,5,ME 301,4,9.0,AB
2316031,5,ME 302,4,8.0,BB
2316031,5,ME 303,4,7.0,BC
2316031,5,ME 304,4,8.0,BB
2316031,5,ME 305,3,10.0,AA
2316031,5,ME 306,3,8.0,BB
2316031,5,ME 311,2,9.0,AB
2316031,5,ME 312,2,10.0,AA
2316031,5,ME 313,2,10.0,AA
2316032,5,ME 301,4,5.0,CD
2316032,5,ME 302,4,4.0,DD
2316032,5,ME 303,4,4.0,DD
2316032,5,ME 304,4,5.0,CD
2316032,5,ME 305,3,6.0,CC
2316032,5,ME 306,3,8.0,BB
2316032,5,ME 311,2,8.0,BB
2316032,5,ME 312,2,9.0,AB
2316032,5,ME 313,2,10.0,AA
2316033,5,ME 301,4,5.0,CD
2316033,5,ME 302,4,5.0,CD
2316033,5,ME 303,4,5.0,CD
2316033,5,ME 304,4,5.0,CD
2316033,5,ME 305,3,5.0,CD
2316033,5,ME 306,3,7.0,BC
2316033,5,ME 311,2,8.0,BB
2316033,5,ME 312,2,8.0,BB
2316033,5,ME 313,2,9.0,AB
2316034,5,ME 301,4,6.0,CC
2316034,5,ME 302,4,7.0,BC
2316034,5,ME 303,4,6.0,CC
2316034,5,ME 304,4,6.0,CC
2316034,5,ME 305,3,7.0,BC
2316034,5,ME 306,3,7.0,BC
2316034,5,ME 311,2,9.0,AB
2316034,5,ME 312,2,10.0,AA
2316034,5,ME 313,2,10.0,AA
2316035,5,ME 301,4,6.0,CC
2316035,5,ME 302,4,6.0,CC
2316035,5,ME 303,4,7.0,BC
2316035,5,ME 304,4,7.0,BC
2316035,5,ME 305,3,8.0,BB
2316035,5,ME 306,3,8.0,BB
2316035,5,ME 311,2,10.0,AA
2316035,5,ME 312,2,10.0,AA
2316035,5,ME 313,2,10.0,AA
2316036,5,ME 301,4,8.0,BB
2316036,5,ME 302,4,7.0,BC
2316036,5,ME 303,4,10.0,AA
2316036,5,ME 304,4,10.0,AA
2316036,5,ME 305,3,9.0,AB
2316036,5,ME 306,3,10.0,AA
2316036,5,ME 311,2,9.0,AB
2316036,5,ME 312,2,10.0,AA
2316036,5,ME 313,2,10.0,AA
2316037,5,ME 301,4,4.0,DD
2316037,5,ME 302,4,6.0,CC
2316037,5,ME 303,4,7.0,BC
2316037,5,ME 304,4,6.0,CC
2316037,5,ME 305,3,7.0,BC
2316037,5,ME 306,3,8.0,BB
2316037,5,ME 311,2,9.0,AB
2316037,5,ME 312,2,10.0,AA
2316037,5,ME 313,2,10.0,AA
2316038,5,ME 301,4,7.0,BC
2316038,5,ME 302,4,7.0,BC
2316038,5,ME 303,4,8.0,BB
2316038,5,ME 304,4,7.0,BC
2316038,5,ME 305,3,7.0,BC
2316038,5,ME 306,3,9.0,AB
2316038,5,ME 311,2,8.0,BB
2316038,5,ME 312,2,10.0,AA
2316038,5,ME 313,2,10.0,AA
2316039,5,ME 301,4,8.0,BB
2316039,5,ME 302,4,8.0,BB
2316039,5,ME 303,4,6.0,CC
2316039,5,ME 304,4,8.0,BB
2316039,5,ME 305,3,9.0,AB
2316039,5,ME 306,3,10.0,AA
2316039,5,ME 311,2,10.0,AA
2316039,5,ME 312,2,10.0,AA
2316039,5,ME 313,2,10.0,AA
2316040,5,ME 301,4,5.0,CD
2316040,5,ME 302,4,6.0,CC
2316040,5,ME 303,4,5.0,CD
2316040,5,ME 304,4,4.0,DD
2316040,5,ME 305,3,8.0,BB
2316040,5,ME 306,3,6.0,CC
2316040,5,ME 311,2,8.0,BB
2316040,5,ME 312,2,10.0,AA
2316040,5,ME 313,2,10.0,AA
2316041,5,ME 301,4,4.0,DD
2316041,5,ME 302,4,0.0,F
2316041,5,ME 303,4,5.0,CD
2316041,5,ME 304,4,0.0,F
2316041,5,ME 305,3,6.0,CC
2316041,5,ME 306,3,7.0,BC
2316041,5,ME 311,2,8.0,BB
2316041,5,ME 312,2,10.0,AA
2316041,5,ME 313,2,10.0,AA
2316043,5,ME 301,4,5.0,CD
2316043,5,ME 302,4,4.0,DD
2316043,5,ME 303,4,5.0,CD
2316043,5,ME 304,4,4.0,DD
2316043,5,ME 305,3,0.0,I
2316043,5,ME 306,3,8.0,BB
2316043,5,ME 311,2,9.0,AB
2316043,5,ME 312,2,8.0,BB
2316043,5,ME 313,2,9.0,AB
2316044,5,ME 301,4,9.0,AB
2316044,5,ME 302,4,7.0,BC
2316044,5,ME 303,4,7.0,BC
2316044,5,ME 304,4,7.0,BC
2316044,5,ME 305,3,9.0,AB
2316044,5,ME 306,3,9.0,AB
2316044,5,ME 311,2,10.0,AA
2316044,5,ME 312,2,10.0,AA
2316044,5,ME 313,2,10.0,AA
2316047,5,ME 301,4,7.0,BC
2316047,5,ME 302,4,8.0,BB
2316047,5,ME 303,4,5.0,CD
2316047,5,ME 304,4,7.0,BC
2316047,5,ME 305,3,7.0,BC
2316047,5,ME 306,3,9.0,AB
2316047,5,ME 311,2,9.0,AB
2316047,5,ME 312,2,9.0,AB
2316047,5,ME 313,2,10.0,AA
2316048,5,ME 301,4,8.0,BB
2316048,5,ME 302,4,7.0,BC
2316048,5,ME 303,4,8.0,BB
2316048,5,ME 304,4,9.0,AB
2316048,5,ME 305,3,9.0,AB
2316048,5,ME 306,3,9.0,AB
2316048,5,ME 311,2,9.0,AB
2316048,5,ME 312,2,9.0,AB
2316048,5,ME 313,2,10.0,AA
2316049,5,ME 301,4,7.0,BC
2316049,5,ME 302,4,7.0,BC
2316049,5,ME 303,4,5.0,CD
2316049,5,ME 304,4,6.0,CC
2316049,5,ME 305,3,8.0,BB
2316049,5,ME 306,3,9.0,AB
2316049,5,ME 311,2,9.0,AB
2316049,5,ME 312,2,9.0,AB
2316049,5,ME 313,2,10.0,AA
2316050,5,ME 301,4,5.0,CD
2316050,5,ME 302,4,4.0,DD
2316050,5,ME 303,4,6.0,CC
2316050,5,ME 304,4,6.0,CC
2316050,5,ME 305,3,5.0,CD
2316050,5,ME 306,3,5.0,CD
2316050,5,ME 311,2,8.0,BB
2316050,5,ME 312,2,9.0,AB
2316050,5,ME 313,2,9.0,AB
2316051,5,ME 301,4,7.0,BC
2316051,5,ME 302,4,8.0,BB
2316051,5,ME 303,4,8.0,BB
2316051,5,ME 304,4,9.0,AB
2316051,5,ME 305,3,7.0,BC
2316051,5,ME 306,3,8.0,BB
2316051,5,ME 311,2,8.0,BB
2316051,5,ME 312,2,9.0,AB
2316051,5,ME 313,2,10.0,AA
2316052,5,ME 301,4,9.0,AB
2316052,5,ME 302,4,8.0,BB
2316052,5,ME 303,4,10.0,AA
2316052,5,ME 304,4,10.0,AA
2316052,5,ME 305,3,8.0,BB
2316052,5,ME 306,3,10.0,AA
2316052,5,ME 311,2,10.0,AA
2316052,5,ME 312,2,10.0,AA
2316052,5,ME 313,2,10.0,AA
2316053,5,ME 301,4,7.0,BC
2316053,5,ME 302,4,7.0,BC
2316053,5,ME 303,4,7.0,BC
2316053,5,ME 304,4,6.0,CC
2316053,5,ME 305,3,7.0,BC
2316053,5,ME 306,3,9.0,AB
2316053,5,ME 311,2,9.0,AB
2316053,5,ME 312,2,10.0,AA
2316053,5,ME 313,2,10.0,AA
2316054,5,ME 301,4,7.0,BC
2316054,5,ME 302,4,8.0,BB
2316054,5,ME 303,4,8.0,BB
2316054,5,ME 304,4,7.0,BC
2316054,5,ME 305,3,8.0,BB
2316054,5,ME 306,3,9.0,AB
2316054,5,ME 311,2,9.0,AB
2316054,5,ME 312,2,10.0,AA
2316054,5,ME 313,2,10.0,AA
2316055,5,ME 301,4,7.0,BC
2316055,5,ME 302,4,7.0,BC
2316055,5,ME 303,4,7.0,BC
2316055,5,ME 304,4,7.0,BC
2316055,5,ME 305,3,7.0,BC
2316055,5,ME 306,3,6.0,CC
2316055,5,ME 311,2,9.0,AB
2316055,5,ME 312,2,9.0,AB
2316055,5,ME 313,2,10.0,AA
2316056,5,ME 301,4,8.0,BB
2316056,5,ME 302,4,9.0,AB
2316056,5,ME 303,4,8.0,BB
2316056,5,ME 304,4,8.0,BB
2316056,5,ME 305,3,8.0,BB
2316056,5,ME 306,3,9.0,AB
2316056,5,ME 311,2,10.0,AA
2316056,5,ME 312,2,10.0,AA
2316056,5,ME 313,2,10.0,AA
2316057,5,ME 301,4,7.0,BC
2316057,5,ME 302,4,8.0,BB
2316057,5,ME 303,4,0.0,I
2316057,5,ME 304,4,7.0,BC
2316057,5,ME 305,3,8.0,BB
2316057,5,ME 306,3,8.0,BB
2316057,5,ME 311,2,10.0,AA
2316057,5,ME 312,2,9.0,AB
2316057,5,ME 313,2,10.0,AA
2316058,5,ME 301,4,7.0,BC
2316058,5,ME 302,4,8.0,BB
2316058,5,ME 303,4,8.0,BB
2316058,5,ME 304,4,8.0,BB
2316058,5,ME 305,3,7.0,BC
2316058,5,ME 306,3,9.0,AB
2316058,5,ME 311,2,9.0,AB
2316058,5,ME 312,2,9.0,AB
2316058,5,ME 313,2,10.0,AA
2316061,5,ME 301,4,4.0,DD
2316061,5,ME 302,4,5.0,CD
2316061,5,ME 303,4,4.0,DD
2316061,5,ME 304,4,0.0,F
2316061,5,ME 305,3,6.0,CC
2316061,5,ME 306,3,6.0,CC
2316061,5,ME 311,2,8.0,BB
2316061,5,ME 312,2,9.0,AB
2316061,5,ME 313,2,9.0,AB
2316062,5,ME 301,4,6.0,CC
2316062,5,ME 302,4,6.0,CC
2316062,5,ME 303,4,6.0,CC
2316062,5,ME 304,4,4.0,DD
2316062,5,ME 305,3,7.0,BC
2316062,5,ME 306,3,8.0,BB
2316062,5,ME 311,2,9.0,AB
2316062,5,ME 312,2,9.0,AB
2316062,5,ME 313,2,9.0,AB
2316063,5,ME 301,4,9.0,AB
2316063,5,ME 302,4,8.0,BB
2316063,5,ME 303,4,8.0,BB
2316063,5,ME 304,4,10.0,AA
2316063,5,ME 305,3,8.0,BB
2316063,5,ME 306,3,10.0,AA
2316063,5,ME 311,2,10.0,AA
2316063,5,ME 312,2,10.0,AA
2316063,5,ME 313,2,10.0,AA
2316064,5,ME 301,4,7.0,BC
2316064,5,ME 302,4,8.0,BB
2316064,5,ME 303,4,5.0,CD
2316064,5,ME 304,4,8.0,BB
2316064,5,ME 305,3,9.0,AB
2316064,5,ME 306,3,8.0,BB
2316064,5,ME 311,2,10.0,AA
2316064,5,ME 312,2,9.0,AB
2316064,5,ME 313,2,10.0,AA
2316065,5,ME 301,4,8.0,BB
2316065,5,ME 302,4,8.0,BB
2316065,5,ME 303,4,9.0,AB
2316065,5,ME 304,4,8.0,BB
2316065,5,ME 305,3,8.0,BB
2316065,5,ME 306,3,9.0,AB
2316065,5,ME 311,2,10.0,AA
2316065,5,ME 312,2,9.0,AB
2316065,5,ME 313,2,9.0,AB
2316066,5,ME 301,4,9.0,AB
2316066,5,ME 302,4,9.0,AB
2316066,5,ME 303,4,10.0,AA
2316066,5,ME 304,4,10.0,AA
2316066,5,ME 305,3,10.0,AA
2316066,5,ME 306,3,10.0,AA
2316066,5,ME 311,2,10.0,AA
2316066,5,ME 312,2,10.0,AA
2316066,5,ME 313,2,10.0,AA
2316067,5,ME 301,4,7.0,BC
2316067,5,ME 302,4,7.0,BC
2316067,5,ME 303,4,8.0,BB
2316067,5,ME 304,4,6.0,CC
2316067,5,ME 305,3,9.0,AB
2316067,5,ME 306,3,8.0,BB
2316067,5,ME 311,2,10.0,AA
2316067,5,ME 312,2,9.0,AB
2316067,5,ME 313,2,10.0,AA
2316068,5,ME 301,4,7.0,BC
2316068,5,ME 302,4,8.0,BB
2316068,5,ME 303,4,9.0,AB
2316068,5,ME 304,4,8.0,BB
2316068,5,ME 305,3,9.0,AB
2316068,5,ME 306,3,9.0,AB
2316068,5,ME 311,2,10.0,AA
2316068,5,ME 312,2,9.0,AB
2316068,5,ME 313,2,10.0,AA
2316069,5,ME 301,4,5.0,CD
2316069,5,ME 302,4,4.0,DD
2316069,5,ME 303,4,6.0,CC
2316069,5,ME 304,4,6.0,CC
2316069,5,ME 305,3,6.0,CC
2316069,5,ME 306,3,6.0,CC
2316069,5,ME 311,2,9.0,AB
2316069,5,ME 312,2,8.0,BB
2316069,5,ME 313,2,10.0,AA
2316070,5,ME 301,4,6.0,CC
2316070,5,ME 302,4,7.0,BC
2316070,5,ME 303,4,6.0,CC
2316070,5,ME 304,4,5.0,CD
2316070,5,ME 305,3,8.0,BB
2316070,5,ME 306,3,7.0,BC
2316070,5,ME 311,2,10.0,AA
2316070,5,ME 312,2,9.0,AB
2316070,5,ME 313,2,10.0,AA
2316071,5,ME 301,4,9.0,AB
2316071,5,ME 302,4,10.0,AA
2316071,5,ME 303,4,8.0,BB
2316071,5,ME 304,4,8.0,BB
2316071,5,ME 305,3,10.0,AA
2316071,5,ME 306,3,9.0,AB
2316071,5,ME 311,2,9.0,AB
2316071,5,ME 312,2,9.0,AB
2316071,5,ME 313,2,10.0,AA
2316072,5,ME 301,4,7.0,BC
2316072,5,ME 302,4,7.0,BC
2316072,5,ME 303,4,8.0,BB
2316072,5,ME 304,4,8.0,BB
2316072,5,ME 305,3,10.0,AA
2316072,5,ME 306,3,8.0,BB
2316072,5,ME 311,2,10.0,AA
2316072,5,ME 312,2,9.0,AB
2316072,5,ME 313,2,10.0,AA
2316073,5,ME 301,4,6.0,CC
2316073,5,ME 302,4,7.0,BC
2316073,5,ME 303,4,8.0,BB
2316073,5,ME 304,4,7.0,BC
2316073,5,ME 305,3,9.0,AB
2316073,5,ME 306,3,9.0,AB
2316073,5,ME 311,2,9.0,AB
2316073,5,ME 312,2,10.0,AA
2316073,5,ME 313,2,10.0,AA
2316074,5,ME 301,4,8.0,BB
2316074,5,ME 302,4,8.0,BB
2316074,5,ME 303,4,8.0,BB
2316074,5,ME 304,4,9.0,AB
2316074,5,ME 305,3,9.0,AB
2316074,5,ME 306,3,8.0,BB
2316074,5,ME 311,2,9.0,AB
2316074,5,ME 312,2,10.0,AA
2316074,5,ME 313,2,10.0,AA
2316075,5,ME 301,4,6.0,CC
2316075,5,ME 302,4,6.0,CC
2316075,5,ME 303,4,8.0,BB
2316075,5,ME 304,4,7.0,BC
2316075,5,ME 305,3,7.0,BC
2316075,5,ME 306,3,7.0,BC
2316075,5,ME 311,2,9.0,AB
2316075,5,ME 312,2,9.0,AB
2316075,5,ME 313,2,10.0,AA
2316076,5,ME 301,4,8.0,BB
2316076,5,ME 302,4,6.0,CC
2316076,5,ME 303,4,7.0,BC
2316076,5,ME 304,4,7.0,BC
2316076,5,ME 305,3,8.0,BB
2316076,5,ME 306,3,5.0,CD
2316076,5,ME 311,2,9.0,AB
2316076,5,ME 312,2,9.0,AB
2316076,5,ME 313,2,10.0,AA
2316077,5,ME 301,4,10.0,AA
2316077,5,ME 302,4,8.0,BB
2316077,5,ME 303,4,9.0,AB
2316077,5,ME 304,4,9.0,AB
2316077,5,ME 305,3,8.0,BB
2316077,5,ME 306,3,10.0,AA
2316077,5,ME 311,2,9.0,AB
2316077,5,ME 312,2,10.0,AA
2316077,5,ME 313,2,10.0,AA
2316078,5,ME 301,4,6.0,CC
2316078,5,ME 302,4,6.0,CC
2316078,5,ME 303,4,5.0,CD
2316078,5,ME 304,4,7.0,BC
2316078,5,ME 305,3,9.0,AB
2316078,5,ME 306,3,7.0,BC
2316078,5,ME 311,2,10.0,AA
2316078,5,ME 312,2,9.0,AB
2316078,5,ME 313,2,10.0,AA
2316079,5,ME 301,4,7.0,BC
2316079,5,ME 302,4,8.0,BB
2316079,5,ME 303,4,8.0,BB
2316079,5,ME 304,4,7.0,BC
2316079,5,ME 305,3,9.0,AB
2316079,5,ME 306,3,8.0,BB
2316079,5,ME 311,2,10.0,AA
2316079,5,ME 312,2,10.0,AA
2316079,5,ME 313,2,10.0,AA
2316080,5,ME 301,4,7.0,BC
2316080,5,ME 302,4,6.0,CC
2316080,5,ME 303,4,7.0,BC
2316080,5,ME 304,4,7.0,BC
2316080,5,ME 305,3,7.0,BC
2316080,5,ME 306,3,8.0,BB
2316080,5,ME 311,2,10.0,AA
2316080,5,ME 312,2,9.0,AB
2316080,5,ME 313,2,10.0,AA
2316082,5,ME 301,4,6.0,CC
2316082,5,ME 302,4,8.0,BB
2316082,5,ME 303,4,6.0,CC
2316082,5,ME 304,4,6.0,CC
2316082,5,ME 305,3,7.0,BC
2316082,5,ME 306,3,7.0,BC
2316082,5,ME 311,2,9.0,AB
2316082,5,ME 312,2,10.0,AA
2316082,5,ME 313,2,10.0,AA
2316083,5,ME 301,4,8.0,BB
2316083,5,ME 302,4,9.0,AB
2316083,5,ME 303,4,8.0,BB
2316083,5,ME 304,4,9.0,AB
2316083,5,ME 305,3,9.0,AB
2316083,5,ME 306,3,8.0,BB
2316083,5,ME 311,2,9.0,AB
2316083,5,ME 312,2,10.0,AA
2316083,5,ME 313,2,10.0,AA
2316084,5,ME 301,4,7.0,BC
2316084,5,ME 302,4,6.0,CC
2316084,5,ME 303,4,6.0,CC
2316084,5,ME 304,4,6.0,CC
2316084,5,ME 305,3,8.0,BB
2316084,5,ME 306,3,9.0,AB
2316084,5,ME 311,2,9.0,AB
2316084,5,ME 312,2,10.0,AA
2316084,5,ME 313,2,10.0,AA
2316085,5,ME 301,4,7.0,BC
2316085,5,ME 302,4,8.0,BB
2316085,5,ME 303,4,7.0,BC
2316085,5,ME 304,4,6.0,CC
2316085,5,ME 305,3,7.0,BC
2316085,5,ME 306,3,7.0,BC
2316085,5,ME 311,2,10.0,AA
2316085,5,ME 312,2,10.0,AA
2316085,5,ME 313,2,8.0,BB
2316087,5,ME 301,4,7.0,BC
2316087,5,ME 302,4,8.0,BB
2316087,5,ME 303,4,7.0,BC
2316087,5,ME 304,4,5.0,CD
2316087,5,ME 305,3,7.0,BC
2316087,5,ME 306,3,8.0,BB
2316087,5,ME 311,2,9.0,AB
2316087,5,ME 312,2,10.0,AA
2316087,5,ME 313,2,9.0,AB
2316088,5,ME 301,4,4.0,DD
2316088,5,ME 302,4,4.0,DD
2316088,5,ME 303,4,4.0,DD
2316088,5,ME 304,4,5.0,CD
2316088,5,ME 305,3,7.0,BC
2316088,5,ME 306,3,6.0,CC
2316088,5,ME 311,2,9.0,AB
2316088,5,ME 312,2,10.0,AA
2316088,5,ME 313,2,10.0,AA
2316089,5,ME 301,4,6.0,CC
2316089,5,ME 302,4,8.0,BB
2316089,5,ME 303,4,7.0,BC
2316089,5,ME 304,4,5.0,CD
2316089,5,ME 305,3,5.0,CD
2316089,5,ME 306,3,9.0,AB
2316089,5,ME 311,2,9.0,AB
2316089,5,ME 312,2,10.0,AA
2316089,5,ME 313,2,10.0,AA
2316090,5,ME 301,4,6.0,CC
2316090,5,ME 302,4,0.0,F
2316090,5,ME 303,4,0.0,F
2316090,5,ME 304,4,0.0,I
2316090,5,ME 305,3,0.0,F
2316090,5,ME 306,3,7.0,BC
2316090,5,ME 311,2,7.0,BC
2316090,5,ME 312,2,0.0,F
2316090,5,ME 313,2,7.0,BC
2316091,5,ME 301,4,7.0,BC
2316091,5,ME 302,4,8.0,BB
2316091,5,ME 303,4,5.0,CD
2316091,5,ME 304,4,6.0,CC
2316091,5,ME 305,3,6.0,CC
2316091,5,ME 306,3,7.0,BC
2316091,5,ME 311,2,8.0,BB
2316091,5,ME 312,2,10.0,AA
2316091,5,ME 313,2,10.0,AA
2316093,5,ME 301,4,7.0,BC
2316093,5,ME 302,4,8.0,BB
2316093,5,ME 303,4,9.0,AB
2316093,5,ME 304,4,6.0,CC
2316093,5,ME 305,3,7.0,BC
2316093,5,ME 306,3,7.0,BC
2316093,5,ME 311,2,9.0,AB
2316093,5,ME 312,2,9.0,AB
2316093,5,ME 313,2,10.0,AA
2316094,5,ME 301,4,4.0,DD
2316094,5,ME 302,4,7.0,BC
2316094,5,ME 303,4,6.0,CC
2316094,5,ME 304,4,6.0,CC
2316094,5,ME 305,3,8.0,BB
2316094,5,ME 306,3,8.0,BB
2316094,5,ME 311,2,9.0,AB
2316094,5,ME 312,2,10.0,AA
2316094,5,ME 313,2,10.0,AA
2316095,5,ME 301,4,10.0,AA
2316095,5,ME 302,4,10.0,AA
2316095,5,ME 303,4,9.0,AB
2316095,5,ME 304,4,9.0,AB
2316095,5,ME 305,3,10.0,AA
2316095,5,ME 306,3,10.0,AA
2316095,5,ME 311,2,10.0,AA
2316095,5,ME 312,2,10.0,AA
2316095,5,ME 313,2,10.0,AA
2316096,5,ME 301,4,7.0,BC
2316096,5,ME 302,4,7.0,BC
2316096,5,ME 303,4,6.0,CC
2316096,5,ME 304,4,6.0,CC
2316096,5,ME 305,3,7.0,BC
2316096,5,ME 306,3,7.0,BC
2316096,5,ME 311,2,9.0,AB
2316096,5,ME 312,2,9.0,AB
2316096,5,ME 313,2,10.0,AA
2316097,5,ME 301,4,9.0,AB
2316097,5,ME 302,4,9.0,AB
2316097,5,ME 303,4,8.0,BB
2316097,5,ME 304,4,7.0,BC
2316097,5,ME 305,3,10.0,AA
2316097,5,ME 306,3,10.0,AA
2316097,5,ME 311,2,9.0,AB
2316097,5,ME 312,2,10.0,AA
2316097,5,ME 313,2,10.0,AA
2316098,5,ME 301,4,8.0,BB
2316098,5,ME 302,4,9.0,AB
2316098,5,ME 303,4,7.0,BC
2316098,5,ME 304,4,6.0,CC
2316098,5,ME 305,3,8.0,BB
2316098,5,ME 306,3,7.0,BC
2316098,5,ME 311,2,9.0,AB
2316098,5,ME 312,2,10.0,AA
2316098,5,ME 313,2,10.0,AA
2316099,5,ME 301,4,9.0,AB
2316099,5,ME 302,4,10.0,AA
2316099,5,ME 303,4,10.0,AA
2316099,5,ME 304,4,9.0,AB
2316099,5,ME 305,3,10.0,AA
2316099,5,ME 306,3,10.0,AA
2316099,5,ME 311,2,9.0,AB
2316099,5,ME 312,2,10.0,AA
2316099,5,ME 313,2,10.0,AA
2316100,5,ME 301,4,6.0,CC
2316100,5,ME 302,4,8.0,BB
2316100,5,ME 303,4,7.0,BC
2316100,5,ME 304,4,7.0,BC
2316100,5,ME 305,3,9.0,AB
2316100,5,ME 306,3,8.0,BB
2316100,5,ME 311,2,9.0,AB
2316100,5,ME 312,2,10.0,AA
2316100,5,ME 313,2,10.0,AA
2316101,5,ME 301,4,6.0,CC
2316101,5,ME 302,4,6.0,CC
2316101,5,ME 303,4,4.0,DD
2316101,5,ME 304,4,5.0,CD
2316101,5,ME 305,3,8.0,BB
2316101,5,ME 306,3,7.0,BC
2316101,5,ME 311,2,9.0,AB
2316101,5,ME 312,2,9.0,AB
2316101,5,ME 313,2,10.0,AA
2316102,5,ME 301,4,6.0,CC
2316102,5,ME 302,4,7.0,BC
2316102,5,ME 303,4,5.0,CD
2316102,5,ME 304,4,4.0,DD
2316102,5,ME 305,3,6.0,CC
2316102,5,ME 306,3,6.0,CC
2316102,5,ME 311,2,8.0,BB
2316102,5,ME 312,2,10.0,AA
2316102,5,ME 313,2,10.0,AA
2316103,5,ME 301,4,8.0,BB
2316103,5,ME 302,4,9.0,AB
2316103,5,ME 303,4,9.0,AB
2316103,5,ME 304,4,7.0,BC
2316103,5,ME 305,3,10.0,AA
2316103,5,ME 306,3,9.0,AB
2316103,5,ME 311,2,9.0,AB
2316103,5,ME 312,2,10.0,AA
2316103,5,ME 313,2,10.0,AA
2316106,5,ME 301,4,7.0,BC
2316106,5,ME 302,4,7.0,BC
2316106,5,ME 303,4,6.0,CC
2316106,5,ME 304,4,6.0,CC
2316106,5,ME 305,3,7.0,BC
2316106,5,ME 306,3,7.0,BC
2316106,5,ME 311,2,9.0,AB
2316106,5,ME 312,2,10.0,AA
2316106,5,ME 313,2,10.0,AA
2316107,5,ME 301,4,9.0,AB
2316107,5,ME 302,4,9.0,AB
2316107,5,ME 303,4,9.0,AB
2316107,5,ME 304,4,8.0,BB
2316107,5,ME 305,3,10.0,AA
2316107,5,ME 306,3,10.0,AA
2316107,5,ME 311,2,9.0,AB
2316107,5,ME 312,2,10.0,AA
2316107,5,ME 313,2,10.0,AA
2316108,5,ME 301,4,7.0,BC
2316108,5,ME 302,4,8.0,BB
2316108,5,ME 303,4,10.0,AA
2316108,5,ME 304,4,7.0,BC
2316108,5,ME 305,3,9.0,AB
2316108,5,ME 306,3,7.0,BC
2316108,5,ME 311,2,9.0,AB
2316108,5,ME 312,2,10.0,AA
2316108,5,ME 313,2,10.0,AA
2316109,5,ME 301,4,6.0,CC
2316109,5,ME 302,4,8.0,BB
2316109,5,ME 303,4,6.0,CC
2316109,5,ME 304,4,6.0,CC
2316109,5,ME 305,3,10.0,AA
2316109,5,ME 306,3,7.0,BC
2316109,5,ME 311,2,9.0,AB
2316109,5,ME 312,2,10.0,AA
2316109,5,ME 313,2,10.0,AA
2316110,5,ME 301,4,0.0,F
2316110,5,ME 302,4,5.0,CD
2316110,5,ME 303,4,4.0,DD
2316110,5,ME 304,4,0.0,F
2316110,5,ME 305,3,6.0,CC
2316110,5,ME 306,3,6.0,CC
2316110,5,ME 311,2,9.0,AB
2316110,5,ME 312,2,9.0,AB
2316110,5,ME 313,2,9.0,AB
2316111,5,ME 301,4,7.0,BC
2316111,5,ME 302,4,8.0,BB
2316111,5,ME 303,4,7.0,BC
2316111,5,ME 304,4,6.0,CC
2316111,5,ME 305,3,8.0,BB
2316111,5,ME 306,3,8.0,BB
2316111,5,ME 311,2,9.0,AB
2316111,5,ME 312,2,9.0,AB
2316111,5,ME 313,2,10.0,AA
2316112,5,ME 301,4,7.0,BC
2316112,5,ME 302,4,8.0,BB
2316112,5,ME 303,4,7.0,BC
2316112,5,ME 304,4,7.0,BC
2316112,5,ME 305,3,7.0,BC
2316112,5,ME 306,3,9.0,AB
2316112,5,ME 311,2,9.0,AB
2316112,5,ME 312,2,10.0,AA
2316112,5,ME 313,2,10.0,AA
2316114,5,ME 301,4,9.0,AB
2316114,5,ME 302,4,10.0,AA
2316114,5,ME 303,4,10.0,AA
2316114,5,ME 304,4,9.0,AB
2316114,5,ME 305,3,9.0,AB
2316114,5,ME 306,3,9.0,AB
2316114,5,ME 311,2,10.0,AA
2316114,5,ME 312,2,10.0,AA
2316114,5,ME 313,2,10.0,AA
2316115,5,ME 301,4,6.0,CC
2316115,5,ME 302,4,8.0,BB
2316115,5,ME 303,4,7.0,BC
2316115,5,ME 304,4,7.0,BC
2316115,5,ME 305,3,7.0,BC
2316115,5,ME 306,3,8.0,BB
2316115,5,ME 311,2,9.0,AB
2316115,5,ME 312,2,10.0,AA
2316115,5,ME 313,2,10.0,AA
2316116,5,ME 301,4,6.0,CC
2316116,5,ME 302,4,8.0,BB
2316116,5,ME 303,4,7.0,BC
2316116,5,ME 304,4,7.0,BC
2316116,5,ME 305,3,0.0,I
2316116,5,ME 306,3,9.0,AB
2316116,5,ME 311,2,9.0,AB
2316116,5,ME 312,2,9.0,AB
2316116,5,ME 313,2,9.0,AB
2316117,5,ME 301,4,9.0,AB
2316117,5,ME 302,4,9.0,AB
2316117,5,ME 303,4,10.0,AA
2316117,5,ME 304,4,9.0,AB
2316117,5,ME 305,3,9.0,AB
2316117,5,ME 306,3,9.0,AB
2316117,5,ME 311,2,9.0,AB
2316117,5,ME 312,2,10.0,AA
2316117,5,ME 313,2,10.0,AA
2316118,5,ME 301,4,10.0,AA
2316118,5,ME 302,4,9.0,AB
2316118,5,ME 303,4,10.0,AA
2316118,5,ME 304,4,8.0,BB
2316118,5,ME 305,3,9.0,AB
2316118,5,ME 306,3,10.0,AA
2316118,5,ME 311,2,10.0,AA
2316118,5,ME 312,2,10.0,AA
2316118,5,ME 313,2,10.0,AA
2316119,5,ME 301,4,5.0,CD
2316119,5,ME 302,4,4.0,DD
2316119,5,ME 303,4,0.0,F
2316119,5,ME 304,4,0.0,F
2316119,5,ME 305,3,0.0,F
2316119,5,ME 306,3,8.0,BB
2316119,5,ME 311,2,9.0,AB
2316119,5,ME 312,2,9.0,AB
2316119,5,ME 313,2,10.0,AA
2316120,5,ME 301,4,6.0,CC
2316120,5,ME 302,4,5.0,CD
2316120,5,ME 303,4,5.0,CD
2316120,5,ME 304,4,5.0,CD
2316120,5,ME 305,3,9.0,AB
2316120,5,ME 306,3,6.0,CC
2316120,5,ME 311,2,9.0,AB
2316120,5,ME 312,2,10.0,AA
2316120,5,ME 313,2,10.0,AA
2316121,5,None,NA,,NA
2316121,5,None,NA,0.0,NA
2316121,5,ME 301,NA,,F
2316121,5,None,NA,,NA
2316121,5,None,4,5.0,NA
2316121,5,None,NA,,CD
2316121,5,None,NA,,NA
2316121,5,ME 302,NA,0.0,NA
2316121,5,None,NA,,F
2316121,5,None,NA,,NA
2316121,5,None,NA,5.0,NA
2316121,5,None,NA,,CD
2316121,5,ME 303,NA,,NA
2316121,5,None,NA,5.0,NA
2316121,5,None,4,,CD
2316121,5,None,NA,,NA
2316121,5,None,NA,4.0,NA
2316121,5,ME 304,NA,,DD
2316121,5,None,NA,,NA
2316121,5,None,4,8.0,NA
2316121,5,None,NA,,BB
2316121,5,None,NA,,NA
2316121,5,ME 305,NA,10.0,NA
2316121,5,None,NA,,AA
2316121,5,None,NA,,NA
2316121,5,None,NA,10.0,NA
2316121,5,None,NA,,AA
2316121,5,ME 306,NA,,NA
2316121,5,None,NA,123.0,NA
2316121,5,None,3,,4.39
2316121,5,None,NA,,NA
2316121,5,None,NA,5.07,NA
2316121,5,ME 311,NA,,NA
2316121,5,None,NA,,NA
2316121,5,None,NA,,NA
2316121,5,None,NA,,NA
2316121,5,None,NA,,NA
2316121,5,ME 312,NA,,NA
2316121,5,None,NA,,NA
2316121,5,None,NA,,NA
2316121,5,None,NA,,NA
2316121,5,None,NA,,NA
2316121,5,ME 313,NA,,NA
2316121,5,None,NA,,NA
2316121,5,None,NA,,NA
2316121,5,None,NA,,NA
2316121,5,None,NA,,NA
2316122,5,None,NA,,NA
2316122,5,None,NA,9.0,NA
2316122,5,ME 301,NA,,AB
2316122,5,None,NA,,NA
2316122,5,None,4,10.0,NA
2316122,5,None,NA,,AA
2316122,5,None,NA,,NA
2316122,5,ME 302,NA,7.0,NA
2316122,5,None,NA,,BC
2316122,5,None,NA,,NA
2316122,5,None,NA,8.0,NA
2316122,5,None,NA,,BB
2316122,5,ME 303,NA,,NA
2316122,5,None,NA,10.0,NA
2316122,5,None,4,,AA
2316122,5,None,NA,,NA
2316122,5,None,NA,7.0,NA
2316122,5,ME 304,NA,,BC
2316122,5,None,NA,,NA
2316122,5,None,4,9.0,NA
2316122,5,None,NA,,AB
2316122,5,None,NA,,NA
2316122,5,ME 305,NA,9.0,NA
2316122,5,None,NA,,AB
2316122,5,None,NA,,NA
2316122,5,None,NA,10.0,NA
2316122,5,None,NA,,AA
2316122,5,ME 306,NA,,NA
2316122,5,None,NA,243.0,NA
2316122,5,None,3,,8.68
2316122,5,None,NA,,NA
2316122,5,None,NA,7.56,NA
2316122,5,ME 311,NA,,NA
2316122,5,None,NA,,NA
2316122,5,None,NA,,NA
2316122,5,None,NA,,NA
2316122,5,None,NA,,NA
2316122,5,ME 312,NA,,NA
2316122,5,None,NA,,NA
2316122,5,None,NA,,NA
2316122,5,None,NA,,NA
2316122,5,None,NA,,NA
2316122,5,ME 313,NA,,NA
2316122,5,None,NA,,NA
2316122,5,None,NA,,NA
2316122,5,None,NA,,NA
2316122,5,None,NA,,NA
2316123,5,None,NA,,NA
2316123,5,None,NA,8.0,NA
2316123,5,ME 301,NA,,BB
2316123,5,None,NA,,NA
2316123,5,None,4,8.0,NA
2316123,5,None,NA,,BB
2316123,5,None,NA,,NA
2316123,5,ME 302,NA,7.0,NA
2316123,5,None,NA,,BC
2316123,5,None,NA,,NA
2316123,5,None,NA,7.0,NA
2316123,5,None,NA,,BC
2316123,5,ME 303,NA,,NA
2316123,5,None,NA,9.0,NA
2316123,5,None,4,,AB
2316123,5,None,NA,,NA
2316123,5,None,NA,7.0,NA
2316123,5,ME 304,NA,,BC
2316123,5,None,NA,,NA
2316123,5,None,4,9.0,NA
2316123,5,None,NA,,AB
2316123,5,None,NA,,NA
2316123,5,ME 305,NA,10.0,NA
2316123,5,None,NA,,AA
2316123,5,None,NA,,NA
2316123,5,None,NA,10.0,NA
2316123,5,None,NA,,AA
2316123,5,ME 306,NA,,NA
2316123,5,None,NA,226.0,NA
2316123,5,None,3,,8.07
2316123,5,None,NA,,NA
2316123,5,None,NA,8.01,NA
2316123,5,ME 311,NA,,NA
2316123,5,None,NA,,NA
2316123,5,None,NA,,NA
2316123,5,None,NA,,NA
2316123,5,None,NA,,NA
2316123,5,ME 312,NA,,NA
2316123,5,None,NA,,NA
2316123,5,None,NA,,NA
2316123,5,None,NA,,NA
2316123,5,None,NA,,NA
2316123,5,ME 313,NA,,NA
2316123,5,None,NA,,NA
2316123,5,None,NA,,NA
2316123,5,None,NA,,NA
2316123,5,None,NA,,NA
2316125,5,None,NA,,NA
2316125,5,None,NA,6.0,NA
2316125,5,ME 301,NA,,CC
2316125,5,None,NA,,NA
2316125,5,None,4,6.0,NA
2316125,5,None,NA,,CC
2316125,5,None,NA,,NA
2316125,5,ME 302,NA,6.0,NA
2316125,5,None,NA,,CC
2316125,5,None,NA,,NA
2316125,5,None,NA,6.0,NA
2316125,5,None,NA,,CC
2316125,5,ME 303,NA,,NA
2316125,5,None,NA,4.0,NA
2316125,5,None,4,,DD
2316125,5,None,NA,,NA
2316125,5,None,NA,7.0,NA
2316125,5,ME 304,NA,,BC
2316125,5,None,NA,,NA
2316125,5,None,4,9.0,NA
2316125,5,None,NA,,AB
2316125,5,None,NA,,NA
2316125,5,ME 305,NA,10.0,NA
2316125,5,None,NA,,AA
2316125,5,None,NA,,NA
2316125,5,None,NA,10.0,NA
2316125,5,None,NA,,AA
2316125,5,ME 306,NA,,NA
2316125,5,None,NA,187.0,NA
2316125,5,None,3,,6.68
2316125,5,None,NA,,NA
2316125,5,None,NA,6.42,NA
2316125,5,ME 311,NA,,NA
2316125,5,None,NA,,NA
2316125,5,None,NA,,NA
2316125,5,None,NA,,NA
2316125,5,None,NA,,NA
2316125,5,ME 312,NA,,NA
2316125,5,None,NA,,NA
2316125,5,None,NA,,NA
2316125,5,None,NA,,NA
2316125,5,None,NA,,NA
2316125,5,ME 313,NA,,NA
2316125,5,None,NA,,NA
2316125,5,None,NA,,NA
2316125,5,None,NA,,NA
2316125,5,None,NA,,NA
2316126,5,None,NA,,NA
2316126,5,None,NA,7.0,NA
2316126,5,ME 301,NA,,BC
2316126,5,None,NA,,NA
2316126,5,None,4,7.0,NA
2316126,5,None,NA,,BC
2316126,5,None,NA,,NA
2316126,5,ME 302,NA,7.0,NA
2316126,5,None,NA,,BC
2316126,5,None,NA,,NA
2316126,5,None,NA,6.0,NA
2316126,5,None,NA,,CC
2316126,5,ME 303,NA,,NA
2316126,5,None,NA,7.0,NA
2316126,5,None,4,,BC
2316126,5,None,NA,,NA
2316126,5,None,NA,7.0,NA
2316126,5,ME 304,NA,,BC
2316126,5,None,NA,,NA
2316126,5,None,4,9.0,NA
2316126,5,None,NA,,AB
2316126,5,None,NA,,NA
2316126,5,ME 305,NA,9.0,NA
2316126,5,None,NA,,AB
2316126,5,None,NA,,NA
2316126,5,None,NA,10.0,NA
2316126,5,None,NA,,AA
2316126,5,ME 306,NA,,NA
2316126,5,None,NA,206.0,NA
2316126,5,None,3,,7.36
2316126,5,None,NA,,NA
2316126,5,None,NA,6.77,NA
2316126,5,ME 311,NA,,NA
2316126,5,None,NA,,NA
2316126,5,None,NA,,NA
2316126,5,None,NA,,NA
2316126,5,None,NA,,NA
2316126,5,ME 312,NA,,NA
2316126,5,None,NA,,NA
2316126,5,None,NA,,NA
2316126,5,None,NA,,NA
2316126,5,None,NA,,NA
2316126,5,ME 313,NA,,NA
2316126,5,None,NA,,NA
2316126,5,None,NA,,NA
2316126,5,None,NA,,NA
2316126,5,None,NA,,NA
2316127,5,None,NA,,NA
2316127,5,None,NA,9.0,NA
2316127,5,ME 301,NA,,AB
2316127,5,None,NA,,NA
2316127,5,None,4,8.0,NA
2316127,5,None,NA,,BB
2316127,5,None,NA,,NA
2316127,5,ME 302,NA,8.0,NA
2316127,5,None,NA,,BB
2316127,5,None,NA,,NA
2316127,5,None,NA,8.0,NA
2316127,5,None,NA,,BB
2316127,5,ME 303,NA,,NA
2316127,5,None,NA,8.0,NA
2316127,5,None,4,,BB
2316127,5,None,NA,,NA
2316127,5,None,NA,9.0,NA
2316127,5,ME 304,NA,,AB
2316127,5,None,NA,,NA
2316127,5,None,4,8.0,NA
2316127,5,None,NA,,BB
2316127,5,None,NA,,NA
2316127,5,ME 305,NA,9.0,NA
2316127,5,None,NA,,AB
2316127,5,None,NA,,NA
2316127,5,None,NA,6.0,NA
2316127,5,None,NA,,CC
2316127,5,ME 306,NA,,NA
2316127,5,None,NA,229.0,NA
2316127,5,None,3,,8.18
2316127,5,None,NA,,NA
2316127,5,None,NA,7.64,NA
2316127,5,ME 311,NA,,NA
2316127,5,None,NA,,NA
2316127,5,None,NA,,NA
2316127,5,None,NA,,NA
2316127,5,None,NA,,NA
2316127,5,ME 312,NA,,NA
2316127,5,None,NA,,NA
2316127,5,None,NA,,NA
2316127,5,None,NA,,NA
2316127,5,None,NA,,NA
2316127,5,ME 313,NA,,NA
2316127,5,None,NA,,NA
2316127,5,None,NA,,NA
2316127,5,None,NA,,NA
2316127,5,None,NA,,NA
2316128,5,None,NA,,NA
2316128,5,None,NA,6.0,NA
2316128,5,ME 301,NA,,CC
2316128,5,None,NA,,NA
2316128,5,None,4,7.0,NA
2316128,5,None,NA,,BC
2316128,5,None,NA,,NA
2316128,5,ME 302,NA,6.0,NA
2316128,5,None,NA,,CC
2316128,5,None,NA,,NA
2316128,5,None,NA,5.0,NA
2316128,5,None,NA,,CD
2316128,5,ME 303,NA,,NA
2316128,5,None,NA,8.0,NA
2316128,5,None,4,,BB
2316128,5,None,NA,,NA
2316128,5,None,NA,9.0,NA
2316128,5,ME 304,NA,,AB
2316128,5,None,NA,,NA
2316128,5,None,4,9.0,NA
2316128,5,None,NA,,AB
2316128,5,None,NA,,NA
2316128,5,ME 305,NA,9.0,NA
2316128,5,None,NA,,AB
2316128,5,None,NA,,NA
2316128,5,None,NA,10.0,NA
2316128,5,None,NA,,AA
2316128,5,ME 306,NA,,NA
2316128,5,None,NA,203.0,NA
2316128,5,None,3,,7.25
2316128,5,None,NA,,NA
2316128,5,None,NA,6.68,NA
2316128,5,ME 311,NA,,NA
2316128,5,None,NA,,NA
2316128,5,None,NA,,NA
2316128,5,None,NA,,NA
2316128,5,None,NA,,NA
2316128,5,ME 312,NA,,NA
2316128,5,None,NA,,NA
2316128,5,None,NA,,NA
2316128,5,None,NA,,NA
2316128,5,None,NA,,NA
2316128,5,ME 313,NA,,NA
2316128,5,None,NA,,NA
2316128,5,None,NA,,NA
2316128,5,None,NA,,NA
2316128,5,None,NA,,NA
2316129,5,None,NA,,NA
2316129,5,None,NA,5.0,NA
2316129,5,ME 301,NA,,CD
2316129,5,None,NA,,NA
2316129,5,None,4,5.0,NA
2316129,5,None,NA,,CD
2316129,5,None,NA,,NA
2316129,5,ME 302,NA,0.0,NA
2316129,5,None,NA,,F
2316129,5,None,NA,,NA
2316129,5,None,NA,4.0,NA
2316129,5,None,NA,,DD
2316129,5,ME 303,NA,,NA
2316129,5,None,NA,6.0,NA
2316129,5,None,4,,CC
2316129,5,None,NA,,NA
2316129,5,None,NA,0.0,NA
2316129,5,ME 304,NA,,F
2316129,5,None,NA,,NA
2316129,5,None,4,8.0,NA
2316129,5,None,NA,,BB
2316129,5,None,NA,,NA
2316129,5,ME 305,NA,8.0,NA
2316129,5,None,NA,,BB
2316129,5,None,NA,,NA
2316129,5,None,NA,9.0,NA
2316129,5,None,NA,,AB
2316129,5,ME 306,NA,,NA
2316129,5,None,NA,124.0,NA
2316129,5,None,3,,4.43
2316129,5,None,NA,,NA
2316129,5,None,NA,4.43,NA
2316129,5,ME 311,NA,,NA
2316129,5,None,NA,,NA
2316129,5,None,NA,,NA
2316129,5,None,NA,,NA
2316129,5,None,NA,,NA
2316129,5,ME 312,NA,,NA
2316129,5,None,NA,,NA
2316129,5,None,NA,,NA
2316129,5,None,NA,,NA
2316129,5,None,NA,,NA
2316129,5,ME 313,NA,,NA
2316129,5,None,NA,,NA
2316129,5,None,NA,,NA
2316129,5,None,NA,,NA
2316129,5,None,NA,,NA
2316130,5,None,NA,,NA
2316130,5,None,NA,5.0,NA
2316130,5,ME 301,NA,,CD
2316130,5,None,NA,,NA
2316130,5,None,4,7.0,NA
2316130,5,None,NA,,BC
2316130,5,None,NA,,NA
2316130,5,ME 302,NA,5.0,NA
2316130,5,None,NA,,CD
2316130,5,None,NA,,NA
2316130,5,None,NA,5.0,NA
2316130,5,None,NA,,CD
2316130,5,ME 303,NA,,NA
2316130,5,None,NA,7.0,NA
2316130,5,None,4,,BC
2316130,5,None,NA,,NA
2316130,5,None,NA,6.0,NA
2316130,5,ME 304,NA,,CC
2316130,5,None,NA,,NA
2316130,5,None,4,7.0,NA
2316130,5,None,NA,,BC
2316130,5,None,NA,,NA
2316130,5,ME 305,NA,10.0,NA
2316130,5,None,NA,,AA
2316130,5,None,NA,,NA
2316130,5,None,NA,9.0,NA
2316130,5,None,NA,,AB
2316130,5,ME 306,NA,,NA
2316130,5,None,NA,179.0,NA
2316130,5,None,3,,6.39
2316130,5,None,NA,,NA
2316130,5,None,NA,6.86,NA
2316130,5,ME 311,NA,,NA
2316130,5,None,NA,,NA
2316130,5,None,NA,,NA
2316130,5,None,NA,,NA
2316130,5,None,NA,,NA
2316130,5,ME 312,NA,,NA
2316130,5,None,NA,,NA
2316130,5,None,NA,,NA
2316130,5,None,NA,,NA
2316130,5,None,NA,,NA
2316130,5,ME 313,NA,,NA
2316130,5,None,NA,,NA
2316130,5,None,NA,,NA
2316130,5,None,NA,,NA
2316130,5,None,NA,,NA
2316132,5,None,NA,,NA
2316132,5,None,NA,8.0,NA
2316132,5,ME 301,NA,,BB
2316132,5,None,NA,,NA
2316132,5,None,4,9.0,NA
2316132,5,None,NA,,AB
2316132,5,None,NA,,NA
2316132,5,ME 302,NA,7.0,NA
2316132,5,None,NA,,BC
2316132,5,None,NA,,NA
2316132,5,None,NA,7.0,NA
2316132,5,None,NA,,BC
2316132,5,ME 303,NA,,NA
2316132,5,None,NA,9.0,NA
2316132,5,None,4,,AB
2316132,5,None,NA,,NA
2316132,5,None,NA,10.0,NA
2316132,5,ME 304,NA,,AA
2316132,5,None,NA,,NA
2316132,5,None,4,9.0,NA
2316132,5,None,NA,,AB
2316132,5,None,NA,,NA
2316132,5,ME 305,NA,9.0,NA
2316132,5,None,NA,,AB
2316132,5,None,NA,,NA
2316132,5,None,NA,10.0,NA
2316132,5,None,NA,,AA
2316132,5,ME 306,NA,,NA
2316132,5,None,NA,237.0,NA
2316132,5,None,3,,8.46
2316132,5,None,NA,,NA
2316132,5,None,NA,7.8,NA
2316132,5,ME 311,NA,,NA
2316132,5,None,NA,,NA
2316132,5,None,NA,,NA
2316132,5,None,NA,,NA
2316132,5,None,NA,,NA
2316132,5,ME 312,NA,,NA
2316132,5,None,NA,,NA
2316132,5,None,NA,,NA
2316132,5,None,NA,,NA
2316132,5,None,NA,,NA
2316132,5,ME 313,NA,,NA
2316132,5,None,NA,,NA
2316132,5,None,NA,,NA
2316132,5,None,NA,,NA
2316132,5,None,NA,,NA
2316133,5,None,NA,,NA
2316133,5,None,NA,7.0,NA
2316133,5,ME 301,NA,,BC
2316133,5,None,NA,,NA
2316133,5,None,4,8.0,NA
2316133,5,None,NA,,BB
2316133,5,None,NA,,NA
2316133,5,ME 302,NA,0.0,NA
2316133,5,None,NA,,I
2316133,5,None,NA,,NA
2316133,5,None,NA,7.0,NA
2316133,5,None,NA,,BC
2316133,5,ME 303,NA,,NA
2316133,5,None,NA,7.0,NA
2316133,5,None,4,,BC
2316133,5,None,NA,,NA
2316133,5,None,NA,7.0,NA
2316133,5,ME 304,NA,,BC
2316133,5,None,NA,,NA
2316133,5,None,4,8.0,NA
2316133,5,None,NA,,BB
2316133,5,None,NA,,NA
2316133,5,ME 305,NA,9.0,NA
2316133,5,None,NA,,AB
2316133,5,None,NA,,NA
2316133,5,None,NA,10.0,NA
2316133,5,None,NA,,AA
2316133,5,ME 306,NA,,NA
2316133,5,None,NA,184.0,NA
2316133,5,None,3,,6.57
2316133,5,None,NA,,NA
2316133,5,None,NA,7.4,NA
2316133,5,ME 311,NA,,NA
2316133,5,None,NA,,NA
2316133,5,None,NA,,NA
2316133,5,None,NA,,NA
2316133,5,None,NA,,NA
2316133,5,ME 312,NA,,NA
2316133,5,None,NA,,NA
2316133,5,None,NA,,NA
2316133,5,None,NA,,NA
2316133,5,None,NA,,NA
2316133,5,ME 313,NA,,NA
2316133,5,None,NA,,NA
2316133,5,None,NA,,NA
2316133,5,None,NA,,NA
2316133,5,None,NA,,NA
2316134,5,None,NA,,NA
2316134,5,None,NA,9.0,NA
2316134,5,ME 301,NA,,AB
2316134,5,None,NA,,NA
2316134,5,None,4,10.0,NA
2316134,5,None,NA,,AA
2316134,5,None,NA,,NA
2316134,5,ME 302,NA,10.0,NA
2316134,5,None,NA,,AA
2316134,5,None,NA,,NA
2316134,5,None,NA,9.0,NA
2316134,5,None,NA,,AB
2316134,5,ME 303,NA,,NA
2316134,5,None,NA,10.0,NA
2316134,5,None,4,,AA
2316134,5,None,NA,,NA
2316134,5,None,NA,10.0,NA
2316134,5,ME 304,NA,,AA
2316134,5,None,NA,,NA
2316134,5,None,4,9.0,NA
2316134,5,None,NA,,AB
2316134,5,None,NA,,NA
2316134,5,ME 305,NA,10.0,NA
2316134,5,None,NA,,AA
2316134,5,None,NA,,NA
2316134,5,None,NA,10.0,NA
2316134,5,None,NA,,AA
2316134,5,ME 306,NA,,NA
2316134,5,None,NA,270.0,NA
2316134,5,None,3,,9.64
2316134,5,None,NA,,NA
2316134,5,None,NA,8.45,NA
2316134,5,ME 311,NA,,NA
2316134,5,None,NA,,NA
2316134,5,None,NA,,NA
2316134,5,None,NA,,NA
2316134,5,None,NA,,NA
2316134,5,ME 312,NA,,NA
2316134,5,None,NA,,NA
2316134,5,None,NA,,NA
2316134,5,None,NA,,NA
2316134,5,None,NA,,NA
2316134,5,ME 313,NA,,NA
2316134,5,None,NA,,NA
2316134,5,None,NA,,NA
2316134,5,None,NA,,NA
2316134,5,None,NA,,NA
2316135,5,None,NA,,NA
2316135,5,None,NA,9.0,NA
2316135,5,ME 301,NA,,AB
2316135,5,None,NA,,NA
2316135,5,None,4,7.0,NA
2316135,5,None,NA,,BC
2316135,5,None,NA,,NA
2316135,5,ME 302,NA,6.0,NA
2316135,5,None,NA,,CC
2316135,5,None,NA,,NA
2316135,5,None,NA,8.0,NA
2316135,5,None,NA,,BB
2316135,5,ME 303,NA,,NA
2316135,5,None,NA,6.0,NA
2316135,5,None,4,,CC
2316135,5,None,NA,,NA
2316135,5,None,NA,9.0,NA
2316135,5,ME 304,NA,,AB
2316135,5,None,NA,,NA
2316135,5,None,4,9.0,NA
2316135,5,None,NA,,AB
2316135,5,None,NA,,NA
2316135,5,ME 305,NA,10.0,NA
2316135,5,None,NA,,AA
2316135,5,None,NA,,NA
2316135,5,None,NA,10.0,NA
2316135,5,None,NA,,AA
2316135,5,ME 306,NA,,NA
2316135,5,None,NA,223.0,NA
2316135,5,None,3,,7.96
2316135,5,None,NA,,NA
2316135,5,None,NA,7.41,NA
2316135,5,ME 311,NA,,NA
2316135,5,None,NA,,NA
2316135,5,None,NA,,NA
2316135,5,None,NA,,NA
2316135,5,None,NA,,NA
2316135,5,ME 312,NA,,NA
2316135,5,None,NA,,NA
2316135,5,None,NA,,NA
2316135,5,None,NA,,NA
2316135,5,None,NA,,NA
2316135,5,ME 313,NA,,NA
2316135,5,None,NA,,NA
2316135,5,None,NA,,NA
2316135,5,None,NA,,NA
2316135,5,None,NA,,NA
2316136,5,None,NA,,NA
2316136,5,None,NA,4.0,NA
2316136,5,ME 301,NA,,DD
2316136,5,None,NA,,NA
2316136,5,None,4,5.0,NA
2316136,5,None,NA,,CD
2316136,5,None,NA,,NA
2316136,5,ME 302,NA,5.0,NA
2316136,5,None,NA,,CD
2316136,5,None,NA,,NA
2316136,5,None,NA,0.0,NA
2316136,5,None,NA,,F
2316136,5,ME 303,NA,,NA
2316136,5,None,NA,7.0,NA
2316136,5,None,4,,BC
2316136,5,None,NA,,NA
2316136,5,None,NA,6.0,NA
2316136,5,ME 304,NA,,CC
2316136,5,None,NA,,NA
2316136,5,None,4,8.0,NA
2316136,5,None,NA,,BB
2316136,5,None,NA,,NA
2316136,5,ME 305,NA,9.0,NA
2316136,5,None,NA,,AB
2316136,5,None,NA,,NA
2316136,5,None,NA,8.0,NA
2316136,5,None,NA,,BB
2316136,5,ME 306,NA,,NA
2316136,5,None,NA,145.0,NA
2316136,5,None,3,,5.18
2316136,5,None,NA,,NA
2316136,5,None,NA,5.64,NA
2316136,5,ME 311,NA,,NA
2316136,5,None,NA,,NA
2316136,5,None,NA,,NA
2316136,5,None,NA,,NA
2316136,5,None,NA,,NA
2316136,5,ME 312,NA,,NA
2316136,5,None,NA,,NA
2316136,5,None,NA,,NA
2316136,5,None,NA,,NA
2316136,5,None,NA,,NA
2316136,5,ME 313,NA,,NA
2316136,5,None,NA,,NA
2316136,5,None,NA,,NA
2316136,5,None,NA,,NA
2316136,5,None,NA,,NA
2316137,5,None,NA,,NA
2316137,5,None,NA,7.0,NA
2316137,5,ME 301,NA,,BC
2316137,5,None,NA,,NA
2316137,5,None,4,9.0,NA
2316137,5,None,NA,,AB
2316137,5,None,NA,,NA
2316137,5,ME 302,NA,8.0,NA
2316137,5,None,NA,,BB
2316137,5,None,NA,,NA
2316137,5,None,NA,6.0,NA
2316137,5,None,NA,,CC
2316137,5,ME 303,NA,,NA
2316137,5,None,NA,10.0,NA
2316137,5,None,4,,AA
2316137,5,None,NA,,NA
2316137,5,None,NA,10.0,NA
2316137,5,ME 304,NA,,AA
2316137,5,None,NA,,NA
2316137,5,None,4,9.0,NA
2316137,5,None,NA,,AB
2316137,5,None,NA,,NA
2316137,5,ME 305,NA,9.0,NA
2316137,5,None,NA,,AB
2316137,5,None,NA,,NA
2316137,5,None,NA,9.0,NA
2316137,5,None,NA,,AB
2316137,5,ME 306,NA,,NA
2316137,5,None,NA,234.0,NA
2316137,5,None,3,,8.36
2316137,5,None,NA,,NA
2316137,5,None,NA,8.34,NA
2316137,5,ME 311,NA,,NA
2316137,5,None,NA,,NA
2316137,5,None,NA,,NA
2316137,5,None,NA,,NA
2316137,5,None,NA,,NA
2316137,5,ME 312,NA,,NA
2316137,5,None,NA,,NA
2316137,5,None,NA,,NA
2316137,5,None,NA,,NA
2316137,5,None,NA,,NA
2316137,5,ME 313,NA,,NA
2316137,5,None,NA,,NA
2316137,5,None,NA,,NA
2316137,5,None,NA,,NA
2316137,5,None,NA,,NA
2316138,5,None,NA,,NA
2316138,5,None,NA,7.0,NA
2316138,5,ME 301,NA,,BC
2316138,5,None,NA,,NA
2316138,5,None,4,8.0,NA
2316138,5,None,NA,,BB
2316138,5,None,NA,,NA
2316138,5,ME 302,NA,8.0,NA
2316138,5,None,NA,,BB
2316138,5,None,NA,,NA
2316138,5,None,NA,6.0,NA
2316138,5,None,NA,,CC
2316138,5,ME 303,NA,,NA
2316138,5,None,NA,7.0,NA
2316138,5,None,4,,BC
2316138,5,None,NA,,NA
2316138,5,None,NA,6.0,NA
2316138,5,ME 304,NA,,CC
2316138,5,None,NA,,NA
2316138,5,None,4,8.0,NA
2316138,5,None,NA,,BB
2316138,5,None,NA,,NA
2316138,5,ME 305,NA,9.0,NA
2316138,5,None,NA,,AB
2316138,5,None,NA,,NA
2316138,5,None,NA,8.0,NA
2316138,5,None,NA,,BB
2316138,5,ME 306,NA,,NA
2316138,5,None,NA,205.0,NA
2316138,5,None,3,,7.32
2316138,5,None,NA,,NA
2316138,5,None,NA,6.87,NA
2316138,5,ME 311,NA,,NA
2316138,5,None,NA,,NA
2316138,5,None,NA,,NA
2316138,5,None,NA,,NA
2316138,5,None,NA,,NA
2316138,5,ME 312,NA,,NA
2316138,5,None,NA,,NA
2316138,5,None,NA,,NA
2316138,5,None,NA,,NA
2316138,5,None,NA,,NA
2316138,5,ME 313,NA,,NA
2316138,5,None,NA,,NA
2316138,5,None,NA,,NA
2316138,5,None,NA,,NA
2316138,5,None,NA,,NA
2316139,5,None,NA,,NA
2316139,5,None,NA,4.0,NA
2316139,5,ME 301,NA,,DD
2316139,5,None,NA,,NA
2316139,5,None,4,6.0,NA
2316139,5,None,NA,,CC
2316139,5,None,NA,,NA
2316139,5,ME 302,NA,4.0,NA
2316139,5,None,NA,,DD
2316139,5,None,NA,,NA
2316139,5,None,NA,5.0,NA
2316139,5,None,NA,,CD
2316139,5,ME 303,NA,,NA
2316139,5,None,NA,7.0,NA
2316139,5,None,4,,BC
2316139,5,None,NA,,NA
2316139,5,None,NA,7.0,NA
2316139,5,ME 304,NA,,BC
2316139,5,None,NA,,NA
2316139,5,None,4,8.0,NA
2316139,5,None,NA,,BB
2316139,5,None,NA,,NA
2316139,5,ME 305,NA,9.0,NA
2316139,5,None,NA,,AB
2316139,5,None,NA,,NA
2316139,5,None,NA,9.0,NA
2316139,5,None,NA,,AB
2316139,5,ME 306,NA,,NA
2316139,5,None,NA,170.0,NA
2316139,5,None,3,,6.07
2316139,5,None,NA,,NA
2316139,5,None,NA,6.12,NA
2316139,5,ME 311,NA,,NA
2316139,5,None,NA,,NA
2316139,5,None,NA,,NA
2316139,5,None,NA,,NA
2316139,5,None,NA,,NA
2316139,5,ME 312,NA,,NA
2316139,5,None,NA,,NA
2316139,5,None,NA,,NA
2316139,5,None,NA,,NA
2316139,5,None,NA,,NA
2316139,5,ME 313,NA,,NA
2316139,5,None,NA,,NA
2316139,5,None,NA,,NA
2316139,5,None,NA,,NA
2316139,5,None,NA,,NA
2316140,5,None,NA,,NA
2316140,5,None,NA,0.0,NA
2316140,5,ME 301,NA,,F
2316140,5,None,NA,,NA
2316140,5,None,4,4.0,NA
2316140,5,None,NA,,DD
2316140,5,None,NA,,NA
2316140,5,ME 302,NA,0.0,NA
2316140,5,None,NA,,F
2316140,5,None,NA,,NA
2316140,5,None,NA,0.0,NA
2316140,5,None,NA,,F
2316140,5,ME 303,NA,,NA
2316140,5,None,NA,6.0,NA
2316140,5,None,4,,CC
2316140,5,None,NA,,NA
2316140,5,None,NA,4.0,NA
2316140,5,ME 304,NA,,DD
2316140,5,None,NA,,NA
2316140,5,None,4,8.0,NA
2316140,5,None,NA,,BB
2316140,5,None,NA,,NA
2316140,5,ME 305,NA,9.0,NA
2316140,5,None,NA,,AB
2316140,5,None,NA,,NA
2316140,5,None,NA,9.0,NA
2316140,5,None,NA,,AB
2316140,5,ME 306,NA,,NA
2316140,5,None,NA,98.0,NA
2316140,5,None,3,,3.50
2316140,5,None,NA,,NA
2316140,5,None,NA,5.1,NA
2316140,5,ME 311,NA,,NA
2316140,5,None,NA,,NA
2316140,5,None,NA,,NA
2316140,5,None,NA,,NA
2316140,5,None,NA,,NA
2316140,5,ME 312,NA,,NA
2316140,5,None,NA,,NA
2316140,5,None,NA,,NA
2316140,5,None,NA,,NA
2316140,5,None,NA,,NA
2316140,5,ME 313,NA,,NA
2316140,5,None,NA,,NA
2316140,5,None,NA,,NA
2316140,5,None,NA,,NA
2316140,5,None,NA,,NA
2316141,5,None,NA,,NA
2316141,5,None,NA,10.0,NA
2316141,5,ME 301,NA,,AA
2316141,5,None,NA,,NA
2316141,5,None,4,10.0,NA
2316141,5,None,NA,,AA
2316141,5,None,NA,,NA
2316141,5,ME 302,NA,10.0,NA
2316141,5,None,NA,,AA
2316141,5,None,NA,,NA
2316141,5,None,NA,9.0,NA
2316141,5,None,NA,,AB
2316141,5,ME 303,NA,,NA
2316141,5,None,NA,9.0,NA
2316141,5,None,4,,AB
2316141,5,None,NA,,NA
2316141,5,None,NA,10.0,NA
2316141,5,ME 304,NA,,AA
2316141,5,None,NA,,NA
2316141,5,None,4,8.0,NA
2316141,5,None,NA,,BB
2316141,5,None,NA,,NA
2316141,5,ME 305,NA,9.0,NA
2316141,5,None,NA,,AB
2316141,5,None,NA,,NA
2316141,5,None,NA,9.0,NA
2316141,5,None,NA,,AB
2316141,5,ME 306,NA,,NA
2316141,5,None,NA,265.0,NA
2316141,5,None,3,,9.46
2316141,5,None,NA,,NA
2316141,5,None,NA,8.34,NA
2316141,5,ME 311,NA,,NA
2316141,5,None,NA,,NA
2316141,5,None,NA,,NA
2316141,5,None,NA,,NA
2316141,5,None,NA,,NA
2316141,5,ME 312,NA,,NA
2316141,5,None,NA,,NA
2316141,5,None,NA,,NA
2316141,5,None,NA,,NA
2316141,5,None,NA,,NA
2316141,5,ME 313,NA,,NA
2316141,5,None,NA,,NA
2316141,5,None,NA,,NA
2316141,5,None,NA,,NA
2316141,5,None,NA,,NA
2316142,5,None,NA,,NA
2316142,5,None,NA,7.0,NA
2316142,5,ME 301,NA,,BC
2316142,5,None,NA,,NA
2316142,5,None,4,8.0,NA
2316142,5,None,NA,,BB
2316142,5,None,NA,,NA
2316142,5,ME 302,NA,6.0,NA
2316142,5,None,NA,,CC
2316142,5,None,NA,,NA
2316142,5,None,NA,6.0,NA
2316142,5,None,NA,,CC
2316142,5,ME 303,NA,,NA
2316142,5,None,NA,9.0,NA
2316142,5,None,4,,AB
2316142,5,None,NA,,NA
2316142,5,None,NA,10.0,NA
2316142,5,ME 304,NA,,AA
2316142,5,None,NA,,NA
2316142,5,None,4,8.0,NA
2316142,5,None,NA,,BB
2316142,5,None,NA,,NA
2316142,5,ME 305,NA,10.0,NA
2316142,5,None,NA,,AA
2316142,5,None,NA,,NA
2316142,5,None,NA,9.0,NA
2316142,5,None,NA,,AB
2316142,5,ME 306,NA,,NA
2316142,5,None,NA,219.0,NA
2316142,5,None,3,,7.82
2316142,5,None,NA,,NA
2316142,5,None,NA,7.75,NA
2316142,5,ME 311,NA,,NA
2316142,5,None,NA,,NA
2316142,5,None,NA,,NA
2316142,5,None,NA,,NA
2316142,5,None,NA,,NA
2316142,5,ME 312,NA,,NA
2316142,5,None,NA,,NA
2316142,5,None,NA,,NA
2316142,5,None,NA,,NA
2316142,5,None,NA,,NA
2316142,5,ME 313,NA,,NA
2316142,5,None,NA,,NA
2316142,5,None,NA,,NA
2316142,5,None,NA,,NA
2316142,5,None,NA,,NA
2316143,5,None,NA,,NA
2316143,5,None,NA,5.0,NA
2316143,5,ME 301,NA,,CD
2316143,5,None,NA,,NA
2316143,5,None,4,7.0,NA
2316143,5,None,NA,,BC
2316143,5,None,NA,,NA
2316143,5,ME 302,NA,6.0,NA
2316143,5,None,NA,,CC
2316143,5,None,NA,,NA
2316143,5,None,NA,6.0,NA
2316143,5,None,NA,,CC
2316143,5,ME 303,NA,,NA
2316143,5,None,NA,9.0,NA
2316143,5,None,4,,AB
2316143,5,None,NA,,NA
2316143,5,None,NA,9.0,NA
2316143,5,ME 304,NA,,AB
2316143,5,None,NA,,NA
2316143,5,None,4,8.0,NA
2316143,5,None,NA,,BB
2316143,5,None,NA,,NA
2316143,5,ME 305,NA,10.0,NA
2316143,5,None,NA,,AA
2316143,5,None,NA,,NA
2316143,5,None,NA,9.0,NA
2316143,5,None,NA,,AB
2316143,5,ME 306,NA,,NA
2316143,5,None,NA,204.0,NA
2316143,5,None,3,,7.29
2316143,5,None,NA,,NA
2316143,5,None,NA,6.37,NA
2316143,5,ME 311,NA,,NA
2316143,5,None,NA,,NA
2316143,5,None,NA,,NA
2316143,5,None,NA,,NA
2316143,5,None,NA,,NA
2316143,5,ME 312,NA,,NA
2316143,5,None,NA,,NA
2316143,5,None,NA,,NA
2316143,5,None,NA,,NA
2316143,5,None,NA,,NA
2316143,5,ME 313,NA,,NA
2316143,5,None,NA,,NA
2316143,5,None,NA,,NA
2316143,5,None,NA,,NA
2316143,5,None,NA,,NA
2316145,5,None,NA,,NA
2316145,5,None,NA,7.0,NA
2316145,5,ME 301,NA,,BC
2316145,5,None,NA,,NA
2316145,5,None,4,8.0,NA
2316145,5,None,NA,,BB
2316145,5,None,NA,,NA
2316145,5,ME 302,NA,8.0,NA
2316145,5,None,NA,,BB
2316145,5,None,NA,,NA
2316145,5,None,NA,8.0,NA
2316145,5,None,NA,,BB
2316145,5,ME 303,NA,,NA
2316145,5,None,NA,9.0,NA
2316145,5,None,4,,AB
2316145,5,None,NA,,NA
2316145,5,None,NA,9.0,NA
2316145,5,ME 304,NA,,AB
2316145,5,None,NA,,NA
2316145,5,None,4,8.0,NA
2316145,5,None,NA,,BB
2316145,5,None,NA,,NA
2316145,5,ME 305,NA,9.0,NA
2316145,5,None,NA,,AB
2316145,5,None,NA,,NA
2316145,5,None,NA,9.0,NA
2316145,5,None,NA,,AB
2316145,5,ME 306,NA,,NA
2316145,5,None,NA,230.0,NA
2316145,5,None,3,,8.21
2316145,5,None,NA,,NA
2316145,5,None,NA,7.19,NA
2316145,5,ME 311,NA,,NA
2316145,5,None,NA,,NA
2316145,5,None,NA,,NA
2316145,5,None,NA,,NA
2316145,5,None,NA,,NA
2316145,5,ME 312,NA,,NA
2316145,5,None,NA,,NA
2316145,5,None,NA,,NA
2316145,5,None,NA,,NA
2316145,5,None,NA,,NA
2316145,5,ME 313,NA,,NA
2316145,5,None,NA,,NA
2316145,5,None,NA,,NA
2316145,5,None,NA,,NA
2316145,5,None,NA,,NA
2316146,5,None,NA,,NA
2316146,5,None,NA,5.0,NA
2316146,5,ME 301,NA,,CD
2316146,5,None,NA,,NA
2316146,5,None,4,4.0,NA
2316146,5,None,NA,,DD
2316146,5,None,NA,,NA
2316146,5,ME 302,NA,6.0,NA
2316146,5,None,NA,,CC
2316146,5,None,NA,,NA
2316146,5,None,NA,5.0,NA
2316146,5,None,NA,,CD
2316146,5,ME 303,NA,,NA
2316146,5,None,NA,4.0,NA
2316146,5,None,4,,DD
2316146,5,None,NA,,NA
2316146,5,None,NA,6.0,NA
2316146,5,ME 304,NA,,CC
2316146,5,None,NA,,NA
2316146,5,None,4,8.0,NA
2316146,5,None,NA,,BB
2316146,5,None,NA,,NA
2316146,5,ME 305,NA,10.0,NA
2316146,5,None,NA,,AA
2316146,5,None,NA,,NA
2316146,5,None,NA,9.0,NA
2316146,5,None,NA,,AB
2316146,5,ME 306,NA,,NA
2316146,5,None,NA,164.0,NA
2316146,5,None,3,,5.86
2316146,5,None,NA,,NA
2316146,5,None,NA,5.35,NA
2316146,5,ME 311,NA,,NA
2316146,5,None,NA,,NA
2316146,5,None,NA,,NA
2316146,5,None,NA,,NA
2316146,5,None,NA,,NA
2316146,5,ME 312,NA,,NA
2316146,5,None,NA,,NA
2316146,5,None,NA,,NA
2316146,5,None,NA,,NA
2316146,5,None,NA,,NA
2316146,5,ME 313,NA,,NA
2316146,5,None,NA,,NA
2316146,5,None,NA,,NA
2316146,5,None,NA,,NA
2316146,5,None,NA,,NA
2316147,5,None,NA,,NA
2316147,5,None,NA,6.0,NA
2316147,5,ME 301,NA,,CC
2316147,5,None,NA,,NA
2316147,5,None,4,8.0,NA
2316147,5,None,NA,,BB
2316147,5,None,NA,,NA
2316147,5,ME 302,NA,8.0,NA
2316147,5,None,NA,,BB
2316147,5,None,NA,,NA
2316147,5,None,NA,8.0,NA
2316147,5,None,NA,,BB
2316147,5,ME 303,NA,,NA
2316147,5,None,NA,7.0,NA
2316147,5,None,4,,BC
2316147,5,None,NA,,NA
2316147,5,None,NA,8.0,NA
2316147,5,ME 304,NA,,BB
2316147,5,None,NA,,NA
2316147,5,None,4,9.0,NA
2316147,5,None,NA,,AB
2316147,5,None,NA,,NA
2316147,5,ME 305,NA,10.0,NA
2316147,5,None,NA,,AA
2316147,5,None,NA,,NA
2316147,5,None,NA,10.0,NA
2316147,5,None,NA,,AA
2316147,5,ME 306,NA,,NA
2316147,5,None,NA,223.0,NA
2316147,5,None,3,,7.96
2316147,5,None,NA,,NA
2316147,5,None,NA,7.49,NA
2316147,5,ME 311,NA,,NA
2316147,5,None,NA,,NA
2316147,5,None,NA,,NA
2316147,5,None,NA,,NA
2316147,5,None,NA,,NA
2316147,5,ME 312,NA,,NA
2316147,5,None,NA,,NA
2316147,5,None,NA,,NA
2316147,5,None,NA,,NA
2316147,5,None,NA,,NA
2316147,5,ME 313,NA,,NA
2316147,5,None,NA,,NA
2316147,5,None,NA,,NA
2316147,5,None,NA,,NA
2316147,5,None,NA,,NA
2316148,5,None,NA,,NA
2316148,5,None,NA,10.0,NA
2316148,5,ME 301,NA,,AA
2316148,5,None,NA,,NA
2316148,5,None,4,10.0,NA
2316148,5,None,NA,,AA
2316148,5,None,NA,,NA
2316148,5,ME 302,NA,10.0,NA
2316148,5,None,NA,,AA
2316148,5,None,NA,,NA
2316148,5,None,NA,10.0,NA
2316148,5,None,NA,,AA
2316148,5,ME 303,NA,,NA
2316148,5,None,NA,9.0,NA
2316148,5,None,4,,AB
2316148,5,None,NA,,NA
2316148,5,None,NA,9.0,NA
2316148,5,ME 304,NA,,AB
2316148,5,None,NA,,NA
2316148,5,None,4,9.0,NA
2316148,5,None,NA,,AB
2316148,5,None,NA,,NA
2316148,5,ME 305,NA,10.0,NA
2316148,5,None,NA,,AA
2316148,5,None,NA,,NA
2316148,5,None,NA,10.0,NA
2316148,5,None,NA,,AA
2316148,5,ME 306,NA,,NA
2316148,5,None,NA,272.0,NA
2316148,5,None,3,,9.71
2316148,5,None,NA,,NA
2316148,5,None,NA,8.74,NA
2316148,5,ME 311,NA,,NA
2316148,5,None,NA,,NA
2316148,5,None,NA,,NA
2316148,5,None,NA,,NA
2316148,5,None,NA,,NA
2316148,5,ME 312,NA,,NA
2316148,5,None,NA,,NA
2316148,5,None,NA,,NA
2316148,5,None,NA,,NA
2316148,5,None,NA,,NA
2316148,5,ME 313,NA,,NA
2316148,5,None,NA,,NA
2316148,5,None,NA,,NA
2316148,5,None,NA,,NA
2316148,5,None,NA,,NA
2316150,5,None,NA,,NA
2316150,5,None,NA,6.0,NA
2316150,5,ME 301,NA,,CC
2316150,5,None,NA,,NA
2316150,5,None,4,7.0,NA
2316150,5,None,NA,,BC
2316150,5,None,NA,,NA
2316150,5,ME 302,NA,8.0,NA
2316150,5,None,NA,,BB
2316150,5,None,NA,,NA
2316150,5,None,NA,7.0,NA
2316150,5,None,NA,,BC
2316150,5,ME 303,NA,,NA
2316150,5,None,NA,8.0,NA
2316150,5,None,4,,BB
2316150,5,None,NA,,NA
2316150,5,None,NA,9.0,NA
2316150,5,ME 304,NA,,AB
2316150,5,None,NA,,NA
2316150,5,None,4,8.0,NA
2316150,5,None,NA,,BB
2316150,5,None,NA,,NA
2316150,5,ME 305,NA,10.0,NA
2316150,5,None,NA,,AA
2316150,5,None,NA,,NA
2316150,5,None,NA,10.0,NA
2316150,5,None,NA,,AA
2316150,5,ME 306,NA,,NA
2316150,5,None,NA,219.0,NA
2316150,5,None,3,,7.82
2316150,5,None,NA,,NA
2316150,5,None,NA,7.26,NA
2316150,5,ME 311,NA,,NA
2316150,5,None,NA,,NA
2316150,5,None,NA,,NA
2316150,5,None,NA,,NA
2316150,5,None,NA,,NA
2316150,5,ME 312,NA,,NA
2316150,5,None,NA,,NA
2316150,5,None,NA,,NA
2316150,5,None,NA,,NA
2316150,5,None,NA,,NA
2316150,5,ME 313,NA,,NA
2316150,5,None,NA,,NA
2316150,5,None,NA,,NA
2316150,5,None,NA,,NA
2316150,5,None,NA,,NA
2316151,5,None,NA,,NA
2316151,5,None,NA,8.0,NA
2316151,5,ME 301,NA,,BB
2316151,5,None,NA,,NA
2316151,5,None,4,9.0,NA
2316151,5,None,NA,,AB
2316151,5,None,NA,,NA
2316151,5,ME 302,NA,9.0,NA
2316151,5,None,NA,,AB
2316151,5,None,NA,,NA
2316151,5,None,NA,8.0,NA
2316151,5,None,NA,,BB
2316151,5,ME 303,NA,,NA
2316151,5,None,NA,9.0,NA
2316151,5,None,4,,AB
2316151,5,None,NA,,NA
2316151,5,None,NA,10.0,NA
2316151,5,ME 304,NA,,AA
2316151,5,None,NA,,NA
2316151,5,None,4,8.0,NA
2316151,5,None,NA,,BB
2316151,5,None,NA,,NA
2316151,5,ME 305,NA,10.0,NA
2316151,5,None,NA,,AA
2316151,5,None,NA,,NA
2316151,5,None,NA,9.0,NA
2316151,5,None,NA,,AB
2316151,5,ME 306,NA,,NA
2316151,5,None,NA,247.0,NA
2316151,5,None,3,,8.82
2316151,5,None,NA,,NA
2316151,5,None,NA,7.95,NA
2316151,5,ME 311,NA,,NA
2316151,5,None,NA,,NA
2316151,5,None,NA,,NA
2316151,5,None,NA,,NA
2316151,5,None,NA,,NA
2316151,5,ME 312,NA,,NA
2316151,5,None,NA,,NA
2316151,5,None,NA,,NA
2316151,5,None,NA,,NA
2316151,5,None,NA,,NA
2316151,5,ME 313,NA,,NA
2316151,5,None,NA,,NA
2316151,5,None,NA,,NA
2316151,5,None,NA,,NA
2316151,5,None,NA,,NA
2316153,5,None,NA,,NA
2316153,5,None,NA,8.0,NA
2316153,5,ME 301,NA,,BB
2316153,5,None,NA,,NA
2316153,5,None,4,9.0,NA
2316153,5,None,NA,,AB
2316153,5,None,NA,,NA
2316153,5,ME 302,NA,7.0,NA
2316153,5,None,NA,,BC
2316153,5,None,NA,,NA
2316153,5,None,NA,9.0,NA
2316153,5,None,NA,,AB
2316153,5,ME 303,NA,,NA
2316153,5,None,NA,10.0,NA
2316153,5,None,4,,AA
2316153,5,None,NA,,NA
2316153,5,None,NA,9.0,NA
2316153,5,ME 304,NA,,AB
2316153,5,None,NA,,NA
2316153,5,None,4,8.0,NA
2316153,5,None,NA,,BB
2316153,5,None,NA,,NA
2316153,5,ME 305,NA,10.0,NA
2316153,5,None,NA,,AA
2316153,5,None,NA,,NA
2316153,5,None,NA,10.0,NA
2316153,5,None,NA,,AA
2316153,5,ME 306,NA,,NA
2316153,5,None,NA,245.0,NA
2316153,5,None,3,,8.75
2316153,5,None,NA,,NA
2316153,5,None,NA,8.37,NA
2316153,5,ME 311,NA,,NA
2316153,5,None,NA,,NA
2316153,5,None,NA,,NA
2316153,5,None,NA,,NA
2316153,5,None,NA,,NA
2316153,5,ME 312,NA,,NA
2316153,5,None,NA,,NA
2316153,5,None,NA,,NA
2316153,5,None,NA,,NA
2316153,5,None,NA,,NA
2316153,5,ME 313,NA,,NA
2316153,5,None,NA,,NA
2316153,5,None,NA,,NA
2316153,5,None,NA,,NA
2316153,5,None,NA,,NA
2316154,5,None,NA,,NA
2316154,5,None,NA,9.0,NA
2316154,5,ME 301,NA,,AB
2316154,5,None,NA,,NA
2316154,5,None,4,10.0,NA
2316154,5,None,NA,,AA
2316154,5,None,NA,,NA
2316154,5,ME 302,NA,10.0,NA
2316154,5,None,NA,,AA
2316154,5,None,NA,,NA
2316154,5,None,NA,9.0,NA
2316154,5,None,NA,,AB
2316154,5,ME 303,NA,,NA
2316154,5,None,NA,8.0,NA
2316154,5,None,4,,BB
2316154,5,None,NA,,NA
2316154,5,None,NA,8.0,NA
2316154,5,ME 304,NA,,BB
2316154,5,None,NA,,NA
2316154,5,None,4,9.0,NA
2316154,5,None,NA,,AB
2316154,5,None,NA,,NA
2316154,5,ME 305,NA,10.0,NA
2316154,5,None,NA,,AA
2316154,5,None,NA,,NA
2316154,5,None,NA,10.0,NA
2316154,5,None,NA,,AA
2316154,5,ME 306,NA,,NA
2316154,5,None,NA,258.0,NA
2316154,5,None,3,,9.21
2316154,5,None,NA,,NA
2316154,5,None,NA,8.33,NA
2316154,5,ME 311,NA,,NA
2316154,5,None,NA,,NA
2316154,5,None,NA,,NA
2316154,5,None,NA,,NA
2316154,5,None,NA,,NA
2316154,5,ME 312,NA,,NA
2316154,5,None,NA,,NA
2316154,5,None,NA,,NA
2316154,5,None,NA,,NA
2316154,5,None,NA,,NA
2316154,5,ME 313,NA,,NA
2316154,5,None,NA,,NA
2316154,5,None,NA,,NA
2316154,5,None,NA,,NA
2316154,5,None,NA,,NA
2316155,5,None,NA,,NA
2316155,5,None,NA,10.0,NA
2316155,5,ME 301,NA,,AA
2316155,5,None,NA,,NA
2316155,5,None,4,10.0,NA
2316155,5,None,NA,,AA
2316155,5,None,NA,,NA
2316155,5,ME 302,NA,10.0,NA
2316155,5,None,NA,,AA
2316155,5,None,NA,,NA
2316155,5,None,NA,9.0,NA
2316155,5,None,NA,,AB
2316155,5,ME 303,NA,,NA
2316155,5,None,NA,8.0,NA
2316155,5,None,4,,BB
2316155,5,None,NA,,NA
2316155,5,None,NA,10.0,NA
2316155,5,ME 304,NA,,AA
2316155,5,None,NA,,NA
2316155,5,None,4,8.0,NA
2316155,5,None,NA,,BB
2316155,5,None,NA,,NA
2316155,5,ME 305,NA,10.0,NA
2316155,5,None,NA,,AA
2316155,5,None,NA,,NA
2316155,5,None,NA,10.0,NA
2316155,5,None,NA,,AA
2316155,5,ME 306,NA,,NA
2316155,5,None,NA,266.0,NA
2316155,5,None,3,,9.50
2316155,5,None,NA,,NA
2316155,5,None,NA,8.51,NA
2316155,5,ME 311,NA,,NA
2316155,5,None,NA,,NA
2316155,5,None,NA,,NA
2316155,5,None,NA,,NA
2316155,5,None,NA,,NA
2316155,5,ME 312,NA,,NA
2316155,5,None,NA,,NA
2316155,5,None,NA,,NA
2316155,5,None,NA,,NA
2316155,5,None,NA,,NA
2316155,5,ME 313,NA,,NA
2316155,5,None,NA,,NA
2316155,5,None,NA,,NA
2316155,5,None,NA,,NA
2316155,5,None,NA,,NA
2316156,5,None,NA,,NA
2316156,5,None,NA,5.0,NA
2316156,5,ME 301,NA,,CD
2316156,5,None,NA,,NA
2316156,5,None,4,5.0,NA
2316156,5,None,NA,,CD
2316156,5,None,NA,,NA
2316156,5,ME 302,NA,6.0,NA
2316156,5,None,NA,,CC
2316156,5,None,NA,,NA
2316156,5,None,NA,5.0,NA
2316156,5,None,NA,,CD
2316156,5,ME 303,NA,,NA
2316156,5,None,NA,8.0,NA
2316156,5,None,4,,BB
2316156,5,None,NA,,NA
2316156,5,None,NA,9.0,NA
2316156,5,ME 304,NA,,AB
2316156,5,None,NA,,NA
2316156,5,None,4,9.0,NA
2316156,5,None,NA,,AB
2316156,5,None,NA,,NA
2316156,5,ME 305,NA,10.0,NA
2316156,5,None,NA,,AA
2316156,5,None,NA,,NA
2316156,5,None,NA,10.0,NA
2316156,5,None,NA,,AA
2316156,5,ME 306,NA,,NA
2316156,5,None,NA,193.0,NA
2316156,5,None,3,,6.89
2316156,5,None,NA,,NA
2316156,5,None,NA,7.01,NA
2316156,5,ME 311,NA,,NA
2316156,5,None,NA,,NA
2316156,5,None,NA,,NA
2316156,5,None,NA,,NA
2316156,5,None,NA,,NA
2316156,5,ME 312,NA,,NA
2316156,5,None,NA,,NA
2316156,5,None,NA,,NA
2316156,5,None,NA,,NA
2316156,5,None,NA,,NA
2316156,5,ME 313,NA,,NA
2316156,5,None,NA,,NA
2316156,5,None,NA,,NA
2316156,5,None,NA,,NA
2316156,5,None,NA,,NA
2316157,5,None,NA,,NA
2316157,5,None,NA,6.0,NA
2316157,5,ME 301,NA,,CC
2316157,5,None,NA,,NA
2316157,5,None,4,6.0,NA
2316157,5,None,NA,,CC
2316157,5,None,NA,,NA
2316157,5,ME 302,NA,7.0,NA
2316157,5,None,NA,,BC
2316157,5,None,NA,,NA
2316157,5,None,NA,7.0,NA
2316157,5,None,NA,,BC
2316157,5,ME 303,NA,,NA
2316157,5,None,NA,8.0,NA
2316157,5,None,4,,BB
2316157,5,None,NA,,NA
2316157,5,None,NA,10.0,NA
2316157,5,ME 304,NA,,AA
2316157,5,None,NA,,NA
2316157,5,None,4,8.0,NA
2316157,5,None,NA,,BB
2316157,5,None,NA,,NA
2316157,5,ME 305,NA,10.0,NA
2316157,5,None,NA,,AA
2316157,5,None,NA,,NA
2316157,5,None,NA,10.0,NA
2316157,5,None,NA,,AA
2316157,5,ME 306,NA,,NA
2316157,5,None,NA,214.0,NA
2316157,5,None,3,,7.64
2316157,5,None,NA,,NA
2316157,5,None,NA,7.23,NA
2316157,5,ME 311,NA,,NA
2316157,5,None,NA,,NA
2316157,5,None,NA,,NA
2316157,5,None,NA,,NA
2316157,5,None,NA,,NA
2316157,5,ME 312,NA,,NA
2316157,5,None,NA,,NA
2316157,5,None,NA,,NA
2316157,5,None,NA,,NA
2316157,5,None,NA,,NA
2316157,5,ME 313,NA,,NA
2316157,5,None,NA,,NA
2316157,5,None,NA,,NA
2316157,5,None,NA,,NA
2316157,5,None,NA,,NA
2316158,5,None,NA,,NA
2316158,5,None,NA,7.0,NA
2316158,5,ME 301,NA,,BC
2316158,5,None,NA,,NA
2316158,5,None,4,8.0,NA
2316158,5,None,NA,,BB
2316158,5,None,NA,,NA
2316158,5,ME 302,NA,5.0,NA
2316158,5,None,NA,,CD
2316158,5,None,NA,,NA
2316158,5,None,NA,6.0,NA
2316158,5,None,NA,,CC
2316158,5,ME 303,NA,,NA
2316158,5,None,NA,8.0,NA
2316158,5,None,4,,BB
2316158,5,None,NA,,NA
2316158,5,None,NA,9.0,NA
2316158,5,ME 304,NA,,AB
2316158,5,None,NA,,NA
2316158,5,None,4,9.0,NA
2316158,5,None,NA,,AB
2316158,5,None,NA,,NA
2316158,5,ME 305,NA,10.0,NA
2316158,5,None,NA,,AA
2316158,5,None,NA,,NA
2316158,5,None,NA,10.0,NA
2316158,5,None,NA,,AA
2316158,5,ME 306,NA,,NA
2316158,5,None,NA,213.0,NA
2316158,5,None,3,,7.61
2316158,5,None,NA,,NA
2316158,5,None,NA,6.86,NA
2316158,5,ME 311,NA,,NA
2316158,5,None,NA,,NA
2316158,5,None,NA,,NA
2316158,5,None,NA,,NA
2316158,5,None,NA,,NA
2316158,5,ME 312,NA,,NA
2316158,5,None,NA,,NA
2316158,5,None,NA,,NA
2316158,5,None,NA,,NA
2316158,5,None,NA,,NA
2316158,5,ME 313,NA,,NA
2316158,5,None,NA,,NA
2316158,5,None,NA,,NA
2316158,5,None,NA,,NA
2316158,5,None,NA,,NA
2316159,5,None,NA,,NA
2316159,5,None,NA,8.0,NA
2316159,5,ME 301,NA,,BB
2316159,5,None,NA,,NA
2316159,5,None,4,9.0,NA
2316159,5,None,NA,,AB
2316159,5,None,NA,,NA
2316159,5,ME 302,NA,6.0,NA
2316159,5,None,NA,,CC
2316159,5,None,NA,,NA
2316159,5,None,NA,8.0,NA
2316159,5,None,NA,,BB
2316159,5,ME 303,NA,,NA
2316159,5,None,NA,8.0,NA
2316159,5,None,4,,BB
2316159,5,None,NA,,NA
2316159,5,None,NA,7.0,NA
2316159,5,ME 304,NA,,BC
2316159,5,None,NA,,NA
2316159,5,None,4,9.0,NA
2316159,5,None,NA,,AB
2316159,5,None,NA,,NA
2316159,5,ME 305,NA,10.0,NA
2316159,5,None,NA,,AA
2316159,5,None,NA,,NA
2316159,5,None,NA,10.0,NA
2316159,5,None,NA,,AA
2316159,5,ME 306,NA,,NA
2316159,5,None,NA,227.0,NA
2316159,5,None,3,,8.11
2316159,5,None,NA,,NA
2316159,5,None,NA,7.5,NA
2316159,5,ME 311,NA,,NA
2316159,5,None,NA,,NA
2316159,5,None,NA,,NA
2316159,5,None,NA,,NA
2316159,5,None,NA,,NA
2316159,5,ME 312,NA,,NA
2316159,5,None,NA,,NA
2316159,5,None,NA,,NA
2316159,5,None,NA,,NA
2316159,5,None,NA,,NA
2316159,5,ME 313,NA,,NA
2316159,5,None,NA,,NA
2316159,5,None,NA,,NA
2316159,5,None,NA,,NA
2316159,5,None,NA,,NA
2316160,5,None,NA,,NA
2316160,5,None,NA,4.0,NA
2316160,5,ME 301,NA,,DD
2316160,5,None,NA,,NA
2316160,5,None,4,5.0,NA
2316160,5,None,NA,,CD
2316160,5,None,NA,,NA
2316160,5,ME 302,NA,5.0,NA
2316160,5,None,NA,,CD
2316160,5,None,NA,,NA
2316160,5,None,NA,5.0,NA
2316160,5,None,NA,,CD
2316160,5,ME 303,NA,,NA
2316160,5,None,NA,6.0,NA
2316160,5,None,4,,CC
2316160,5,None,NA,,NA
2316160,5,None,NA,5.0,NA
2316160,5,ME 304,NA,,CD
2316160,5,None,NA,,NA
2316160,5,None,4,8.0,NA
2316160,5,None,NA,,BB
2316160,5,None,NA,,NA
2316160,5,ME 305,NA,10.0,NA
2316160,5,None,NA,,AA
2316160,5,None,NA,,NA
2316160,5,None,NA,9.0,NA
2316160,5,None,NA,,AB
2316160,5,ME 306,NA,,NA
2316160,5,None,NA,163.0,NA
2316160,5,None,3,,5.82
2316160,5,None,NA,,NA
2316160,5,None,NA,5.43,NA
2316160,5,ME 311,NA,,NA
2316160,5,None,NA,,NA
2316160,5,None,NA,,NA
2316160,5,None,NA,,NA
2316160,5,None,NA,,NA
2316160,5,ME 312,NA,,NA
2316160,5,None,NA,,NA
2316160,5,None,NA,,NA
2316160,5,None,NA,,NA
2316160,5,None,NA,,NA
2316160,5,ME 313,NA,,NA
2316160,5,None,NA,,NA
2316160,5,None,NA,,NA
2316160,5,None,NA,,NA
2316160,5,None,NA,,NA
2316161,5,None,NA,,NA
2316161,5,None,NA,8.0,NA
2316161,5,ME 301,NA,,BB
2316161,5,None,NA,,NA
2316161,5,None,4,10.0,NA
2316161,5,None,NA,,AA
2316161,5,None,NA,,NA
2316161,5,ME 302,NA,7.0,NA
2316161,5,None,NA,,BC
2316161,5,None,NA,,NA
2316161,5,None,NA,8.0,NA
2316161,5,None,NA,,BB
2316161,5,ME 303,NA,,NA
2316161,5,None,NA,9.0,NA
2316161,5,None,4,,AB
2316161,5,None,NA,,NA
2316161,5,None,NA,9.0,NA
2316161,5,ME 304,NA,,AB
2316161,5,None,NA,,NA
2316161,5,None,4,9.0,NA
2316161,5,None,NA,,AB
2316161,5,None,NA,,NA
2316161,5,ME 305,NA,9.0,NA
2316161,5,None,NA,,AB
2316161,5,None,NA,,NA
2316161,5,None,NA,10.0,NA
2316161,5,None,NA,,AA
2316161,5,ME 306,NA,,NA
2316161,5,None,NA,242.0,NA
2316161,5,None,3,,8.64
2316161,5,None,NA,,NA
2316161,5,None,NA,8.2,NA
2316161,5,ME 311,NA,,NA
2316161,5,None,NA,,NA
2316161,5,None,NA,,NA
2316161,5,None,NA,,NA
2316161,5,None,NA,,NA
2316161,5,ME 312,NA,,NA
2316161,5,None,NA,,NA
2316161,5,None,NA,,NA
2316161,5,None,NA,,NA
2316161,5,None,NA,,NA
2316161,5,ME 313,NA,,NA
2316161,5,None,NA,,NA
2316161,5,None,NA,,NA
2316161,5,None,NA,,NA
2316161,5,None,NA,,NA
2316163,5,None,NA,,NA
2316163,5,None,NA,0.0,NA
2316163,5,ME 301,NA,,I
2316163,5,None,NA,,NA
2316163,5,None,4,6.0,NA
2316163,5,None,NA,,CC
2316163,5,None,NA,,NA
2316163,5,ME 302,NA,5.0,NA
2316163,5,None,NA,,CD
2316163,5,None,NA,,NA
2316163,5,None,NA,4.0,NA
2316163,5,None,NA,,DD
2316163,5,ME 303,NA,,NA
2316163,5,None,NA,6.0,NA
2316163,5,None,4,,CC
2316163,5,None,NA,,NA
2316163,5,None,NA,0.0,NA
2316163,5,ME 304,NA,,F
2316163,5,None,NA,,NA
2316163,5,None,4,9.0,NA
2316163,5,None,NA,,AB
2316163,5,None,NA,,NA
2316163,5,ME 305,NA,9.0,NA
2316163,5,None,NA,,AB
2316163,5,None,NA,,NA
2316163,5,None,NA,10.0,NA
2316163,5,None,NA,,AA
2316163,5,ME 306,NA,,NA
2316163,5,None,NA,134.0,NA
2316163,5,None,3,,4.79
2316163,5,None,NA,,NA
2316163,5,None,NA,4.4,NA
2316163,5,ME 311,NA,,NA
2316163,5,None,NA,,NA
2316163,5,None,NA,,NA
2316163,5,None,NA,,NA
2316163,5,None,NA,,NA
2316163,5,ME 312,NA,,NA
2316163,5,None,NA,,NA
2316163,5,None,NA,,NA
2316163,5,None,NA,,NA
2316163,5,None,NA,,NA
2316163,5,ME 313,NA,,NA
2316163,5,None,NA,,NA
2316163,5,None,NA,,NA
2316163,5,None,NA,,NA
2316163,5,None,NA,,NA
2316164,5,None,NA,,NA
2316164,5,None,NA,9.0,NA
2316164,5,ME 301,NA,,AB
2316164,5,None,NA,,NA
2316164,5,None,4,8.0,NA
2316164,5,None,NA,,BB
2316164,5,None,NA,,NA
2316164,5,ME 302,NA,9.0,NA
2316164,5,None,NA,,AB
2316164,5,None,NA,,NA
2316164,5,None,NA,7.0,NA
2316164,5,None,NA,,BC
2316164,5,ME 303,NA,,NA
2316164,5,None,NA,8.0,NA
2316164,5,None,4,,BB
2316164,5,None,NA,,NA
2316164,5,None,NA,9.0,NA
2316164,5,ME 304,NA,,AB
2316164,5,None,NA,,NA
2316164,5,None,4,9.0,NA
2316164,5,None,NA,,AB
2316164,5,None,NA,,NA
2316164,5,ME 305,NA,10.0,NA
2316164,5,None,NA,,AA
2316164,5,None,NA,,NA
2316164,5,None,NA,9.0,NA
2316164,5,None,NA,,AB
2316164,5,ME 306,NA,,NA
2316164,5,None,NA,239.0,NA
2316164,5,None,3,,8.54
2316164,5,None,NA,,NA
2316164,5,None,NA,8.22,NA
2316164,5,ME 311,NA,,NA
2316164,5,None,NA,,NA
2316164,5,None,NA,,NA
2316164,5,None,NA,,NA
2316164,5,None,NA,,NA
2316164,5,ME 312,NA,,NA
2316164,5,None,NA,,NA
2316164,5,None,NA,,NA
2316164,5,None,NA,,NA
2316164,5,None,NA,,NA
2316164,5,ME 313,NA,,NA
2316164,5,None,NA,,NA
2316164,5,None,NA,,NA
2316164,5,None,NA,,NA
2316164,5,None,NA,,NA
