regn_no,semester,subject_code,credits,grade_point,grade
2311054,6,CE 306,3,7.0,BC
2311054,6,CE 307,4,7.0,BC
2311054,6,CE 308,4,7.0,BC
2311054,6,CE 309,4,8.0,BB
2311054,6,CE 315,2,9.0,AB
2311054,6,CE 316,2,10.0,AA
2311054,6,CE 317,2,10.0,AA
2311054,6,CE 331,NA,,NA
2311054,6,CE 332,4,8.0,BB
2311054,6,CE 334,NA,,NA
2311054,6,CE 381,NA,,NA
2311054,6,CE 382,3,9.0,AB
2311054,6,CS 382,NA,,NA
2311054,6,EC 382,NA,,NA
2311054,6,EC 389,NA,,NA
2311054,6,EI 381,NA,,NA
2311055,6,CE 306,3,9.0,AB
2311055,6,CE 307,4,8.0,BB
2311055,6,CE 308,4,8.0,BB
2311055,6,CE 309,4,9.0,AB
2311055,6,CE 315,2,10.0,AA
2311055,6,CE 316,2,10.0,AA
2311055,6,CE 317,2,9.0,AB
2311055,6,CE 331,NA,,NA
2311055,6,CE 332,NA,,NA
2311055,6,CE 334,4,9.0,AB
2311055,6,CE 381,3,9.0,AB
2311055,6,CE 382,NA,,NA
2311055,6,CS 382,NA,,NA
2311055,6,EC 382,NA,,NA
2311055,6,EC 389,NA,,NA
2311055,6,EI 381,NA,,NA
2311056,6,CE 306,3,8.0,BB
2311056,6,CE 307,4,8.0,BB
2311056,6,CE 308,4,5.0,CD
2311056,6,CE 309,4,9.0,AB
2311056,6,CE 315,2,9.0,AB
2311056,6,CE 316,2,10.0,AA
2311056,6,CE 317,2,9.0,AB
2311056,6,CE 331,NA,,NA
2311056,6,CE 332,4,10.0,AA
2311056,6,CE 334,NA,,NA
2311056,6,CE 381,3,9.0,AB
2311056,6,CE 382,NA,,NA
2311056,6,CS 382,NA,,NA
2311056,6,EC 382,NA,,NA
2311056,6,EC 389,NA,,NA
2311056,6,EI 381,NA,,NA
2311057,6,CE 306,3,8.0,BB
2311057,6,CE 307,4,8.0,BB
2311057,6,CE 308,4,7.0,BC
2311057,6,CE 309,4,9.0,AB
2311057,6,CE 315,2,9.0,AB
2311057,6,CE 316,2,9.0,AB
2311057,6,CE 317,2,10.0,AA
2311057,6,CE 331,NA,,NA
2311057,6,CE 332,4,10.0,AA
2311057,6,CE 334,NA,,NA
2311057,6,CE 381,NA,,NA
2311057,6,CE 382,3,8.0,BB
2311057,6,CS 382,NA,,NA
2311057,6,EC 382,NA,,NA
2311057,6,EC 389,NA,,NA
2311057,6,EI 381,NA,,NA
2311059,6,CE 306,3,9.0,AB
2311059,6,CE 307,4,8.0,BB
2311059,6,CE 308,4,7.0,BC
2311059,6,CE 309,4,9.0,AB
2311059,6,CE 315,2,9.0,AB
2311059,6,CE 316,2,10.0,AA
2311059,6,CE 317,2,10.0,AA
2311059,6,CE 331,NA,,NA
2311059,6,CE 332,NA,,NA
2311059,6,CE 334,4,10.0,AA
2311059,6,CE 381,NA,,NA
2311059,6,CE 382,3,10.0,AA
2311059,6,CS 382,NA,,NA
2311059,6,EC 382,NA,,NA
2311059,6,EC 389,NA,,NA
2311059,6,EI 381,NA,,NA
2311060,6,CE 306,3,8.0,BB
2311060,6,CE 307,4,8.0,BB
2311060,6,CE 308,4,9.0,AB
2311060,6,CE 309,4,8.0,BB
2311060,6,CE 315,2,10.0,AA
2311060,6,CE 316,2,10.0,AA
2311060,6,CE 317,2,10.0,AA
2311060,6,CE 331,NA,,NA
2311060,6,CE 332,NA,,NA
2311060,6,CE 334,4,9.0,AB
2311060,6,CE 381,3,9.0,AB
2311060,6,CE 382,NA,,NA
2311060,6,CS 382,NA,,NA
2311060,6,EC 382,NA,,NA
2311060,6,EC 389,NA,,NA
2311060,6,EI 381,NA,,NA
2311061,6,CE 306,3,9.0,AB
2311061,6,CE 307,4,8.0,BB
2311061,6,CE 308,4,8.0,BB
2311061,6,CE 309,4,9.0,AB
2311061,6,CE 315,2,10.0,AA
2311061,6,CE 316,2,10.0,AA
2311061,6,CE 317,2,9.0,AB
2311061,6,CE 331,NA,,NA
2311061,6,CE 332,NA,,NA
2311061,6,CE 334,4,8.0,BB
2311061,6,CE 381,3,9.0,AB
2311061,6,CE 382,NA,,NA
2311061,6,CS 382,NA,,NA
2311061,6,EC 382,NA,,NA
2311061,6,EC 389,NA,,NA
2311061,6,EI 381,NA,,NA
2311062,6,CE 306,3,9.0,AB
2311062,6,CE 307,4,9.0,AB
2311062,6,CE 308,4,6.0,CC
2311062,6,CE 309,4,8.0,BB
2311062,6,CE 315,2,10.0,AA
2311062,6,CE 316,2,10.0,AA
2311062,6,CE 317,2,10.0,AA
2311062,6,CE 331,NA,,NA
2311062,6,CE 332,4,9.0,AB
2311062,6,CE 334,NA,,NA
2311062,6,CE 381,NA,,NA
2311062,6,CE 382,3,10.0,AA
2311062,6,CS 382,NA,,NA
2311062,6,EC 382,NA,,NA
2311062,6,EC 389,NA,,NA
2311062,6,EI 381,NA,,NA
2311063,6,CE 306,3,9.0,AB
2311063,6,CE 307,4,9.0,AB
2311063,6,CE 308,4,9.0,AB
2311063,6,CE 309,4,9.0,AB
2311063,6,CE 315,2,10.0,AA
2311063,6,CE 316,2,10.0,AA
2311063,6,CE 317,2,10.0,AA
2311063,6,CE 331,NA,,NA
2311063,6,CE 332,4,10.0,AA
2311063,6,CE 334,NA,,NA
2311063,6,CE 381,NA,,NA
2311063,6,CE 382,3,8.0,BB
2311063,6,CS 382,NA,,NA
2311063,6,EC 382,NA,,NA
2311063,6,EC 389,NA,,NA
2311063,6,EI 381,NA,,NA
2311064,6,CE 306,3,8.0,BB
2311064,6,CE 307,4,6.0,CC
2311064,6,CE 308,4,5.0,CD
2311064,6,CE 309,4,6.0,CC
2311064,6,CE 315,2,9.0,AB
2311064,6,CE 316,2,10.0,AA
2311064,6,CE 317,2,10.0,AA
2311064,6,CE 331,NA,,NA
2311064,6,CE 332,4,7.0,BC
2311064,6,CE 334,NA,,NA
2311064,6,CE 381,NA,,NA
2311064,6,CE 382,3,7.0,BC
2311064,6,CS 382,NA,,NA
2311064,6,EC 382,NA,,NA
2311064,6,EC 389,NA,,NA
2311064,6,EI 381,NA,,NA
2311065,6,CE 306,3,8.0,BB
2311065,6,CE 307,4,7.0,BC
2311065,6,CE 308,4,5.0,CD
2311065,6,CE 309,4,8.0,BB
2311065,6,CE 315,2,8.0,BB
2311065,6,CE 316,2,10.0,AA
2311065,6,CE 317,2,10.0,AA
2311065,6,CE 331,4,8.0,BB
2311065,6,CE 332,NA,,NA
2311065,6,CE 334,NA,,NA
2311065,6,CE 381,NA,,NA
2311065,6,CE 382,3,7.0,BC
2311065,6,CS 382,NA,,NA
2311065,6,EC 382,NA,,NA
2311065,6,EC 389,NA,,NA
2311065,6,EI 381,NA,,NA
2311066,6,CE 306,3,9.0,AB
2311066,6,CE 307,4,8.0,BB
2311066,6,CE 308,4,7.0,BC
2311066,6,CE 309,4,8.0,BB
2311066,6,CE 315,2,8.0,BB
2311066,6,CE 316,2,10.0,AA
2311066,6,CE 317,2,9.0,AB
2311066,6,CE 331,NA,,NA
2311066,6,CE 332,NA,,NA
2311066,6,CE 334,4,9.0,AB
2311066,6,CE 381,NA,,NA
2311066,6,CE 382,3,7.0,BC
2311066,6,CS 382,NA,,NA
2311066,6,EC 382,NA,,NA
2311066,6,EC 389,NA,,NA
2311066,6,EI 381,NA,,NA
2311067,6,CE 306,3,7.0,BC
2311067,6,CE 307,4,7.0,BC
2311067,6,CE 308,4,6.0,CC
2311067,6,CE 309,4,8.0,BB
2311067,6,CE 315,2,8.0,BB
2311067,6,CE 316,2,10.0,AA
2311067,6,CE 317,2,9.0,AB
2311067,6,CE 331,NA,,NA
2311067,6,CE 332,4,9.0,AB
2311067,6,CE 334,NA,,NA
2311067,6,CE 381,3,9.0,AB
2311067,6,CE 382,NA,,NA
2311067,6,CS 382,NA,,NA
2311067,6,EC 382,NA,,NA
2311067,6,EC 389,NA,,NA
2311067,6,EI 381,NA,,NA
2311069,6,CE 306,3,6.0,CC
2311069,6,CE 307,4,8.0,BB
2311069,6,CE 308,4,5.0,CD
2311069,6,CE 309,4,6.0,CC
2311069,6,CE 315,2,9.0,AB
2311069,6,CE 316,2,10.0,AA
2311069,6,CE 317,2,10.0,AA
2311069,6,CE 331,4,7.0,BC
2311069,6,CE 332,NA,,NA
2311069,6,CE 334,NA,,NA
2311069,6,CE 381,NA,,NA
2311069,6,CE 382,3,6.0,CC
2311069,6,CS 382,NA,,NA
2311069,6,EC 382,NA,,NA
2311069,6,EC 389,NA,,NA
2311069,6,EI 381,NA,,NA
2311070,6,CE 306,3,10.0,AA
2311070,6,CE 307,4,9.0,AB
2311070,6,CE 308,4,9.0,AB
2311070,6,CE 309,4,9.0,AB
2311070,6,CE 315,2,10.0,AA
2311070,6,CE 316,2,10.0,AA
2311070,6,CE 317,2,10.0,AA
2311070,6,CE 331,NA,,NA
2311070,6,CE 332,NA,,NA
2311070,6,CE 334,4,10.0,AA
2311070,6,CE 381,NA,,NA
2311070,6,CE 382,3,9.0,AB
2311070,6,CS 382,NA,,NA
2311070,6,EC 382,NA,,NA
2311070,6,EC 389,NA,,NA
2311070,6,EI 381,NA,,NA
2311071,6,CE 306,3,8.0,BB
2311071,6,CE 307,4,7.0,BC
2311071,6,CE 308,4,7.0,BC
2311071,6,CE 309,4,8.0,BB
2311071,6,CE 315,2,10.0,AA
2311071,6,CE 316,2,10.0,AA
2311071,6,CE 317,2,9.0,AB
2311071,6,CE 331,NA,,NA
2311071,6,CE 332,4,9.0,AB
2311071,6,CE 334,NA,,NA
2311071,6,CE 381,NA,,NA
2311071,6,CE 382,3,9.0,AB
2311071,6,CS 382,NA,,NA
2311071,6,EC 382,NA,,NA
2311071,6,EC 389,NA,,NA
2311071,6,EI 381,NA,,NA
2311072,6,CE 306,3,9.0,AB
2311072,6,CE 307,4,8.0,BB
2311072,6,CE 308,4,10.0,AA
2311072,6,CE 309,4,10.0,AA
2311072,6,CE 315,2,10.0,AA
2311072,6,CE 316,2,9.0,AB
2311072,6,CE 317,2,9.0,AB
2311072,6,CE 331,NA,,NA
2311072,6,CE 332,NA,,NA
2311072,6,CE 334,4,10.0,AA
2311072,6,CE 381,3,8.0,BB
2311072,6,CE 382,NA,,NA
2311072,6,CS 382,NA,,NA
2311072,6,EC 382,NA,,NA
2311072,6,EC 389,NA,,NA
2311072,6,EI 381,NA,,NA
2311073,6,CE 306,3,8.0,BB
2311073,6,CE 307,4,7.0,BC
2311073,6,CE 308,4,7.0,BC
2311073,6,CE 309,4,7.0,BC
2311073,6,CE 315,2,9.0,AB
2311073,6,CE 316,2,10.0,AA
2311073,6,CE 317,2,10.0,AA
2311073,6,CE 331,NA,,NA
2311073,6,CE 332,NA,,NA
2311073,6,CE 334,4,9.0,AB
2311073,6,CE 381,3,8.0,BB
2311073,6,CE 382,NA,,NA
2311073,6,CS 382,NA,,NA
2311073,6,EC 382,NA,,NA
2311073,6,EC 389,NA,,NA
2311073,6,EI 381,NA,,NA
2311074,6,CE 306,3,7.0,BC
2311074,6,CE 307,4,7.0,BC
2311074,6,CE 308,4,6.0,CC
2311074,6,CE 309,4,8.0,BB
2311074,6,CE 315,2,9.0,AB
2311074,6,CE 316,2,9.0,AB
2311074,6,CE 317,2,10.0,AA
2311074,6,CE 331,NA,,NA
2311074,6,CE 332,4,9.0,AB
2311074,6,CE 334,NA,,NA
2311074,6,CE 381,3,9.0,AB
2311074,6,CE 382,NA,,NA
2311074,6,CS 382,NA,,NA
2311074,6,EC 382,NA,,NA
2311074,6,EC 389,NA,,NA
2311074,6,EI 381,NA,,NA
2311075,6,CE 306,3,9.0,AB
2311075,6,CE 307,4,8.0,BB
2311075,6,CE 308,4,8.0,BB
2311075,6,CE 309,4,9.0,AB
2311075,6,CE 315,2,9.0,AB
2311075,6,CE 316,2,10.0,AA
2311075,6,CE 317,2,10.0,AA
2311075,6,CE 331,NA,,NA
2311075,6,CE 332,4,10.0,AA
2311075,6,CE 334,NA,,NA
2311075,6,CE 381,3,9.0,AB
2311075,6,CE 382,NA,,NA
2311075,6,CS 382,NA,,NA
2311075,6,EC 382,NA,,NA
2311075,6,EC 389,NA,,NA
2311075,6,EI 381,NA,,NA
2311076,6,CE 306,3,6.0,CC
2311076,6,CE 307,4,7.0,BC
2311076,6,CE 308,4,5.0,CD
2311076,6,CE 309,4,5.0,CD
2311076,6,CE 315,2,9.0,AB
2311076,6,CE 316,2,10.0,AA
2311076,6,CE 317,2,9.0,AB
2311076,6,CE 331,NA,,NA
2311076,6,CE 332,4,7.0,BC
2311076,6,CE 334,NA,,NA
2311076,6,CE 381,NA,,NA
2311076,6,CE 382,NA,,NA
2311076,6,CS 382,NA,,NA
2311076,6,EC 382,NA,,NA
2311076,6,EC 389,NA,,NA
2311076,6,EI 381,3,7.0,BC
2311077,6,CE 306,3,9.0,AB
2311077,6,CE 307,4,8.0,BB
2311077,6,CE 308,4,7.0,BC
2311077,6,CE 309,4,8.0,BB
2311077,6,CE 315,2,9.0,AB
2311077,6,CE 316,2,9.0,AB
2311077,6,CE 317,2,10.0,AA
2311077,6,CE 331,NA,,NA
2311077,6,CE 332,NA,,NA
2311077,6,CE 334,4,9.0,AB
2311077,6,CE 381,3,10.0,AA
2311077,6,CE 382,NA,,NA
2311077,6,CS 382,NA,,NA
2311077,6,EC 382,NA,,NA
2311077,6,EC 389,NA,,NA
2311077,6,EI 381,NA,,NA
2311078,6,CE 306,3,10.0,AA
2311078,6,CE 307,4,9.0,AB
2311078,6,CE 308,4,7.0,BC
2311078,6,CE 309,4,9.0,AB
2311078,6,CE 315,2,9.0,AB
2311078,6,CE 316,2,10.0,AA
2311078,6,CE 317,2,9.0,AB
2311078,6,CE 331,NA,,NA
2311078,6,CE 332,NA,,NA
2311078,6,CE 334,4,10.0,AA
2311078,6,CE 381,NA,,NA
2311078,6,CE 382,3,8.0,BB
2311078,6,CS 382,NA,,NA
2311078,6,EC 382,NA,,NA
2311078,6,EC 389,NA,,NA
2311078,6,EI 381,NA,,NA
2311079,6,CE 306,3,10.0,AA
2311079,6,CE 307,4,8.0,BB
2311079,6,CE 308,4,10.0,AA
2311079,6,CE 309,4,9.0,AB
2311079,6,CE 315,2,10.0,AA
2311079,6,CE 316,2,10.0,AA
2311079,6,CE 317,2,10.0,AA
2311079,6,CE 331,NA,,NA
2311079,6,CE 332,NA,,NA
2311079,6,CE 334,4,10.0,AA
2311079,6,CE 381,3,9.0,AB
2311079,6,CE 382,NA,,NA
2311079,6,CS 382,NA,,NA
2311079,6,EC 382,NA,,NA
2311079,6,EC 389,NA,,NA
2311079,6,EI 381,NA,,NA
2311080,6,CE 306,3,7.0,BC
2311080,6,CE 307,4,8.0,BB
2311080,6,CE 308,4,6.0,CC
2311080,6,CE 309,4,7.0,BC
2311080,6,CE 315,2,9.0,AB
2311080,6,CE 316,2,10.0,AA
2311080,6,CE 317,2,9.0,AB
2311080,6,CE 331,NA,,NA
2311080,6,CE 332,4,8.0,BB
2311080,6,CE 334,NA,,NA
2311080,6,CE 381,NA,,NA
2311080,6,CE 382,NA,,NA
2311080,6,CS 382,3,9.0,AB
2311080,6,EC 382,NA,,NA
2311080,6,EC 389,NA,,NA
2311080,6,EI 381,NA,,NA
2311081,6,CE 306,3,8.0,BB
2311081,6,CE 307,4,6.0,CC
2311081,6,CE 308,4,8.0,BB
2311081,6,CE 309,4,8.0,BB
2311081,6,CE 315,2,10.0,AA
2311081,6,CE 316,2,9.0,AB
2311081,6,CE 317,2,9.0,AB
2311081,6,CE 331,NA,,NA
2311081,6,CE 332,4,9.0,AB
2311081,6,CE 334,NA,,NA
2311081,6,CE 381,NA,,NA
2311081,6,CE 382,3,7.0,BC
2311081,6,CS 382,NA,,NA
2311081,6,EC 382,NA,,NA
2311081,6,EC 389,NA,,NA
2311081,6,EI 381,NA,,NA
2311082,6,CE 306,3,10.0,AA
2311082,6,CE 307,4,9.0,AB
2311082,6,CE 308,4,9.0,AB
2311082,6,CE 309,4,8.0,BB
2311082,6,CE 315,2,10.0,AA
2311082,6,CE 316,2,9.0,AB
2311082,6,CE 317,2,9.0,AB
2311082,6,CE 331,NA,,NA
2311082,6,CE 332,NA,,NA
2311082,6,CE 334,4,9.0,AB
2311082,6,CE 381,NA,,NA
2311082,6,CE 382,NA,,NA
2311082,6,CS 382,NA,,NA
2311082,6,EC 382,NA,,NA
2311082,6,EC 389,3,9.0,AB
2311082,6,EI 381,NA,,NA
2311083,6,CE 306,3,10.0,AA
2311083,6,CE 307,4,9.0,AB
2311083,6,CE 308,4,8.0,BB
2311083,6,CE 309,4,9.0,AB
2311083,6,CE 315,2,10.0,AA
2311083,6,CE 316,2,9.0,AB
2311083,6,CE 317,2,10.0,AA
2311083,6,CE 331,NA,,NA
2311083,6,CE 332,4,10.0,AA
2311083,6,CE 334,NA,,NA
2311083,6,CE 381,3,8.0,BB
2311083,6,CE 382,NA,,NA
2311083,6,CS 382,NA,,NA
2311083,6,EC 382,NA,,NA
2311083,6,EC 389,NA,,NA
2311083,6,EI 381,NA,,NA
2311084,6,CE 306,3,8.0,BB
2311084,6,CE 307,4,9.0,AB
2311084,6,CE 308,4,7.0,BC
2311084,6,CE 309,4,9.0,AB
2311084,6,CE 315,2,10.0,AA
2311084,6,CE 316,2,8.0,BB
2311084,6,CE 317,2,9.0,AB
2311084,6,CE 331,NA,,NA
2311084,6,CE 332,4,9.0,AB
2311084,6,CE 334,NA,,NA
2311084,6,CE 381,NA,,NA
2311084,6,CE 382,NA,,NA
2311084,6,CS 382,NA,,NA
2311084,6,EC 382,NA,,NA
2311084,6,EC 389,3,10.0,AA
2311084,6,EI 381,NA,,NA
2311085,6,CE 306,3,7.0,BC
2311085,6,CE 307,4,8.0,BB
2311085,6,CE 308,4,7.0,BC
2311085,6,CE 309,4,8.0,BB
2311085,6,CE 315,2,8.0,BB
2311085,6,CE 316,2,9.0,AB
2311085,6,CE 317,2,10.0,AA
2311085,6,CE 331,NA,,NA
2311085,6,CE 332,4,8.0,BB
2311085,6,CE 334,NA,,NA
2311085,6,CE 381,3,6.0,CC
2311085,6,CE 382,NA,,NA
2311085,6,CS 382,NA,,NA
2311085,6,EC 382,NA,,NA
2311085,6,EC 389,NA,,NA
2311085,6,EI 381,NA,,NA
2311086,6,CE 306,3,8.0,BB
2311086,6,CE 307,4,8.0,BB
2311086,6,CE 308,4,7.0,BC
2311086,6,CE 309,4,9.0,AB
2311086,6,CE 315,2,10.0,AA
2311086,6,CE 316,2,9.0,AB
2311086,6,CE 317,2,10.0,AA
2311086,6,CE 331,NA,,NA
2311086,6,CE 332,4,10.0,AA
2311086,6,CE 334,NA,,NA
2311086,6,CE 381,3,8.0,BB
2311086,6,CE 382,NA,,NA
2311086,6,CS 382,NA,,NA
2311086,6,EC 382,NA,,NA
2311086,6,EC 389,NA,,NA
2311086,6,EI 381,NA,,NA
2311087,6,CE 306,3,9.0,AB
2311087,6,CE 307,4,6.0,CC
2311087,6,CE 308,4,5.0,CD
2311087,6,CE 309,4,5.0,CD
2311087,6,CE 315,2,10.0,AA
2311087,6,CE 316,2,9.0,AB
2311087,6,CE 317,2,9.0,AB
2311087,6,CE 331,4,8.0,BB
2311087,6,CE 332,NA,,NA
2311087,6,CE 334,NA,,NA
2311087,6,CE 381,NA,,NA
2311087,6,CE 382,NA,,NA
2311087,6,CS 382,NA,,NA
2311087,6,EC 382,NA,,NA
2311087,6,EC 389,NA,,NA
2311087,6,EI 381,3,6.0,CC
2311088,6,CE 306,3,7.0,BC
2311088,6,CE 307,4,7.0,BC
2311088,6,CE 308,4,6.0,CC
2311088,6,CE 309,4,5.0,CD
2311088,6,CE 315,2,9.0,AB
2311088,6,CE 316,2,9.0,AB
2311088,6,CE 317,2,9.0,AB
2311088,6,CE 331,4,8.0,BB
2311088,6,CE 332,NA,,NA
2311088,6,CE 334,NA,,NA
2311088,6,CE 381,NA,,NA
2311088,6,CE 382,NA,,NA
2311088,6,CS 382,NA,,NA
2311088,6,EC 382,NA,,NA
2311088,6,EC 389,NA,,NA
2311088,6,EI 381,3,6.0,CC
2311089,6,CE 306,3,5.0,CD
2311089,6,CE 307,4,8.0,BB
2311089,6,CE 308,4,5.0,CD
2311089,6,CE 309,4,5.0,CD
2311089,6,CE 315,2,9.0,AB
2311089,6,CE 316,2,7.0,BC
2311089,6,CE 317,2,9.0,AB
2311089,6,CE 331,4,6.0,CC
2311089,6,CE 332,NA,,NA
2311089,6,CE 334,NA,,NA
2311089,6,CE 381,NA,,NA
2311089,6,CE 382,3,8.0,BB
2311089,6,CS 382,NA,,NA
2311089,6,EC 382,NA,,NA
2311089,6,EC 389,NA,,NA
2311089,6,EI 381,NA,,NA
2311090,6,CE 306,3,5.0,CD
2311090,6,CE 307,4,7.0,BC
2311090,6,CE 308,4,0.0,F
2311090,6,CE 309,4,5.0,CD
2311090,6,CE 315,2,9.0,AB
2311090,6,CE 316,2,8.0,BB
2311090,6,CE 317,2,10.0,AA
2311090,6,CE 331,4,0.0,F
2311090,6,CE 332,NA,,NA
2311090,6,CE 334,NA,,NA
2311090,6,CE 381,3,4.0,DD
2311090,6,CE 382,NA,,NA
2311090,6,CS 382,NA,,NA
2311090,6,EC 382,NA,,NA
2311090,6,EC 389,NA,,NA
2311090,6,EI 381,NA,,NA
2311091,6,CE 306,3,6.0,CC
2311091,6,CE 307,4,9.0,AB
2311091,6,CE 308,4,5.0,CD
2311091,6,CE 309,4,7.0,BC
2311091,6,CE 315,2,9.0,AB
2311091,6,CE 316,2,9.0,AB
2311091,6,CE 317,2,10.0,AA
2311091,6,CE 331,4,6.0,CC
2311091,6,CE 332,NA,,NA
2311091,6,CE 334,NA,,NA
2311091,6,CE 381,NA,,NA
2311091,6,CE 382,3,7.0,BC
2311091,6,CS 382,NA,,NA
2311091,6,EC 382,NA,,NA
2311091,6,EC 389,NA,,NA
2311091,6,EI 381,NA,,NA
2311092,6,CE 306,3,7.0,BC
2311092,6,CE 307,4,8.0,BB
2311092,6,CE 308,4,6.0,CC
2311092,6,CE 309,4,8.0,BB
2311092,6,CE 315,2,9.0,AB
2311092,6,CE 316,2,10.0,AA
2311092,6,CE 317,2,9.0,AB
2311092,6,CE 331,4,10.0,AA
2311092,6,CE 332,NA,,NA
2311092,6,CE 334,NA,,NA
2311092,6,CE 381,NA,,NA
2311092,6,CE 382,NA,,NA
2311092,6,CS 382,NA,,NA
2311092,6,EC 382,3,8.0,BB
2311092,6,EC 389,NA,,NA
2311092,6,EI 381,NA,,NA
2311093,6,CE 306,3,8.0,BB
2311093,6,CE 307,4,7.0,BC
2311093,6,CE 308,4,8.0,BB
2311093,6,CE 309,4,7.0,BC
2311093,6,CE 315,2,10.0,AA
2311093,6,CE 316,2,9.0,AB
2311093,6,CE 317,2,10.0,AA
2311093,6,CE 331,NA,,NA
2311093,6,CE 332,4,9.0,AB
2311093,6,CE 334,NA,,NA
2311093,6,CE 381,3,6.0,CC
2311093,6,CE 382,NA,,NA
2311093,6,CS 382,NA,,NA
2311093,6,EC 382,NA,,NA
2311093,6,EC 389,NA,,NA
2311093,6,EI 381,NA,,NA
2311094,6,CE 306,3,9.0,AB
2311094,6,CE 307,4,9.0,AB
2311094,6,CE 308,4,9.0,AB
2311094,6,CE 309,4,9.0,AB
2311094,6,CE 315,2,10.0,AA
2311094,6,CE 316,2,9.0,AB
2311094,6,CE 317,2,8.0,BB
2311094,6,CE 331,NA,,NA
2311094,6,CE 332,NA,,NA
2311094,6,CE 334,4,10.0,AA
2311094,6,CE 381,3,9.0,AB
2311094,6,CE 382,NA,,NA
2311094,6,CS 382,NA,,NA
2311094,6,EC 382,NA,,NA
2311094,6,EC 389,NA,,NA
2311094,6,EI 381,NA,,NA
2311095,6,CE 306,3,7.0,BC
2311095,6,CE 307,4,7.0,BC
2311095,6,CE 308,4,6.0,CC
2311095,6,CE 309,4,7.0,BC
2311095,6,CE 315,2,10.0,AA
2311095,6,CE 316,2,8.0,BB
2311095,6,CE 317,2,9.0,AB
2311095,6,CE 331,NA,,NA
2311095,6,CE 332,4,8.0,BB
2311095,6,CE 334,NA,,NA
2311095,6,CE 381,NA,,NA
2311095,6,CE 382,3,7.0,BC
2311095,6,CS 382,NA,,NA
2311095,6,EC 382,NA,,NA
2311095,6,EC 389,NA,,NA
2311095,6,EI 381,NA,,NA
2311096,6,CE 306,3,9.0,AB
2311096,6,CE 307,4,9.0,AB
2311096,6,CE 308,4,7.0,BC
2311096,6,CE 309,4,9.0,AB
2311096,6,CE 315,2,10.0,AA
2311096,6,CE 316,2,10.0,AA
2311096,6,CE 317,2,10.0,AA
2311096,6,CE 331,NA,,NA
2311096,6,CE 332,NA,,NA
2311096,6,CE 334,4,8.0,BB
2311096,6,CE 381,NA,,NA
2311096,6,CE 382,NA,,NA
2311096,6,CS 382,NA,,NA
2311096,6,EC 382,NA,,NA
2311096,6,EC 389,3,9.0,AB
2311096,6,EI 381,NA,,NA
2311097,6,CE 306,3,7.0,BC
2311097,6,CE 307,4,6.0,CC
2311097,6,CE 308,4,5.0,CD
2311097,6,CE 309,4,4.0,DD
2311097,6,CE 315,2,7.0,BC
2311097,6,CE 316,2,9.0,AB
2311097,6,CE 317,2,8.0,BB
2311097,6,CE 331,4,0.0,F
2311097,6,CE 332,NA,,NA
2311097,6,CE 334,NA,,NA
2311097,6,CE 381,NA,,NA
2311097,6,CE 382,3,0.0,F
2311097,6,CS 382,NA,,NA
2311097,6,EC 382,NA,,NA
2311097,6,EC 389,NA,,NA
2311097,6,EI 381,NA,,NA
2311098,6,CE 306,3,8.0,BB
2311098,6,CE 307,4,10.0,AA
2311098,6,CE 308,4,8.0,BB
2311098,6,CE 309,4,8.0,BB
2311098,6,CE 315,2,10.0,AA
2311098,6,CE 316,2,9.0,AB
2311098,6,CE 317,2,10.0,AA
2311098,6,CE 331,NA,,NA
2311098,6,CE 332,4,9.0,AB
2311098,6,CE 334,NA,,NA
2311098,6,CE 381,NA,,NA
2311098,6,CE 382,NA,,NA
2311098,6,CS 382,NA,,NA
2311098,6,EC 382,NA,,NA
2311098,6,EC 389,3,9.0,AB
2311098,6,EI 381,NA,,NA
2311100,6,CE 306,3,8.0,BB
2311100,6,CE 307,4,9.0,AB
2311100,6,CE 308,4,8.0,BB
2311100,6,CE 309,4,9.0,AB
2311100,6,CE 315,2,10.0,AA
2311100,6,CE 316,2,9.0,AB
2311100,6,CE 317,2,10.0,AA
2311100,6,CE 331,NA,,NA
2311100,6,CE 332,NA,,NA
2311100,6,CE 334,4,9.0,AB
2311100,6,CE 381,NA,,NA
2311100,6,CE 382,NA,,NA
2311100,6,CS 382,NA,,NA
2311100,6,EC 382,NA,,NA
2311100,6,EC 389,3,9.0,AB
2311100,6,EI 381,NA,,NA
2311101,6,CE 306,3,10.0,AA
2311101,6,CE 307,4,10.0,AA
2311101,6,CE 308,4,10.0,AA
2311101,6,CE 309,4,9.0,AB
2311101,6,CE 315,2,10.0,AA
2311101,6,CE 316,2,10.0,AA
2311101,6,CE 317,2,10.0,AA
2311101,6,CE 331,NA,,NA
2311101,6,CE 332,NA,,NA
2311101,6,CE 334,4,9.0,AB
2311101,6,CE 381,3,9.0,AB
2311101,6,CE 382,NA,,NA
2311101,6,CS 382,NA,,NA
2311101,6,EC 382,NA,,NA
2311101,6,EC 389,NA,,NA
2311101,6,EI 381,NA,,NA
2311102,6,CE 306,3,7.0,BC
2311102,6,CE 307,4,8.0,BB
2311102,6,CE 308,4,7.0,BC
2311102,6,CE 309,4,6.0,CC
2311102,6,CE 315,2,8.0,BB
2311102,6,CE 316,2,9.0,AB
2311102,6,CE 317,2,10.0,AA
2311102,6,CE 331,4,9.0,AB
2311102,6,CE 332,NA,,NA
2311102,6,CE 334,NA,,NA
2311102,6,CE 381,NA,,NA
2311102,6,CE 382,3,7.0,BC
2311102,6,CS 382,NA,,NA
2311102,6,EC 382,NA,,NA
2311102,6,EC 389,NA,,NA
2311102,6,EI 381,NA,,NA
2311103,6,CE 306,3,9.0,AB
2311103,6,CE 307,4,9.0,AB
2311103,6,CE 308,4,8.0,BB
2311103,6,CE 309,4,8.0,BB
2311103,6,CE 315,2,9.0,AB
2311103,6,CE 316,2,9.0,AB
2311103,6,CE 317,2,9.0,AB
2311103,6,CE 331,NA,,NA
2311103,6,CE 332,4,8.0,BB
2311103,6,CE 334,NA,,NA
2311103,6,CE 381,NA,,NA
2311103,6,CE 382,NA,,NA
2311103,6,CS 382,NA,,NA
2311103,6,EC 382,3,10.0,AA
2311103,6,EC 389,NA,,NA
2311103,6,EI 381,NA,,NA
2311104,6,CE 306,3,9.0,AB
2311104,6,CE 307,4,10.0,AA
2311104,6,CE 308,4,9.0,AB
2311104,6,CE 309,4,9.0,AB
2311104,6,CE 315,2,10.0,AA
2311104,6,CE 316,2,10.0,AA
2311104,6,CE 317,2,10.0,AA
2311104,6,CE 331,NA,,NA
2311104,6,CE 332,NA,,NA
2311104,6,CE 334,4,10.0,AA
2311104,6,CE 381,3,10.0,AA
2311104,6,CE 382,NA,,NA
2311104,6,CS 382,NA,,NA
2311104,6,EC 382,NA,,NA
2311104,6,EC 389,NA,,NA
2311104,6,EI 381,NA,,NA
2311106,6,CE 306,3,10.0,AA
2311106,6,CE 307,4,10.0,AA
2311106,6,CE 308,4,10.0,AA
2311106,6,CE 309,4,10.0,AA
2311106,6,CE 315,2,10.0,AA
2311106,6,CE 316,2,10.0,AA
2311106,6,CE 317,2,10.0,AA
2311106,6,CE 331,NA,,NA
2311106,6,CE 332,NA,,NA
2311106,6,CE 334,4,10.0,AA
2311106,6,CE 381,3,10.0,AA
2311106,6,CE 382,NA,,NA
2311106,6,CS 382,NA,,NA
2311106,6,EC 382,NA,,NA
2311106,6,EC 389,NA,,NA
2311106,6,EI 381,NA,,NA
2311107,6,CE 306,3,10.0,AA
2311107,6,CE 307,4,10.0,AA
2311107,6,CE 308,4,9.0,AB
2311107,6,CE 309,4,9.0,AB
2311107,6,CE 315,2,10.0,AA
2311107,6,CE 316,2,9.0,AB
2311107,6,CE 317,2,10.0,AA
2311107,6,CE 331,NA,,NA
2311107,6,CE 332,NA,,NA
2311107,6,CE 334,4,10.0,AA
2311107,6,CE 381,3,9.0,AB
2311107,6,CE 382,NA,,NA
2311107,6,CS 382,NA,,NA
2311107,6,EC 382,NA,,NA
2311107,6,EC 389,NA,,NA
2311107,6,EI 381,NA,,NA
2311108,6,CE 306,3,10.0,AA
2311108,6,CE 307,4,10.0,AA
2311108,6,CE 308,4,10.0,AA
2311108,6,CE 309,4,9.0,AB
2311108,6,CE 315,2,10.0,AA
2311108,6,CE 316,2,10.0,AA
2311108,6,CE 317,2,10.0,AA
2311108,6,CE 331,NA,,NA
2311108,6,CE 332,NA,,NA
2311108,6,CE 334,4,10.0,AA
2311108,6,CE 381,3,9.0,AB
2311108,6,CE 382,NA,,NA
2311108,6,CS 382,NA,,NA
2311108,6,EC 382,NA,,NA
2311108,6,EC 389,NA,,NA
2311108,6,EI 381,NA,,NA
2311109,6,CE 306,3,6.0,CC
2311109,6,CE 307,4,9.0,AB
2311109,6,CE 308,4,7.0,BC
2311109,6,CE 309,4,8.0,BB
2311109,6,CE 315,2,9.0,AB
2311109,6,CE 316,2,9.0,AB
2311109,6,CE 317,2,10.0,AA
2311109,6,CE 331,4,9.0,AB
2311109,6,CE 332,NA,,NA
2311109,6,CE 334,NA,,NA
2311109,6,CE 381,NA,,NA
2311109,6,CE 382,3,9.0,AB
2311109,6,CS 382,NA,,NA
2311109,6,EC 382,NA,,NA
2311109,6,EC 389,NA,,NA
2311109,6,EI 381,NA,,NA
2311110,6,CE 306,3,7.0,BC
2311110,6,CE 307,4,9.0,AB
2311110,6,CE 308,4,8.0,BB
2311110,6,CE 309,4,9.0,AB
2311110,6,CE 315,2,9.0,AB
2311110,6,CE 316,2,9.0,AB
2311110,6,CE 317,2,9.0,AB
2311110,6,CE 331,NA,,NA
2311110,6,CE 332,4,9.0,AB
2311110,6,CE 334,NA,,NA
2311110,6,CE 381,3,8.0,BB
2311110,6,CE 382,NA,,NA
2311110,6,CS 382,NA,,NA
2311110,6,EC 382,NA,,NA
2311110,6,EC 389,NA,,NA
2311110,6,EI 381,NA,,NA
2311111,6,CE 306,3,7.0,BC
2311111,6,CE 307,4,9.0,AB
2311111,6,CE 308,4,6.0,CC
2311111,6,CE 309,4,8.0,BB
2311111,6,CE 315,2,10.0,AA
2311111,6,CE 316,2,9.0,AB
2311111,6,CE 317,2,9.0,AB
2311111,6,CE 331,4,8.0,BB
2311111,6,CE 332,NA,,NA
2311111,6,CE 334,NA,,NA
2311111,6,CE 381,NA,,NA
2311111,6,CE 382,3,7.0,BC
2311111,6,CS 382,NA,,NA
2311111,6,EC 382,NA,,NA
2311111,6,EC 389,NA,,NA
2311111,6,EI 381,NA,,NA
2311112,6,CE 306,3,7.0,BC
2311112,6,CE 307,4,8.0,BB
2311112,6,CE 308,4,5.0,CD
2311112,6,CE 309,4,7.0,BC
2311112,6,CE 315,2,10.0,AA
2311112,6,CE 316,2,9.0,AB
2311112,6,CE 317,2,10.0,AA
2311112,6,CE 331,4,9.0,AB
2311112,6,CE 332,NA,,NA
2311112,6,CE 334,NA,,NA
2311112,6,CE 381,NA,,NA
2311112,6,CE 382,NA,,NA
2311112,6,CS 382,NA,,NA
2311112,6,EC 382,NA,,NA
2311112,6,EC 389,NA,,NA
2311112,6,EI 381,3,6.0,CC
2311113,6,CE 306,3,9.0,AB
2311113,6,CE 307,4,9.0,AB
2311113,6,CE 308,4,9.0,AB
2311113,6,CE 309,4,10.0,AA
2311113,6,CE 315,2,10.0,AA
2311113,6,CE 316,2,9.0,AB
2311113,6,CE 317,2,10.0,AA
2311113,6,CE 331,NA,,NA
2311113,6,CE 332,4,10.0,AA
2311113,6,CE 334,NA,,NA
2311113,6,CE 381,NA,,NA
2311113,6,CE 382,3,9.0,AB
2311113,6,CS 382,NA,,NA
2311113,6,EC 382,NA,,NA
2311113,6,EC 389,NA,,NA
2311113,6,EI 381,NA,,NA
2314001,6,CS 382,NA,,NA
2314001,6,EC 307,4,7.0,BC
2314001,6,EC 308,4,9.0,AB
2314001,6,EC 309,4,9.0,AB
2314001,6,EC 310,4,8.0,BB
2314001,6,EC 314,2,9.0,AB
2314001,6,EC 315,2,10.0,AA
2314001,6,EC 316,2,10.0,AA
2314001,6,EC 333,3,8.0,BB
2314001,6,EC 337,NA,,NA
2314001,6,EC 382,NA,,NA
2314001,6,EC 389,3,9.0,AB
2314001,6,EE 385,NA,,NA
2314001,6,EI 381,NA,,NA
2314002,6,CS 382,NA,,NA
2314002,6,EC 307,4,6.0,CC
2314002,6,EC 308,4,8.0,BB
2314002,6,EC 309,4,6.0,CC
2314002,6,EC 310,4,6.0,CC
2314002,6,EC 314,2,9.0,AB
2314002,6,EC 315,2,9.0,AB
2314002,6,EC 316,2,9.0,AB
2314002,6,EC 333,3,4.0,DD
2314002,6,EC 337,NA,,NA
2314002,6,EC 382,3,8.0,BB
2314002,6,EC 389,NA,,NA
2314002,6,EE 385,NA,,NA
2314002,6,EI 381,NA,,NA
2314003,6,CS 382,NA,,NA
2314003,6,EC 307,4,7.0,BC
2314003,6,EC 308,4,9.0,AB
2314003,6,EC 309,4,5.0,CD
2314003,6,EC 310,4,5.0,CD
2314003,6,EC 314,2,9.0,AB
2314003,6,EC 315,2,9.0,AB
2314003,6,EC 316,2,9.0,AB
2314003,6,EC 333,3,4.0,DD
2314003,6,EC 337,NA,,NA
2314003,6,EC 382,3,9.0,AB
2314003,6,EC 389,NA,,NA
2314003,6,EE 385,NA,,NA
2314003,6,EI 381,NA,,NA
2314004,6,CS 382,NA,,NA
2314004,6,EC 307,4,7.0,BC
2314004,6,EC 308,4,8.0,BB
2314004,6,EC 309,4,8.0,BB
2314004,6,EC 310,4,9.0,AB
2314004,6,EC 314,2,9.0,AB
2314004,6,EC 315,2,10.0,AA
2314004,6,EC 316,2,10.0,AA
2314004,6,EC 333,NA,,NA
2314004,6,EC 337,3,9.0,AB
2314004,6,EC 382,NA,,NA
2314004,6,EC 389,3,8.0,BB
2314004,6,EE 385,NA,,NA
2314004,6,EI 381,NA,,NA
2314005,6,CS 382,NA,,NA
2314005,6,EC 307,4,7.0,BC
2314005,6,EC 308,4,7.0,BC
2314005,6,EC 309,4,7.0,BC
2314005,6,EC 310,4,7.0,BC
2314005,6,EC 314,2,9.0,AB
2314005,6,EC 315,2,10.0,AA
2314005,6,EC 316,2,10.0,AA
2314005,6,EC 333,NA,,NA
2314005,6,EC 337,3,10.0,AA
2314005,6,EC 382,NA,,NA
2314005,6,EC 389,3,9.0,AB
2314005,6,EE 385,NA,,NA
2314005,6,EI 381,NA,,NA
2314006,6,CS 382,NA,,NA
2314006,6,EC 307,4,7.0,BC
2314006,6,EC 308,4,8.0,BB
2314006,6,EC 309,4,8.0,BB
2314006,6,EC 310,4,8.0,BB
2314006,6,EC 314,2,8.0,BB
2314006,6,EC 315,2,10.0,AA
2314006,6,EC 316,2,9.0,AB
2314006,6,EC 333,NA,,NA
2314006,6,EC 337,3,9.0,AB
2314006,6,EC 382,3,8.0,BB
2314006,6,EC 389,NA,,NA
2314006,6,EE 385,NA,,NA
2314006,6,EI 381,NA,,NA
2314007,6,CS 382,NA,,NA
2314007,6,EC 307,4,6.0,CC
2314007,6,EC 308,4,8.0,BB
2314007,6,EC 309,4,7.0,BC
2314007,6,EC 310,4,8.0,BB
2314007,6,EC 314,2,9.0,AB
2314007,6,EC 315,2,10.0,AA
2314007,6,EC 316,2,9.0,AB
2314007,6,EC 333,3,6.0,CC
2314007,6,EC 337,NA,,NA
2314007,6,EC 382,3,9.0,AB
2314007,6,EC 389,NA,,NA
2314007,6,EE 385,NA,,NA
2314007,6,EI 381,NA,,NA
2314008,6,CS 382,NA,,NA
2314008,6,EC 307,4,7.0,BC
2314008,6,EC 308,4,10.0,AA
2314008,6,EC 309,4,7.0,BC
2314008,6,EC 310,4,8.0,BB
2314008,6,EC 314,2,9.0,AB
2314008,6,EC 315,2,10.0,AA
2314008,6,EC 316,2,8.0,BB
2314008,6,EC 333,3,8.0,BB
2314008,6,EC 337,NA,,NA
2314008,6,EC 382,3,9.0,AB
2314008,6,EC 389,NA,,NA
2314008,6,EE 385,NA,,NA
2314008,6,EI 381,NA,,NA
2314009,6,CS 382,NA,,NA
2314009,6,EC 307,4,7.0,BC
2314009,6,EC 308,4,9.0,AB
2314009,6,EC 309,4,8.0,BB
2314009,6,EC 310,4,8.0,BB
2314009,6,EC 314,2,9.0,AB
2314009,6,EC 315,2,9.0,AB
2314009,6,EC 316,2,9.0,AB
2314009,6,EC 333,3,7.0,BC
2314009,6,EC 337,NA,,NA
2314009,6,EC 382,3,7.0,BC
2314009,6,EC 389,NA,,NA
2314009,6,EE 385,NA,,NA
2314009,6,EI 381,NA,,NA
2314010,6,CS 382,NA,,NA
2314010,6,EC 307,4,10.0,AA
2314010,6,EC 308,4,10.0,AA
2314010,6,EC 309,4,9.0,AB
2314010,6,EC 310,4,8.0,BB
2314010,6,EC 314,2,9.0,AB
2314010,6,EC 315,2,10.0,AA
2314010,6,EC 316,2,9.0,AB
2314010,6,EC 333,NA,,NA
2314010,6,EC 337,3,10.0,AA
2314010,6,EC 382,NA,,NA
2314010,6,EC 389,3,10.0,AA
2314010,6,EE 385,NA,,NA
2314010,6,EI 381,NA,,NA
2314012,6,CS 382,NA,,NA
2314012,6,EC 307,4,8.0,BB
2314012,6,EC 308,4,10.0,AA
2314012,6,EC 309,4,8.0,BB
2314012,6,EC 310,4,9.0,AB
2314012,6,EC 314,2,9.0,AB
2314012,6,EC 315,2,10.0,AA
2314012,6,EC 316,2,10.0,AA
2314012,6,EC 333,NA,,NA
2314012,6,EC 337,3,10.0,AA
2314012,6,EC 382,NA,,NA
2314012,6,EC 389,3,9.0,AB
2314012,6,EE 385,NA,,NA
2314012,6,EI 381,NA,,NA
2314013,6,CS 382,NA,,NA
2314013,6,EC 307,4,7.0,BC
2314013,6,EC 308,4,9.0,AB
2314013,6,EC 309,4,7.0,BC
2314013,6,EC 310,4,8.0,BB
2314013,6,EC 314,2,9.0,AB
2314013,6,EC 315,2,9.0,AB
2314013,6,EC 316,2,9.0,AB
2314013,6,EC 333,NA,,NA
2314013,6,EC 337,3,9.0,AB
2314013,6,EC 382,NA,,NA
2314013,6,EC 389,3,10.0,AA
2314013,6,EE 385,NA,,NA
2314013,6,EI 381,NA,,NA
2314014,6,CS 382,NA,,NA
2314014,6,EC 307,4,8.0,BB
2314014,6,EC 308,4,7.0,BC
2314014,6,EC 309,4,7.0,BC
2314014,6,EC 310,4,9.0,AB
2314014,6,EC 314,2,9.0,AB
2314014,6,EC 315,2,10.0,AA
2314014,6,EC 316,2,9.0,AB
2314014,6,EC 333,NA,,NA
2314014,6,EC 337,3,9.0,AB
2314014,6,EC 382,NA,,NA
2314014,6,EC 389,3,10.0,AA
2314014,6,EE 385,NA,,NA
2314014,6,EI 381,NA,,NA
2314015,6,CS 382,NA,,NA
2314015,6,EC 307,4,8.0,BB
2314015,6,EC 308,4,8.0,BB
2314015,6,EC 309,4,8.0,BB
2314015,6,EC 310,4,9.0,AB
2314015,6,EC 314,2,9.0,AB
2314015,6,EC 315,2,10.0,AA
2314015,6,EC 316,2,9.0,AB
2314015,6,EC 333,NA,,NA
2314015,6,EC 337,3,9.0,AB
2314015,6,EC 382,NA,,NA
2314015,6,EC 389,3,10.0,AA
2314015,6,EE 385,NA,,NA
2314015,6,EI 381,NA,,NA
2314016,6,CS 382,NA,,NA
2314016,6,EC 307,4,9.0,AB
2314016,6,EC 308,4,10.0,AA
2314016,6,EC 309,4,8.0,BB
2314016,6,EC 310,4,8.0,BB
2314016,6,EC 314,2,8.0,BB
2314016,6,EC 315,2,10.0,AA
2314016,6,EC 316,2,9.0,AB
2314016,6,EC 333,NA,,NA
2314016,6,EC 337,3,9.0,AB
2314016,6,EC 382,NA,,NA
2314016,6,EC 389,3,10.0,AA
2314016,6,EE 385,NA,,NA
2314016,6,EI 381,NA,,NA
2314017,6,CS 382,NA,,NA
2314017,6,EC 307,4,10.0,AA
2314017,6,EC 308,4,10.0,AA
2314017,6,EC 309,4,10.0,AA
2314017,6,EC 310,4,9.0,AB
2314017,6,EC 314,2,9.0,AB
2314017,6,EC 315,2,10.0,AA
2314017,6,EC 316,2,10.0,AA
2314017,6,EC 333,3,8.0,BB
2314017,6,EC 337,NA,,NA
2314017,6,EC 382,NA,,NA
2314017,6,EC 389,3,9.0,AB
2314017,6,EE 385,NA,,NA
2314017,6,EI 381,NA,,NA
2314018,6,CS 382,NA,,NA
2314018,6,EC 307,4,6.0,CC
2314018,6,EC 308,4,8.0,BB
2314018,6,EC 309,4,9.0,AB
2314018,6,EC 310,4,9.0,AB
2314018,6,EC 314,2,9.0,AB
2314018,6,EC 315,2,10.0,AA
2314018,6,EC 316,2,9.0,AB
2314018,6,EC 333,NA,,NA
2314018,6,EC 337,3,9.0,AB
2314018,6,EC 382,3,10.0,AA
2314018,6,EC 389,NA,,NA
2314018,6,EE 385,NA,,NA
2314018,6,EI 381,NA,,NA
2314019,6,CS 382,NA,,NA
2314019,6,EC 307,4,7.0,BC
2314019,6,EC 308,4,7.0,BC
2314019,6,EC 309,4,7.0,BC
2314019,6,EC 310,4,7.0,BC
2314019,6,EC 314,2,9.0,AB
2314019,6,EC 315,2,9.0,AB
2314019,6,EC 316,2,9.0,AB
2314019,6,EC 333,3,6.0,CC
2314019,6,EC 337,NA,,NA
2314019,6,EC 382,3,5.0,CD
2314019,6,EC 389,NA,,NA
2314019,6,EE 385,NA,,NA
2314019,6,EI 381,NA,,NA
2314020,6,CS 382,NA,,NA
2314020,6,EC 307,4,7.0,BC
2314020,6,EC 308,4,9.0,AB
2314020,6,EC 309,4,8.0,BB
2314020,6,EC 310,4,7.0,BC
2314020,6,EC 314,2,9.0,AB
2314020,6,EC 315,2,10.0,AA
2314020,6,EC 316,2,9.0,AB
2314020,6,EC 333,NA,,NA
2314020,6,EC 337,3,8.0,BB
2314020,6,EC 382,NA,,NA
2314020,6,EC 389,3,9.0,AB
2314020,6,EE 385,NA,,NA
2314020,6,EI 381,NA,,NA
2314021,6,CS 382,NA,,NA
2314021,6,EC 307,4,4.0,DD
2314021,6,EC 308,4,4.0,DD
2314021,6,EC 309,4,0.0,F
2314021,6,EC 310,4,0.0,F
2314021,6,EC 314,2,8.0,BB
2314021,6,EC 315,2,10.0,AA
2314021,6,EC 316,2,9.0,AB
2314021,6,EC 333,3,0.0,F
2314021,6,EC 337,NA,,NA
2314021,6,EC 382,3,7.0,BC
2314021,6,EC 389,NA,,NA
2314021,6,EE 385,NA,,NA
2314021,6,EI 381,NA,,NA
2314022,6,CS 382,NA,,NA
2314022,6,EC 307,4,6.0,CC
2314022,6,EC 308,4,7.0,BC
2314022,6,EC 309,4,6.0,CC
2314022,6,EC 310,4,7.0,BC
2314022,6,EC 314,2,8.0,BB
2314022,6,EC 315,2,10.0,AA
2314022,6,EC 316,2,9.0,AB
2314022,6,EC 333,3,6.0,CC
2314022,6,EC 337,NA,,NA
2314022,6,EC 382,3,8.0,BB
2314022,6,EC 389,NA,,NA
2314022,6,EE 385,NA,,NA
2314022,6,EI 381,NA,,NA
2314023,6,CS 382,NA,,NA
2314023,6,EC 307,4,7.0,BC
2314023,6,EC 308,4,8.0,BB
2314023,6,EC 309,4,8.0,BB
2314023,6,EC 310,4,8.0,BB
2314023,6,EC 314,2,9.0,AB
2314023,6,EC 315,2,10.0,AA
2314023,6,EC 316,2,10.0,AA
2314023,6,EC 333,NA,,NA
2314023,6,EC 337,3,9.0,AB
2314023,6,EC 382,NA,,NA
2314023,6,EC 389,3,9.0,AB
2314023,6,EE 385,NA,,NA
2314023,6,EI 381,NA,,NA
2314024,6,CS 382,NA,,NA
2314024,6,EC 307,4,10.0,AA
2314024,6,EC 308,4,10.0,AA
2314024,6,EC 309,4,10.0,AA
2314024,6,EC 310,4,10.0,AA
2314024,6,EC 314,2,9.0,AB
2314024,6,EC 315,2,10.0,AA
2314024,6,EC 316,2,10.0,AA
2314024,6,EC 333,3,10.0,AA
2314024,6,EC 337,NA,,NA
2314024,6,EC 382,NA,,NA
2314024,6,EC 389,3,10.0,AA
2314024,6,EE 385,NA,,NA
2314024,6,EI 381,NA,,NA
2314025,6,CS 382,NA,,NA
2314025,6,EC 307,4,8.0,BB
2314025,6,EC 308,4,8.0,BB
2314025,6,EC 309,4,8.0,BB
2314025,6,EC 310,4,8.0,BB
2314025,6,EC 314,2,9.0,AB
2314025,6,EC 315,2,10.0,AA
2314025,6,EC 316,2,10.0,AA
2314025,6,EC 333,3,9.0,AB
2314025,6,EC 337,NA,,NA
2314025,6,EC 382,NA,,NA
2314025,6,EC 389,3,10.0,AA
2314025,6,EE 385,NA,,NA
2314025,6,EI 381,NA,,NA
2314026,6,CS 382,NA,,NA
2314026,6,EC 307,4,8.0,BB
2314026,6,EC 308,4,9.0,AB
2314026,6,EC 309,4,8.0,BB
2314026,6,EC 310,4,8.0,BB
2314026,6,EC 314,2,9.0,AB
2314026,6,EC 315,2,10.0,AA
2314026,6,EC 316,2,10.0,AA
2314026,6,EC 333,NA,,NA
2314026,6,EC 337,3,8.0,BB
2314026,6,EC 382,NA,,NA
2314026,6,EC 389,3,9.0,AB
2314026,6,EE 385,NA,,NA
2314026,6,EI 381,NA,,NA
2314027,6,CS 382,NA,,NA
2314027,6,EC 307,4,4.0,DD
2314027,6,EC 308,4,4.0,DD
2314027,6,EC 309,4,0.0,F
2314027,6,EC 310,4,0.0,F
2314027,6,EC 314,2,7.0,BC
2314027,6,EC 315,2,8.0,BB
2314027,6,EC 316,2,8.0,BB
2314027,6,EC 333,3,0.0,F
2314027,6,EC 337,NA,,NA
2314027,6,EC 382,3,5.0,CD
2314027,6,EC 389,NA,,NA
2314027,6,EE 385,NA,,NA
2314027,6,EI 381,NA,,NA
2314028,6,CS 382,NA,,NA
2314028,6,EC 307,4,6.0,CC
2314028,6,EC 308,4,8.0,BB
2314028,6,EC 309,4,7.0,BC
2314028,6,EC 310,4,6.0,CC
2314028,6,EC 314,2,9.0,AB
2314028,6,EC 315,2,10.0,AA
2314028,6,EC 316,2,9.0,AB
2314028,6,EC 333,3,6.0,CC
2314028,6,EC 337,NA,,NA
2314028,6,EC 382,3,9.0,AB
2314028,6,EC 389,NA,,NA
2314028,6,EE 385,NA,,NA
2314028,6,EI 381,NA,,NA
2314029,6,CS 382,NA,,NA
2314029,6,EC 307,4,7.0,BC
2314029,6,EC 308,4,6.0,CC
2314029,6,EC 309,4,6.0,CC
2314029,6,EC 310,4,7.0,BC
2314029,6,EC 314,2,9.0,AB
2314029,6,EC 315,2,10.0,AA
2314029,6,EC 316,2,9.0,AB
2314029,6,EC 333,3,6.0,CC
2314029,6,EC 337,NA,,NA
2314029,6,EC 382,3,9.0,AB
2314029,6,EC 389,NA,,NA
2314029,6,EE 385,NA,,NA
2314029,6,EI 381,NA,,NA
2314030,6,CS 382,NA,,NA
2314030,6,EC 307,4,8.0,BB
2314030,6,EC 308,4,10.0,AA
2314030,6,EC 309,4,10.0,AA
2314030,6,EC 310,4,8.0,BB
2314030,6,EC 314,2,9.0,AB
2314030,6,EC 315,2,10.0,AA
2314030,6,EC 316,2,10.0,AA
2314030,6,EC 333,3,10.0,AA
2314030,6,EC 337,NA,,NA
2314030,6,EC 382,NA,,NA
2314030,6,EC 389,3,10.0,AA
2314030,6,EE 385,NA,,NA
2314030,6,EI 381,NA,,NA
2314031,6,CS 382,NA,,NA
2314031,6,EC 307,4,9.0,AB
2314031,6,EC 308,4,8.0,BB
2314031,6,EC 309,4,7.0,BC
2314031,6,EC 310,4,8.0,BB
2314031,6,EC 314,2,9.0,AB
2314031,6,EC 315,2,10.0,AA
2314031,6,EC 316,2,9.0,AB
2314031,6,EC 333,NA,,NA
2314031,6,EC 337,3,10.0,AA
2314031,6,EC 382,NA,,NA
2314031,6,EC 389,3,9.0,AB
2314031,6,EE 385,NA,,NA
2314031,6,EI 381,NA,,NA
2314032,6,CS 382,NA,,NA
2314032,6,EC 307,4,9.0,AB
2314032,6,EC 308,4,9.0,AB
2314032,6,EC 309,4,9.0,AB
2314032,6,EC 310,4,8.0,BB
2314032,6,EC 314,2,9.0,AB
2314032,6,EC 315,2,10.0,AA
2314032,6,EC 316,2,10.0,AA
2314032,6,EC 333,NA,,NA
2314032,6,EC 337,3,10.0,AA
2314032,6,EC 382,NA,,NA
2314032,6,EC 389,3,10.0,AA
2314032,6,EE 385,NA,,NA
2314032,6,EI 381,NA,,NA
2314033,6,CS 382,NA,,NA
2314033,6,EC 307,4,6.0,CC
2314033,6,EC 308,4,4.0,DD
2314033,6,EC 309,4,7.0,BC
2314033,6,EC 310,4,7.0,BC
2314033,6,EC 314,2,8.0,BB
2314033,6,EC 315,2,9.0,AB
2314033,6,EC 316,2,9.0,AB
2314033,6,EC 333,3,6.0,CC
2314033,6,EC 337,NA,,NA
2314033,6,EC 382,3,9.0,AB
2314033,6,EC 389,NA,,NA
2314033,6,EE 385,NA,,NA
2314033,6,EI 381,NA,,NA
2314034,6,CS 382,NA,,NA
2314034,6,EC 307,4,9.0,AB
2314034,6,EC 308,4,8.0,BB
2314034,6,EC 309,4,9.0,AB
2314034,6,EC 310,4,7.0,BC
2314034,6,EC 314,2,10.0,AA
2314034,6,EC 315,2,10.0,AA
2314034,6,EC 316,2,10.0,AA
2314034,6,EC 333,NA,,NA
2314034,6,EC 337,3,9.0,AB
2314034,6,EC 382,NA,,NA
2314034,6,EC 389,3,9.0,AB
2314034,6,EE 385,NA,,NA
2314034,6,EI 381,NA,,NA
2314035,6,CS 382,NA,,NA
2314035,6,EC 307,4,10.0,AA
2314035,6,EC 308,4,9.0,AB
2314035,6,EC 309,4,10.0,AA
2314035,6,EC 310,4,9.0,AB
2314035,6,EC 314,2,10.0,AA
2314035,6,EC 315,2,10.0,AA
2314035,6,EC 316,2,10.0,AA
2314035,6,EC 333,NA,,NA
2314035,6,EC 337,3,10.0,AA
2314035,6,EC 382,NA,,NA
2314035,6,EC 389,3,9.0,AB
2314035,6,EE 385,NA,,NA
2314035,6,EI 381,NA,,NA
2314036,6,CS 382,NA,,NA
2314036,6,EC 307,4,8.0,BB
2314036,6,EC 308,4,10.0,AA
2314036,6,EC 309,4,9.0,AB
2314036,6,EC 310,4,9.0,AB
2314036,6,EC 314,2,9.0,AB
2314036,6,EC 315,2,10.0,AA
2314036,6,EC 316,2,10.0,AA
2314036,6,EC 333,NA,,NA
2314036,6,EC 337,3,10.0,AA
2314036,6,EC 382,NA,,NA
2314036,6,EC 389,3,9.0,AB
2314036,6,EE 385,NA,,NA
2314036,6,EI 381,NA,,NA
2314037,6,CS 382,NA,,NA
2314037,6,EC 307,4,9.0,AB
2314037,6,EC 308,4,9.0,AB
2314037,6,EC 309,4,8.0,BB
2314037,6,EC 310,4,6.0,CC
2314037,6,EC 314,2,9.0,AB
2314037,6,EC 315,2,10.0,AA
2314037,6,EC 316,2,10.0,AA
2314037,6,EC 333,NA,,NA
2314037,6,EC 337,3,8.0,BB
2314037,6,EC 382,NA,,NA
2314037,6,EC 389,3,10.0,AA
2314037,6,EE 385,NA,,NA
2314037,6,EI 381,NA,,NA
2314038,6,CS 382,NA,,NA
2314038,6,EC 307,4,6.0,CC
2314038,6,EC 308,4,8.0,BB
2314038,6,EC 309,4,7.0,BC
2314038,6,EC 310,4,7.0,BC
2314038,6,EC 314,2,9.0,AB
2314038,6,EC 315,2,9.0,AB
2314038,6,EC 316,2,9.0,AB
2314038,6,EC 333,NA,,NA
2314038,6,EC 337,3,8.0,BB
2314038,6,EC 382,NA,,NA
2314038,6,EC 389,3,9.0,AB
2314038,6,EE 385,NA,,NA
2314038,6,EI 381,NA,,NA
2314040,6,CS 382,NA,,NA
2314040,6,EC 307,4,7.0,BC
2314040,6,EC 308,4,9.0,AB
2314040,6,EC 309,4,8.0,BB
2314040,6,EC 310,4,7.0,BC
2314040,6,EC 314,2,9.0,AB
2314040,6,EC 315,2,9.0,AB
2314040,6,EC 316,2,9.0,AB
2314040,6,EC 333,NA,,NA
2314040,6,EC 337,3,10.0,AA
2314040,6,EC 382,3,8.0,BB
2314040,6,EC 389,NA,,NA
2314040,6,EE 385,NA,,NA
2314040,6,EI 381,NA,,NA
2314041,6,CS 382,NA,,NA
2314041,6,EC 307,4,8.0,BB
2314041,6,EC 308,4,9.0,AB
2314041,6,EC 309,4,7.0,BC
2314041,6,EC 310,4,8.0,BB
2314041,6,EC 314,2,9.0,AB
2314041,6,EC 315,2,9.0,AB
2314041,6,EC 316,2,9.0,AB
2314041,6,EC 333,3,6.0,CC
2314041,6,EC 337,NA,,NA
2314041,6,EC 382,NA,,NA
2314041,6,EC 389,3,10.0,AA
2314041,6,EE 385,NA,,NA
2314041,6,EI 381,NA,,NA
2314042,6,CS 382,NA,,NA
2314042,6,EC 307,4,5.0,CD
2314042,6,EC 308,4,5.0,CD
2314042,6,EC 309,4,6.0,CC
2314042,6,EC 310,4,6.0,CC
2314042,6,EC 314,2,9.0,AB
2314042,6,EC 315,2,10.0,AA
2314042,6,EC 316,2,8.0,BB
2314042,6,EC 333,3,5.0,CD
2314042,6,EC 337,NA,,NA
2314042,6,EC 382,3,7.0,BC
2314042,6,EC 389,NA,,NA
2314042,6,EE 385,NA,,NA
2314042,6,EI 381,NA,,NA
2314043,6,CS 382,NA,,NA
2314043,6,EC 307,4,6.0,CC
2314043,6,EC 308,4,6.0,CC
2314043,6,EC 309,4,6.0,CC
2314043,6,EC 310,4,7.0,BC
2314043,6,EC 314,2,9.0,AB
2314043,6,EC 315,2,10.0,AA
2314043,6,EC 316,2,9.0,AB
2314043,6,EC 333,NA,,NA
2314043,6,EC 337,NA,,NA
2314043,6,EC 382,3,9.0,AB
2314043,6,EC 389,NA,,NA
2314043,6,EE 385,NA,,NA
2314043,6,EI 381,NA,,NA
2314044,6,CS 382,NA,,NA
2314044,6,EC 307,4,8.0,BB
2314044,6,EC 308,4,8.0,BB
2314044,6,EC 309,4,8.0,BB
2314044,6,EC 310,4,8.0,BB
2314044,6,EC 314,2,9.0,AB
2314044,6,EC 315,2,9.0,AB
2314044,6,EC 316,2,9.0,AB
2314044,6,EC 333,NA,,NA
2314044,6,EC 337,3,9.0,AB
2314044,6,EC 382,NA,,NA
2314044,6,EC 389,3,10.0,AA
2314044,6,EE 385,NA,,NA
2314044,6,EI 381,NA,,NA
2314045,6,CS 382,NA,,NA
2314045,6,EC 307,4,9.0,AB
2314045,6,EC 308,4,9.0,AB
2314045,6,EC 309,4,9.0,AB
2314045,6,EC 310,4,8.0,BB
2314045,6,EC 314,2,10.0,AA
2314045,6,EC 315,2,10.0,AA
2314045,6,EC 316,2,10.0,AA
2314045,6,EC 333,3,10.0,AA
2314045,6,EC 337,NA,,NA
2314045,6,EC 382,NA,,NA
2314045,6,EC 389,3,9.0,AB
2314045,6,EE 385,NA,,NA
2314045,6,EI 381,NA,,NA
2314046,6,CS 382,NA,,NA
2314046,6,EC 307,4,8.0,BB
2314046,6,EC 308,4,9.0,AB
2314046,6,EC 309,4,9.0,AB
2314046,6,EC 310,4,8.0,BB
2314046,6,EC 314,2,10.0,AA
2314046,6,EC 315,2,10.0,AA
2314046,6,EC 316,2,9.0,AB
2314046,6,EC 333,NA,,NA
2314046,6,EC 337,3,9.0,AB
2314046,6,EC 382,NA,,NA
2314046,6,EC 389,3,9.0,AB
2314046,6,EE 385,NA,,NA
2314046,6,EI 381,NA,,NA
2314047,6,CS 382,NA,,NA
2314047,6,EC 307,4,7.0,BC
2314047,6,EC 308,4,8.0,BB
2314047,6,EC 309,4,7.0,BC
2314047,6,EC 310,4,8.0,BB
2314047,6,EC 314,2,10.0,AA
2314047,6,EC 315,2,9.0,AB
2314047,6,EC 316,2,9.0,AB
2314047,6,EC 333,NA,,NA
2314047,6,EC 337,3,9.0,AB
2314047,6,EC 382,NA,,NA
2314047,6,EC 389,3,9.0,AB
2314047,6,EE 385,NA,,NA
2314047,6,EI 381,NA,,NA
2314048,6,CS 382,NA,,NA
2314048,6,EC 307,4,7.0,BC
2314048,6,EC 308,4,8.0,BB
2314048,6,EC 309,4,7.0,BC
2314048,6,EC 310,4,7.0,BC
2314048,6,EC 314,2,10.0,AA
2314048,6,EC 315,2,10.0,AA
2314048,6,EC 316,2,10.0,AA
2314048,6,EC 333,3,8.0,BB
2314048,6,EC 337,NA,,NA
2314048,6,EC 382,NA,,NA
2314048,6,EC 389,3,10.0,AA
2314048,6,EE 385,NA,,NA
2314048,6,EI 381,NA,,NA
2314049,6,CS 382,NA,,NA
2314049,6,EC 307,4,7.0,BC
2314049,6,EC 308,4,9.0,AB
2314049,6,EC 309,4,7.0,BC
2314049,6,EC 310,4,8.0,BB
2314049,6,EC 314,2,10.0,AA
2314049,6,EC 315,2,9.0,AB
2314049,6,EC 316,2,10.0,AA
2314049,6,EC 333,NA,,NA
2314049,6,EC 337,3,10.0,AA
2314049,6,EC 382,NA,,NA
2314049,6,EC 389,3,9.0,AB
2314049,6,EE 385,NA,,NA
2314049,6,EI 381,NA,,NA
2314051,6,CS 382,NA,,NA
2314051,6,EC 307,4,7.0,BC
2314051,6,EC 308,4,9.0,AB
2314051,6,EC 309,4,8.0,BB
2314051,6,EC 310,4,9.0,AB
2314051,6,EC 314,2,10.0,AA
2314051,6,EC 315,2,10.0,AA
2314051,6,EC 316,2,9.0,AB
2314051,6,EC 333,NA,,NA
2314051,6,EC 337,3,10.0,AA
2314051,6,EC 382,NA,,NA
2314051,6,EC 389,3,10.0,AA
2314051,6,EE 385,NA,,NA
2314051,6,EI 381,NA,,NA
2314052,6,CS 382,NA,,NA
2314052,6,EC 307,4,9.0,AB
2314052,6,EC 308,4,7.0,BC
2314052,6,EC 309,4,9.0,AB
2314052,6,EC 310,4,7.0,BC
2314052,6,EC 314,2,10.0,AA
2314052,6,EC 315,2,9.0,AB
2314052,6,EC 316,2,9.0,AB
2314052,6,EC 333,NA,,NA
2314052,6,EC 337,3,9.0,AB
2314052,6,EC 382,3,10.0,AA
2314052,6,EC 389,NA,,NA
2314052,6,EE 385,NA,,NA
2314052,6,EI 381,NA,,NA
2314054,6,CS 382,NA,,NA
2314054,6,EC 307,4,8.0,BB
2314054,6,EC 308,4,9.0,AB
2314054,6,EC 309,4,9.0,AB
2314054,6,EC 310,4,10.0,AA
2314054,6,EC 314,2,9.0,AB
2314054,6,EC 315,2,10.0,AA
2314054,6,EC 316,2,9.0,AB
2314054,6,EC 333,NA,,NA
2314054,6,EC 337,3,10.0,AA
2314054,6,EC 382,NA,,NA
2314054,6,EC 389,3,10.0,AA
2314054,6,EE 385,NA,,NA
2314054,6,EI 381,NA,,NA
2314055,6,CS 382,NA,,NA
2314055,6,EC 307,4,9.0,AB
2314055,6,EC 308,4,10.0,AA
2314055,6,EC 309,4,9.0,AB
2314055,6,EC 310,4,10.0,AA
2314055,6,EC 314,2,10.0,AA
2314055,6,EC 315,2,10.0,AA
2314055,6,EC 316,2,9.0,AB
2314055,6,EC 333,NA,,NA
2314055,6,EC 337,3,10.0,AA
2314055,6,EC 382,NA,,NA
2314055,6,EC 389,3,10.0,AA
2314055,6,EE 385,NA,,NA
2314055,6,EI 381,NA,,NA
2314056,6,CS 382,NA,,NA
2314056,6,EC 307,4,7.0,BC
2314056,6,EC 308,4,10.0,AA
2314056,6,EC 309,4,8.0,BB
2314056,6,EC 310,4,8.0,BB
2314056,6,EC 314,2,9.0,AB
2314056,6,EC 315,2,10.0,AA
2314056,6,EC 316,2,10.0,AA
2314056,6,EC 333,NA,,NA
2314056,6,EC 337,3,10.0,AA
2314056,6,EC 382,NA,,NA
2314056,6,EC 389,3,9.0,AB
2314056,6,EE 385,NA,,NA
2314056,6,EI 381,NA,,NA
2314057,6,CS 382,NA,,NA
2314057,6,EC 307,4,5.0,CD
2314057,6,EC 308,4,5.0,CD
2314057,6,EC 309,4,6.0,CC
2314057,6,EC 310,4,5.0,CD
2314057,6,EC 314,2,9.0,AB
2314057,6,EC 315,2,10.0,AA
2314057,6,EC 316,2,10.0,AA
2314057,6,EC 333,3,6.0,CC
2314057,6,EC 337,NA,,NA
2314057,6,EC 382,3,8.0,BB
2314057,6,EC 389,NA,,NA
2314057,6,EE 385,NA,,NA
2314057,6,EI 381,NA,,NA
2314058,6,CS 382,NA,,NA
2314058,6,EC 307,4,8.0,BB
2314058,6,EC 308,4,8.0,BB
2314058,6,EC 309,4,8.0,BB
2314058,6,EC 310,4,9.0,AB
2314058,6,EC 314,2,9.0,AB
2314058,6,EC 315,2,10.0,AA
2314058,6,EC 316,2,9.0,AB
2314058,6,EC 333,NA,,NA
2314058,6,EC 337,3,9.0,AB
2314058,6,EC 382,NA,,NA
2314058,6,EC 389,3,10.0,AA
2314058,6,EE 385,NA,,NA
2314058,6,EI 381,NA,,NA
2314059,6,CS 382,NA,,NA
2314059,6,EC 307,4,9.0,AB
2314059,6,EC 308,4,10.0,AA
2314059,6,EC 309,4,10.0,AA
2314059,6,EC 310,4,8.0,BB
2314059,6,EC 314,2,10.0,AA
2314059,6,EC 315,2,10.0,AA
2314059,6,EC 316,2,10.0,AA
2314059,6,EC 333,NA,,NA
2314059,6,EC 337,3,9.0,AB
2314059,6,EC 382,NA,,NA
2314059,6,EC 389,3,9.0,AB
2314059,6,EE 385,NA,,NA
2314059,6,EI 381,NA,,NA
2314060,6,CS 382,NA,,NA
2314060,6,EC 307,4,9.0,AB
2314060,6,EC 308,4,10.0,AA
2314060,6,EC 309,4,9.0,AB
2314060,6,EC 310,4,8.0,BB
2314060,6,EC 314,2,10.0,AA
2314060,6,EC 315,2,10.0,AA
2314060,6,EC 316,2,9.0,AB
2314060,6,EC 333,NA,,NA
2314060,6,EC 337,3,10.0,AA
2314060,6,EC 382,NA,,NA
2314060,6,EC 389,3,10.0,AA
2314060,6,EE 385,NA,,NA
2314060,6,EI 381,NA,,NA
2314061,6,CS 382,NA,,NA
2314061,6,EC 307,4,7.0,BC
2314061,6,EC 308,4,7.0,BC
2314061,6,EC 309,4,8.0,BB
2314061,6,EC 310,4,7.0,BC
2314061,6,EC 314,2,9.0,AB
2314061,6,EC 315,2,10.0,AA
2314061,6,EC 316,2,9.0,AB
2314061,6,EC 333,NA,,NA
2314061,6,EC 337,3,9.0,AB
2314061,6,EC 382,3,10.0,AA
2314061,6,EC 389,NA,,NA
2314061,6,EE 385,NA,,NA
2314061,6,EI 381,NA,,NA
2314063,6,CS 382,NA,,NA
2314063,6,EC 307,4,10.0,AA
2314063,6,EC 308,4,9.0,AB
2314063,6,EC 309,4,10.0,AA
2314063,6,EC 310,4,9.0,AB
2314063,6,EC 314,2,10.0,AA
2314063,6,EC 315,2,10.0,AA
2314063,6,EC 316,2,10.0,AA
2314063,6,EC 333,NA,,NA
2314063,6,EC 337,3,10.0,AA
2314063,6,EC 382,NA,,NA
2314063,6,EC 389,3,10.0,AA
2314063,6,EE 385,NA,,NA
2314063,6,EI 381,NA,,NA
2314065,6,CS 382,NA,,NA
2314065,6,EC 307,4,6.0,CC
2314065,6,EC 308,4,5.0,CD
2314065,6,EC 309,4,6.0,CC
2314065,6,EC 310,4,0.0,F
2314065,6,EC 314,2,9.0,AB
2314065,6,EC 315,2,9.0,AB
2314065,6,EC 316,2,9.0,AB
2314065,6,EC 333,3,4.0,DD
2314065,6,EC 337,NA,,NA
2314065,6,EC 382,3,6.0,CC
2314065,6,EC 389,NA,,NA
2314065,6,EE 385,NA,,NA
2314065,6,EI 381,NA,,NA
2314066,6,CS 382,NA,,NA
2314066,6,EC 307,4,8.0,BB
2314066,6,EC 308,4,8.0,BB
2314066,6,EC 309,4,9.0,AB
2314066,6,EC 310,4,8.0,BB
2314066,6,EC 314,2,9.0,AB
2314066,6,EC 315,2,10.0,AA
2314066,6,EC 316,2,10.0,AA
2314066,6,EC 333,NA,,NA
2314066,6,EC 337,3,10.0,AA
2314066,6,EC 382,NA,,NA
2314066,6,EC 389,3,9.0,AB
2314066,6,EE 385,NA,,NA
2314066,6,EI 381,NA,,NA
2314067,6,CS 382,NA,,NA
2314067,6,EC 307,4,10.0,AA
2314067,6,EC 308,4,10.0,AA
2314067,6,EC 309,4,10.0,AA
2314067,6,EC 310,4,10.0,AA
2314067,6,EC 314,2,10.0,AA
2314067,6,EC 315,2,10.0,AA
2314067,6,EC 316,2,9.0,AB
2314067,6,EC 333,NA,,NA
2314067,6,EC 337,3,10.0,AA
2314067,6,EC 382,NA,,NA
2314067,6,EC 389,3,10.0,AA
2314067,6,EE 385,NA,,NA
2314067,6,EI 381,NA,,NA
2314068,6,CS 382,NA,,NA
2314068,6,EC 307,4,6.0,CC
2314068,6,EC 308,4,6.0,CC
2314068,6,EC 309,4,8.0,BB
2314068,6,EC 310,4,7.0,BC
2314068,6,EC 314,2,10.0,AA
2314068,6,EC 315,2,10.0,AA
2314068,6,EC 316,2,9.0,AB
2314068,6,EC 333,NA,,NA
2314068,6,EC 337,3,9.0,AB
2314068,6,EC 382,NA,,NA
2314068,6,EC 389,3,8.0,BB
2314068,6,EE 385,NA,,NA
2314068,6,EI 381,NA,,NA
2314069,6,CS 382,NA,,NA
2314069,6,EC 307,4,7.0,BC
2314069,6,EC 308,4,7.0,BC
2314069,6,EC 309,4,7.0,BC
2314069,6,EC 310,4,6.0,CC
2314069,6,EC 314,2,9.0,AB
2314069,6,EC 315,2,9.0,AB
2314069,6,EC 316,2,10.0,AA
2314069,6,EC 333,NA,,NA
2314069,6,EC 337,3,9.0,AB
2314069,6,EC 382,NA,,NA
2314069,6,EC 389,3,9.0,AB
2314069,6,EE 385,NA,,NA
2314069,6,EI 381,NA,,NA
2314070,6,CS 382,NA,,NA
2314070,6,EC 307,4,6.0,CC
2314070,6,EC 308,4,8.0,BB
2314070,6,EC 309,4,6.0,CC
2314070,6,EC 310,4,6.0,CC
2314070,6,EC 314,2,10.0,AA
2314070,6,EC 315,2,9.0,AB
2314070,6,EC 316,2,10.0,AA
2314070,6,EC 333,3,6.0,CC
2314070,6,EC 337,NA,,NA
2314070,6,EC 382,3,7.0,BC
2314070,6,EC 389,NA,,NA
2314070,6,EE 385,NA,,NA
2314070,6,EI 381,NA,,NA
2314071,6,CS 382,NA,,NA
2314071,6,EC 307,4,8.0,BB
2314071,6,EC 308,4,10.0,AA
2314071,6,EC 309,4,9.0,AB
2314071,6,EC 310,4,9.0,AB
2314071,6,EC 314,2,10.0,AA
2314071,6,EC 315,2,10.0,AA
2314071,6,EC 316,2,10.0,AA
2314071,6,EC 333,NA,,NA
2314071,6,EC 337,3,10.0,AA
2314071,6,EC 382,3,10.0,AA
2314071,6,EC 389,NA,,NA
2314071,6,EE 385,NA,,NA
2314071,6,EI 381,NA,,NA
2314072,6,CS 382,NA,,NA
2314072,6,EC 307,4,5.0,CD
2314072,6,EC 308,4,7.0,BC
2314072,6,EC 309,4,6.0,CC
2314072,6,EC 310,4,6.0,CC
2314072,6,EC 314,2,9.0,AB
2314072,6,EC 315,2,9.0,AB
2314072,6,EC 316,2,9.0,AB
2314072,6,EC 333,3,5.0,CD
2314072,6,EC 337,NA,,NA
2314072,6,EC 382,3,6.0,CC
2314072,6,EC 389,NA,,NA
2314072,6,EE 385,NA,,NA
2314072,6,EI 381,NA,,NA
2314073,6,CS 382,NA,,NA
2314073,6,EC 307,4,5.0,CD
2314073,6,EC 308,4,7.0,BC
2314073,6,EC 309,4,7.0,BC
2314073,6,EC 310,4,6.0,CC
2314073,6,EC 314,2,9.0,AB
2314073,6,EC 315,2,9.0,AB
2314073,6,EC 316,2,10.0,AA
2314073,6,EC 333,NA,,NA
2314073,6,EC 337,3,9.0,AB
2314073,6,EC 382,NA,,NA
2314073,6,EC 389,3,8.0,BB
2314073,6,EE 385,NA,,NA
2314073,6,EI 381,NA,,NA
2314074,6,CS 382,NA,,NA
2314074,6,EC 307,4,7.0,BC
2314074,6,EC 308,4,8.0,BB
2314074,6,EC 309,4,7.0,BC
2314074,6,EC 310,4,7.0,BC
2314074,6,EC 314,2,10.0,AA
2314074,6,EC 315,2,9.0,AB
2314074,6,EC 316,2,10.0,AA
2314074,6,EC 333,3,7.0,BC
2314074,6,EC 337,NA,,NA
2314074,6,EC 382,3,10.0,AA
2314074,6,EC 389,NA,,NA
2314074,6,EE 385,NA,,NA
2314074,6,EI 381,NA,,NA
2314075,6,CS 382,NA,,NA
2314075,6,EC 307,4,7.0,BC
2314075,6,EC 308,4,6.0,CC
2314075,6,EC 309,4,7.0,BC
2314075,6,EC 310,4,7.0,BC
2314075,6,EC 314,2,9.0,AB
2314075,6,EC 315,2,10.0,AA
2314075,6,EC 316,2,9.0,AB
2314075,6,EC 333,3,8.0,BB
2314075,6,EC 337,NA,,NA
2314075,6,EC 382,3,10.0,AA
2314075,6,EC 389,NA,,NA
2314075,6,EE 385,NA,,NA
2314075,6,EI 381,NA,,NA
2314076,6,CS 382,NA,,NA
2314076,6,EC 307,4,4.0,DD
2314076,6,EC 308,4,8.0,BB
2314076,6,EC 309,4,8.0,BB
2314076,6,EC 310,4,6.0,CC
2314076,6,EC 314,2,9.0,AB
2314076,6,EC 315,2,9.0,AB
2314076,6,EC 316,2,9.0,AB
2314076,6,EC 333,3,7.0,BC
2314076,6,EC 337,NA,,NA
2314076,6,EC 382,NA,,NA
2314076,6,EC 389,3,9.0,AB
2314076,6,EE 385,NA,,NA
2314076,6,EI 381,NA,,NA
2314077,6,CS 382,NA,,NA
2314077,6,EC 307,4,9.0,AB
2314077,6,EC 308,4,10.0,AA
2314077,6,EC 309,4,10.0,AA
2314077,6,EC 310,4,9.0,AB
2314077,6,EC 314,2,10.0,AA
2314077,6,EC 315,2,10.0,AA
2314077,6,EC 316,2,10.0,AA
2314077,6,EC 333,NA,,NA
2314077,6,EC 337,3,10.0,AA
2314077,6,EC 382,NA,,NA
2314077,6,EC 389,3,8.0,BB
2314077,6,EE 385,NA,,NA
2314077,6,EI 381,NA,,NA
2314078,6,CS 382,NA,,NA
2314078,6,EC 307,4,5.0,CD
2314078,6,EC 308,4,8.0,BB
2314078,6,EC 309,4,5.0,CD
2314078,6,EC 310,4,6.0,CC
2314078,6,EC 314,2,9.0,AB
2314078,6,EC 315,2,10.0,AA
2314078,6,EC 316,2,8.0,BB
2314078,6,EC 333,NA,,NA
2314078,6,EC 337,3,8.0,BB
2314078,6,EC 382,3,10.0,AA
2314078,6,EC 389,NA,,NA
2314078,6,EE 385,NA,,NA
2314078,6,EI 381,NA,,NA
2314079,6,CS 382,NA,,NA
2314079,6,EC 307,4,8.0,BB
2314079,6,EC 308,4,8.0,BB
2314079,6,EC 309,4,9.0,AB
2314079,6,EC 310,4,7.0,BC
2314079,6,EC 314,2,10.0,AA
2314079,6,EC 315,2,9.0,AB
2314079,6,EC 316,2,10.0,AA
2314079,6,EC 333,3,8.0,BB
2314079,6,EC 337,NA,,NA
2314079,6,EC 382,NA,,NA
2314079,6,EC 389,3,9.0,AB
2314079,6,EE 385,NA,,NA
2314079,6,EI 381,NA,,NA
2314080,6,CS 382,NA,,NA
2314080,6,EC 307,4,5.0,CD
2314080,6,EC 308,4,8.0,BB
2314080,6,EC 309,4,7.0,BC
2314080,6,EC 310,4,6.0,CC
2314080,6,EC 314,2,10.0,AA
2314080,6,EC 315,2,10.0,AA
2314080,6,EC 316,2,9.0,AB
2314080,6,EC 333,NA,,NA
2314080,6,EC 337,3,8.0,BB
2314080,6,EC 382,NA,,NA
2314080,6,EC 389,3,9.0,AB
2314080,6,EE 385,NA,,NA
2314080,6,EI 381,NA,,NA
2314081,6,CS 382,NA,,NA
2314081,6,EC 307,4,4.0,DD
2314081,6,EC 308,4,5.0,CD
2314081,6,EC 309,4,0.0,F
2314081,6,EC 310,4,4.0,DD
2314081,6,EC 314,2,9.0,AB
2314081,6,EC 315,2,9.0,AB
2314081,6,EC 316,2,9.0,AB
2314081,6,EC 333,3,4.0,DD
2314081,6,EC 337,NA,,NA
2314081,6,EC 382,3,5.0,CD
2314081,6,EC 389,NA,,NA
2314081,6,EE 385,NA,,NA
2314081,6,EI 381,NA,,NA
2314082,6,CS 382,NA,,NA
2314082,6,EC 307,4,9.0,AB
2314082,6,EC 308,4,9.0,AB
2314082,6,EC 309,4,9.0,AB
2314082,6,EC 310,4,9.0,AB
2314082,6,EC 314,2,10.0,AA
2314082,6,EC 315,2,10.0,AA
2314082,6,EC 316,2,10.0,AA
2314082,6,EC 333,NA,,NA
2314082,6,EC 337,3,9.0,AB
2314082,6,EC 382,NA,,NA
2314082,6,EC 389,3,9.0,AB
2314082,6,EE 385,NA,,NA
2314082,6,EI 381,NA,,NA
2314083,6,CS 382,NA,,NA
2314083,6,EC 307,4,10.0,AA
2314083,6,EC 308,4,10.0,AA
2314083,6,EC 309,4,10.0,AA
2314083,6,EC 310,4,9.0,AB
2314083,6,EC 314,2,10.0,AA
2314083,6,EC 315,2,10.0,AA
2314083,6,EC 316,2,10.0,AA
2314083,6,EC 333,NA,,NA
2314083,6,EC 337,3,10.0,AA
2314083,6,EC 382,NA,,NA
2314083,6,EC 389,3,10.0,AA
2314083,6,EE 385,NA,,NA
2314083,6,EI 381,NA,,NA
2314084,6,CS 382,NA,,NA
2314084,6,EC 307,4,7.0,BC
2314084,6,EC 308,4,9.0,AB
2314084,6,EC 309,4,8.0,BB
2314084,6,EC 310,4,6.0,CC
2314084,6,EC 314,2,9.0,AB
2314084,6,EC 315,2,9.0,AB
2314084,6,EC 316,2,10.0,AA
2314084,6,EC 333,NA,,NA
2314084,6,EC 337,3,9.0,AB
2314084,6,EC 382,NA,,NA
2314084,6,EC 389,3,9.0,AB
2314084,6,EE 385,NA,,NA
2314084,6,EI 381,NA,,NA
2314085,6,CS 382,NA,,NA
2314085,6,EC 307,4,10.0,AA
2314085,6,EC 308,4,10.0,AA
2314085,6,EC 309,4,10.0,AA
2314085,6,EC 310,4,10.0,AA
2314085,6,EC 314,2,10.0,AA
2314085,6,EC 315,2,10.0,AA
2314085,6,EC 316,2,10.0,AA
2314085,6,EC 333,3,10.0,AA
2314085,6,EC 337,NA,,NA
2314085,6,EC 382,NA,,NA
2314085,6,EC 389,3,10.0,AA
2314085,6,EE 385,NA,,NA
2314085,6,EI 381,NA,,NA
2314086,6,CS 382,NA,,NA
2314086,6,EC 307,4,8.0,BB
2314086,6,EC 308,4,8.0,BB
2314086,6,EC 309,4,7.0,BC
2314086,6,EC 310,4,6.0,CC
2314086,6,EC 314,2,10.0,AA
2314086,6,EC 315,2,10.0,AA
2314086,6,EC 316,2,10.0,AA
2314086,6,EC 333,NA,,NA
2314086,6,EC 337,3,9.0,AB
2314086,6,EC 382,3,7.0,BC
2314086,6,EC 389,NA,,NA
2314086,6,EE 385,NA,,NA
2314086,6,EI 381,NA,,NA
2314087,6,CS 382,NA,,NA
2314087,6,EC 307,4,7.0,BC
2314087,6,EC 308,4,8.0,BB
2314087,6,EC 309,4,6.0,CC
2314087,6,EC 310,4,6.0,CC
2314087,6,EC 314,2,9.0,AB
2314087,6,EC 315,2,10.0,AA
2314087,6,EC 316,2,10.0,AA
2314087,6,EC 333,NA,,NA
2314087,6,EC 337,3,10.0,AA
2314087,6,EC 382,NA,,NA
2314087,6,EC 389,3,9.0,AB
2314087,6,EE 385,NA,,NA
2314087,6,EI 381,NA,,NA
2314088,6,CS 382,NA,,NA
2314088,6,EC 307,4,8.0,BB
2314088,6,EC 308,4,9.0,AB
2314088,6,EC 309,4,6.0,CC
2314088,6,EC 310,4,7.0,BC
2314088,6,EC 314,2,10.0,AA
2314088,6,EC 315,2,10.0,AA
2314088,6,EC 316,2,9.0,AB
2314088,6,EC 333,NA,,NA
2314088,6,EC 337,3,8.0,BB
2314088,6,EC 382,3,9.0,AB
2314088,6,EC 389,NA,,NA
2314088,6,EE 385,NA,,NA
2314088,6,EI 381,NA,,NA
2314089,6,CS 382,NA,,NA
2314089,6,EC 307,4,9.0,AB
2314089,6,EC 308,4,10.0,AA
2314089,6,EC 309,4,8.0,BB
2314089,6,EC 310,4,8.0,BB
2314089,6,EC 314,2,10.0,AA
2314089,6,EC 315,2,10.0,AA
2314089,6,EC 316,2,10.0,AA
2314089,6,EC 333,NA,,NA
2314089,6,EC 337,3,10.0,AA
2314089,6,EC 382,NA,,NA
2314089,6,EC 389,3,10.0,AA
2314089,6,EE 385,NA,,NA
2314089,6,EI 381,NA,,NA
2314090,6,CS 382,NA,,NA
2314090,6,EC 307,4,7.0,BC
2314090,6,EC 308,4,7.0,BC
2314090,6,EC 309,4,6.0,CC
2314090,6,EC 310,4,5.0,CD
2314090,6,EC 314,2,9.0,AB
2314090,6,EC 315,2,10.0,AA
2314090,6,EC 316,2,10.0,AA
2314090,6,EC 333,NA,,NA
2314090,6,EC 337,3,7.0,BC
2314090,6,EC 382,3,9.0,AB
2314090,6,EC 389,NA,,NA
2314090,6,EE 385,NA,,NA
2314090,6,EI 381,NA,,NA
2314091,6,CS 382,NA,,NA
2314091,6,EC 307,4,7.0,BC
2314091,6,EC 308,4,8.0,BB
2314091,6,EC 309,4,6.0,CC
2314091,6,EC 310,4,7.0,BC
2314091,6,EC 314,2,9.0,AB
2314091,6,EC 315,2,10.0,AA
2314091,6,EC 316,2,10.0,AA
2314091,6,EC 333,NA,,NA
2314091,6,EC 337,3,9.0,AB
2314091,6,EC 382,NA,,NA
2314091,6,EC 389,3,9.0,AB
2314091,6,EE 385,NA,,NA
2314091,6,EI 381,NA,,NA
2314092,6,CS 382,NA,,NA
2314092,6,EC 307,4,8.0,BB
2314092,6,EC 308,4,9.0,AB
2314092,6,EC 309,4,9.0,AB
2314092,6,EC 310,4,10.0,AA
2314092,6,EC 314,2,10.0,AA
2314092,6,EC 315,2,10.0,AA
2314092,6,EC 316,2,10.0,AA
2314092,6,EC 333,3,8.0,BB
2314092,6,EC 337,NA,,NA
2314092,6,EC 382,NA,,NA
2314092,6,EC 389,3,10.0,AA
2314092,6,EE 385,NA,,NA
2314092,6,EI 381,NA,,NA
2314093,6,CS 382,NA,,NA
2314093,6,EC 307,4,8.0,BB
2314093,6,EC 308,4,10.0,AA
2314093,6,EC 309,4,8.0,BB
2314093,6,EC 310,4,9.0,AB
2314093,6,EC 314,2,10.0,AA
2314093,6,EC 315,2,10.0,AA
2314093,6,EC 316,2,10.0,AA
2314093,6,EC 333,NA,,NA
2314093,6,EC 337,3,10.0,AA
2314093,6,EC 382,NA,,NA
2314093,6,EC 389,3,9.0,AB
2314093,6,EE 385,NA,,NA
2314093,6,EI 381,NA,,NA
2314094,6,CS 382,NA,,NA
2314094,6,EC 307,4,7.0,BC
2314094,6,EC 308,4,9.0,AB
2314094,6,EC 309,4,8.0,BB
2314094,6,EC 310,4,7.0,BC
2314094,6,EC 314,2,10.0,AA
2314094,6,EC 315,2,9.0,AB
2314094,6,EC 316,2,10.0,AA
2314094,6,EC 333,NA,,NA
2314094,6,EC 337,3,9.0,AB
2314094,6,EC 382,NA,,NA
2314094,6,EC 389,3,9.0,AB
2314094,6,EE 385,NA,,NA
2314094,6,EI 381,NA,,NA
2314095,6,CS 382,NA,,NA
2314095,6,EC 307,4,9.0,AB
2314095,6,EC 308,4,9.0,AB
2314095,6,EC 309,4,8.0,BB
2314095,6,EC 310,4,7.0,BC
2314095,6,EC 314,2,10.0,AA
2314095,6,EC 315,2,10.0,AA
2314095,6,EC 316,2,10.0,AA
2314095,6,EC 333,NA,,NA
2314095,6,EC 337,3,10.0,AA
2314095,6,EC 382,NA,,NA
2314095,6,EC 389,3,9.0,AB
2314095,6,EE 385,NA,,NA
2314095,6,EI 381,NA,,NA
2314096,6,CS 382,3,10.0,AA
2314096,6,EC 307,4,8.0,BB
2314096,6,EC 308,4,9.0,AB
2314096,6,EC 309,4,8.0,BB
2314096,6,EC 310,4,8.0,BB
2314096,6,EC 314,2,9.0,AB
2314096,6,EC 315,2,10.0,AA
2314096,6,EC 316,2,10.0,AA
2314096,6,EC 333,NA,,NA
2314096,6,EC 337,3,9.0,AB
2314096,6,EC 382,NA,,NA
2314096,6,EC 389,NA,,NA
2314096,6,EE 385,NA,,NA
2314096,6,EI 381,NA,,NA
2314097,6,CS 382,NA,,NA
2314097,6,EC 307,4,10.0,AA
2314097,6,EC 308,4,10.0,AA
2314097,6,EC 309,4,8.0,BB
2314097,6,EC 310,4,9.0,AB
2314097,6,EC 314,2,10.0,AA
2314097,6,EC 315,2,10.0,AA
2314097,6,EC 316,2,10.0,AA
2314097,6,EC 333,NA,,NA
2314097,6,EC 337,3,10.0,AA
2314097,6,EC 382,NA,,NA
2314097,6,EC 389,3,10.0,AA
2314097,6,EE 385,NA,,NA
2314097,6,EI 381,NA,,NA
2314099,6,CS 382,NA,,NA
2314099,6,EC 307,4,8.0,BB
2314099,6,EC 308,4,8.0,BB
2314099,6,EC 309,4,9.0,AB
2314099,6,EC 310,4,8.0,BB
2314099,6,EC 314,2,10.0,AA
2314099,6,EC 315,2,10.0,AA
2314099,6,EC 316,2,9.0,AB
2314099,6,EC 333,3,8.0,BB
2314099,6,EC 337,NA,,NA
2314099,6,EC 382,3,10.0,AA
2314099,6,EC 389,NA,,NA
2314099,6,EE 385,NA,,NA
2314099,6,EI 381,NA,,NA
2314100,6,CS 382,NA,,NA
2314100,6,EC 307,4,8.0,BB
2314100,6,EC 308,4,10.0,AA
2314100,6,EC 309,4,9.0,AB
2314100,6,EC 310,4,10.0,AA
2314100,6,EC 314,2,10.0,AA
2314100,6,EC 315,2,10.0,AA
2314100,6,EC 316,2,10.0,AA
2314100,6,EC 333,NA,,NA
2314100,6,EC 337,3,10.0,AA
2314100,6,EC 382,NA,,NA
2314100,6,EC 389,3,10.0,AA
2314100,6,EE 385,NA,,NA
2314100,6,EI 381,NA,,NA
2314102,6,CS 382,NA,,NA
2314102,6,EC 307,4,6.0,CC
2314102,6,EC 308,4,7.0,BC
2314102,6,EC 309,4,5.0,CD
2314102,6,EC 310,4,6.0,CC
2314102,6,EC 314,2,10.0,AA
2314102,6,EC 315,2,10.0,AA
2314102,6,EC 316,2,10.0,AA
2314102,6,EC 333,3,4.0,DD
2314102,6,EC 337,NA,,NA
2314102,6,EC 382,3,7.0,BC
2314102,6,EC 389,NA,,NA
2314102,6,EE 385,NA,,NA
2314102,6,EI 381,NA,,NA
2314103,6,CS 382,NA,,NA
2314103,6,EC 307,4,6.0,CC
2314103,6,EC 308,4,8.0,BB
2314103,6,EC 309,4,5.0,CD
2314103,6,EC 310,4,4.0,DD
2314103,6,EC 314,2,9.0,AB
2314103,6,EC 315,2,9.0,AB
2314103,6,EC 316,2,9.0,AB
2314103,6,EC 333,3,0.0,F
2314103,6,EC 337,NA,,NA
2314103,6,EC 382,3,6.0,CC
2314103,6,EC 389,NA,,NA
2314103,6,EE 385,NA,,NA
2314103,6,EI 381,NA,,NA
2314104,6,CS 382,NA,,NA
2314104,6,EC 307,4,10.0,AA
2314104,6,EC 308,4,9.0,AB
2314104,6,EC 309,4,9.0,AB
2314104,6,EC 310,4,10.0,AA
2314104,6,EC 314,2,10.0,AA
2314104,6,EC 315,2,10.0,AA
2314104,6,EC 316,2,10.0,AA
2314104,6,EC 333,3,10.0,AA
2314104,6,EC 337,NA,,NA
2314104,6,EC 382,NA,,NA
2314104,6,EC 389,3,10.0,AA
2314104,6,EE 385,NA,,NA
2314104,6,EI 381,NA,,NA
2314105,6,CS 382,NA,,NA
2314105,6,EC 307,4,7.0,BC
2314105,6,EC 308,4,10.0,AA
2314105,6,EC 309,4,9.0,AB
2314105,6,EC 310,4,9.0,AB
2314105,6,EC 314,2,10.0,AA
2314105,6,EC 315,2,10.0,AA
2314105,6,EC 316,2,10.0,AA
2314105,6,EC 333,3,9.0,AB
2314105,6,EC 337,NA,,NA
2314105,6,EC 382,NA,,NA
2314105,6,EC 389,3,10.0,AA
2314105,6,EE 385,NA,,NA
2314105,6,EI 381,NA,,NA
2314106,6,CS 382,NA,,NA
2314106,6,EC 307,4,7.0,BC
2314106,6,EC 308,4,7.0,BC
2314106,6,EC 309,4,7.0,BC
2314106,6,EC 310,4,8.0,BB
2314106,6,EC 314,2,10.0,AA
2314106,6,EC 315,2,10.0,AA
2314106,6,EC 316,2,10.0,AA
2314106,6,EC 333,NA,,NA
2314106,6,EC 337,3,10.0,AA
2314106,6,EC 382,NA,,NA
2314106,6,EC 389,3,10.0,AA
2314106,6,EE 385,NA,,NA
2314106,6,EI 381,NA,,NA
2314107,6,CS 382,NA,,NA
2314107,6,EC 307,4,9.0,AB
2314107,6,EC 308,4,9.0,AB
2314107,6,EC 309,4,9.0,AB
2314107,6,EC 310,4,9.0,AB
2314107,6,EC 314,2,10.0,AA
2314107,6,EC 315,2,10.0,AA
2314107,6,EC 316,2,10.0,AA
2314107,6,EC 333,NA,,NA
2314107,6,EC 337,3,9.0,AB
2314107,6,EC 382,3,8.0,BB
2314107,6,EC 389,NA,,NA
2314107,6,EE 385,NA,,NA
2314107,6,EI 381,NA,,NA
2314108,6,CS 382,NA,,NA
2314108,6,EC 307,4,10.0,AA
2314108,6,EC 308,4,9.0,AB
2314108,6,EC 309,4,10.0,AA
2314108,6,EC 310,4,10.0,AA
2314108,6,EC 314,2,10.0,AA
2314108,6,EC 315,2,10.0,AA
2314108,6,EC 316,2,10.0,AA
2314108,6,EC 333,3,9.0,AB
2314108,6,EC 337,NA,,NA
2314108,6,EC 382,NA,,NA
2314108,6,EC 389,3,10.0,AA
2314108,6,EE 385,NA,,NA
2314108,6,EI 381,NA,,NA
2314109,6,CS 382,NA,,NA
2314109,6,EC 307,4,7.0,BC
2314109,6,EC 308,4,7.0,BC
2314109,6,EC 309,4,6.0,CC
2314109,6,EC 310,4,6.0,CC
2314109,6,EC 314,2,9.0,AB
2314109,6,EC 315,2,10.0,AA
2314109,6,EC 316,2,10.0,AA
2314109,6,EC 333,3,6.0,CC
2314109,6,EC 337,NA,,NA
2314109,6,EC 382,3,9.0,AB
2314109,6,EC 389,NA,,NA
2314109,6,EE 385,NA,,NA
2314109,6,EI 381,NA,,NA
2314110,6,CS 382,NA,,NA
2314110,6,EC 307,4,9.0,AB
2314110,6,EC 308,4,10.0,AA
2314110,6,EC 309,4,9.0,AB
2314110,6,EC 310,4,10.0,AA
2314110,6,EC 314,2,10.0,AA
2314110,6,EC 315,2,10.0,AA
2314110,6,EC 316,2,10.0,AA
2314110,6,EC 333,3,8.0,BB
2314110,6,EC 337,NA,,NA
2314110,6,EC 382,NA,,NA
2314110,6,EC 389,3,9.0,AB
2314110,6,EE 385,NA,,NA
2314110,6,EI 381,NA,,NA
2314111,6,CS 382,NA,,NA
2314111,6,EC 307,4,8.0,BB
2314111,6,EC 308,4,9.0,AB
2314111,6,EC 309,4,7.0,BC
2314111,6,EC 310,4,7.0,BC
2314111,6,EC 314,2,10.0,AA
2314111,6,EC 315,2,10.0,AA
2314111,6,EC 316,2,10.0,AA
2314111,6,EC 333,3,7.0,BC
2314111,6,EC 337,NA,,NA
2314111,6,EC 382,NA,,NA
2314111,6,EC 389,3,9.0,AB
2314111,6,EE 385,NA,,NA
2314111,6,EI 381,NA,,NA
2314112,6,CS 382,NA,,NA
2314112,6,EC 307,4,9.0,AB
2314112,6,EC 308,4,10.0,AA
2314112,6,EC 309,4,7.0,BC
2314112,6,EC 310,4,8.0,BB
2314112,6,EC 314,2,10.0,AA
2314112,6,EC 315,2,10.0,AA
2314112,6,EC 316,2,10.0,AA
2314112,6,EC 333,NA,,NA
2314112,6,EC 337,3,10.0,AA
2314112,6,EC 382,NA,,NA
2314112,6,EC 389,3,9.0,AB
2314112,6,EE 385,NA,,NA
2314112,6,EI 381,NA,,NA
2314171,6,CS 382,NA,,NA
2314171,6,EC 307,4,8.0,BB
2314171,6,EC 308,4,10.0,AA
2314171,6,EC 309,4,9.0,AB
2314171,6,EC 310,4,8.0,BB
2314171,6,EC 314,2,9.0,AB
2314171,6,EC 315,2,10.0,AA
2314171,6,EC 316,2,10.0,AA
2314171,6,EC 333,NA,,NA
2314171,6,EC 337,3,10.0,AA
2314171,6,EC 382,3,8.0,BB
2314171,6,EC 389,NA,,NA
2314171,6,EE 385,NA,,NA
2314171,6,EI 381,NA,,NA
2314172,6,CS 382,NA,,NA
2314172,6,EC 307,4,6.0,CC
2314172,6,EC 308,4,9.0,AB
2314172,6,EC 309,4,6.0,CC
2314172,6,EC 310,4,7.0,BC
2314172,6,EC 314,2,10.0,AA
2314172,6,EC 315,2,10.0,AA
2314172,6,EC 316,2,10.0,AA
2314172,6,EC 333,NA,,NA
2314172,6,EC 337,3,8.0,BB
2314172,6,EC 382,NA,,NA
2314172,6,EC 389,3,9.0,AB
2314172,6,EE 385,NA,,NA
2314172,6,EI 381,NA,,NA
2314173,6,CS 382,NA,,NA
2314173,6,EC 307,4,9.0,AB
2314173,6,EC 308,4,10.0,AA
2314173,6,EC 309,4,9.0,AB
2314173,6,EC 310,4,8.0,BB
2314173,6,EC 314,2,10.0,AA
2314173,6,EC 315,2,10.0,AA
2314173,6,EC 316,2,10.0,AA
2314173,6,EC 333,3,10.0,AA
2314173,6,EC 337,NA,,NA
2314173,6,EC 382,NA,,NA
2314173,6,EC 389,3,10.0,AA
2314173,6,EE 385,NA,,NA
2314173,6,EI 381,NA,,NA
2314174,6,CS 382,NA,,NA
2314174,6,EC 307,4,8.0,BB
2314174,6,EC 308,4,9.0,AB
2314174,6,EC 309,4,8.0,BB
2314174,6,EC 310,4,8.0,BB
2314174,6,EC 314,2,10.0,AA
2314174,6,EC 315,2,10.0,AA
2314174,6,EC 316,2,10.0,AA
2314174,6,EC 333,NA,,NA
2314174,6,EC 337,3,10.0,AA
2314174,6,EC 382,NA,,NA
2314174,6,EC 389,3,10.0,AA
2314174,6,EE 385,NA,,NA
2314174,6,EI 381,NA,,NA
2314175,6,CS 382,NA,,NA
2314175,6,EC 307,4,7.0,BC
2314175,6,EC 308,4,9.0,AB
2314175,6,EC 309,4,7.0,BC
2314175,6,EC 310,4,7.0,BC
2314175,6,EC 314,2,9.0,AB
2314175,6,EC 315,2,10.0,AA
2314175,6,EC 316,2,10.0,AA
2314175,6,EC 333,NA,,NA
2314175,6,EC 337,3,10.0,AA
2314175,6,EC 382,3,8.0,BB
2314175,6,EC 389,NA,,NA
2314175,6,EE 385,NA,,NA
2314175,6,EI 381,NA,,NA
2314176,6,CS 382,NA,,NA
2314176,6,EC 307,4,10.0,AA
2314176,6,EC 308,4,10.0,AA
2314176,6,EC 309,4,10.0,AA
2314176,6,EC 310,4,10.0,AA
2314176,6,EC 314,2,10.0,AA
2314176,6,EC 315,2,10.0,AA
2314176,6,EC 316,2,10.0,AA
2314176,6,EC 333,3,10.0,AA
2314176,6,EC 337,NA,,NA
2314176,6,EC 382,NA,,NA
2314176,6,EC 389,3,10.0,AA
2314176,6,EE 385,NA,,NA
2314176,6,EI 381,NA,,NA
2314177,6,CS 382,NA,,NA
2314177,6,EC 307,4,10.0,AA
2314177,6,EC 308,4,10.0,AA
2314177,6,EC 309,4,9.0,AB
2314177,6,EC 310,4,9.0,AB
2314177,6,EC 314,2,10.0,AA
2314177,6,EC 315,2,10.0,AA
2314177,6,EC 316,2,10.0,AA
2314177,6,EC 333,NA,,NA
2314177,6,EC 337,3,10.0,AA
2314177,6,EC 382,NA,,NA
2314177,6,EC 389,3,10.0,AA
2314177,6,EE 385,NA,,NA
2314177,6,EI 381,NA,,NA
2314178,6,CS 382,NA,,NA
2314178,6,EC 307,4,10.0,AA
2314178,6,EC 308,4,9.0,AB
2314178,6,EC 309,4,9.0,AB
2314178,6,EC 310,4,9.0,AB
2314178,6,EC 314,2,10.0,AA
2314178,6,EC 315,2,10.0,AA
2314178,6,EC 316,2,10.0,AA
2314178,6,EC 333,3,9.0,AB
2314178,6,EC 337,NA,,NA
2314178,6,EC 382,NA,,NA
2314178,6,EC 389,3,10.0,AA
2314178,6,EE 385,NA,,NA
2314178,6,EI 381,NA,,NA
2314179,6,CS 382,NA,,NA
2314179,6,EC 307,4,9.0,AB
2314179,6,EC 308,4,10.0,AA
2314179,6,EC 309,4,10.0,AA
2314179,6,EC 310,4,10.0,AA
2314179,6,EC 314,2,10.0,AA
2314179,6,EC 315,2,10.0,AA
2314179,6,EC 316,2,10.0,AA
2314179,6,EC 333,3,9.0,AB
2314179,6,EC 337,NA,,NA
2314179,6,EC 382,NA,,NA
2314179,6,EC 389,3,10.0,AA
2314179,6,EE 385,NA,,NA
2314179,6,EI 381,NA,,NA
2314180,6,CS 382,NA,,NA
2314180,6,EC 307,4,9.0,AB
2314180,6,EC 308,4,9.0,AB
2314180,6,EC 309,4,9.0,AB
2314180,6,EC 310,4,9.0,AB
2314180,6,EC 314,2,9.0,AB
2314180,6,EC 315,2,10.0,AA
2314180,6,EC 316,2,10.0,AA
2314180,6,EC 333,NA,,NA
2314180,6,EC 337,3,10.0,AA
2314180,6,EC 382,3,9.0,AB
2314180,6,EC 389,NA,,NA
2314180,6,EE 385,NA,,NA
2314180,6,EI 381,NA,,NA
2314181,6,CS 382,NA,,NA
2314181,6,EC 307,4,9.0,AB
2314181,6,EC 308,4,9.0,AB
2314181,6,EC 309,4,9.0,AB
2314181,6,EC 310,4,8.0,BB
2314181,6,EC 314,2,10.0,AA
2314181,6,EC 315,2,10.0,AA
2314181,6,EC 316,2,10.0,AA
2314181,6,EC 333,3,8.0,BB
2314181,6,EC 337,NA,,NA
2314181,6,EC 382,NA,,NA
2314181,6,EC 389,3,10.0,AA
2314181,6,EE 385,NA,,NA
2314181,6,EI 381,NA,,NA
2314182,6,CS 382,NA,,NA
2314182,6,EC 307,4,9.0,AB
2314182,6,EC 308,4,9.0,AB
2314182,6,EC 309,4,10.0,AA
2314182,6,EC 310,4,9.0,AB
2314182,6,EC 314,2,9.0,AB
2314182,6,EC 315,2,10.0,AA
2314182,6,EC 316,2,10.0,AA
2314182,6,EC 333,3,10.0,AA
2314182,6,EC 337,NA,,NA
2314182,6,EC 382,NA,,NA
2314182,6,EC 389,3,10.0,AA
2314182,6,EE 385,NA,,NA
2314182,6,EI 381,NA,,NA
2315003,6,CE 382,NA,,NA
2315003,6,CS 382,NA,,NA
2315003,6,EC 382,3,9.0,AB
2315003,6,EC 389,NA,,NA
2315003,6,EE 385,NA,,NA
2315003,6,EI 306,4,10.0,AA
2315003,6,EI 307,4,8.0,BB
2315003,6,EI 308,4,8.0,BB
2315003,6,EI 315,2,10.0,AA
2315003,6,EI 316,2,9.0,AB
2315003,6,EI 317,2,9.0,AB
2315003,6,EI 318,2,8.0,BB
2315003,6,EI 331,4,10.0,AA
2315003,6,EI 338,NA,,NA
2315003,6,EI 381,NA,,NA
2315003,6,EI 382,NA,,NA
2315004,6,CE 382,NA,,NA
2315004,6,CS 382,NA,,NA
2315004,6,EC 382,3,7.0,BC
2315004,6,EC 389,NA,,NA
2315004,6,EE 385,NA,,NA
2315004,6,EI 306,4,9.0,AB
2315004,6,EI 307,4,5.0,CD
2315004,6,EI 308,4,6.0,CC
2315004,6,EI 315,2,10.0,AA
2315004,6,EI 316,2,9.0,AB
2315004,6,EI 317,2,9.0,AB
2315004,6,EI 318,2,10.0,AA
2315004,6,EI 331,4,7.0,BC
2315004,6,EI 338,NA,,NA
2315004,6,EI 381,NA,,NA
2315004,6,EI 382,NA,,NA
2315005,6,CE 382,NA,,NA
2315005,6,CS 382,NA,,NA
2315005,6,EC 382,NA,,NA
2315005,6,EC 389,NA,,NA
2315005,6,EE 385,NA,,NA
2315005,6,EI 306,4,10.0,AA
2315005,6,EI 307,4,10.0,AA
2315005,6,EI 308,4,10.0,AA
2315005,6,EI 315,2,10.0,AA
2315005,6,EI 316,2,10.0,AA
2315005,6,EI 317,2,10.0,AA
2315005,6,EI 318,2,10.0,AA
2315005,6,EI 331,NA,,NA
2315005,6,EI 338,3,10.0,AA
2315005,6,EI 381,NA,,NA
2315005,6,EI 382,3,10.0,AA
2315006,6,CE 382,NA,,NA
2315006,6,CS 382,NA,,NA
2315006,6,EC 382,3,9.0,AB
2315006,6,EC 389,NA,,NA
2315006,6,EE 385,NA,,NA
2315006,6,EI 306,4,8.0,BB
2315006,6,EI 307,4,7.0,BC
2315006,6,EI 308,4,8.0,BB
2315006,6,EI 315,2,9.0,AB
2315006,6,EI 316,2,8.0,BB
2315006,6,EI 317,2,8.0,BB
2315006,6,EI 318,2,10.0,AA
2315006,6,EI 331,4,7.0,BC
2315006,6,EI 338,NA,,NA
2315006,6,EI 381,NA,,NA
2315006,6,EI 382,NA,,NA
2315007,6,CE 382,NA,,NA
2315007,6,CS 382,NA,,NA
2315007,6,EC 382,3,9.0,AB
2315007,6,EC 389,NA,,NA
2315007,6,EE 385,NA,,NA
2315007,6,EI 306,4,10.0,AA
2315007,6,EI 307,4,9.0,AB
2315007,6,EI 308,4,10.0,AA
2315007,6,EI 315,2,10.0,AA
2315007,6,EI 316,2,9.0,AB
2315007,6,EI 317,2,10.0,AA
2315007,6,EI 318,2,10.0,AA
2315007,6,EI 331,4,9.0,AB
2315007,6,EI 338,NA,,NA
2315007,6,EI 381,NA,,NA
2315007,6,EI 382,NA,,NA
2315008,6,CE 382,NA,,NA
2315008,6,CS 382,NA,,NA
2315008,6,EC 382,NA,,NA
2315008,6,EC 389,NA,,NA
2315008,6,EE 385,3,9.0,AB
2315008,6,EI 306,4,9.0,AB
2315008,6,EI 307,4,10.0,AA
2315008,6,EI 308,4,9.0,AB
2315008,6,EI 315,2,10.0,AA
2315008,6,EI 316,2,9.0,AB
2315008,6,EI 317,2,10.0,AA
2315008,6,EI 318,2,10.0,AA
2315008,6,EI 331,NA,,NA
2315008,6,EI 338,3,9.0,AB
2315008,6,EI 381,NA,,NA
2315008,6,EI 382,NA,,NA
2315009,6,CE 382,NA,,NA
2315009,6,CS 382,NA,,NA
2315009,6,EC 382,NA,,NA
2315009,6,EC 389,NA,,NA
2315009,6,EE 385,NA,,NA
2315009,6,EI 306,4,10.0,AA
2315009,6,EI 307,4,10.0,AA
2315009,6,EI 308,4,9.0,AB
2315009,6,EI 315,2,10.0,AA
2315009,6,EI 316,2,9.0,AB
2315009,6,EI 317,2,10.0,AA
2315009,6,EI 318,2,10.0,AA
2315009,6,EI 331,NA,,NA
2315009,6,EI 338,3,10.0,AA
2315009,6,EI 381,3,10.0,AA
2315009,6,EI 382,NA,,NA
2315010,6,CE 382,3,10.0,AA
2315010,6,CS 382,NA,,NA
2315010,6,EC 382,NA,,NA
2315010,6,EC 389,NA,,NA
2315010,6,EE 385,NA,,NA
2315010,6,EI 306,4,10.0,AA
2315010,6,EI 307,4,9.0,AB
2315010,6,EI 308,4,10.0,AA
2315010,6,EI 315,2,10.0,AA
2315010,6,EI 316,2,9.0,AB
2315010,6,EI 317,2,10.0,AA
2315010,6,EI 318,2,10.0,AA
2315010,6,EI 331,4,10.0,AA
2315010,6,EI 338,NA,,NA
2315010,6,EI 381,NA,,NA
2315010,6,EI 382,NA,,NA
2315011,6,CE 382,NA,,NA
2315011,6,CS 382,NA,,NA
2315011,6,EC 382,3,9.0,AB
2315011,6,EC 389,NA,,NA
2315011,6,EE 385,NA,,NA
2315011,6,EI 306,4,9.0,AB
2315011,6,EI 307,4,9.0,AB
2315011,6,EI 308,4,10.0,AA
2315011,6,EI 315,2,10.0,AA
2315011,6,EI 316,2,9.0,AB
2315011,6,EI 317,2,10.0,AA
2315011,6,EI 318,2,10.0,AA
2315011,6,EI 331,NA,,NA
2315011,6,EI 338,3,9.0,AB
2315011,6,EI 381,NA,,NA
2315011,6,EI 382,NA,,NA
2315012,6,CE 382,NA,,NA
2315012,6,CS 382,NA,,NA
2315012,6,EC 382,NA,,NA
2315012,6,EC 389,3,10.0,AA
2315012,6,EE 385,NA,,NA
2315012,6,EI 306,4,9.0,AB
2315012,6,EI 307,4,8.0,BB
2315012,6,EI 308,4,9.0,AB
2315012,6,EI 315,2,10.0,AA
2315012,6,EI 316,2,9.0,AB
2315012,6,EI 317,2,10.0,AA
2315012,6,EI 318,2,10.0,AA
2315012,6,EI 331,NA,,NA
2315012,6,EI 338,3,9.0,AB
2315012,6,EI 381,NA,,NA
2315012,6,EI 382,NA,,NA
2315014,6,CE 382,NA,,NA
2315014,6,CS 382,NA,,NA
2315014,6,EC 382,NA,,NA
2315014,6,EC 389,3,9.0,AB
2315014,6,EE 385,NA,,NA
2315014,6,EI 306,4,10.0,AA
2315014,6,EI 307,4,8.0,BB
2315014,6,EI 308,4,10.0,AA
2315014,6,EI 315,2,10.0,AA
2315014,6,EI 316,2,9.0,AB
2315014,6,EI 317,2,10.0,AA
2315014,6,EI 318,2,10.0,AA
2315014,6,EI 331,NA,,NA
2315014,6,EI 338,3,9.0,AB
2315014,6,EI 381,NA,,NA
2315014,6,EI 382,NA,,NA
2315015,6,CE 382,NA,,NA
2315015,6,CS 382,NA,,NA
2315015,6,EC 382,NA,,NA
2315015,6,EC 389,NA,,NA
2315015,6,EE 385,3,9.0,AB
2315015,6,EI 306,4,9.0,AB
2315015,6,EI 307,4,7.0,BC
2315015,6,EI 308,4,9.0,AB
2315015,6,EI 315,2,10.0,AA
2315015,6,EI 316,2,9.0,AB
2315015,6,EI 317,2,9.0,AB
2315015,6,EI 318,2,9.0,AB
2315015,6,EI 331,NA,,NA
2315015,6,EI 338,3,7.0,BC
2315015,6,EI 381,NA,,NA
2315015,6,EI 382,NA,,NA
2315016,6,CE 382,NA,,NA
2315016,6,CS 382,NA,,NA
2315016,6,EC 382,NA,,NA
2315016,6,EC 389,NA,,NA
2315016,6,EE 385,NA,,NA
2315016,6,EI 306,4,9.0,AB
2315016,6,EI 307,4,9.0,AB
2315016,6,EI 308,4,8.0,BB
2315016,6,EI 315,2,9.0,AB
2315016,6,EI 316,2,8.0,BB
2315016,6,EI 317,2,10.0,AA
2315016,6,EI 318,2,10.0,AA
2315016,6,EI 331,NA,,NA
2315016,6,EI 338,3,10.0,AA
2315016,6,EI 381,3,10.0,AA
2315016,6,EI 382,NA,,NA
2315017,6,CE 382,NA,,NA
2315017,6,CS 382,NA,,NA
2315017,6,EC 382,NA,,NA
2315017,6,EC 389,NA,,NA
2315017,6,EE 385,NA,,NA
2315017,6,EI 306,4,9.0,AB
2315017,6,EI 307,4,9.0,AB
2315017,6,EI 308,4,9.0,AB
2315017,6,EI 315,2,10.0,AA
2315017,6,EI 316,2,10.0,AA
2315017,6,EI 317,2,10.0,AA
2315017,6,EI 318,2,10.0,AA
2315017,6,EI 331,NA,,NA
2315017,6,EI 338,3,8.0,BB
2315017,6,EI 381,NA,,NA
2315017,6,EI 382,3,10.0,AA
2315018,6,CE 382,NA,,NA
2315018,6,CS 382,NA,,NA
2315018,6,EC 382,NA,,NA
2315018,6,EC 389,3,9.0,AB
2315018,6,EE 385,NA,,NA
2315018,6,EI 306,4,8.0,BB
2315018,6,EI 307,4,7.0,BC
2315018,6,EI 308,4,8.0,BB
2315018,6,EI 315,2,10.0,AA
2315018,6,EI 316,2,9.0,AB
2315018,6,EI 317,2,9.0,AB
2315018,6,EI 318,2,10.0,AA
2315018,6,EI 331,4,6.0,CC
2315018,6,EI 338,NA,,NA
2315018,6,EI 381,NA,,NA
2315018,6,EI 382,NA,,NA
2315019,6,CE 382,NA,,NA
2315019,6,CS 382,NA,,NA
2315019,6,EC 382,NA,,NA
2315019,6,EC 389,NA,,NA
2315019,6,EE 385,NA,,NA
2315019,6,EI 306,4,10.0,AA
2315019,6,EI 307,4,6.0,CC
2315019,6,EI 308,4,8.0,BB
2315019,6,EI 315,2,10.0,AA
2315019,6,EI 316,2,9.0,AB
2315019,6,EI 317,2,9.0,AB
2315019,6,EI 318,2,10.0,AA
2315019,6,EI 331,NA,,NA
2315019,6,EI 338,3,8.0,BB
2315019,6,EI 381,NA,,NA
2315019,6,EI 382,3,9.0,AB
2315020,6,CE 382,NA,,NA
2315020,6,CS 382,NA,,NA
2315020,6,EC 382,NA,,NA
2315020,6,EC 389,NA,,NA
2315020,6,EE 385,NA,,NA
2315020,6,EI 306,4,9.0,AB
2315020,6,EI 307,4,9.0,AB
2315020,6,EI 308,4,9.0,AB
2315020,6,EI 315,2,10.0,AA
2315020,6,EI 316,2,9.0,AB
2315020,6,EI 317,2,10.0,AA
2315020,6,EI 318,2,10.0,AA
2315020,6,EI 331,NA,,NA
2315020,6,EI 338,3,10.0,AA
2315020,6,EI 381,3,10.0,AA
2315020,6,EI 382,NA,,NA
2315021,6,CE 382,NA,,NA
2315021,6,CS 382,NA,,NA
2315021,6,EC 382,NA,,NA
2315021,6,EC 389,3,10.0,AA
2315021,6,EE 385,NA,,NA
2315021,6,EI 306,4,9.0,AB
2315021,6,EI 307,4,9.0,AB
2315021,6,EI 308,4,8.0,BB
2315021,6,EI 315,2,10.0,AA
2315021,6,EI 316,2,9.0,AB
2315021,6,EI 317,2,10.0,AA
2315021,6,EI 318,2,10.0,AA
2315021,6,EI 331,NA,,NA
2315021,6,EI 338,3,9.0,AB
2315021,6,EI 381,NA,,NA
2315021,6,EI 382,NA,,NA
2315022,6,CE 382,NA,,NA
2315022,6,CS 382,NA,,NA
2315022,6,EC 382,NA,,NA
2315022,6,EC 389,NA,,NA
2315022,6,EE 385,NA,,NA
2315022,6,EI 306,4,9.0,AB
2315022,6,EI 307,4,8.0,BB
2315022,6,EI 308,4,8.0,BB
2315022,6,EI 315,2,10.0,AA
2315022,6,EI 316,2,8.0,BB
2315022,6,EI 317,2,10.0,AA
2315022,6,EI 318,2,9.0,AB
2315022,6,EI 331,NA,,NA
2315022,6,EI 338,3,9.0,AB
2315022,6,EI 381,3,8.0,BB
2315022,6,EI 382,NA,,NA
2315023,6,CE 382,NA,,NA
2315023,6,CS 382,NA,,NA
2315023,6,EC 382,NA,,NA
2315023,6,EC 389,3,10.0,AA
2315023,6,EE 385,NA,,NA
2315023,6,EI 306,4,9.0,AB
2315023,6,EI 307,4,9.0,AB
2315023,6,EI 308,4,9.0,AB
2315023,6,EI 315,2,10.0,AA
2315023,6,EI 316,2,8.0,BB
2315023,6,EI 317,2,10.0,AA
2315023,6,EI 318,2,10.0,AA
2315023,6,EI 331,NA,,NA
2315023,6,EI 338,3,9.0,AB
2315023,6,EI 381,NA,,NA
2315023,6,EI 382,NA,,NA
2315024,6,CE 382,NA,,NA
2315024,6,CS 382,NA,,NA
2315024,6,EC 382,NA,,NA
2315024,6,EC 389,NA,,NA
2315024,6,EE 385,NA,,NA
2315024,6,EI 306,4,10.0,AA
2315024,6,EI 307,4,7.0,BC
2315024,6,EI 308,4,8.0,BB
2315024,6,EI 315,2,10.0,AA
2315024,6,EI 316,2,9.0,AB
2315024,6,EI 317,2,10.0,AA
2315024,6,EI 318,2,10.0,AA
2315024,6,EI 331,4,8.0,BB
2315024,6,EI 338,NA,,NA
2315024,6,EI 381,NA,,NA
2315024,6,EI 382,3,10.0,AA
2315025,6,CE 382,NA,,NA
2315025,6,CS 382,NA,,NA
2315025,6,EC 382,NA,,NA
2315025,6,EC 389,NA,,NA
2315025,6,EE 385,NA,,NA
2315025,6,EI 306,4,10.0,AA
2315025,6,EI 307,4,9.0,AB
2315025,6,EI 308,4,10.0,AA
2315025,6,EI 315,2,10.0,AA
2315025,6,EI 316,2,8.0,BB
2315025,6,EI 317,2,10.0,AA
2315025,6,EI 318,2,10.0,AA
2315025,6,EI 331,NA,,NA
2315025,6,EI 338,3,9.0,AB
2315025,6,EI 381,NA,,NA
2315025,6,EI 382,3,9.0,AB
2315026,6,CE 382,NA,,NA
2315026,6,CS 382,NA,,NA
2315026,6,EC 382,NA,,NA
2315026,6,EC 389,NA,,NA
2315026,6,EE 385,NA,,NA
2315026,6,EI 306,4,8.0,BB
2315026,6,EI 307,4,8.0,BB
2315026,6,EI 308,4,7.0,BC
2315026,6,EI 315,2,10.0,AA
2315026,6,EI 316,2,9.0,AB
2315026,6,EI 317,2,10.0,AA
2315026,6,EI 318,2,10.0,AA
2315026,6,EI 331,4,7.0,BC
2315026,6,EI 338,NA,,NA
2315026,6,EI 381,NA,,NA
2315026,6,EI 382,3,9.0,AB
2315027,6,CE 382,NA,,NA
2315027,6,CS 382,NA,,NA
2315027,6,EC 382,NA,,NA
2315027,6,EC 389,NA,,NA
2315027,6,EE 385,NA,,NA
2315027,6,EI 306,4,10.0,AA
2315027,6,EI 307,4,9.0,AB
2315027,6,EI 308,4,10.0,AA
2315027,6,EI 315,2,10.0,AA
2315027,6,EI 316,2,9.0,AB
2315027,6,EI 317,2,9.0,AB
2315027,6,EI 318,2,9.0,AB
2315027,6,EI 331,4,9.0,AB
2315027,6,EI 338,NA,,NA
2315027,6,EI 381,NA,,NA
2315027,6,EI 382,3,9.0,AB
2315028,6,CE 382,NA,,NA
2315028,6,CS 382,3,10.0,AA
2315028,6,EC 382,NA,,NA
2315028,6,EC 389,NA,,NA
2315028,6,EE 385,NA,,NA
2315028,6,EI 306,4,10.0,AA
2315028,6,EI 307,4,10.0,AA
2315028,6,EI 308,4,10.0,AA
2315028,6,EI 315,2,10.0,AA
2315028,6,EI 316,2,9.0,AB
2315028,6,EI 317,2,10.0,AA
2315028,6,EI 318,2,10.0,AA
2315028,6,EI 331,4,10.0,AA
2315028,6,EI 338,NA,,NA
2315028,6,EI 381,NA,,NA
2315028,6,EI 382,NA,,NA
2315029,6,CE 382,NA,,NA
2315029,6,CS 382,3,8.0,BB
2315029,6,EC 382,NA,,NA
2315029,6,EC 389,NA,,NA
2315029,6,EE 385,NA,,NA
2315029,6,EI 306,4,7.0,BC
2315029,6,EI 307,4,5.0,CD
2315029,6,EI 308,4,5.0,CD
2315029,6,EI 315,2,9.0,AB
2315029,6,EI 316,2,7.0,BC
2315029,6,EI 317,2,9.0,AB
2315029,6,EI 318,2,10.0,AA
2315029,6,EI 331,4,4.0,DD
2315029,6,EI 338,NA,,NA
2315029,6,EI 381,NA,,NA
2315029,6,EI 382,NA,,NA
2315030,6,CE 382,NA,,NA
2315030,6,CS 382,NA,,NA
2315030,6,EC 382,NA,,NA
2315030,6,EC 389,NA,,NA
2315030,6,EE 385,NA,,NA
2315030,6,EI 306,4,8.0,BB
2315030,6,EI 307,4,9.0,AB
2315030,6,EI 308,4,8.0,BB
2315030,6,EI 315,2,10.0,AA
2315030,6,EI 316,2,9.0,AB
2315030,6,EI 317,2,10.0,AA
2315030,6,EI 318,2,10.0,AA
2315030,6,EI 331,4,6.0,CC
2315030,6,EI 338,NA,,NA
2315030,6,EI 381,3,9.0,AB
2315030,6,EI 382,NA,,NA
2315032,6,CE 382,NA,,NA
2315032,6,CS 382,NA,,NA
2315032,6,EC 382,NA,,NA
2315032,6,EC 389,3,9.0,AB
2315032,6,EE 385,NA,,NA
2315032,6,EI 306,4,9.0,AB
2315032,6,EI 307,4,8.0,BB
2315032,6,EI 308,4,9.0,AB
2315032,6,EI 315,2,9.0,AB
2315032,6,EI 316,2,9.0,AB
2315032,6,EI 317,2,10.0,AA
2315032,6,EI 318,2,10.0,AA
2315032,6,EI 331,NA,,NA
2315032,6,EI 338,3,10.0,AA
2315032,6,EI 381,NA,,NA
2315032,6,EI 382,NA,,NA
2315033,6,CE 382,NA,,NA
2315033,6,CS 382,NA,,NA
2315033,6,EC 382,NA,,NA
2315033,6,EC 389,3,9.0,AB
2315033,6,EE 385,NA,,NA
2315033,6,EI 306,4,7.0,BC
2315033,6,EI 307,4,6.0,CC
2315033,6,EI 308,4,7.0,BC
2315033,6,EI 315,2,9.0,AB
2315033,6,EI 316,2,9.0,AB
2315033,6,EI 317,2,9.0,AB
2315033,6,EI 318,2,9.0,AB
2315033,6,EI 331,4,7.0,BC
2315033,6,EI 338,NA,,NA
2315033,6,EI 381,NA,,NA
2315033,6,EI 382,NA,,NA
2315034,6,CE 382,NA,,NA
2315034,6,CS 382,NA,,NA
2315034,6,EC 382,NA,,NA
2315034,6,EC 389,3,9.0,AB
2315034,6,EE 385,NA,,NA
2315034,6,EI 306,4,10.0,AA
2315034,6,EI 307,4,9.0,AB
2315034,6,EI 308,4,10.0,AA
2315034,6,EI 315,2,10.0,AA
2315034,6,EI 316,2,10.0,AA
2315034,6,EI 317,2,10.0,AA
2315034,6,EI 318,2,10.0,AA
2315034,6,EI 331,NA,,NA
2315034,6,EI 338,3,9.0,AB
2315034,6,EI 381,NA,,NA
2315034,6,EI 382,NA,,NA
2315035,6,CE 382,NA,,NA
2315035,6,CS 382,NA,,NA
2315035,6,EC 382,NA,,NA
2315035,6,EC 389,NA,,NA
2315035,6,EE 385,NA,,NA
2315035,6,EI 306,4,10.0,AA
2315035,6,EI 307,4,9.0,AB
2315035,6,EI 308,4,8.0,BB
2315035,6,EI 315,2,10.0,AA
2315035,6,EI 316,2,9.0,AB
2315035,6,EI 317,2,10.0,AA
2315035,6,EI 318,2,10.0,AA
2315035,6,EI 331,4,7.0,BC
2315035,6,EI 338,NA,,NA
2315035,6,EI 381,NA,,NA
2315035,6,EI 382,3,9.0,AB
2315036,6,CE 382,NA,,NA
2315036,6,CS 382,NA,,NA
2315036,6,EC 382,NA,,NA
2315036,6,EC 389,NA,,NA
2315036,6,EE 385,NA,,NA
2315036,6,EI 306,4,8.0,BB
2315036,6,EI 307,4,7.0,BC
2315036,6,EI 308,4,8.0,BB
2315036,6,EI 315,2,10.0,AA
2315036,6,EI 316,2,10.0,AA
2315036,6,EI 317,2,10.0,AA
2315036,6,EI 318,2,10.0,AA
2315036,6,EI 331,NA,,NA
2315036,6,EI 338,3,8.0,BB
2315036,6,EI 381,NA,,NA
2315036,6,EI 382,3,9.0,AB
2315037,6,CE 382,NA,,NA
2315037,6,CS 382,NA,,NA
2315037,6,EC 382,NA,,NA
2315037,6,EC 389,NA,,NA
2315037,6,EE 385,NA,,NA
2315037,6,EI 306,4,10.0,AA
2315037,6,EI 307,4,9.0,AB
2315037,6,EI 308,4,9.0,AB
2315037,6,EI 315,2,10.0,AA
2315037,6,EI 316,2,9.0,AB
2315037,6,EI 317,2,10.0,AA
2315037,6,EI 318,2,8.0,BB
2315037,6,EI 331,NA,,NA
2315037,6,EI 338,3,9.0,AB
2315037,6,EI 381,NA,,NA
2315037,6,EI 382,3,9.0,AB
2315038,6,CE 382,NA,,NA
2315038,6,CS 382,NA,,NA
2315038,6,EC 382,NA,,NA
2315038,6,EC 389,NA,,NA
2315038,6,EE 385,NA,,NA
2315038,6,EI 306,4,9.0,AB
2315038,6,EI 307,4,10.0,AA
2315038,6,EI 308,4,8.0,BB
2315038,6,EI 315,2,10.0,AA
2315038,6,EI 316,2,9.0,AB
2315038,6,EI 317,2,10.0,AA
2315038,6,EI 318,2,10.0,AA
2315038,6,EI 331,NA,,NA
2315038,6,EI 338,3,10.0,AA
2315038,6,EI 381,3,10.0,AA
2315038,6,EI 382,NA,,NA
2315039,6,CE 382,NA,,NA
2315039,6,CS 382,NA,,NA
2315039,6,EC 382,NA,,NA
2315039,6,EC 389,3,10.0,AA
2315039,6,EE 385,NA,,NA
2315039,6,EI 306,4,9.0,AB
2315039,6,EI 307,4,9.0,AB
2315039,6,EI 308,4,9.0,AB
2315039,6,EI 315,2,10.0,AA
2315039,6,EI 316,2,9.0,AB
2315039,6,EI 317,2,10.0,AA
2315039,6,EI 318,2,10.0,AA
2315039,6,EI 331,NA,,NA
2315039,6,EI 338,3,10.0,AA
2315039,6,EI 381,NA,,NA
2315039,6,EI 382,NA,,NA
2315040,6,CE 382,NA,,NA
2315040,6,CS 382,NA,,NA
2315040,6,EC 382,NA,,NA
2315040,6,EC 389,NA,,NA
2315040,6,EE 385,NA,,NA
2315040,6,EI 306,4,10.0,AA
2315040,6,EI 307,4,10.0,AA
2315040,6,EI 308,4,10.0,AA
2315040,6,EI 315,2,10.0,AA
2315040,6,EI 316,2,9.0,AB
2315040,6,EI 317,2,10.0,AA
2315040,6,EI 318,2,10.0,AA
2315040,6,EI 331,NA,,NA
2315040,6,EI 338,3,10.0,AA
2315040,6,EI 381,3,9.0,AB
2315040,6,EI 382,NA,,NA
2315041,6,CE 382,NA,,NA
2315041,6,CS 382,NA,,NA
2315041,6,EC 382,NA,,NA
2315041,6,EC 389,NA,,NA
2315041,6,EE 385,NA,,NA
2315041,6,EI 306,4,10.0,AA
2315041,6,EI 307,4,9.0,AB
2315041,6,EI 308,4,10.0,AA
2315041,6,EI 315,2,10.0,AA
2315041,6,EI 316,2,10.0,AA
2315041,6,EI 317,2,10.0,AA
2315041,6,EI 318,2,10.0,AA
2315041,6,EI 331,NA,,NA
2315041,6,EI 338,3,10.0,AA
2315041,6,EI 381,3,10.0,AA
2315041,6,EI 382,NA,,NA
2315042,6,CE 382,NA,,NA
2315042,6,CS 382,NA,,NA
2315042,6,EC 382,NA,,NA
2315042,6,EC 389,NA,,NA
2315042,6,EE 385,NA,,NA
2315042,6,EI 306,4,9.0,AB
2315042,6,EI 307,4,9.0,AB
2315042,6,EI 308,4,10.0,AA
2315042,6,EI 315,2,10.0,AA
2315042,6,EI 316,2,9.0,AB
2315042,6,EI 317,2,10.0,AA
2315042,6,EI 318,2,10.0,AA
2315042,6,EI 331,NA,,NA
2315042,6,EI 338,3,8.0,BB
2315042,6,EI 381,3,9.0,AB
2315042,6,EI 382,NA,,NA
2315044,6,CE 382,NA,,NA
2315044,6,CS 382,NA,,NA
2315044,6,EC 382,NA,,NA
2315044,6,EC 389,NA,,NA
2315044,6,EE 385,NA,,NA
2315044,6,EI 306,4,8.0,BB
2315044,6,EI 307,4,4.0,DD
2315044,6,EI 308,4,6.0,CC
2315044,6,EI 315,2,9.0,AB
2315044,6,EI 316,2,9.0,AB
2315044,6,EI 317,2,8.0,BB
2315044,6,EI 318,2,8.0,BB
2315044,6,EI 331,4,5.0,CD
2315044,6,EI 338,NA,,NA
2315044,6,EI 381,NA,,NA
2315044,6,EI 382,3,7.0,BC
2315045,6,CE 382,NA,,NA
2315045,6,CS 382,NA,,NA
2315045,6,EC 382,NA,,NA
2315045,6,EC 389,NA,,NA
2315045,6,EE 385,NA,,NA
2315045,6,EI 306,4,8.0,BB
2315045,6,EI 307,4,5.0,CD
2315045,6,EI 308,4,6.0,CC
2315045,6,EI 315,2,9.0,AB
2315045,6,EI 316,2,6.0,CC
2315045,6,EI 317,2,8.0,BB
2315045,6,EI 318,2,9.0,AB
2315045,6,EI 331,NA,,NA
2315045,6,EI 338,3,9.0,AB
2315045,6,EI 381,NA,,NA
2315045,6,EI 382,3,9.0,AB
2315046,6,CE 382,NA,,NA
2315046,6,CS 382,NA,,NA
2315046,6,EC 382,NA,,NA
2315046,6,EC 389,NA,,NA
2315046,6,EE 385,NA,,NA
2315046,6,EI 306,4,9.0,AB
2315046,6,EI 307,4,9.0,AB
2315046,6,EI 308,4,10.0,AA
2315046,6,EI 315,2,10.0,AA
2315046,6,EI 316,2,9.0,AB
2315046,6,EI 317,2,10.0,AA
2315046,6,EI 318,2,9.0,AB
2315046,6,EI 331,4,10.0,AA
2315046,6,EI 338,NA,,NA
2315046,6,EI 381,3,9.0,AB
2315046,6,EI 382,NA,,NA
2315047,6,CE 382,NA,,NA
2315047,6,CS 382,NA,,NA
2315047,6,EC 382,NA,,NA
2315047,6,EC 389,NA,,NA
2315047,6,EE 385,NA,,NA
2315047,6,EI 306,4,7.0,BC
2315047,6,EI 307,4,5.0,CD
2315047,6,EI 308,4,7.0,BC
2315047,6,EI 315,2,10.0,AA
2315047,6,EI 316,2,7.0,BC
2315047,6,EI 317,2,8.0,BB
2315047,6,EI 318,2,10.0,AA
2315047,6,EI 331,4,8.0,BB
2315047,6,EI 338,NA,,NA
2315047,6,EI 381,NA,,NA
2315047,6,EI 382,3,9.0,AB
2315048,6,CE 382,3,10.0,AA
2315048,6,CS 382,NA,,NA
2315048,6,EC 382,NA,,NA
2315048,6,EC 389,NA,,NA
2315048,6,EE 385,NA,,NA
2315048,6,EI 306,4,9.0,AB
2315048,6,EI 307,4,8.0,BB
2315048,6,EI 308,4,9.0,AB
2315048,6,EI 315,2,10.0,AA
2315048,6,EI 316,2,8.0,BB
2315048,6,EI 317,2,9.0,AB
2315048,6,EI 318,2,10.0,AA
2315048,6,EI 331,4,8.0,BB
2315048,6,EI 338,NA,,NA
2315048,6,EI 381,NA,,NA
2315048,6,EI 382,NA,,NA
2315049,6,CE 382,NA,,NA
2315049,6,CS 382,NA,,NA
2315049,6,EC 382,NA,,NA
2315049,6,EC 389,NA,,NA
2315049,6,EE 385,NA,,NA
2315049,6,EI 306,4,9.0,AB
2315049,6,EI 307,4,9.0,AB
2315049,6,EI 308,4,7.0,BC
2315049,6,EI 315,2,10.0,AA
2315049,6,EI 316,2,8.0,BB
2315049,6,EI 317,2,9.0,AB
2315049,6,EI 318,2,10.0,AA
2315049,6,EI 331,4,7.0,BC
2315049,6,EI 338,NA,,NA
2315049,6,EI 381,NA,,NA
2315049,6,EI 382,3,9.0,AB
2315050,6,CE 382,NA,,NA
2315050,6,CS 382,NA,,NA
2315050,6,EC 382,NA,,NA
2315050,6,EC 389,NA,,NA
2315050,6,EE 385,NA,,NA
2315050,6,EI 306,4,9.0,AB
2315050,6,EI 307,4,9.0,AB
2315050,6,EI 308,4,10.0,AA
2315050,6,EI 315,2,10.0,AA
2315050,6,EI 316,2,8.0,BB
2315050,6,EI 317,2,9.0,AB
2315050,6,EI 318,2,9.0,AB
2315050,6,EI 331,NA,,NA
2315050,6,EI 338,3,8.0,BB
2315050,6,EI 381,NA,,NA
2315050,6,EI 382,3,10.0,AA
2315051,6,CE 382,NA,,NA
2315051,6,CS 382,NA,,NA
2315051,6,EC 382,NA,,NA
2315051,6,EC 389,NA,,NA
2315051,6,EE 385,NA,,NA
2315051,6,EI 306,4,9.0,AB
2315051,6,EI 307,4,8.0,BB
2315051,6,EI 308,4,10.0,AA
2315051,6,EI 315,2,10.0,AA
2315051,6,EI 316,2,8.0,BB
2315051,6,EI 317,2,10.0,AA
2315051,6,EI 318,2,10.0,AA
2315051,6,EI 331,4,7.0,BC
2315051,6,EI 338,NA,,NA
2315051,6,EI 381,NA,,NA
2315051,6,EI 382,3,10.0,AA
2315053,6,CE 382,NA,,NA
2315053,6,CS 382,NA,,NA
2315053,6,EC 382,NA,,NA
2315053,6,EC 389,NA,,NA
2315053,6,EE 385,NA,,NA
2315053,6,EI 306,4,9.0,AB
2315053,6,EI 307,4,8.0,BB
2315053,6,EI 308,4,8.0,BB
2315053,6,EI 315,2,10.0,AA
2315053,6,EI 316,2,9.0,AB
2315053,6,EI 317,2,9.0,AB
2315053,6,EI 318,2,9.0,AB
2315053,6,EI 331,4,9.0,AB
2315053,6,EI 338,NA,,NA
2315053,6,EI 381,NA,,NA
2315053,6,EI 382,3,10.0,AA
2315054,6,CE 382,NA,,NA
2315054,6,CS 382,NA,,NA
2315054,6,EC 382,NA,,NA
2315054,6,EC 389,NA,,NA
2315054,6,EE 385,NA,,NA
2315054,6,EI 306,4,8.0,BB
2315054,6,EI 307,4,8.0,BB
2315054,6,EI 308,4,7.0,BC
2315054,6,EI 315,2,10.0,AA
2315054,6,EI 316,2,9.0,AB
2315054,6,EI 317,2,9.0,AB
2315054,6,EI 318,2,10.0,AA
2315054,6,EI 331,4,8.0,BB
2315054,6,EI 338,NA,,NA
2315054,6,EI 381,3,10.0,AA
2315054,6,EI 382,NA,,NA
2315055,6,CE 382,NA,,NA
2315055,6,CS 382,NA,,NA
2315055,6,EC 382,NA,,NA
2315055,6,EC 389,3,10.0,AA
2315055,6,EE 385,NA,,NA
2315055,6,EI 306,4,9.0,AB
2315055,6,EI 307,4,9.0,AB
2315055,6,EI 308,4,8.0,BB
2315055,6,EI 315,2,10.0,AA
2315055,6,EI 316,2,10.0,AA
2315055,6,EI 317,2,9.0,AB
2315055,6,EI 318,2,10.0,AA
2315055,6,EI 331,NA,,NA
2315055,6,EI 338,3,9.0,AB
2315055,6,EI 381,NA,,NA
2315055,6,EI 382,NA,,NA
2315056,6,CE 382,NA,,NA
2315056,6,CS 382,NA,,NA
2315056,6,EC 382,NA,,NA
2315056,6,EC 389,NA,,NA
2315056,6,EE 385,NA,,NA
2315056,6,EI 306,4,10.0,AA
2315056,6,EI 307,4,9.0,AB
2315056,6,EI 308,4,8.0,BB
2315056,6,EI 315,2,10.0,AA
2315056,6,EI 316,2,9.0,AB
2315056,6,EI 317,2,10.0,AA
2315056,6,EI 318,2,10.0,AA
2315056,6,EI 331,NA,,NA
2315056,6,EI 338,3,8.0,BB
2315056,6,EI 381,NA,,NA
2315056,6,EI 382,3,10.0,AA
2315057,6,CE 382,NA,,NA
2315057,6,CS 382,NA,,NA
2315057,6,EC 382,NA,,NA
2315057,6,EC 389,NA,,NA
2315057,6,EE 385,NA,,NA
2315057,6,EI 306,4,10.0,AA
2315057,6,EI 307,4,10.0,AA
2315057,6,EI 308,4,9.0,AB
2315057,6,EI 315,2,10.0,AA
2315057,6,EI 316,2,9.0,AB
2315057,6,EI 317,2,10.0,AA
2315057,6,EI 318,2,10.0,AA
2315057,6,EI 331,4,8.0,BB
2315057,6,EI 338,NA,,NA
2315057,6,EI 381,NA,,NA
2315057,6,EI 382,3,10.0,AA
2315058,6,CE 382,NA,,NA
2315058,6,CS 382,NA,,NA
2315058,6,EC 382,NA,,NA
2315058,6,EC 389,NA,,NA
2315058,6,EE 385,NA,,NA
2315058,6,EI 306,4,10.0,AA
2315058,6,EI 307,4,10.0,AA
2315058,6,EI 308,4,10.0,AA
2315058,6,EI 315,2,10.0,AA
2315058,6,EI 316,2,9.0,AB
2315058,6,EI 317,2,9.0,AB
2315058,6,EI 318,2,10.0,AA
2315058,6,EI 331,NA,,NA
2315058,6,EI 338,3,9.0,AB
2315058,6,EI 381,NA,,NA
2315058,6,EI 382,3,10.0,AA
2315059,6,CE 382,NA,,NA
2315059,6,CS 382,NA,,NA
2315059,6,EC 382,NA,,NA
2315059,6,EC 389,NA,,NA
2315059,6,EE 385,NA,,NA
2315059,6,EI 306,4,9.0,AB
2315059,6,EI 307,4,8.0,BB
2315059,6,EI 308,4,9.0,AB
2315059,6,EI 315,2,10.0,AA
2315059,6,EI 316,2,10.0,AA
2315059,6,EI 317,2,9.0,AB
2315059,6,EI 318,2,10.0,AA
2315059,6,EI 331,NA,,NA
2315059,6,EI 338,3,10.0,AA
2315059,6,EI 381,NA,,NA
2315059,6,EI 382,3,10.0,AA
2315060,6,CE 382,NA,,NA
2315060,6,CS 382,NA,,NA
2315060,6,EC 382,NA,,NA
2315060,6,EC 389,NA,,NA
2315060,6,EE 385,NA,,NA
2315060,6,EI 306,4,8.0,BB
2315060,6,EI 307,4,8.0,BB
2315060,6,EI 308,4,8.0,BB
2315060,6,EI 315,2,10.0,AA
2315060,6,EI 316,2,9.0,AB
2315060,6,EI 317,2,10.0,AA
2315060,6,EI 318,2,10.0,AA
2315060,6,EI 331,NA,,NA
2315060,6,EI 338,3,10.0,AA
2315060,6,EI 381,NA,,NA
2315060,6,EI 382,3,10.0,AA
2315061,6,CE 382,NA,,NA
2315061,6,CS 382,3,9.0,AB
2315061,6,EC 382,NA,,NA
2315061,6,EC 389,NA,,NA
2315061,6,EE 385,NA,,NA
2315061,6,EI 306,4,9.0,AB
2315061,6,EI 307,4,7.0,BC
2315061,6,EI 308,4,7.0,BC
2315061,6,EI 315,2,9.0,AB
2315061,6,EI 316,2,9.0,AB
2315061,6,EI 317,2,9.0,AB
2315061,6,EI 318,2,9.0,AB
2315061,6,EI 331,NA,,NA
2315061,6,EI 338,3,9.0,AB
2315061,6,EI 381,NA,,NA
2315061,6,EI 382,NA,,NA
2315062,6,CE 382,NA,,NA
2315062,6,CS 382,NA,,NA
2315062,6,EC 382,NA,,NA
2315062,6,EC 389,NA,,NA
2315062,6,EE 385,NA,,NA
2315062,6,EI 306,4,7.0,BC
2315062,6,EI 307,4,5.0,CD
2315062,6,EI 308,4,5.0,CD
2315062,6,EI 315,2,10.0,AA
2315062,6,EI 316,2,9.0,AB
2315062,6,EI 317,2,8.0,BB
2315062,6,EI 318,2,8.0,BB
2315062,6,EI 331,4,5.0,CD
2315062,6,EI 338,NA,,NA
2315062,6,EI 381,NA,,NA
2315062,6,EI 382,3,7.0,BC
2315063,6,CE 382,NA,,NA
2315063,6,CS 382,NA,,NA
2315063,6,EC 382,NA,,NA
2315063,6,EC 389,NA,,NA
2315063,6,EE 385,NA,,NA
2315063,6,EI 306,4,9.0,AB
2315063,6,EI 307,4,9.0,AB
2315063,6,EI 308,4,9.0,AB
2315063,6,EI 315,2,10.0,AA
2315063,6,EI 316,2,9.0,AB
2315063,6,EI 317,2,10.0,AA
2315063,6,EI 318,2,10.0,AA
2315063,6,EI 331,NA,,NA
2315063,6,EI 338,3,9.0,AB
2315063,6,EI 381,3,8.0,BB
2315063,6,EI 382,NA,,NA
2315064,6,CE 382,NA,,NA
2315064,6,CS 382,NA,,NA
2315064,6,EC 382,NA,,NA
2315064,6,EC 389,NA,,NA
2315064,6,EE 385,NA,,NA
2315064,6,EI 306,4,9.0,AB
2315064,6,EI 307,4,10.0,AA
2315064,6,EI 308,4,10.0,AA
2315064,6,EI 315,2,10.0,AA
2315064,6,EI 316,2,10.0,AA
2315064,6,EI 317,2,10.0,AA
2315064,6,EI 318,2,10.0,AA
2315064,6,EI 331,NA,,NA
2315064,6,EI 338,3,10.0,AA
2315064,6,EI 381,3,10.0,AA
2315064,6,EI 382,NA,,NA
2315065,6,CE 382,NA,,NA
2315065,6,CS 382,NA,,NA
2315065,6,EC 382,NA,,NA
2315065,6,EC 389,NA,,NA
2315065,6,EE 385,NA,,NA
2315065,6,EI 306,4,10.0,AA
2315065,6,EI 307,4,9.0,AB
2315065,6,EI 308,4,8.0,BB
2315065,6,EI 315,2,10.0,AA
2315065,6,EI 316,2,9.0,AB
2315065,6,EI 317,2,10.0,AA
2315065,6,EI 318,2,9.0,AB
2315065,6,EI 331,NA,,NA
2315065,6,EI 338,3,10.0,AA
2315065,6,EI 381,NA,,NA
2315065,6,EI 382,3,9.0,AB
2315066,6,CE 382,NA,,NA
2315066,6,CS 382,NA,,NA
2315066,6,EC 382,3,9.0,AB
2315066,6,EC 389,NA,,NA
2315066,6,EE 385,NA,,NA
2315066,6,EI 306,4,9.0,AB
2315066,6,EI 307,4,9.0,AB
2315066,6,EI 308,4,9.0,AB
2315066,6,EI 315,2,9.0,AB
2315066,6,EI 316,2,8.0,BB
2315066,6,EI 317,2,10.0,AA
2315066,6,EI 318,2,10.0,AA
2315066,6,EI 331,NA,,NA
2315066,6,EI 338,3,9.0,AB
2315066,6,EI 381,NA,,NA
2315066,6,EI 382,NA,,NA
2315067,6,CE 382,NA,,NA
2315067,6,CS 382,NA,,NA
2315067,6,EC 382,NA,,NA
2315067,6,EC 389,NA,,NA
2315067,6,EE 385,NA,,NA
2315067,6,EI 306,4,7.0,BC
2315067,6,EI 307,4,6.0,CC
2315067,6,EI 308,4,5.0,CD
2315067,6,EI 315,2,9.0,AB
2315067,6,EI 316,2,8.0,BB
2315067,6,EI 317,2,9.0,AB
2315067,6,EI 318,2,10.0,AA
2315067,6,EI 331,4,6.0,CC
2315067,6,EI 338,NA,,NA
2315067,6,EI 381,NA,,NA
2315067,6,EI 382,3,8.0,BB
2315068,6,CE 382,NA,,NA
2315068,6,CS 382,NA,,NA
2315068,6,EC 382,NA,,NA
2315068,6,EC 389,NA,,NA
2315068,6,EE 385,NA,,NA
2315068,6,EI 306,4,8.0,BB
2315068,6,EI 307,4,8.0,BB
2315068,6,EI 308,4,8.0,BB
2315068,6,EI 315,2,10.0,AA
2315068,6,EI 316,2,9.0,AB
2315068,6,EI 317,2,9.0,AB
2315068,6,EI 318,2,10.0,AA
2315068,6,EI 331,4,7.0,BC
2315068,6,EI 338,NA,,NA
2315068,6,EI 381,NA,,NA
2315068,6,EI 382,3,9.0,AB
2315069,6,CE 382,NA,,NA
2315069,6,CS 382,NA,,NA
2315069,6,EC 382,NA,,NA
2315069,6,EC 389,NA,,NA
2315069,6,EE 385,NA,,NA
2315069,6,EI 306,4,9.0,AB
2315069,6,EI 307,4,9.0,AB
2315069,6,EI 308,4,9.0,AB
2315069,6,EI 315,2,10.0,AA
2315069,6,EI 316,2,9.0,AB
2315069,6,EI 317,2,10.0,AA
2315069,6,EI 318,2,10.0,AA
2315069,6,EI 331,NA,,NA
2315069,6,EI 338,3,8.0,BB
2315069,6,EI 381,NA,,NA
2315069,6,EI 382,3,9.0,AB
2315070,6,CE 382,NA,,NA
2315070,6,CS 382,NA,,NA
2315070,6,EC 382,NA,,NA
2315070,6,EC 389,3,10.0,AA
2315070,6,EE 385,NA,,NA
2315070,6,EI 306,4,10.0,AA
2315070,6,EI 307,4,10.0,AA
2315070,6,EI 308,4,9.0,AB
2315070,6,EI 315,2,10.0,AA
2315070,6,EI 316,2,10.0,AA
2315070,6,EI 317,2,9.0,AB
2315070,6,EI 318,2,10.0,AA
2315070,6,EI 331,NA,,NA
2315070,6,EI 338,3,10.0,AA
2315070,6,EI 381,NA,,NA
2315070,6,EI 382,NA,,NA
2315072,6,CE 382,NA,,NA
2315072,6,CS 382,NA,,NA
2315072,6,EC 382,NA,,NA
2315072,6,EC 389,NA,,NA
2315072,6,EE 385,NA,,NA
2315072,6,EI 306,4,9.0,AB
2315072,6,EI 307,4,8.0,BB
2315072,6,EI 308,4,7.0,BC
2315072,6,EI 315,2,10.0,AA
2315072,6,EI 316,2,9.0,AB
2315072,6,EI 317,2,9.0,AB
2315072,6,EI 318,2,10.0,AA
2315072,6,EI 331,4,5.0,CD
2315072,6,EI 338,NA,,NA
2315072,6,EI 381,NA,,NA
2315072,6,EI 382,3,9.0,AB
2315073,6,CE 382,NA,,NA
2315073,6,CS 382,NA,,NA
2315073,6,EC 382,NA,,NA
2315073,6,EC 389,NA,,NA
2315073,6,EE 385,NA,,NA
2315073,6,EI 306,4,8.0,BB
2315073,6,EI 307,4,9.0,AB
2315073,6,EI 308,4,8.0,BB
2315073,6,EI 315,2,10.0,AA
2315073,6,EI 316,2,10.0,AA
2315073,6,EI 317,2,10.0,AA
2315073,6,EI 318,2,9.0,AB
2315073,6,EI 331,NA,,NA
2315073,6,EI 338,3,9.0,AB
2315073,6,EI 381,3,8.0,BB
2315073,6,EI 382,NA,,NA
2315074,6,CE 382,NA,,NA
2315074,6,CS 382,NA,,NA
2315074,6,EC 382,NA,,NA
2315074,6,EC 389,NA,,NA
2315074,6,EE 385,NA,,NA
2315074,6,EI 306,4,9.0,AB
2315074,6,EI 307,4,7.0,BC
2315074,6,EI 308,4,8.0,BB
2315074,6,EI 315,2,10.0,AA
2315074,6,EI 316,2,10.0,AA
2315074,6,EI 317,2,9.0,AB
2315074,6,EI 318,2,9.0,AB
2315074,6,EI 331,NA,,NA
2315074,6,EI 338,3,9.0,AB
2315074,6,EI 381,NA,,NA
2315074,6,EI 382,3,9.0,AB
2315075,6,CE 382,NA,,NA
2315075,6,CS 382,NA,,NA
2315075,6,EC 382,NA,,NA
2315075,6,EC 389,NA,,NA
2315075,6,EE 385,NA,,NA
2315075,6,EI 306,4,9.0,AB
2315075,6,EI 307,4,8.0,BB
2315075,6,EI 308,4,8.0,BB
2315075,6,EI 315,2,10.0,AA
2315075,6,EI 316,2,10.0,AA
2315075,6,EI 317,2,9.0,AB
2315075,6,EI 318,2,9.0,AB
2315075,6,EI 331,NA,,NA
2315075,6,EI 338,3,8.0,BB
2315075,6,EI 381,NA,,NA
2315075,6,EI 382,3,10.0,AA
2315076,6,CE 382,NA,,NA
2315076,6,CS 382,NA,,NA
2315076,6,EC 382,NA,,NA
2315076,6,EC 389,NA,,NA
2315076,6,EE 385,NA,,NA
2315076,6,EI 306,4,9.0,AB
2315076,6,EI 307,4,9.0,AB
2315076,6,EI 308,4,9.0,AB
2315076,6,EI 315,2,10.0,AA
2315076,6,EI 316,2,9.0,AB
2315076,6,EI 317,2,9.0,AB
2315076,6,EI 318,2,9.0,AB
2315076,6,EI 331,4,10.0,AA
2315076,6,EI 338,NA,,NA
2315076,6,EI 381,3,9.0,AB
2315076,6,EI 382,NA,,NA
2315077,6,CE 382,NA,,NA
2315077,6,CS 382,NA,,NA
2315077,6,EC 382,NA,,NA
2315077,6,EC 389,NA,,NA
2315077,6,EE 385,NA,,NA
2315077,6,EI 306,4,8.0,BB
2315077,6,EI 307,4,9.0,AB
2315077,6,EI 308,4,10.0,AA
2315077,6,EI 315,2,10.0,AA
2315077,6,EI 316,2,10.0,AA
2315077,6,EI 317,2,10.0,AA
2315077,6,EI 318,2,10.0,AA
2315077,6,EI 331,NA,,NA
2315077,6,EI 338,3,9.0,AB
2315077,6,EI 381,3,9.0,AB
2315077,6,EI 382,NA,,NA
2315078,6,CE 382,NA,,NA
2315078,6,CS 382,NA,,NA
2315078,6,EC 382,NA,,NA
2315078,6,EC 389,NA,,NA
2315078,6,EE 385,NA,,NA
2315078,6,EI 306,4,8.0,BB
2315078,6,EI 307,4,9.0,AB
2315078,6,EI 308,4,9.0,AB
2315078,6,EI 315,2,10.0,AA
2315078,6,EI 316,2,9.0,AB
2315078,6,EI 317,2,10.0,AA
2315078,6,EI 318,2,9.0,AB
2315078,6,EI 331,NA,,NA
2315078,6,EI 338,3,9.0,AB
2315078,6,EI 381,NA,,NA
2315078,6,EI 382,3,10.0,AA
2315079,6,CE 382,NA,,NA
2315079,6,CS 382,NA,,NA
2315079,6,EC 382,NA,,NA
2315079,6,EC 389,NA,,NA
2315079,6,EE 385,NA,,NA
2315079,6,EI 306,4,7.0,BC
2315079,6,EI 307,4,6.0,CC
2315079,6,EI 308,4,7.0,BC
2315079,6,EI 315,2,9.0,AB
2315079,6,EI 316,2,7.0,BC
2315079,6,EI 317,2,9.0,AB
2315079,6,EI 318,2,8.0,BB
2315079,6,EI 331,4,7.0,BC
2315079,6,EI 338,NA,,NA
2315079,6,EI 381,NA,,NA
2315079,6,EI 382,3,8.0,BB
2315080,6,CE 382,NA,,NA
2315080,6,CS 382,NA,,NA
2315080,6,EC 382,NA,,NA
2315080,6,EC 389,NA,,NA
2315080,6,EE 385,NA,,NA
2315080,6,EI 306,4,8.0,BB
2315080,6,EI 307,4,6.0,CC
2315080,6,EI 308,4,8.0,BB
2315080,6,EI 315,2,9.0,AB
2315080,6,EI 316,2,7.0,BC
2315080,6,EI 317,2,9.0,AB
2315080,6,EI 318,2,10.0,AA
2315080,6,EI 331,4,6.0,CC
2315080,6,EI 338,NA,,NA
2315080,6,EI 381,NA,,NA
2315080,6,EI 382,3,9.0,AB
2315081,6,CE 382,NA,,NA
2315081,6,CS 382,NA,,NA
2315081,6,EC 382,NA,,NA
2315081,6,EC 389,NA,,NA
2315081,6,EE 385,NA,,NA
2315081,6,EI 306,4,8.0,BB
2315081,6,EI 307,4,9.0,AB
2315081,6,EI 308,4,9.0,AB
2315081,6,EI 315,2,10.0,AA
2315081,6,EI 316,2,10.0,AA
2315081,6,EI 317,2,10.0,AA
2315081,6,EI 318,2,10.0,AA
2315081,6,EI 331,NA,,NA
2315081,6,EI 338,3,9.0,AB
2315081,6,EI 381,NA,,NA
2315081,6,EI 382,3,9.0,AB
2315082,6,CE 382,NA,,NA
2315082,6,CS 382,NA,,NA
2315082,6,EC 382,NA,,NA
2315082,6,EC 389,NA,,NA
2315082,6,EE 385,NA,,NA
2315082,6,EI 306,4,8.0,BB
2315082,6,EI 307,4,8.0,BB
2315082,6,EI 308,4,8.0,BB
2315082,6,EI 315,2,10.0,AA
2315082,6,EI 316,2,10.0,AA
2315082,6,EI 317,2,9.0,AB
2315082,6,EI 318,2,9.0,AB
2315082,6,EI 331,4,8.0,BB
2315082,6,EI 338,NA,,NA
2315082,6,EI 381,NA,,NA
2315082,6,EI 382,3,9.0,AB
2315084,6,CE 382,NA,,NA
2315084,6,CS 382,NA,,NA
2315084,6,EC 382,NA,,NA
2315084,6,EC 389,NA,,NA
2315084,6,EE 385,NA,,NA
2315084,6,EI 306,4,10.0,AA
2315084,6,EI 307,4,10.0,AA
2315084,6,EI 308,4,8.0,BB
2315084,6,EI 315,2,10.0,AA
2315084,6,EI 316,2,9.0,AB
2315084,6,EI 317,2,10.0,AA
2315084,6,EI 318,2,10.0,AA
2315084,6,EI 331,4,10.0,AA
2315084,6,EI 338,NA,,NA
2315084,6,EI 381,3,9.0,AB
2315084,6,EI 382,NA,,NA
2315085,6,CE 382,NA,,NA
2315085,6,CS 382,NA,,NA
2315085,6,EC 382,NA,,NA
2315085,6,EC 389,NA,,NA
2315085,6,EE 385,3,10.0,AA
2315085,6,EI 306,4,9.0,AB
2315085,6,EI 307,4,10.0,AA
2315085,6,EI 308,4,9.0,AB
2315085,6,EI 315,2,9.0,AB
2315085,6,EI 316,2,9.0,AB
2315085,6,EI 317,2,10.0,AA
2315085,6,EI 318,2,10.0,AA
2315085,6,EI 331,NA,,NA
2315085,6,EI 338,3,8.0,BB
2315085,6,EI 381,NA,,NA
2315085,6,EI 382,NA,,NA
2315086,6,CE 382,NA,,NA
2315086,6,CS 382,NA,,NA
2315086,6,EC 382,NA,,NA
2315086,6,EC 389,NA,,NA
2315086,6,EE 385,NA,,NA
2315086,6,EI 306,4,10.0,AA
2315086,6,EI 307,4,9.0,AB
2315086,6,EI 308,4,7.0,BC
2315086,6,EI 315,2,10.0,AA
2315086,6,EI 316,2,10.0,AA
2315086,6,EI 317,2,10.0,AA
2315086,6,EI 318,2,10.0,AA
2315086,6,EI 331,NA,,NA
2315086,6,EI 338,3,10.0,AA
2315086,6,EI 381,NA,,NA
2315086,6,EI 382,3,10.0,AA
2315087,6,CE 382,NA,,NA
2315087,6,CS 382,NA,,NA
2315087,6,EC 382,NA,,NA
2315087,6,EC 389,NA,,NA
2315087,6,EE 385,NA,,NA
2315087,6,EI 306,4,9.0,AB
2315087,6,EI 307,4,9.0,AB
2315087,6,EI 308,4,8.0,BB
2315087,6,EI 315,2,10.0,AA
2315087,6,EI 316,2,9.0,AB
2315087,6,EI 317,2,9.0,AB
2315087,6,EI 318,2,10.0,AA
2315087,6,EI 331,NA,,NA
2315087,6,EI 338,3,9.0,AB
2315087,6,EI 381,NA,,NA
2315087,6,EI 382,3,10.0,AA
2315088,6,CE 382,NA,,NA
2315088,6,CS 382,NA,,NA
2315088,6,EC 382,NA,,NA
2315088,6,EC 389,NA,,NA
2315088,6,EE 385,NA,,NA
2315088,6,EI 306,4,9.0,AB
2315088,6,EI 307,4,9.0,AB
2315088,6,EI 308,4,10.0,AA
2315088,6,EI 315,2,9.0,AB
2315088,6,EI 316,2,10.0,AA
2315088,6,EI 317,2,10.0,AA
2315088,6,EI 318,2,10.0,AA
2315088,6,EI 331,NA,,NA
2315088,6,EI 338,3,8.0,BB
2315088,6,EI 381,NA,,NA
2315088,6,EI 382,3,9.0,AB
2315089,6,CE 382,NA,,NA
2315089,6,CS 382,NA,,NA
2315089,6,EC 382,NA,,NA
2315089,6,EC 389,NA,,NA
2315089,6,EE 385,NA,,NA
2315089,6,EI 306,4,8.0,BB
2315089,6,EI 307,4,7.0,BC
2315089,6,EI 308,4,7.0,BC
2315089,6,EI 315,2,6.0,CC
2315089,6,EI 316,2,9.0,AB
2315089,6,EI 317,2,10.0,AA
2315089,6,EI 318,2,10.0,AA
2315089,6,EI 331,4,7.0,BC
2315089,6,EI 338,NA,,NA
2315089,6,EI 381,3,7.0,BC
2315089,6,EI 382,NA,,NA
2315090,6,CE 382,NA,,NA
2315090,6,CS 382,NA,,NA
2315090,6,EC 382,NA,,NA
2315090,6,EC 389,NA,,NA
2315090,6,EE 385,NA,,NA
2315090,6,EI 306,4,10.0,AA
2315090,6,EI 307,4,10.0,AA
2315090,6,EI 308,4,10.0,AA
2315090,6,EI 315,2,10.0,AA
2315090,6,EI 316,2,9.0,AB
2315090,6,EI 317,2,10.0,AA
2315090,6,EI 318,2,10.0,AA
2315090,6,EI 331,NA,,NA
2315090,6,EI 338,3,9.0,AB
2315090,6,EI 381,NA,,NA
2315090,6,EI 382,3,10.0,AA
2315091,6,CE 382,NA,,NA
2315091,6,CS 382,NA,,NA
2315091,6,EC 382,NA,,NA
2315091,6,EC 389,NA,,NA
2315091,6,EE 385,NA,,NA
2315091,6,EI 306,4,8.0,BB
2315091,6,EI 307,4,8.0,BB
2315091,6,EI 308,4,8.0,BB
2315091,6,EI 315,2,10.0,AA
2315091,6,EI 316,2,10.0,AA
2315091,6,EI 317,2,9.0,AB
2315091,6,EI 318,2,10.0,AA
2315091,6,EI 331,NA,,NA
2315091,6,EI 338,3,8.0,BB
2315091,6,EI 381,NA,,NA
2315091,6,EI 382,3,8.0,BB
2315092,6,CE 382,NA,,NA
2315092,6,CS 382,NA,,NA
2315092,6,EC 382,NA,,NA
2315092,6,EC 389,NA,,NA
2315092,6,EE 385,NA,,NA
2315092,6,EI 306,4,9.0,AB
2315092,6,EI 307,4,8.0,BB
2315092,6,EI 308,4,8.0,BB
2315092,6,EI 315,2,10.0,AA
2315092,6,EI 316,2,9.0,AB
2315092,6,EI 317,2,9.0,AB
2315092,6,EI 318,2,9.0,AB
2315092,6,EI 331,NA,,NA
2315092,6,EI 338,3,8.0,BB
2315092,6,EI 381,NA,,NA
2315092,6,EI 382,3,10.0,AA
2315093,6,CE 382,NA,,NA
2315093,6,CS 382,NA,,NA
2315093,6,EC 382,NA,,NA
2315093,6,EC 389,NA,,NA
2315093,6,EE 385,NA,,NA
2315093,6,EI 306,4,8.0,BB
2315093,6,EI 307,4,9.0,AB
2315093,6,EI 308,4,8.0,BB
2315093,6,EI 315,2,10.0,AA
2315093,6,EI 316,2,10.0,AA
2315093,6,EI 317,2,9.0,AB
2315093,6,EI 318,2,9.0,AB
2315093,6,EI 331,NA,,NA
2315093,6,EI 338,3,8.0,BB
2315093,6,EI 381,NA,,NA
2315093,6,EI 382,3,8.0,BB
2315094,6,CE 382,NA,,NA
2315094,6,CS 382,NA,,NA
2315094,6,EC 382,NA,,NA
2315094,6,EC 389,NA,,NA
2315094,6,EE 385,NA,,NA
2315094,6,EI 306,4,8.0,BB
2315094,6,EI 307,4,7.0,BC
2315094,6,EI 308,4,9.0,AB
2315094,6,EI 315,2,9.0,AB
2315094,6,EI 316,2,9.0,AB
2315094,6,EI 317,2,10.0,AA
2315094,6,EI 318,2,9.0,AB
2315094,6,EI 331,4,8.0,BB
2315094,6,EI 338,NA,,NA
2315094,6,EI 381,NA,,NA
2315094,6,EI 382,3,9.0,AB
2315095,6,CE 382,NA,,NA
2315095,6,CS 382,NA,,NA
2315095,6,EC 382,NA,,NA
2315095,6,EC 389,NA,,NA
2315095,6,EE 385,NA,,NA
2315095,6,EI 306,4,7.0,BC
2315095,6,EI 307,4,4.0,DD
2315095,6,EI 308,4,7.0,BC
2315095,6,EI 315,2,9.0,AB
2315095,6,EI 316,2,9.0,AB
2315095,6,EI 317,2,9.0,AB
2315095,6,EI 318,2,9.0,AB
2315095,6,EI 331,NA,,NA
2315095,6,EI 338,3,8.0,BB
2315095,6,EI 381,NA,,NA
2315095,6,EI 382,3,7.0,BC
2315097,6,CE 382,NA,,NA
2315097,6,CS 382,NA,,NA
2315097,6,EC 382,NA,,NA
2315097,6,EC 389,NA,,NA
2315097,6,EE 385,NA,,NA
2315097,6,EI 306,4,10.0,AA
2315097,6,EI 307,4,10.0,AA
2315097,6,EI 308,4,10.0,AA
2315097,6,EI 315,2,9.0,AB
2315097,6,EI 316,2,10.0,AA
2315097,6,EI 317,2,10.0,AA
2315097,6,EI 318,2,10.0,AA
2315097,6,EI 331,NA,,NA
2315097,6,EI 338,3,10.0,AA
2315097,6,EI 381,NA,,NA
2315097,6,EI 382,3,10.0,AA
2315098,6,CE 382,NA,,NA
2315098,6,CS 382,NA,,NA
2315098,6,EC 382,NA,,NA
2315098,6,EC 389,NA,,NA
2315098,6,EE 385,NA,,NA
2315098,6,EI 306,4,10.0,AA
2315098,6,EI 307,4,9.0,AB
2315098,6,EI 308,4,9.0,AB
2315098,6,EI 315,2,10.0,AA
2315098,6,EI 316,2,10.0,AA
2315098,6,EI 317,2,10.0,AA
2315098,6,EI 318,2,10.0,AA
2315098,6,EI 331,NA,,NA
2315098,6,EI 338,3,9.0,AB
2315098,6,EI 381,NA,,NA
2315098,6,EI 382,3,10.0,AA
2315099,6,CE 382,3,10.0,AA
2315099,6,CS 382,NA,,NA
2315099,6,EC 382,NA,,NA
2315099,6,EC 389,NA,,NA
2315099,6,EE 385,NA,,NA
2315099,6,EI 306,4,8.0,BB
2315099,6,EI 307,4,9.0,AB
2315099,6,EI 308,4,9.0,AB
2315099,6,EI 315,2,10.0,AA
2315099,6,EI 316,2,10.0,AA
2315099,6,EI 317,2,10.0,AA
2315099,6,EI 318,2,9.0,AB
2315099,6,EI 331,4,10.0,AA
2315099,6,EI 338,NA,,NA
2315099,6,EI 381,NA,,NA
2315099,6,EI 382,NA,,NA
2315100,6,CE 382,NA,,NA
2315100,6,CS 382,NA,,NA
2315100,6,EC 382,NA,,NA
2315100,6,EC 389,NA,,NA
2315100,6,EE 385,NA,,NA
2315100,6,EI 306,4,9.0,AB
2315100,6,EI 307,4,8.0,BB
2315100,6,EI 308,4,5.0,CD
2315100,6,EI 315,2,10.0,AA
2315100,6,EI 316,2,9.0,AB
2315100,6,EI 317,2,9.0,AB
2315100,6,EI 318,2,9.0,AB
2315100,6,EI 331,4,5.0,CD
2315100,6,EI 338,NA,,NA
2315100,6,EI 381,3,7.0,BC
2315100,6,EI 382,NA,,NA
2315101,6,CE 382,NA,,NA
2315101,6,CS 382,NA,,NA
2315101,6,EC 382,NA,,NA
2315101,6,EC 389,3,10.0,AA
2315101,6,EE 385,NA,,NA
2315101,6,EI 306,4,10.0,AA
2315101,6,EI 307,4,10.0,AA
2315101,6,EI 308,4,9.0,AB
2315101,6,EI 315,2,10.0,AA
2315101,6,EI 316,2,9.0,AB
2315101,6,EI 317,2,10.0,AA
2315101,6,EI 318,2,10.0,AA
2315101,6,EI 331,NA,,NA
2315101,6,EI 338,3,10.0,AA
2315101,6,EI 381,NA,,NA
2315101,6,EI 382,NA,,NA
2315102,6,CE 382,NA,,NA
2315102,6,CS 382,NA,,NA
2315102,6,EC 382,NA,,NA
2315102,6,EC 389,3,10.0,AA
2315102,6,EE 385,NA,,NA
2315102,6,EI 306,4,8.0,BB
2315102,6,EI 307,4,9.0,AB
2315102,6,EI 308,4,9.0,AB
2315102,6,EI 315,2,9.0,AB
2315102,6,EI 316,2,10.0,AA
2315102,6,EI 317,2,9.0,AB
2315102,6,EI 318,2,9.0,AB
2315102,6,EI 331,4,9.0,AB
2315102,6,EI 338,NA,,NA
2315102,6,EI 381,NA,,NA
2315102,6,EI 382,NA,,NA
2315103,6,CE 382,NA,,NA
2315103,6,CS 382,NA,,NA
2315103,6,EC 382,NA,,NA
2315103,6,EC 389,3,10.0,AA
2315103,6,EE 385,NA,,NA
2315103,6,EI 306,4,9.0,AB
2315103,6,EI 307,4,8.0,BB
2315103,6,EI 308,4,8.0,BB
2315103,6,EI 315,2,10.0,AA
2315103,6,EI 316,2,10.0,AA
2315103,6,EI 317,2,9.0,AB
2315103,6,EI 318,2,10.0,AA
2315103,6,EI 331,NA,,NA
2315103,6,EI 338,3,9.0,AB
2315103,6,EI 381,NA,,NA
2315103,6,EI 382,NA,,NA
2315104,6,CE 382,NA,,NA
2315104,6,CS 382,NA,,NA
2315104,6,EC 382,NA,,NA
2315104,6,EC 389,NA,,NA
2315104,6,EE 385,NA,,NA
2315104,6,EI 306,4,10.0,AA
2315104,6,EI 307,4,10.0,AA
2315104,6,EI 308,4,10.0,AA
2315104,6,EI 315,2,10.0,AA
2315104,6,EI 316,2,10.0,AA
2315104,6,EI 317,2,10.0,AA
2315104,6,EI 318,2,10.0,AA
2315104,6,EI 331,NA,,NA
2315104,6,EI 338,3,10.0,AA
2315104,6,EI 381,NA,,NA
2315104,6,EI 382,3,10.0,AA
2315105,6,CE 382,NA,,NA
2315105,6,CS 382,NA,,NA
2315105,6,EC 382,NA,,NA
2315105,6,EC 389,3,9.0,AB
2315105,6,EE 385,NA,,NA
2315105,6,EI 306,4,10.0,AA
2315105,6,EI 307,4,7.0,BC
2315105,6,EI 308,4,9.0,AB
2315105,6,EI 315,2,10.0,AA
2315105,6,EI 316,2,9.0,AB
2315105,6,EI 317,2,9.0,AB
2315105,6,EI 318,2,10.0,AA
2315105,6,EI 331,NA,,NA
2315105,6,EI 338,3,9.0,AB
2315105,6,EI 381,NA,,NA
2315105,6,EI 382,NA,,NA
2315106,6,CE 382,NA,,NA
2315106,6,CS 382,NA,,NA
2315106,6,EC 382,NA,,NA
2315106,6,EC 389,3,9.0,AB
2315106,6,EE 385,NA,,NA
2315106,6,EI 306,4,9.0,AB
2315106,6,EI 307,4,8.0,BB
2315106,6,EI 308,4,9.0,AB
2315106,6,EI 315,2,10.0,AA
2315106,6,EI 316,2,10.0,AA
2315106,6,EI 317,2,9.0,AB
2315106,6,EI 318,2,10.0,AA
2315106,6,EI 331,NA,,NA
2315106,6,EI 338,3,9.0,AB
2315106,6,EI 381,NA,,NA
2315106,6,EI 382,NA,,NA
2315107,6,CE 382,NA,,NA
2315107,6,CS 382,NA,,NA
2315107,6,EC 382,NA,,NA
2315107,6,EC 389,NA,,NA
2315107,6,EE 385,NA,,NA
2315107,6,EI 306,4,9.0,AB
2315107,6,EI 307,4,8.0,BB
2315107,6,EI 308,4,9.0,AB
2315107,6,EI 315,2,10.0,AA
2315107,6,EI 316,2,10.0,AA
2315107,6,EI 317,2,9.0,AB
2315107,6,EI 318,2,9.0,AB
2315107,6,EI 331,4,9.0,AB
2315107,6,EI 338,NA,,NA
2315107,6,EI 381,NA,,NA
2315107,6,EI 382,3,9.0,AB
2315108,6,CE 382,NA,,NA
2315108,6,CS 382,NA,,NA
2315108,6,EC 382,NA,,NA
2315108,6,EC 389,3,9.0,AB
2315108,6,EE 385,NA,,NA
2315108,6,EI 306,4,9.0,AB
2315108,6,EI 307,4,7.0,BC
2315108,6,EI 308,4,10.0,AA
2315108,6,EI 315,2,10.0,AA
2315108,6,EI 316,2,9.0,AB
2315108,6,EI 317,2,10.0,AA
2315108,6,EI 318,2,10.0,AA
2315108,6,EI 331,NA,,NA
2315108,6,EI 338,3,9.0,AB
2315108,6,EI 381,NA,,NA
2315108,6,EI 382,NA,,NA
2316057,6,CS 382,NA,,NA
2316057,6,EC 389,NA,,NA
2316057,6,ME 307,4,8.0,BB
2316057,6,ME 308,4,8.0,BB
2316057,6,ME 309,4,9.0,AB
2316057,6,ME 310,4,8.0,BB
2316057,6,ME 314,2,9.0,AB
2316057,6,ME 315,2,9.0,AB
2316057,6,ME 316,2,10.0,AA
2316057,6,ME 332,NA,,NA
2316057,6,ME 338,NA,,NA
2316057,6,ME 339,3,9.0,AB
2316057,6,ME 381,NA,,NA
2316057,6,ME 383,3,10.0,AA
2316057,6,ME 385,NA,,NA
2316057,6,ME 5138,NA,,NA
2316058,6,CS 382,NA,,NA
2316058,6,EC 389,NA,,NA
2316058,6,ME 307,4,9.0,AB
2316058,6,ME 308,4,8.0,BB
2316058,6,ME 309,4,10.0,AA
2316058,6,ME 310,4,10.0,AA
2316058,6,ME 314,2,10.0,AA
2316058,6,ME 315,2,9.0,AB
2316058,6,ME 316,2,10.0,AA
2316058,6,ME 332,NA,,NA
2316058,6,ME 338,NA,,NA
2316058,6,ME 339,3,7.0,BC
2316058,6,ME 381,NA,,NA
2316058,6,ME 383,3,9.0,AB
2316058,6,ME 385,NA,,NA
2316058,6,ME 5138,NA,,NA
2316061,6,CS 382,NA,,NA
2316061,6,EC 389,NA,,NA
2316061,6,ME 307,4,6.0,CC
2316061,6,ME 308,4,6.0,CC
2316061,6,ME 309,4,8.0,BB
2316061,6,ME 310,4,6.0,CC
2316061,6,ME 314,2,9.0,AB
2316061,6,ME 315,2,8.0,BB
2316061,6,ME 316,2,8.0,BB
2316061,6,ME 332,3,5.0,CD
2316061,6,ME 338,NA,,NA
2316061,6,ME 339,NA,,NA
2316061,6,ME 381,3,6.0,CC
2316061,6,ME 383,NA,,NA
2316061,6,ME 385,NA,,NA
2316061,6,ME 5138,NA,,NA
2316062,6,CS 382,NA,,NA
2316062,6,EC 389,NA,,NA
2316062,6,ME 307,4,4.0,DD
2316062,6,ME 308,4,7.0,BC
2316062,6,ME 309,4,7.0,BC
2316062,6,ME 310,4,7.0,BC
2316062,6,ME 314,2,9.0,AB
2316062,6,ME 315,2,8.0,BB
2316062,6,ME 316,2,9.0,AB
2316062,6,ME 332,NA,,NA
2316062,6,ME 338,3,7.0,BC
2316062,6,ME 339,NA,,NA
2316062,6,ME 381,NA,,NA
2316062,6,ME 383,NA,,NA
2316062,6,ME 385,3,9.0,AB
2316062,6,ME 5138,NA,,NA
2316063,6,CS 382,NA,,NA
2316063,6,EC 389,NA,,NA
2316063,6,ME 307,4,9.0,AB
2316063,6,ME 308,4,9.0,AB
2316063,6,ME 309,4,10.0,AA
2316063,6,ME 310,4,10.0,AA
2316063,6,ME 314,2,10.0,AA
2316063,6,ME 315,2,9.0,AB
2316063,6,ME 316,2,10.0,AA
2316063,6,ME 332,3,10.0,AA
2316063,6,ME 338,NA,,NA
2316063,6,ME 339,NA,,NA
2316063,6,ME 381,NA,,NA
2316063,6,ME 383,NA,,NA
2316063,6,ME 385,3,9.0,AB
2316063,6,ME 5138,NA,,NA
2316064,6,CS 382,NA,,NA
2316064,6,EC 389,NA,,NA
2316064,6,ME 307,4,8.0,BB
2316064,6,ME 308,4,9.0,AB
2316064,6,ME 309,4,9.0,AB
2316064,6,ME 310,4,9.0,AB
2316064,6,ME 314,2,10.0,AA
2316064,6,ME 315,2,9.0,AB
2316064,6,ME 316,2,9.0,AB
2316064,6,ME 332,NA,,NA
2316064,6,ME 338,NA,,NA
2316064,6,ME 339,3,9.0,AB
2316064,6,ME 381,NA,,NA
2316064,6,ME 383,3,10.0,AA
2316064,6,ME 385,NA,,NA
2316064,6,ME 5138,NA,,NA
2316065,6,CS 382,NA,,NA
2316065,6,EC 389,NA,,NA
2316065,6,ME 307,4,9.0,AB
2316065,6,ME 308,4,10.0,AA
2316065,6,ME 309,4,9.0,AB
2316065,6,ME 310,4,9.0,AB
2316065,6,ME 314,2,10.0,AA
2316065,6,ME 315,2,9.0,AB
2316065,6,ME 316,2,8.0,BB
2316065,6,ME 332,NA,,NA
2316065,6,ME 338,NA,,NA
2316065,6,ME 339,3,10.0,AA
2316065,6,ME 381,NA,,NA
2316065,6,ME 383,3,9.0,AB
2316065,6,ME 385,NA,,NA
2316065,6,ME 5138,NA,,NA
2316066,6,CS 382,NA,,NA
2316066,6,EC 389,NA,,NA
2316066,6,ME 307,4,10.0,AA
2316066,6,ME 308,4,10.0,AA
2316066,6,ME 309,4,9.0,AB
2316066,6,ME 310,4,10.0,AA
2316066,6,ME 314,2,10.0,AA
2316066,6,ME 315,2,9.0,AB
2316066,6,ME 316,2,10.0,AA
2316066,6,ME 332,NA,,NA
2316066,6,ME 338,3,10.0,AA
2316066,6,ME 339,NA,,NA
2316066,6,ME 381,3,10.0,AA
2316066,6,ME 383,NA,,NA
2316066,6,ME 385,NA,,NA
2316066,6,ME 5138,NA,,NA
2316067,6,CS 382,NA,,NA
2316067,6,EC 389,3,9.0,AB
2316067,6,ME 307,4,7.0,BC
2316067,6,ME 308,4,8.0,BB
2316067,6,ME 309,4,9.0,AB
2316067,6,ME 310,4,9.0,AB
2316067,6,ME 314,2,9.0,AB
2316067,6,ME 315,2,10.0,AA
2316067,6,ME 316,2,9.0,AB
2316067,6,ME 332,3,10.0,AA
2316067,6,ME 338,NA,,NA
2316067,6,ME 339,NA,,NA
2316067,6,ME 381,NA,,NA
2316067,6,ME 383,NA,,NA
2316067,6,ME 385,NA,,NA
2316067,6,ME 5138,NA,,NA
2316068,6,CS 382,NA,,NA
2316068,6,EC 389,NA,,NA
2316068,6,ME 307,4,8.0,BB
2316068,6,ME 308,4,10.0,AA
2316068,6,ME 309,4,9.0,AB
2316068,6,ME 310,4,9.0,AB
2316068,6,ME 314,2,10.0,AA
2316068,6,ME 315,2,10.0,AA
2316068,6,ME 316,2,10.0,AA
2316068,6,ME 332,NA,,NA
2316068,6,ME 338,NA,,NA
2316068,6,ME 339,3,9.0,AB
2316068,6,ME 381,NA,,NA
2316068,6,ME 383,3,10.0,AA
2316068,6,ME 385,NA,,NA
2316068,6,ME 5138,NA,,NA
2316069,6,CS 382,NA,,NA
2316069,6,EC 389,NA,,NA
2316069,6,ME 307,4,6.0,CC
2316069,6,ME 308,4,7.0,BC
2316069,6,ME 309,4,5.0,CD
2316069,6,ME 310,4,8.0,BB
2316069,6,ME 314,2,8.0,BB
2316069,6,ME 315,2,9.0,AB
2316069,6,ME 316,2,8.0,BB
2316069,6,ME 332,3,7.0,BC
2316069,6,ME 338,NA,,NA
2316069,6,ME 339,NA,,NA
2316069,6,ME 381,NA,,NA
2316069,6,ME 383,NA,,NA
2316069,6,ME 385,3,8.0,BB
2316069,6,ME 5138,NA,,NA
2316070,6,CS 382,NA,,NA
2316070,6,EC 389,NA,,NA
2316070,6,ME 307,4,7.0,BC
2316070,6,ME 308,4,8.0,BB
2316070,6,ME 309,4,9.0,AB
2316070,6,ME 310,4,8.0,BB
2316070,6,ME 314,2,9.0,AB
2316070,6,ME 315,2,9.0,AB
2316070,6,ME 316,2,10.0,AA
2316070,6,ME 332,3,9.0,AB
2316070,6,ME 338,NA,,NA
2316070,6,ME 339,NA,,NA
2316070,6,ME 381,NA,,NA
2316070,6,ME 383,3,10.0,AA
2316070,6,ME 385,NA,,NA
2316070,6,ME 5138,NA,,NA
2316071,6,CS 382,NA,,NA
2316071,6,EC 389,NA,,NA
2316071,6,ME 307,4,8.0,BB
2316071,6,ME 308,4,10.0,AA
2316071,6,ME 309,4,10.0,AA
2316071,6,ME 310,4,10.0,AA
2316071,6,ME 314,2,10.0,AA
2316071,6,ME 315,2,10.0,AA
2316071,6,ME 316,2,9.0,AB
2316071,6,ME 332,NA,,NA
2316071,6,ME 338,NA,,NA
2316071,6,ME 339,3,8.0,BB
2316071,6,ME 381,3,10.0,AA
2316071,6,ME 383,NA,,NA
2316071,6,ME 385,NA,,NA
2316071,6,ME 5138,NA,,NA
2316072,6,CS 382,NA,,NA
2316072,6,EC 389,NA,,NA
2316072,6,ME 307,4,7.0,BC
2316072,6,ME 308,4,8.0,BB
2316072,6,ME 309,4,9.0,AB
2316072,6,ME 310,4,10.0,AA
2316072,6,ME 314,2,10.0,AA
2316072,6,ME 315,2,10.0,AA
2316072,6,ME 316,2,10.0,AA
2316072,6,ME 332,NA,,NA
2316072,6,ME 338,NA,,NA
2316072,6,ME 339,3,8.0,BB
2316072,6,ME 381,NA,,NA
2316072,6,ME 383,3,10.0,AA
2316072,6,ME 385,NA,,NA
2316072,6,ME 5138,NA,,NA
2316073,6,CS 382,NA,,NA
2316073,6,EC 389,NA,,NA
2316073,6,ME 307,4,5.0,CD
2316073,6,ME 308,4,8.0,BB
2316073,6,ME 309,4,9.0,AB
2316073,6,ME 310,4,9.0,AB
2316073,6,ME 314,2,10.0,AA
2316073,6,ME 315,2,9.0,AB
2316073,6,ME 316,2,10.0,AA
2316073,6,ME 332,NA,,NA
2316073,6,ME 338,NA,,NA
2316073,6,ME 339,3,7.0,BC
2316073,6,ME 381,3,9.0,AB
2316073,6,ME 383,NA,,NA
2316073,6,ME 385,NA,,NA
2316073,6,ME 5138,NA,,NA
2316074,6,CS 382,NA,,NA
2316074,6,EC 389,NA,,NA
2316074,6,ME 307,4,8.0,BB
2316074,6,ME 308,4,8.0,BB
2316074,6,ME 309,4,9.0,AB
2316074,6,ME 310,4,9.0,AB
2316074,6,ME 314,2,10.0,AA
2316074,6,ME 315,2,9.0,AB
2316074,6,ME 316,2,10.0,AA
2316074,6,ME 332,NA,,NA
2316074,6,ME 338,3,9.0,AB
2316074,6,ME 339,NA,,NA
2316074,6,ME 381,NA,,NA
2316074,6,ME 383,3,9.0,AB
2316074,6,ME 385,NA,,NA
2316074,6,ME 5138,NA,,NA
2316075,6,CS 382,NA,,NA
2316075,6,EC 389,NA,,NA
2316075,6,ME 307,4,7.0,BC
2316075,6,ME 308,4,9.0,AB
2316075,6,ME 309,4,8.0,BB
2316075,6,ME 310,4,9.0,AB
2316075,6,ME 314,2,8.0,BB
2316075,6,ME 315,2,10.0,AA
2316075,6,ME 316,2,10.0,AA
2316075,6,ME 332,3,7.0,BC
2316075,6,ME 338,NA,,NA
2316075,6,ME 339,NA,,NA
2316075,6,ME 381,3,10.0,AA
2316075,6,ME 383,NA,,NA
2316075,6,ME 385,NA,,NA
2316075,6,ME 5138,NA,,NA
2316076,6,CS 382,3,7.0,BC
2316076,6,EC 389,NA,,NA
2316076,6,ME 307,4,8.0,BB
2316076,6,ME 308,4,8.0,BB
2316076,6,ME 309,4,9.0,AB
2316076,6,ME 310,4,9.0,AB
2316076,6,ME 314,2,8.0,BB
2316076,6,ME 315,2,9.0,AB
2316076,6,ME 316,2,9.0,AB
2316076,6,ME 332,NA,,NA
2316076,6,ME 338,NA,,NA
2316076,6,ME 339,3,8.0,BB
2316076,6,ME 381,NA,,NA
2316076,6,ME 383,NA,,NA
2316076,6,ME 385,NA,,NA
2316076,6,ME 5138,NA,,NA
2316077,6,CS 382,NA,,NA
2316077,6,EC 389,NA,,NA
2316077,6,ME 307,4,9.0,AB
2316077,6,ME 308,4,8.0,BB
2316077,6,ME 309,4,9.0,AB
2316077,6,ME 310,4,9.0,AB
2316077,6,ME 314,2,10.0,AA
2316077,6,ME 315,2,10.0,AA
2316077,6,ME 316,2,10.0,AA
2316077,6,ME 332,NA,,NA
2316077,6,ME 338,3,9.0,AB
2316077,6,ME 339,NA,,NA
2316077,6,ME 381,3,10.0,AA
2316077,6,ME 383,NA,,NA
2316077,6,ME 385,NA,,NA
2316077,6,ME 5138,NA,,NA
2316078,6,CS 382,NA,,NA
2316078,6,EC 389,NA,,NA
2316078,6,ME 307,4,6.0,CC
2316078,6,ME 308,4,9.0,AB
2316078,6,ME 309,4,8.0,BB
2316078,6,ME 310,4,8.0,BB
2316078,6,ME 314,2,8.0,BB
2316078,6,ME 315,2,9.0,AB
2316078,6,ME 316,2,10.0,AA
2316078,6,ME 332,NA,,NA
2316078,6,ME 338,3,6.0,CC
2316078,6,ME 339,NA,,NA
2316078,6,ME 381,3,7.0,BC
2316078,6,ME 383,NA,,NA
2316078,6,ME 385,NA,,NA
2316078,6,ME 5138,NA,,NA
2316079,6,CS 382,NA,,NA
2316079,6,EC 389,NA,,NA
2316079,6,ME 307,4,8.0,BB
2316079,6,ME 308,4,8.0,BB
2316079,6,ME 309,4,8.0,BB
2316079,6,ME 310,4,7.0,BC
2316079,6,ME 314,2,9.0,AB
2316079,6,ME 315,2,10.0,AA
2316079,6,ME 316,2,10.0,AA
2316079,6,ME 332,NA,,NA
2316079,6,ME 338,3,10.0,AA
2316079,6,ME 339,NA,,NA
2316079,6,ME 381,NA,,NA
2316079,6,ME 383,3,9.0,AB
2316079,6,ME 385,NA,,NA
2316079,6,ME 5138,NA,,NA
2316080,6,CS 382,NA,,NA
2316080,6,EC 389,NA,,NA
2316080,6,ME 307,4,8.0,BB
2316080,6,ME 308,4,9.0,AB
2316080,6,ME 309,4,9.0,AB
2316080,6,ME 310,4,9.0,AB
2316080,6,ME 314,2,9.0,AB
2316080,6,ME 315,2,9.0,AB
2316080,6,ME 316,2,10.0,AA
2316080,6,ME 332,3,9.0,AB
2316080,6,ME 338,NA,,NA
2316080,6,ME 339,NA,,NA
2316080,6,ME 381,NA,,NA
2316080,6,ME 383,3,9.0,AB
2316080,6,ME 385,NA,,NA
2316080,6,ME 5138,NA,,NA
2316082,6,CS 382,NA,,NA
2316082,6,EC 389,NA,,NA
2316082,6,ME 307,4,6.0,CC
2316082,6,ME 308,4,6.0,CC
2316082,6,ME 309,4,7.0,BC
2316082,6,ME 310,4,6.0,CC
2316082,6,ME 314,2,10.0,AA
2316082,6,ME 315,2,10.0,AA
2316082,6,ME 316,2,10.0,AA
2316082,6,ME 332,NA,,NA
2316082,6,ME 338,NA,,NA
2316082,6,ME 339,3,7.0,BC
2316082,6,ME 381,3,9.0,AB
2316082,6,ME 383,NA,,NA
2316082,6,ME 385,NA,,NA
2316082,6,ME 5138,NA,,NA
2316083,6,CS 382,NA,,NA
2316083,6,EC 389,NA,,NA
2316083,6,ME 307,4,6.0,CC
2316083,6,ME 308,4,9.0,AB
2316083,6,ME 309,4,9.0,AB
2316083,6,ME 310,4,9.0,AB
2316083,6,ME 314,2,9.0,AB
2316083,6,ME 315,2,10.0,AA
2316083,6,ME 316,2,10.0,AA
2316083,6,ME 332,NA,,NA
2316083,6,ME 338,NA,,NA
2316083,6,ME 339,3,8.0,BB
2316083,6,ME 381,NA,,NA
2316083,6,ME 383,NA,,NA
2316083,6,ME 385,3,9.0,AB
2316083,6,ME 5138,NA,,NA
2316084,6,CS 382,NA,,NA
2316084,6,EC 389,3,9.0,AB
2316084,6,ME 307,4,7.0,BC
2316084,6,ME 308,4,9.0,AB
2316084,6,ME 309,4,8.0,BB
2316084,6,ME 310,4,9.0,AB
2316084,6,ME 314,2,8.0,BB
2316084,6,ME 315,2,10.0,AA
2316084,6,ME 316,2,10.0,AA
2316084,6,ME 332,NA,,NA
2316084,6,ME 338,NA,,NA
2316084,6,ME 339,3,7.0,BC
2316084,6,ME 381,NA,,NA
2316084,6,ME 383,NA,,NA
2316084,6,ME 385,NA,,NA
2316084,6,ME 5138,NA,,NA
2316085,6,CS 382,NA,,NA
2316085,6,EC 389,NA,,NA
2316085,6,ME 307,4,8.0,BB
2316085,6,ME 308,4,10.0,AA
2316085,6,ME 309,4,9.0,AB
2316085,6,ME 310,4,9.0,AB
2316085,6,ME 314,2,9.0,AB
2316085,6,ME 315,2,9.0,AB
2316085,6,ME 316,2,8.0,BB
2316085,6,ME 332,3,7.0,BC
2316085,6,ME 338,NA,,NA
2316085,6,ME 339,NA,,NA
2316085,6,ME 381,NA,,NA
2316085,6,ME 383,NA,,NA
2316085,6,ME 385,3,9.0,AB
2316085,6,ME 5138,NA,,NA
2316087,6,CS 382,NA,,NA
2316087,6,EC 389,NA,,NA
2316087,6,ME 307,4,7.0,BC
2316087,6,ME 308,4,9.0,AB
2316087,6,ME 309,4,8.0,BB
2316087,6,ME 310,4,8.0,BB
2316087,6,ME 314,2,10.0,AA
2316087,6,ME 315,2,10.0,AA
2316087,6,ME 316,2,10.0,AA
2316087,6,ME 332,NA,,NA
2316087,6,ME 338,NA,,NA
2316087,6,ME 339,3,8.0,BB
2316087,6,ME 381,NA,,NA
2316087,6,ME 383,3,9.0,AB
2316087,6,ME 385,NA,,NA
2316087,6,ME 5138,NA,,NA
2316088,6,CS 382,NA,,NA
2316088,6,EC 389,NA,,NA
2316088,6,ME 307,4,6.0,CC
2316088,6,ME 308,4,8.0,BB
2316088,6,ME 309,4,7.0,BC
2316088,6,ME 310,4,6.0,CC
2316088,6,ME 314,2,10.0,AA
2316088,6,ME 315,2,9.0,AB
2316088,6,ME 316,2,9.0,AB
2316088,6,ME 332,NA,,NA
2316088,6,ME 338,3,6.0,CC
2316088,6,ME 339,NA,,NA
2316088,6,ME 381,NA,,NA
2316088,6,ME 383,NA,,NA
2316088,6,ME 385,3,7.0,BC
2316088,6,ME 5138,NA,,NA
2316089,6,CS 382,NA,,NA
2316089,6,EC 389,NA,,NA
2316089,6,ME 307,4,8.0,BB
2316089,6,ME 308,4,6.0,CC
2316089,6,ME 309,4,8.0,BB
2316089,6,ME 310,4,7.0,BC
2316089,6,ME 314,2,10.0,AA
2316089,6,ME 315,2,9.0,AB
2316089,6,ME 316,2,10.0,AA
2316089,6,ME 332,3,8.0,BB
2316089,6,ME 338,NA,,NA
2316089,6,ME 339,NA,,NA
2316089,6,ME 381,3,8.0,BB
2316089,6,ME 383,NA,,NA
2316089,6,ME 385,NA,,NA
2316089,6,ME 5138,NA,,NA
2316090,6,CS 382,NA,,NA
2316090,6,EC 389,NA,,NA
2316090,6,ME 307,4,6.0,CC
2316090,6,ME 308,4,7.0,BC
2316090,6,ME 309,4,6.0,CC
2316090,6,ME 310,4,7.0,BC
2316090,6,ME 314,2,7.0,BC
2316090,6,ME 315,2,8.0,BB
2316090,6,ME 316,2,9.0,AB
2316090,6,ME 332,NA,,NA
2316090,6,ME 338,3,5.0,CD
2316090,6,ME 339,NA,,NA
2316090,6,ME 381,NA,,NA
2316090,6,ME 383,NA,,NA
2316090,6,ME 385,3,7.0,BC
2316090,6,ME 5138,NA,,NA
2316091,6,CS 382,NA,,NA
2316091,6,EC 389,NA,,NA
2316091,6,ME 307,4,7.0,BC
2316091,6,ME 308,4,8.0,BB
2316091,6,ME 309,4,8.0,BB
2316091,6,ME 310,4,8.0,BB
2316091,6,ME 314,2,9.0,AB
2316091,6,ME 315,2,9.0,AB
2316091,6,ME 316,2,10.0,AA
2316091,6,ME 332,3,9.0,AB
2316091,6,ME 338,NA,,NA
2316091,6,ME 339,NA,,NA
2316091,6,ME 381,NA,,NA
2316091,6,ME 383,NA,,NA
2316091,6,ME 385,3,9.0,AB
2316091,6,ME 5138,NA,,NA
2316093,6,CS 382,NA,,NA
2316093,6,EC 389,NA,,NA
2316093,6,ME 307,4,7.0,BC
2316093,6,ME 308,4,8.0,BB
2316093,6,ME 309,4,9.0,AB
2316093,6,ME 310,4,8.0,BB
2316093,6,ME 314,2,9.0,AB
2316093,6,ME 315,2,9.0,AB
2316093,6,ME 316,2,9.0,AB
2316093,6,ME 332,NA,,NA
2316093,6,ME 338,NA,,NA
2316093,6,ME 339,3,7.0,BC
2316093,6,ME 381,NA,,NA
2316093,6,ME 383,NA,,NA
2316093,6,ME 385,3,8.0,BB
2316093,6,ME 5138,NA,,NA
2316094,6,CS 382,NA,,NA
2316094,6,EC 389,NA,,NA
2316094,6,ME 307,4,7.0,BC
2316094,6,ME 308,4,8.0,BB
2316094,6,ME 309,4,8.0,BB
2316094,6,ME 310,4,9.0,AB
2316094,6,ME 314,2,10.0,AA
2316094,6,ME 315,2,9.0,AB
2316094,6,ME 316,2,10.0,AA
2316094,6,ME 332,3,7.0,BC
2316094,6,ME 338,NA,,NA
2316094,6,ME 339,NA,,NA
2316094,6,ME 381,3,8.0,BB
2316094,6,ME 383,NA,,NA
2316094,6,ME 385,NA,,NA
2316094,6,ME 5138,NA,,NA
2316095,6,CS 382,NA,,NA
2316095,6,EC 389,NA,,NA
2316095,6,ME 307,4,10.0,AA
2316095,6,ME 308,4,10.0,AA
2316095,6,ME 309,4,10.0,AA
2316095,6,ME 310,4,10.0,AA
2316095,6,ME 314,2,10.0,AA
2316095,6,ME 315,2,9.0,AB
2316095,6,ME 316,2,10.0,AA
2316095,6,ME 332,NA,,NA
2316095,6,ME 338,3,10.0,AA
2316095,6,ME 339,NA,,NA
2316095,6,ME 381,NA,,NA
2316095,6,ME 383,NA,,NA
2316095,6,ME 385,3,10.0,AA
2316095,6,ME 5138,NA,,NA
2316096,6,CS 382,NA,,NA
2316096,6,EC 389,NA,,NA
2316096,6,ME 307,4,7.0,BC
2316096,6,ME 308,4,7.0,BC
2316096,6,ME 309,4,8.0,BB
2316096,6,ME 310,4,9.0,AB
2316096,6,ME 314,2,10.0,AA
2316096,6,ME 315,2,9.0,AB
2316096,6,ME 316,2,9.0,AB
2316096,6,ME 332,NA,,NA
2316096,6,ME 338,3,7.0,BC
2316096,6,ME 339,NA,,NA
2316096,6,ME 381,NA,,NA
2316096,6,ME 383,NA,,NA
2316096,6,ME 385,3,8.0,BB
2316096,6,ME 5138,NA,,NA
2316097,6,CS 382,NA,,NA
2316097,6,EC 389,NA,,NA
2316097,6,ME 307,4,9.0,AB
2316097,6,ME 308,4,9.0,AB
2316097,6,ME 309,4,9.0,AB
2316097,6,ME 310,4,10.0,AA
2316097,6,ME 314,2,10.0,AA
2316097,6,ME 315,2,9.0,AB
2316097,6,ME 316,2,10.0,AA
2316097,6,ME 332,NA,,NA
2316097,6,ME 338,3,8.0,BB
2316097,6,ME 339,NA,,NA
2316097,6,ME 381,NA,,NA
2316097,6,ME 383,NA,,NA
2316097,6,ME 385,3,10.0,AA
2316097,6,ME 5138,NA,,NA
2316098,6,CS 382,NA,,NA
2316098,6,EC 389,NA,,NA
2316098,6,ME 307,4,8.0,BB
2316098,6,ME 308,4,8.0,BB
2316098,6,ME 309,4,8.0,BB
2316098,6,ME 310,4,10.0,AA
2316098,6,ME 314,2,9.0,AB
2316098,6,ME 315,2,9.0,AB
2316098,6,ME 316,2,10.0,AA
2316098,6,ME 332,NA,,NA
2316098,6,ME 338,3,8.0,BB
2316098,6,ME 339,NA,,NA
2316098,6,ME 381,NA,,NA
2316098,6,ME 383,NA,,NA
2316098,6,ME 385,3,9.0,AB
2316098,6,ME 5138,NA,,NA
2316099,6,CS 382,NA,,NA
2316099,6,EC 389,NA,,NA
2316099,6,ME 307,4,10.0,AA
2316099,6,ME 308,4,10.0,AA
2316099,6,ME 309,4,10.0,AA
2316099,6,ME 310,4,9.0,AB
2316099,6,ME 314,2,10.0,AA
2316099,6,ME 315,2,9.0,AB
2316099,6,ME 316,2,10.0,AA
2316099,6,ME 332,NA,,NA
2316099,6,ME 338,NA,,NA
2316099,6,ME 339,3,9.0,AB
2316099,6,ME 381,NA,,NA
2316099,6,ME 383,NA,,NA
2316099,6,ME 385,3,10.0,AA
2316099,6,ME 5138,NA,,NA
2316100,6,CS 382,NA,,NA
2316100,6,EC 389,NA,,NA
2316100,6,ME 307,4,9.0,AB
2316100,6,ME 308,4,8.0,BB
2316100,6,ME 309,4,8.0,BB
2316100,6,ME 310,4,9.0,AB
2316100,6,ME 314,2,10.0,AA
2316100,6,ME 315,2,9.0,AB
2316100,6,ME 316,2,9.0,AB
2316100,6,ME 332,3,10.0,AA
2316100,6,ME 338,NA,,NA
2316100,6,ME 339,NA,,NA
2316100,6,ME 381,NA,,NA
2316100,6,ME 383,3,10.0,AA
2316100,6,ME 385,NA,,NA
2316100,6,ME 5138,NA,,NA
2316101,6,CS 382,NA,,NA
2316101,6,EC 389,NA,,NA
2316101,6,ME 307,4,6.0,CC
2316101,6,ME 308,4,6.0,CC
2316101,6,ME 309,4,7.0,BC
2316101,6,ME 310,4,7.0,BC
2316101,6,ME 314,2,9.0,AB
2316101,6,ME 315,2,8.0,BB
2316101,6,ME 316,2,9.0,AB
2316101,6,ME 332,3,7.0,BC
2316101,6,ME 338,NA,,NA
2316101,6,ME 339,NA,,NA
2316101,6,ME 381,NA,,NA
2316101,6,ME 383,NA,,NA
2316101,6,ME 385,3,6.0,CC
2316101,6,ME 5138,NA,,NA
2316102,6,CS 382,NA,,NA
2316102,6,EC 389,NA,,NA
2316102,6,ME 307,4,8.0,BB
2316102,6,ME 308,4,7.0,BC
2316102,6,ME 309,4,8.0,BB
2316102,6,ME 310,4,9.0,AB
2316102,6,ME 314,2,9.0,AB
2316102,6,ME 315,2,9.0,AB
2316102,6,ME 316,2,10.0,AA
2316102,6,ME 332,NA,,NA
2316102,6,ME 338,NA,,NA
2316102,6,ME 339,3,5.0,CD
2316102,6,ME 381,NA,,NA
2316102,6,ME 383,3,9.0,AB
2316102,6,ME 385,NA,,NA
2316102,6,ME 5138,NA,,NA
2316103,6,CS 382,NA,,NA
2316103,6,EC 389,NA,,NA
2316103,6,ME 307,4,9.0,AB
2316103,6,ME 308,4,8.0,BB
2316103,6,ME 309,4,9.0,AB
2316103,6,ME 310,4,9.0,AB
2316103,6,ME 314,2,10.0,AA
2316103,6,ME 315,2,8.0,BB
2316103,6,ME 316,2,10.0,AA
2316103,6,ME 332,NA,,NA
2316103,6,ME 338,3,10.0,AA
2316103,6,ME 339,NA,,NA
2316103,6,ME 381,3,9.0,AB
2316103,6,ME 383,NA,,NA
2316103,6,ME 385,NA,,NA
2316103,6,ME 5138,NA,,NA
2316106,6,CS 382,NA,,NA
2316106,6,EC 389,NA,,NA
2316106,6,ME 307,4,5.0,CD
2316106,6,ME 308,4,7.0,BC
2316106,6,ME 309,4,6.0,CC
2316106,6,ME 310,4,7.0,BC
2316106,6,ME 314,2,10.0,AA
2316106,6,ME 315,2,9.0,AB
2316106,6,ME 316,2,10.0,AA
2316106,6,ME 332,3,8.0,BB
2316106,6,ME 338,NA,,NA
2316106,6,ME 339,NA,,NA
2316106,6,ME 381,NA,,NA
2316106,6,ME 383,NA,,NA
2316106,6,ME 385,3,5.0,CD
2316106,6,ME 5138,NA,,NA
2316107,6,CS 382,NA,,NA
2316107,6,EC 389,NA,,NA
2316107,6,ME 307,4,8.0,BB
2316107,6,ME 308,4,9.0,AB
2316107,6,ME 309,4,10.0,AA
2316107,6,ME 310,4,10.0,AA
2316107,6,ME 314,2,10.0,AA
2316107,6,ME 315,2,9.0,AB
2316107,6,ME 316,2,10.0,AA
2316107,6,ME 332,NA,,NA
2316107,6,ME 338,3,9.0,AB
2316107,6,ME 339,NA,,NA
2316107,6,ME 381,3,10.0,AA
2316107,6,ME 383,NA,,NA
2316107,6,ME 385,NA,,NA
2316107,6,ME 5138,NA,,NA
2316108,6,CS 382,NA,,NA
2316108,6,EC 389,NA,,NA
2316108,6,ME 307,4,8.0,BB
2316108,6,ME 308,4,7.0,BC
2316108,6,ME 309,4,8.0,BB
2316108,6,ME 310,4,10.0,AA
2316108,6,ME 314,2,10.0,AA
2316108,6,ME 315,2,9.0,AB
2316108,6,ME 316,2,10.0,AA
2316108,6,ME 332,NA,,NA
2316108,6,ME 338,3,9.0,AB
2316108,6,ME 339,NA,,NA
2316108,6,ME 381,3,10.0,AA
2316108,6,ME 383,NA,,NA
2316108,6,ME 385,NA,,NA
2316108,6,ME 5138,NA,,NA
2316109,6,CS 382,NA,,NA
2316109,6,EC 389,NA,,NA
2316109,6,ME 307,4,8.0,BB
2316109,6,ME 308,4,7.0,BC
2316109,6,ME 309,4,7.0,BC
2316109,6,ME 310,4,9.0,AB
2316109,6,ME 314,2,10.0,AA
2316109,6,ME 315,2,9.0,AB
2316109,6,ME 316,2,9.0,AB
2316109,6,ME 332,NA,,NA
2316109,6,ME 338,NA,,NA
2316109,6,ME 339,3,6.0,CC
2316109,6,ME 381,NA,,NA
2316109,6,ME 383,3,8.0,BB
2316109,6,ME 385,NA,,NA
2316109,6,ME 5138,NA,,NA
2316110,6,CS 382,NA,,NA
2316110,6,EC 389,NA,,NA
2316110,6,ME 307,4,4.0,DD
2316110,6,ME 308,4,5.0,CD
2316110,6,ME 309,4,6.0,CC
2316110,6,ME 310,4,6.0,CC
2316110,6,ME 314,2,9.0,AB
2316110,6,ME 315,2,9.0,AB
2316110,6,ME 316,2,9.0,AB
2316110,6,ME 332,NA,,NA
2316110,6,ME 338,3,6.0,CC
2316110,6,ME 339,NA,,NA
2316110,6,ME 381,NA,,NA
2316110,6,ME 383,3,4.0,DD
2316110,6,ME 385,NA,,NA
2316110,6,ME 5138,NA,,NA
2316111,6,CS 382,NA,,NA
2316111,6,EC 389,3,9.0,AB
2316111,6,ME 307,4,8.0,BB
2316111,6,ME 308,4,8.0,BB
2316111,6,ME 309,4,9.0,AB
2316111,6,ME 310,4,9.0,AB
2316111,6,ME 314,2,10.0,AA
2316111,6,ME 315,2,9.0,AB
2316111,6,ME 316,2,10.0,AA
2316111,6,ME 332,3,8.0,BB
2316111,6,ME 338,NA,,NA
2316111,6,ME 339,NA,,NA
2316111,6,ME 381,NA,,NA
2316111,6,ME 383,NA,,NA
2316111,6,ME 385,NA,,NA
2316111,6,ME 5138,NA,,NA
2316112,6,CS 382,NA,,NA
2316112,6,EC 389,3,8.0,BB
2316112,6,ME 307,4,8.0,BB
2316112,6,ME 308,4,7.0,BC
2316112,6,ME 309,4,8.0,BB
2316112,6,ME 310,4,9.0,AB
2316112,6,ME 314,2,9.0,AB
2316112,6,ME 315,2,9.0,AB
2316112,6,ME 316,2,10.0,AA
2316112,6,ME 332,NA,,NA
2316112,6,ME 338,NA,,NA
2316112,6,ME 339,3,8.0,BB
2316112,6,ME 381,NA,,NA
2316112,6,ME 383,NA,,NA
2316112,6,ME 385,NA,,NA
2316112,6,ME 5138,NA,,NA
2316114,6,CS 382,NA,,NA
2316114,6,EC 389,NA,,NA
2316114,6,ME 307,4,10.0,AA
2316114,6,ME 308,4,9.0,AB
2316114,6,ME 309,4,10.0,AA
2316114,6,ME 310,4,10.0,AA
2316114,6,ME 314,2,10.0,AA
2316114,6,ME 315,2,9.0,AB
2316114,6,ME 316,2,10.0,AA
2316114,6,ME 332,NA,,NA
2316114,6,ME 338,NA,,NA
2316114,6,ME 339,3,9.0,AB
2316114,6,ME 381,NA,,NA
2316114,6,ME 383,NA,,NA
2316114,6,ME 385,3,10.0,AA
2316114,6,ME 5138,NA,,NA
2316115,6,CS 382,NA,,NA
2316115,6,EC 389,NA,,NA
2316115,6,ME 307,4,10.0,AA
2316115,6,ME 308,4,8.0,BB
2316115,6,ME 309,4,8.0,BB
2316115,6,ME 310,4,10.0,AA
2316115,6,ME 314,2,10.0,AA
2316115,6,ME 315,2,9.0,AB
2316115,6,ME 316,2,9.0,AB
2316115,6,ME 332,3,8.0,BB
2316115,6,ME 338,NA,,NA
2316115,6,ME 339,NA,,NA
2316115,6,ME 381,NA,,NA
2316115,6,ME 383,3,9.0,AB
2316115,6,ME 385,NA,,NA
2316115,6,ME 5138,NA,,NA
2316116,6,CS 382,NA,,NA
2316116,6,EC 389,NA,,NA
2316116,6,ME 307,4,8.0,BB
2316116,6,ME 308,4,10.0,AA
2316116,6,ME 309,4,8.0,BB
2316116,6,ME 310,4,10.0,AA
2316116,6,ME 314,2,9.0,AB
2316116,6,ME 315,2,9.0,AB
2316116,6,ME 316,2,9.0,AB
2316116,6,ME 332,NA,,NA
2316116,6,ME 338,NA,,NA
2316116,6,ME 339,3,8.0,BB
2316116,6,ME 381,NA,,NA
2316116,6,ME 383,3,9.0,AB
2316116,6,ME 385,NA,,NA
2316116,6,ME 5138,NA,,NA
2316117,6,CS 382,NA,,NA
2316117,6,EC 389,NA,,NA
2316117,6,ME 307,4,9.0,AB
2316117,6,ME 308,4,8.0,BB
2316117,6,ME 309,4,9.0,AB
2316117,6,ME 310,4,10.0,AA
2316117,6,ME 314,2,10.0,AA
2316117,6,ME 315,2,9.0,AB
2316117,6,ME 316,2,10.0,AA
2316117,6,ME 332,NA,,NA
2316117,6,ME 338,NA,,NA
2316117,6,ME 339,3,8.0,BB
2316117,6,ME 381,NA,,NA
2316117,6,ME 383,NA,,NA
2316117,6,ME 385,3,10.0,AA
2316117,6,ME 5138,NA,,NA
2316118,6,CS 382,NA,,NA
2316118,6,EC 389,NA,,NA
2316118,6,ME 307,4,10.0,AA
2316118,6,ME 308,4,9.0,AB
2316118,6,ME 309,4,10.0,AA
2316118,6,ME 310,4,10.0,AA
2316118,6,ME 314,2,10.0,AA
2316118,6,ME 315,2,9.0,AB
2316118,6,ME 316,2,10.0,AA
2316118,6,ME 332,3,9.0,AB
2316118,6,ME 338,NA,,NA
2316118,6,ME 339,NA,,NA
2316118,6,ME 381,3,9.0,AB
2316118,6,ME 383,NA,,NA
2316118,6,ME 385,NA,,NA
2316118,6,ME 5138,NA,,NA
2316119,6,CS 382,NA,,NA
2316119,6,EC 389,NA,,NA
2316119,6,ME 307,4,5.0,CD
2316119,6,ME 308,4,6.0,CC
2316119,6,ME 309,NA,,NA
2316119,6,ME 310,4,8.0,BB
2316119,6,ME 314,2,8.0,BB
2316119,6,ME 315,2,7.0,BC
2316119,6,ME 316,2,10.0,AA
2316119,6,ME 332,3,5.0,CD
2316119,6,ME 338,NA,,NA
2316119,6,ME 339,NA,,NA
2316119,6,ME 381,NA,,NA
2316119,6,ME 383,NA,,NA
2316119,6,ME 385,3,6.0,CC
2316119,6,ME 5138,NA,,NA
2316120,6,CS 382,NA,,NA
2316120,6,EC 389,NA,,NA
2316120,6,ME 307,4,5.0,CD
2316120,6,ME 308,4,6.0,CC
2316120,6,ME 309,4,8.0,BB
2316120,6,ME 310,4,9.0,AB
2316120,6,ME 314,2,10.0,AA
2316120,6,ME 315,2,9.0,AB
2316120,6,ME 316,2,9.0,AB
2316120,6,ME 332,NA,,NA
2316120,6,ME 338,3,7.0,BC
2316120,6,ME 339,NA,,NA
2316120,6,ME 381,NA,,NA
2316120,6,ME 383,NA,,NA
2316120,6,ME 385,3,8.0,BB
2316120,6,ME 5138,NA,,NA
